[config] set data_path=/home/jupyter-deuk-c4e4/data/pusht_noise in /home/jupyter-deuk-c4e4/pusht-reproduction/patchproj_reproduction/test/pusht_False_agg32_projchannel_dim8_hw14_sgTrue_lr1e-06/hydra.yaml
===== channel_off gd seed 100 chunk 00 (n_evals=10) =====
/home/jupyter-deuk-c4e4/.conda/envs/ts310/lib/python3.10/site-packages/wandb/sdk/internal/internal_api.py:30: UserWarning: pkg_resources is deprecated as an API. See https://setuptools.pypa.io/en/latest/pkg_resources.html. The pkg_resources package is slated for removal as early as 2025-11-30. Refrain from using this package or pin to Setuptools<81.
  from pkg_resources import parse_version
/home/jupyter-deuk-c4e4/.conda/envs/ts310/lib/python3.10/site-packages/pkg_resources/__init__.py:3148: DeprecationWarning: Deprecated call to `pkg_resources.declare_namespace('mpl_toolkits')`.
Implementing implicit namespace packages (as specified in PEP 420) is preferred to `pkg_resources.declare_namespace`. See https://setuptools.pypa.io/en/latest/references/keywords.html#keyword-namespace-packages
  declare_namespace(pkg)
/home/jupyter-deuk-c4e4/.conda/envs/ts310/lib/python3.10/site-packages/pkg_resources/__init__.py:3148: DeprecationWarning: Deprecated call to `pkg_resources.declare_namespace('google')`.
Implementing implicit namespace packages (as specified in PEP 420) is preferred to `pkg_resources.declare_namespace`. See https://setuptools.pypa.io/en/latest/references/keywords.html#keyword-namespace-packages
  declare_namespace(pkg)
/home/jupyter-deuk-c4e4/.conda/envs/ts310/lib/python3.10/site-packages/Cython/Distutils/old_build_ext.py:15: DeprecationWarning: dep_util is Deprecated. Use functions from setuptools instead.
  from distutils.dep_util import newer, newer_group
<frozen importlib._bootstrap>:283: DeprecationWarning: the load_module() method is deprecated and slated for removal in Python 3.12; use exec_module() instead
Warning: Mujoco-based envs failed to import. Set the environment variable D4RL_SUPPRESS_IMPORT_ERROR=1 to suppress this message.
No module named 'mjrl'
Warning: Flow failed to import. Set the environment variable D4RL_SUPPRESS_IMPORT_ERROR=1 to suppress this message.
No module named 'flow'
Warning: CARLA failed to import. Set the environment variable D4RL_SUPPRESS_IMPORT_ERROR=1 to suppress this message.
No module named 'carla'
pybullet build time: Jan 29 2025 23:16:28
/home/jupyter-deuk-c4e4/.conda/envs/ts310/lib/python3.10/site-packages/gym/envs/registration.py:595: UserWarning: [33mWARN: Overriding environment maze2d-open-v0[0m
  logger.warn(f"Overriding environment {id}")
/home/jupyter-deuk-c4e4/.conda/envs/ts310/lib/python3.10/site-packages/gym/envs/registration.py:595: UserWarning: [33mWARN: Overriding environment maze2d-umaze-v0[0m
  logger.warn(f"Overriding environment {id}")
/home/jupyter-deuk-c4e4/.conda/envs/ts310/lib/python3.10/site-packages/gym/envs/registration.py:595: UserWarning: [33mWARN: Overriding environment maze2d-medium-v0[0m
  logger.warn(f"Overriding environment {id}")
/home/jupyter-deuk-c4e4/.conda/envs/ts310/lib/python3.10/site-packages/gym/envs/registration.py:595: UserWarning: [33mWARN: Overriding environment maze2d-large-v0[0m
  logger.warn(f"Overriding environment {id}")
/home/jupyter-deuk-c4e4/.conda/envs/ts310/lib/python3.10/site-packages/gym/envs/registration.py:595: UserWarning: [33mWARN: Overriding environment maze2d-umaze-v1[0m
  logger.warn(f"Overriding environment {id}")
/home/jupyter-deuk-c4e4/.conda/envs/ts310/lib/python3.10/site-packages/gym/envs/registration.py:595: UserWarning: [33mWARN: Overriding environment maze2d-medium-v1[0m
  logger.warn(f"Overriding environment {id}")
/home/jupyter-deuk-c4e4/.conda/envs/ts310/lib/python3.10/site-packages/gym/envs/registration.py:595: UserWarning: [33mWARN: Overriding environment maze2d-large-v1[0m
  logger.warn(f"Overriding environment {id}")
/home/jupyter-deuk-c4e4/.conda/envs/ts310/lib/python3.10/site-packages/gym/envs/registration.py:595: UserWarning: [33mWARN: Overriding environment maze2d-eval-umaze-v1[0m
  logger.warn(f"Overriding environment {id}")
/home/jupyter-deuk-c4e4/.conda/envs/ts310/lib/python3.10/site-packages/gym/envs/registration.py:595: UserWarning: [33mWARN: Overriding environment maze2d-eval-medium-v1[0m
  logger.warn(f"Overriding environment {id}")
/home/jupyter-deuk-c4e4/.conda/envs/ts310/lib/python3.10/site-packages/gym/envs/registration.py:595: UserWarning: [33mWARN: Overriding environment maze2d-eval-large-v1[0m
  logger.warn(f"Overriding environment {id}")
/home/jupyter-deuk-c4e4/.conda/envs/ts310/lib/python3.10/site-packages/gym/envs/registration.py:595: UserWarning: [33mWARN: Overriding environment maze2d-open-dense-v0[0m
  logger.warn(f"Overriding environment {id}")
/home/jupyter-deuk-c4e4/.conda/envs/ts310/lib/python3.10/site-packages/gym/envs/registration.py:595: UserWarning: [33mWARN: Overriding environment maze2d-umaze-dense-v0[0m
  logger.warn(f"Overriding environment {id}")
/home/jupyter-deuk-c4e4/.conda/envs/ts310/lib/python3.10/site-packages/gym/envs/registration.py:595: UserWarning: [33mWARN: Overriding environment maze2d-medium-dense-v0[0m
  logger.warn(f"Overriding environment {id}")
/home/jupyter-deuk-c4e4/.conda/envs/ts310/lib/python3.10/site-packages/gym/envs/registration.py:595: UserWarning: [33mWARN: Overriding environment maze2d-large-dense-v0[0m
  logger.warn(f"Overriding environment {id}")
/home/jupyter-deuk-c4e4/.conda/envs/ts310/lib/python3.10/site-packages/gym/envs/registration.py:595: UserWarning: [33mWARN: Overriding environment maze2d-umaze-dense-v1[0m
  logger.warn(f"Overriding environment {id}")
/home/jupyter-deuk-c4e4/.conda/envs/ts310/lib/python3.10/site-packages/gym/envs/registration.py:595: UserWarning: [33mWARN: Overriding environment maze2d-medium-dense-v1[0m
  logger.warn(f"Overriding environment {id}")
/home/jupyter-deuk-c4e4/.conda/envs/ts310/lib/python3.10/site-packages/gym/envs/registration.py:595: UserWarning: [33mWARN: Overriding environment maze2d-large-dense-v1[0m
  logger.warn(f"Overriding environment {id}")
/home/jupyter-deuk-c4e4/.conda/envs/ts310/lib/python3.10/site-packages/gym/envs/registration.py:595: UserWarning: [33mWARN: Overriding environment maze2d-eval-umaze-dense-v1[0m
  logger.warn(f"Overriding environment {id}")
/home/jupyter-deuk-c4e4/.conda/envs/ts310/lib/python3.10/site-packages/gym/envs/registration.py:595: UserWarning: [33mWARN: Overriding environment maze2d-eval-medium-dense-v1[0m
  logger.warn(f"Overriding environment {id}")
/home/jupyter-deuk-c4e4/.conda/envs/ts310/lib/python3.10/site-packages/gym/envs/registration.py:595: UserWarning: [33mWARN: Overriding environment maze2d-eval-large-dense-v1[0m
  logger.warn(f"Overriding environment {id}")
/opt/dlami/nvme/home/jupyter-deuk-c4e4/temporal-straightening/custom_resolvers.py:4: UserWarning: 
The version_base parameter is not specified.
Please specify a compatability version level, or None.
Will assume defaults for version 1.1
  @hydra.main(config_path=None)
[2026-07-25 15:02:32,576][__main__][INFO] - Planning result saved dir: /opt/dlami/nvme/home/jupyter-deuk-c4e4/pusht-reproduction/patchproj_reproduction/plan/gd_seed_100/chunk_00
/home/jupyter-deuk-c4e4/.conda/envs/ts310/lib/python3.10/site-packages/wandb/sdk/internal/internal_api.py:30: UserWarning: pkg_resources is deprecated as an API. See https://setuptools.pypa.io/en/latest/pkg_resources.html. The pkg_resources package is slated for removal as early as 2025-11-30. Refrain from using this package or pin to Setuptools<81.
  from pkg_resources import parse_version
Using cache found in /home/jupyter-deuk-c4e4/.cache/torch/hub/facebookresearch_dinov2_81b2b6419385
Loaded 18685 rollouts
Loaded 21 rollouts
[2026-07-25 15:02:35,504][dinov2][INFO] - using MLP layer as FFN
[2026-07-25 15:02:38,881][models.dino][WARNING] - Unknown projector 'none' for patch tokens; proceeding without projector.
Resuming from epoch 2: /home/jupyter-deuk-c4e4/pusht-reproduction/patchproj_reproduction/test/pusht_False_agg32_projchannel_dim8_hw14_sgTrue_lr1e-06/checkpoints/model_2.pth
[2026-07-25 15:02:39,352][models.visual_world_model][INFO] - num_action_repeat: 1
[2026-07-25 15:02:39,352][models.visual_world_model][INFO] - num_proprio_repeat: 1
[2026-07-25 15:02:39,352][models.visual_world_model][INFO] - proprio encoder: ProprioceptiveEmbedding(
  (patch_embed): Conv1d(4, 10, kernel_size=(1,), stride=(1,))
  (norm): LayerNorm((10,), eps=1e-05, elementwise_affine=True)
)
[2026-07-25 15:02:39,352][models.visual_world_model][INFO] - action encoder: ProprioceptiveEmbedding(
  (patch_embed): Conv1d(10, 10, kernel_size=(1,), stride=(1,))
  (norm): LayerNorm((10,), eps=1e-05, elementwise_affine=True)
)
[2026-07-25 15:02:39,352][models.visual_world_model][INFO] - proprio_dim: 10, after repeat: 10
[2026-07-25 15:02:39,352][models.visual_world_model][INFO] - action_dim: 10, after repeat: 10
[2026-07-25 15:02:39,352][models.visual_world_model][INFO] - emb_dim: 28
[2026-07-25 15:02:39,352][models.visual_world_model][INFO] - Straightening disabled
[2026-07-25 15:02:39,352][models.visual_world_model][INFO] - Speed constancy disabled
[2026-07-25 15:02:39,352][models.visual_world_model][INFO] - Trajectory penalty disabled
[2026-07-25 15:02:39,352][models.visual_world_model][INFO] - Stop-grad enabled: True
[2026-07-25 15:02:39,352][models.visual_world_model][INFO] - VCReg enabled: False, apply_to=enc, std_coeff=0.0, cov_coeff=0.0
[2026-07-25 15:02:39,352][models.visual_world_model][INFO] - Model emb_dim: 28
[timing] setup_model_s=6.779
eval_seed:  [1, 101, 201, 301, 401, 501, 601, 701, 801, 901]
Dumped plan targets to /opt/dlami/nvme/home/jupyter-deuk-c4e4/pusht-reproduction/patchproj_reproduction/plan/gd_seed_100/chunk_00/plan_targets.pkl
[timing] setup_workspace_s=6.340

MPC iter 0 Eval ------- 
Success rate:  0.8
{'success': array([ True,  True, False,  True,  True,  True,  True,  True,  True,
       False]), 'state_dist': array([ 33.19144 ,  45.603794, 184.19714 ,  13.619741,  24.824884,
       106.09528 ,  19.35396 ,  20.81105 ,  16.069874,  21.111969],
      dtype=float32)}
self.is_success:  [ True  True False  True  True  True  True  True  True False]
Success rate:  0.8
{'success': array([ True,  True, False,  True,  True,  True,  True,  True,  True,
       False]), 'state_dist': array([ 33.19144 ,  45.603794, 184.19714 ,  13.619741,  24.824884,
       106.09528 ,  19.35396 ,  20.81105 ,  16.069874,  21.111969],
      dtype=float32)}
[timing] perform_planning_s=22.872
[timing] total_planning_main_s=35.991
===== channel_off gd seed 100 chunk 10 (n_evals=10) =====
/home/jupyter-deuk-c4e4/.conda/envs/ts310/lib/python3.10/site-packages/wandb/sdk/internal/internal_api.py:30: UserWarning: pkg_resources is deprecated as an API. See https://setuptools.pypa.io/en/latest/pkg_resources.html. The pkg_resources package is slated for removal as early as 2025-11-30. Refrain from using this package or pin to Setuptools<81.
  from pkg_resources import parse_version
/home/jupyter-deuk-c4e4/.conda/envs/ts310/lib/python3.10/site-packages/pkg_resources/__init__.py:3148: DeprecationWarning: Deprecated call to `pkg_resources.declare_namespace('mpl_toolkits')`.
Implementing implicit namespace packages (as specified in PEP 420) is preferred to `pkg_resources.declare_namespace`. See https://setuptools.pypa.io/en/latest/references/keywords.html#keyword-namespace-packages
  declare_namespace(pkg)
/home/jupyter-deuk-c4e4/.conda/envs/ts310/lib/python3.10/site-packages/pkg_resources/__init__.py:3148: DeprecationWarning: Deprecated call to `pkg_resources.declare_namespace('google')`.
Implementing implicit namespace packages (as specified in PEP 420) is preferred to `pkg_resources.declare_namespace`. See https://setuptools.pypa.io/en/latest/references/keywords.html#keyword-namespace-packages
  declare_namespace(pkg)
/home/jupyter-deuk-c4e4/.conda/envs/ts310/lib/python3.10/site-packages/Cython/Distutils/old_build_ext.py:15: DeprecationWarning: dep_util is Deprecated. Use functions from setuptools instead.
  from distutils.dep_util import newer, newer_group
<frozen importlib._bootstrap>:283: DeprecationWarning: the load_module() method is deprecated and slated for removal in Python 3.12; use exec_module() instead
Warning: Mujoco-based envs failed to import. Set the environment variable D4RL_SUPPRESS_IMPORT_ERROR=1 to suppress this message.
No module named 'mjrl'
Warning: Flow failed to import. Set the environment variable D4RL_SUPPRESS_IMPORT_ERROR=1 to suppress this message.
No module named 'flow'
Warning: CARLA failed to import. Set the environment variable D4RL_SUPPRESS_IMPORT_ERROR=1 to suppress this message.
No module named 'carla'
pybullet build time: Jan 29 2025 23:16:28
/home/jupyter-deuk-c4e4/.conda/envs/ts310/lib/python3.10/site-packages/gym/envs/registration.py:595: UserWarning: [33mWARN: Overriding environment maze2d-open-v0[0m
  logger.warn(f"Overriding environment {id}")
/home/jupyter-deuk-c4e4/.conda/envs/ts310/lib/python3.10/site-packages/gym/envs/registration.py:595: UserWarning: [33mWARN: Overriding environment maze2d-umaze-v0[0m
  logger.warn(f"Overriding environment {id}")
/home/jupyter-deuk-c4e4/.conda/envs/ts310/lib/python3.10/site-packages/gym/envs/registration.py:595: UserWarning: [33mWARN: Overriding environment maze2d-medium-v0[0m
  logger.warn(f"Overriding environment {id}")
/home/jupyter-deuk-c4e4/.conda/envs/ts310/lib/python3.10/site-packages/gym/envs/registration.py:595: UserWarning: [33mWARN: Overriding environment maze2d-large-v0[0m
  logger.warn(f"Overriding environment {id}")
/home/jupyter-deuk-c4e4/.conda/envs/ts310/lib/python3.10/site-packages/gym/envs/registration.py:595: UserWarning: [33mWARN: Overriding environment maze2d-umaze-v1[0m
  logger.warn(f"Overriding environment {id}")
/home/jupyter-deuk-c4e4/.conda/envs/ts310/lib/python3.10/site-packages/gym/envs/registration.py:595: UserWarning: [33mWARN: Overriding environment maze2d-medium-v1[0m
  logger.warn(f"Overriding environment {id}")
/home/jupyter-deuk-c4e4/.conda/envs/ts310/lib/python3.10/site-packages/gym/envs/registration.py:595: UserWarning: [33mWARN: Overriding environment maze2d-large-v1[0m
  logger.warn(f"Overriding environment {id}")
/home/jupyter-deuk-c4e4/.conda/envs/ts310/lib/python3.10/site-packages/gym/envs/registration.py:595: UserWarning: [33mWARN: Overriding environment maze2d-eval-umaze-v1[0m
  logger.warn(f"Overriding environment {id}")
/home/jupyter-deuk-c4e4/.conda/envs/ts310/lib/python3.10/site-packages/gym/envs/registration.py:595: UserWarning: [33mWARN: Overriding environment maze2d-eval-medium-v1[0m
  logger.warn(f"Overriding environment {id}")
/home/jupyter-deuk-c4e4/.conda/envs/ts310/lib/python3.10/site-packages/gym/envs/registration.py:595: UserWarning: [33mWARN: Overriding environment maze2d-eval-large-v1[0m
  logger.warn(f"Overriding environment {id}")
/home/jupyter-deuk-c4e4/.conda/envs/ts310/lib/python3.10/site-packages/gym/envs/registration.py:595: UserWarning: [33mWARN: Overriding environment maze2d-open-dense-v0[0m
  logger.warn(f"Overriding environment {id}")
/home/jupyter-deuk-c4e4/.conda/envs/ts310/lib/python3.10/site-packages/gym/envs/registration.py:595: UserWarning: [33mWARN: Overriding environment maze2d-umaze-dense-v0[0m
  logger.warn(f"Overriding environment {id}")
/home/jupyter-deuk-c4e4/.conda/envs/ts310/lib/python3.10/site-packages/gym/envs/registration.py:595: UserWarning: [33mWARN: Overriding environment maze2d-medium-dense-v0[0m
  logger.warn(f"Overriding environment {id}")
/home/jupyter-deuk-c4e4/.conda/envs/ts310/lib/python3.10/site-packages/gym/envs/registration.py:595: UserWarning: [33mWARN: Overriding environment maze2d-large-dense-v0[0m
  logger.warn(f"Overriding environment {id}")
/home/jupyter-deuk-c4e4/.conda/envs/ts310/lib/python3.10/site-packages/gym/envs/registration.py:595: UserWarning: [33mWARN: Overriding environment maze2d-umaze-dense-v1[0m
  logger.warn(f"Overriding environment {id}")
/home/jupyter-deuk-c4e4/.conda/envs/ts310/lib/python3.10/site-packages/gym/envs/registration.py:595: UserWarning: [33mWARN: Overriding environment maze2d-medium-dense-v1[0m
  logger.warn(f"Overriding environment {id}")
/home/jupyter-deuk-c4e4/.conda/envs/ts310/lib/python3.10/site-packages/gym/envs/registration.py:595: UserWarning: [33mWARN: Overriding environment maze2d-large-dense-v1[0m
  logger.warn(f"Overriding environment {id}")
/home/jupyter-deuk-c4e4/.conda/envs/ts310/lib/python3.10/site-packages/gym/envs/registration.py:595: UserWarning: [33mWARN: Overriding environment maze2d-eval-umaze-dense-v1[0m
  logger.warn(f"Overriding environment {id}")
/home/jupyter-deuk-c4e4/.conda/envs/ts310/lib/python3.10/site-packages/gym/envs/registration.py:595: UserWarning: [33mWARN: Overriding environment maze2d-eval-medium-dense-v1[0m
  logger.warn(f"Overriding environment {id}")
/home/jupyter-deuk-c4e4/.conda/envs/ts310/lib/python3.10/site-packages/gym/envs/registration.py:595: UserWarning: [33mWARN: Overriding environment maze2d-eval-large-dense-v1[0m
  logger.warn(f"Overriding environment {id}")
/opt/dlami/nvme/home/jupyter-deuk-c4e4/temporal-straightening/custom_resolvers.py:4: UserWarning: 
The version_base parameter is not specified.
Please specify a compatability version level, or None.
Will assume defaults for version 1.1
  @hydra.main(config_path=None)
[2026-07-25 15:03:14,113][__main__][INFO] - Planning result saved dir: /opt/dlami/nvme/home/jupyter-deuk-c4e4/pusht-reproduction/patchproj_reproduction/plan/gd_seed_100/chunk_10
/home/jupyter-deuk-c4e4/.conda/envs/ts310/lib/python3.10/site-packages/wandb/sdk/internal/internal_api.py:30: UserWarning: pkg_resources is deprecated as an API. See https://setuptools.pypa.io/en/latest/pkg_resources.html. The pkg_resources package is slated for removal as early as 2025-11-30. Refrain from using this package or pin to Setuptools<81.
  from pkg_resources import parse_version
Using cache found in /home/jupyter-deuk-c4e4/.cache/torch/hub/facebookresearch_dinov2_81b2b6419385
Loaded 18685 rollouts
Loaded 21 rollouts
[2026-07-25 15:03:16,599][dinov2][INFO] - using MLP layer as FFN
[2026-07-25 15:03:17,247][models.dino][WARNING] - Unknown projector 'none' for patch tokens; proceeding without projector.
Resuming from epoch 2: /home/jupyter-deuk-c4e4/pusht-reproduction/patchproj_reproduction/test/pusht_False_agg32_projchannel_dim8_hw14_sgTrue_lr1e-06/checkpoints/model_2.pth
[2026-07-25 15:03:17,647][models.visual_world_model][INFO] - num_action_repeat: 1
[2026-07-25 15:03:17,648][models.visual_world_model][INFO] - num_proprio_repeat: 1
[2026-07-25 15:03:17,648][models.visual_world_model][INFO] - proprio encoder: ProprioceptiveEmbedding(
  (patch_embed): Conv1d(4, 10, kernel_size=(1,), stride=(1,))
  (norm): LayerNorm((10,), eps=1e-05, elementwise_affine=True)
)
[2026-07-25 15:03:17,648][models.visual_world_model][INFO] - action encoder: ProprioceptiveEmbedding(
  (patch_embed): Conv1d(10, 10, kernel_size=(1,), stride=(1,))
  (norm): LayerNorm((10,), eps=1e-05, elementwise_affine=True)
)
[2026-07-25 15:03:17,648][models.visual_world_model][INFO] - proprio_dim: 10, after repeat: 10
[2026-07-25 15:03:17,648][models.visual_world_model][INFO] - action_dim: 10, after repeat: 10
[2026-07-25 15:03:17,648][models.visual_world_model][INFO] - emb_dim: 28
[2026-07-25 15:03:17,648][models.visual_world_model][INFO] - Straightening disabled
[2026-07-25 15:03:17,648][models.visual_world_model][INFO] - Speed constancy disabled
[2026-07-25 15:03:17,648][models.visual_world_model][INFO] - Trajectory penalty disabled
[2026-07-25 15:03:17,648][models.visual_world_model][INFO] - Stop-grad enabled: True
[2026-07-25 15:03:17,648][models.visual_world_model][INFO] - VCReg enabled: False, apply_to=enc, std_coeff=0.0, cov_coeff=0.0
[2026-07-25 15:03:17,648][models.visual_world_model][INFO] - Model emb_dim: 28
[timing] setup_model_s=3.537
eval_seed:  [1001, 1101, 1201, 1301, 1401, 1501, 1601, 1701, 1801, 1901]
Dumped plan targets to /opt/dlami/nvme/home/jupyter-deuk-c4e4/pusht-reproduction/patchproj_reproduction/plan/gd_seed_100/chunk_10/plan_targets.pkl
[timing] setup_workspace_s=6.093

MPC iter 0 Eval ------- 
Success rate:  0.7
{'success': array([ True, False, False,  True,  True,  True,  True, False,  True,
        True]), 'state_dist': array([ 13.153268,  49.33607 , 175.08244 ,  17.007107,  60.883766,
        19.82313 ,  20.24727 ,  90.269424,  46.862453,  12.76817 ],
      dtype=float32)}
self.is_success:  [ True False False  True  True  True  True False  True  True]
Success rate:  0.7
{'success': array([ True, False, False,  True,  True,  True,  True, False,  True,
        True]), 'state_dist': array([ 13.153268,  49.33607 , 175.08244 ,  17.007107,  60.883766,
        19.82313 ,  20.24727 ,  90.269424,  46.862453,  12.76817 ],
      dtype=float32)}
[timing] perform_planning_s=23.012
[timing] total_planning_main_s=32.642
===== channel_off gd seed 100 chunk 20 (n_evals=10) =====
/home/jupyter-deuk-c4e4/.conda/envs/ts310/lib/python3.10/site-packages/wandb/sdk/internal/internal_api.py:30: UserWarning: pkg_resources is deprecated as an API. See https://setuptools.pypa.io/en/latest/pkg_resources.html. The pkg_resources package is slated for removal as early as 2025-11-30. Refrain from using this package or pin to Setuptools<81.
  from pkg_resources import parse_version
/home/jupyter-deuk-c4e4/.conda/envs/ts310/lib/python3.10/site-packages/pkg_resources/__init__.py:3148: DeprecationWarning: Deprecated call to `pkg_resources.declare_namespace('mpl_toolkits')`.
Implementing implicit namespace packages (as specified in PEP 420) is preferred to `pkg_resources.declare_namespace`. See https://setuptools.pypa.io/en/latest/references/keywords.html#keyword-namespace-packages
  declare_namespace(pkg)
/home/jupyter-deuk-c4e4/.conda/envs/ts310/lib/python3.10/site-packages/pkg_resources/__init__.py:3148: DeprecationWarning: Deprecated call to `pkg_resources.declare_namespace('google')`.
Implementing implicit namespace packages (as specified in PEP 420) is preferred to `pkg_resources.declare_namespace`. See https://setuptools.pypa.io/en/latest/references/keywords.html#keyword-namespace-packages
  declare_namespace(pkg)
/home/jupyter-deuk-c4e4/.conda/envs/ts310/lib/python3.10/site-packages/Cython/Distutils/old_build_ext.py:15: DeprecationWarning: dep_util is Deprecated. Use functions from setuptools instead.
  from distutils.dep_util import newer, newer_group
<frozen importlib._bootstrap>:283: DeprecationWarning: the load_module() method is deprecated and slated for removal in Python 3.12; use exec_module() instead
Warning: Mujoco-based envs failed to import. Set the environment variable D4RL_SUPPRESS_IMPORT_ERROR=1 to suppress this message.
No module named 'mjrl'
Warning: Flow failed to import. Set the environment variable D4RL_SUPPRESS_IMPORT_ERROR=1 to suppress this message.
No module named 'flow'
Warning: CARLA failed to import. Set the environment variable D4RL_SUPPRESS_IMPORT_ERROR=1 to suppress this message.
No module named 'carla'
pybullet build time: Jan 29 2025 23:16:28
/home/jupyter-deuk-c4e4/.conda/envs/ts310/lib/python3.10/site-packages/gym/envs/registration.py:595: UserWarning: [33mWARN: Overriding environment maze2d-open-v0[0m
  logger.warn(f"Overriding environment {id}")
/home/jupyter-deuk-c4e4/.conda/envs/ts310/lib/python3.10/site-packages/gym/envs/registration.py:595: UserWarning: [33mWARN: Overriding environment maze2d-umaze-v0[0m
  logger.warn(f"Overriding environment {id}")
/home/jupyter-deuk-c4e4/.conda/envs/ts310/lib/python3.10/site-packages/gym/envs/registration.py:595: UserWarning: [33mWARN: Overriding environment maze2d-medium-v0[0m
  logger.warn(f"Overriding environment {id}")
/home/jupyter-deuk-c4e4/.conda/envs/ts310/lib/python3.10/site-packages/gym/envs/registration.py:595: UserWarning: [33mWARN: Overriding environment maze2d-large-v0[0m
  logger.warn(f"Overriding environment {id}")
/home/jupyter-deuk-c4e4/.conda/envs/ts310/lib/python3.10/site-packages/gym/envs/registration.py:595: UserWarning: [33mWARN: Overriding environment maze2d-umaze-v1[0m
  logger.warn(f"Overriding environment {id}")
/home/jupyter-deuk-c4e4/.conda/envs/ts310/lib/python3.10/site-packages/gym/envs/registration.py:595: UserWarning: [33mWARN: Overriding environment maze2d-medium-v1[0m
  logger.warn(f"Overriding environment {id}")
/home/jupyter-deuk-c4e4/.conda/envs/ts310/lib/python3.10/site-packages/gym/envs/registration.py:595: UserWarning: [33mWARN: Overriding environment maze2d-large-v1[0m
  logger.warn(f"Overriding environment {id}")
/home/jupyter-deuk-c4e4/.conda/envs/ts310/lib/python3.10/site-packages/gym/envs/registration.py:595: UserWarning: [33mWARN: Overriding environment maze2d-eval-umaze-v1[0m
  logger.warn(f"Overriding environment {id}")
/home/jupyter-deuk-c4e4/.conda/envs/ts310/lib/python3.10/site-packages/gym/envs/registration.py:595: UserWarning: [33mWARN: Overriding environment maze2d-eval-medium-v1[0m
  logger.warn(f"Overriding environment {id}")
/home/jupyter-deuk-c4e4/.conda/envs/ts310/lib/python3.10/site-packages/gym/envs/registration.py:595: UserWarning: [33mWARN: Overriding environment maze2d-eval-large-v1[0m
  logger.warn(f"Overriding environment {id}")
/home/jupyter-deuk-c4e4/.conda/envs/ts310/lib/python3.10/site-packages/gym/envs/registration.py:595: UserWarning: [33mWARN: Overriding environment maze2d-open-dense-v0[0m
  logger.warn(f"Overriding environment {id}")
/home/jupyter-deuk-c4e4/.conda/envs/ts310/lib/python3.10/site-packages/gym/envs/registration.py:595: UserWarning: [33mWARN: Overriding environment maze2d-umaze-dense-v0[0m
  logger.warn(f"Overriding environment {id}")
/home/jupyter-deuk-c4e4/.conda/envs/ts310/lib/python3.10/site-packages/gym/envs/registration.py:595: UserWarning: [33mWARN: Overriding environment maze2d-medium-dense-v0[0m
  logger.warn(f"Overriding environment {id}")
/home/jupyter-deuk-c4e4/.conda/envs/ts310/lib/python3.10/site-packages/gym/envs/registration.py:595: UserWarning: [33mWARN: Overriding environment maze2d-large-dense-v0[0m
  logger.warn(f"Overriding environment {id}")
/home/jupyter-deuk-c4e4/.conda/envs/ts310/lib/python3.10/site-packages/gym/envs/registration.py:595: UserWarning: [33mWARN: Overriding environment maze2d-umaze-dense-v1[0m
  logger.warn(f"Overriding environment {id}")
/home/jupyter-deuk-c4e4/.conda/envs/ts310/lib/python3.10/site-packages/gym/envs/registration.py:595: UserWarning: [33mWARN: Overriding environment maze2d-medium-dense-v1[0m
  logger.warn(f"Overriding environment {id}")
/home/jupyter-deuk-c4e4/.conda/envs/ts310/lib/python3.10/site-packages/gym/envs/registration.py:595: UserWarning: [33mWARN: Overriding environment maze2d-large-dense-v1[0m
  logger.warn(f"Overriding environment {id}")
/home/jupyter-deuk-c4e4/.conda/envs/ts310/lib/python3.10/site-packages/gym/envs/registration.py:595: UserWarning: [33mWARN: Overriding environment maze2d-eval-umaze-dense-v1[0m
  logger.warn(f"Overriding environment {id}")
/home/jupyter-deuk-c4e4/.conda/envs/ts310/lib/python3.10/site-packages/gym/envs/registration.py:595: UserWarning: [33mWARN: Overriding environment maze2d-eval-medium-dense-v1[0m
  logger.warn(f"Overriding environment {id}")
/home/jupyter-deuk-c4e4/.conda/envs/ts310/lib/python3.10/site-packages/gym/envs/registration.py:595: UserWarning: [33mWARN: Overriding environment maze2d-eval-large-dense-v1[0m
  logger.warn(f"Overriding environment {id}")
/opt/dlami/nvme/home/jupyter-deuk-c4e4/temporal-straightening/custom_resolvers.py:4: UserWarning: 
The version_base parameter is not specified.
Please specify a compatability version level, or None.
Will assume defaults for version 1.1
  @hydra.main(config_path=None)
[2026-07-25 15:03:52,620][__main__][INFO] - Planning result saved dir: /opt/dlami/nvme/home/jupyter-deuk-c4e4/pusht-reproduction/patchproj_reproduction/plan/gd_seed_100/chunk_20
/home/jupyter-deuk-c4e4/.conda/envs/ts310/lib/python3.10/site-packages/wandb/sdk/internal/internal_api.py:30: UserWarning: pkg_resources is deprecated as an API. See https://setuptools.pypa.io/en/latest/pkg_resources.html. The pkg_resources package is slated for removal as early as 2025-11-30. Refrain from using this package or pin to Setuptools<81.
  from pkg_resources import parse_version
Using cache found in /home/jupyter-deuk-c4e4/.cache/torch/hub/facebookresearch_dinov2_81b2b6419385
Loaded 18685 rollouts
Loaded 21 rollouts
[2026-07-25 15:03:55,203][dinov2][INFO] - using MLP layer as FFN
[2026-07-25 15:03:55,701][models.dino][WARNING] - Unknown projector 'none' for patch tokens; proceeding without projector.
Resuming from epoch 2: /home/jupyter-deuk-c4e4/pusht-reproduction/patchproj_reproduction/test/pusht_False_agg32_projchannel_dim8_hw14_sgTrue_lr1e-06/checkpoints/model_2.pth
[2026-07-25 15:03:56,068][models.visual_world_model][INFO] - num_action_repeat: 1
[2026-07-25 15:03:56,068][models.visual_world_model][INFO] - num_proprio_repeat: 1
[2026-07-25 15:03:56,068][models.visual_world_model][INFO] - proprio encoder: ProprioceptiveEmbedding(
  (patch_embed): Conv1d(4, 10, kernel_size=(1,), stride=(1,))
  (norm): LayerNorm((10,), eps=1e-05, elementwise_affine=True)
)
[2026-07-25 15:03:56,068][models.visual_world_model][INFO] - action encoder: ProprioceptiveEmbedding(
  (patch_embed): Conv1d(10, 10, kernel_size=(1,), stride=(1,))
  (norm): LayerNorm((10,), eps=1e-05, elementwise_affine=True)
)
[2026-07-25 15:03:56,069][models.visual_world_model][INFO] - proprio_dim: 10, after repeat: 10
[2026-07-25 15:03:56,069][models.visual_world_model][INFO] - action_dim: 10, after repeat: 10
[2026-07-25 15:03:56,069][models.visual_world_model][INFO] - emb_dim: 28
[2026-07-25 15:03:56,069][models.visual_world_model][INFO] - Straightening disabled
[2026-07-25 15:03:56,069][models.visual_world_model][INFO] - Speed constancy disabled
[2026-07-25 15:03:56,069][models.visual_world_model][INFO] - Trajectory penalty disabled
[2026-07-25 15:03:56,069][models.visual_world_model][INFO] - Stop-grad enabled: True
[2026-07-25 15:03:56,069][models.visual_world_model][INFO] - VCReg enabled: False, apply_to=enc, std_coeff=0.0, cov_coeff=0.0
[2026-07-25 15:03:56,069][models.visual_world_model][INFO] - Model emb_dim: 28
[timing] setup_model_s=3.451
eval_seed:  [2001, 2101, 2201, 2301, 2401, 2501, 2601, 2701, 2801, 2901]
Dumped plan targets to /opt/dlami/nvme/home/jupyter-deuk-c4e4/pusht-reproduction/patchproj_reproduction/plan/gd_seed_100/chunk_20/plan_targets.pkl
[timing] setup_workspace_s=6.634

MPC iter 0 Eval ------- 
Success rate:  0.7
{'success': array([ True,  True, False, False,  True, False,  True,  True,  True,
        True]), 'state_dist': array([ 23.369396,  10.205751, 166.0184  ,  44.424984,  11.835076,
       197.66537 ,   8.379462,  13.713591,  33.851807,  13.833773],
      dtype=float32)}
self.is_success:  [ True  True False False  True False  True  True  True  True]
Success rate:  0.7
{'success': array([ True,  True, False, False,  True, False,  True,  True,  True,
        True]), 'state_dist': array([ 23.369396,  10.205751, 166.0184  ,  44.424984,  11.835076,
       197.66537 ,   8.379462,  13.713591,  33.851807,  13.833773],
      dtype=float32)}
[timing] perform_planning_s=22.794
[timing] total_planning_main_s=32.880
===== channel_off gd seed 100 chunk 30 (n_evals=10) =====
/home/jupyter-deuk-c4e4/.conda/envs/ts310/lib/python3.10/site-packages/wandb/sdk/internal/internal_api.py:30: UserWarning: pkg_resources is deprecated as an API. See https://setuptools.pypa.io/en/latest/pkg_resources.html. The pkg_resources package is slated for removal as early as 2025-11-30. Refrain from using this package or pin to Setuptools<81.
  from pkg_resources import parse_version
/home/jupyter-deuk-c4e4/.conda/envs/ts310/lib/python3.10/site-packages/pkg_resources/__init__.py:3148: DeprecationWarning: Deprecated call to `pkg_resources.declare_namespace('mpl_toolkits')`.
Implementing implicit namespace packages (as specified in PEP 420) is preferred to `pkg_resources.declare_namespace`. See https://setuptools.pypa.io/en/latest/references/keywords.html#keyword-namespace-packages
  declare_namespace(pkg)
/home/jupyter-deuk-c4e4/.conda/envs/ts310/lib/python3.10/site-packages/pkg_resources/__init__.py:3148: DeprecationWarning: Deprecated call to `pkg_resources.declare_namespace('google')`.
Implementing implicit namespace packages (as specified in PEP 420) is preferred to `pkg_resources.declare_namespace`. See https://setuptools.pypa.io/en/latest/references/keywords.html#keyword-namespace-packages
  declare_namespace(pkg)
/home/jupyter-deuk-c4e4/.conda/envs/ts310/lib/python3.10/site-packages/Cython/Distutils/old_build_ext.py:15: DeprecationWarning: dep_util is Deprecated. Use functions from setuptools instead.
  from distutils.dep_util import newer, newer_group
<frozen importlib._bootstrap>:283: DeprecationWarning: the load_module() method is deprecated and slated for removal in Python 3.12; use exec_module() instead
Warning: Mujoco-based envs failed to import. Set the environment variable D4RL_SUPPRESS_IMPORT_ERROR=1 to suppress this message.
No module named 'mjrl'
Warning: Flow failed to import. Set the environment variable D4RL_SUPPRESS_IMPORT_ERROR=1 to suppress this message.
No module named 'flow'
Warning: CARLA failed to import. Set the environment variable D4RL_SUPPRESS_IMPORT_ERROR=1 to suppress this message.
No module named 'carla'
pybullet build time: Jan 29 2025 23:16:28
/home/jupyter-deuk-c4e4/.conda/envs/ts310/lib/python3.10/site-packages/gym/envs/registration.py:595: UserWarning: [33mWARN: Overriding environment maze2d-open-v0[0m
  logger.warn(f"Overriding environment {id}")
/home/jupyter-deuk-c4e4/.conda/envs/ts310/lib/python3.10/site-packages/gym/envs/registration.py:595: UserWarning: [33mWARN: Overriding environment maze2d-umaze-v0[0m
  logger.warn(f"Overriding environment {id}")
/home/jupyter-deuk-c4e4/.conda/envs/ts310/lib/python3.10/site-packages/gym/envs/registration.py:595: UserWarning: [33mWARN: Overriding environment maze2d-medium-v0[0m
  logger.warn(f"Overriding environment {id}")
/home/jupyter-deuk-c4e4/.conda/envs/ts310/lib/python3.10/site-packages/gym/envs/registration.py:595: UserWarning: [33mWARN: Overriding environment maze2d-large-v0[0m
  logger.warn(f"Overriding environment {id}")
/home/jupyter-deuk-c4e4/.conda/envs/ts310/lib/python3.10/site-packages/gym/envs/registration.py:595: UserWarning: [33mWARN: Overriding environment maze2d-umaze-v1[0m
  logger.warn(f"Overriding environment {id}")
/home/jupyter-deuk-c4e4/.conda/envs/ts310/lib/python3.10/site-packages/gym/envs/registration.py:595: UserWarning: [33mWARN: Overriding environment maze2d-medium-v1[0m
  logger.warn(f"Overriding environment {id}")
/home/jupyter-deuk-c4e4/.conda/envs/ts310/lib/python3.10/site-packages/gym/envs/registration.py:595: UserWarning: [33mWARN: Overriding environment maze2d-large-v1[0m
  logger.warn(f"Overriding environment {id}")
/home/jupyter-deuk-c4e4/.conda/envs/ts310/lib/python3.10/site-packages/gym/envs/registration.py:595: UserWarning: [33mWARN: Overriding environment maze2d-eval-umaze-v1[0m
  logger.warn(f"Overriding environment {id}")
/home/jupyter-deuk-c4e4/.conda/envs/ts310/lib/python3.10/site-packages/gym/envs/registration.py:595: UserWarning: [33mWARN: Overriding environment maze2d-eval-medium-v1[0m
  logger.warn(f"Overriding environment {id}")
/home/jupyter-deuk-c4e4/.conda/envs/ts310/lib/python3.10/site-packages/gym/envs/registration.py:595: UserWarning: [33mWARN: Overriding environment maze2d-eval-large-v1[0m
  logger.warn(f"Overriding environment {id}")
/home/jupyter-deuk-c4e4/.conda/envs/ts310/lib/python3.10/site-packages/gym/envs/registration.py:595: UserWarning: [33mWARN: Overriding environment maze2d-open-dense-v0[0m
  logger.warn(f"Overriding environment {id}")
/home/jupyter-deuk-c4e4/.conda/envs/ts310/lib/python3.10/site-packages/gym/envs/registration.py:595: UserWarning: [33mWARN: Overriding environment maze2d-umaze-dense-v0[0m
  logger.warn(f"Overriding environment {id}")
/home/jupyter-deuk-c4e4/.conda/envs/ts310/lib/python3.10/site-packages/gym/envs/registration.py:595: UserWarning: [33mWARN: Overriding environment maze2d-medium-dense-v0[0m
  logger.warn(f"Overriding environment {id}")
/home/jupyter-deuk-c4e4/.conda/envs/ts310/lib/python3.10/site-packages/gym/envs/registration.py:595: UserWarning: [33mWARN: Overriding environment maze2d-large-dense-v0[0m
  logger.warn(f"Overriding environment {id}")
/home/jupyter-deuk-c4e4/.conda/envs/ts310/lib/python3.10/site-packages/gym/envs/registration.py:595: UserWarning: [33mWARN: Overriding environment maze2d-umaze-dense-v1[0m
  logger.warn(f"Overriding environment {id}")
/home/jupyter-deuk-c4e4/.conda/envs/ts310/lib/python3.10/site-packages/gym/envs/registration.py:595: UserWarning: [33mWARN: Overriding environment maze2d-medium-dense-v1[0m
  logger.warn(f"Overriding environment {id}")
/home/jupyter-deuk-c4e4/.conda/envs/ts310/lib/python3.10/site-packages/gym/envs/registration.py:595: UserWarning: [33mWARN: Overriding environment maze2d-large-dense-v1[0m
  logger.warn(f"Overriding environment {id}")
/home/jupyter-deuk-c4e4/.conda/envs/ts310/lib/python3.10/site-packages/gym/envs/registration.py:595: UserWarning: [33mWARN: Overriding environment maze2d-eval-umaze-dense-v1[0m
  logger.warn(f"Overriding environment {id}")
/home/jupyter-deuk-c4e4/.conda/envs/ts310/lib/python3.10/site-packages/gym/envs/registration.py:595: UserWarning: [33mWARN: Overriding environment maze2d-eval-medium-dense-v1[0m
  logger.warn(f"Overriding environment {id}")
/home/jupyter-deuk-c4e4/.conda/envs/ts310/lib/python3.10/site-packages/gym/envs/registration.py:595: UserWarning: [33mWARN: Overriding environment maze2d-eval-large-dense-v1[0m
  logger.warn(f"Overriding environment {id}")
/opt/dlami/nvme/home/jupyter-deuk-c4e4/temporal-straightening/custom_resolvers.py:4: UserWarning: 
The version_base parameter is not specified.
Please specify a compatability version level, or None.
Will assume defaults for version 1.1
  @hydra.main(config_path=None)
[2026-07-25 15:04:31,197][__main__][INFO] - Planning result saved dir: /opt/dlami/nvme/home/jupyter-deuk-c4e4/pusht-reproduction/patchproj_reproduction/plan/gd_seed_100/chunk_30
/home/jupyter-deuk-c4e4/.conda/envs/ts310/lib/python3.10/site-packages/wandb/sdk/internal/internal_api.py:30: UserWarning: pkg_resources is deprecated as an API. See https://setuptools.pypa.io/en/latest/pkg_resources.html. The pkg_resources package is slated for removal as early as 2025-11-30. Refrain from using this package or pin to Setuptools<81.
  from pkg_resources import parse_version
Using cache found in /home/jupyter-deuk-c4e4/.cache/torch/hub/facebookresearch_dinov2_81b2b6419385
Loaded 18685 rollouts
Loaded 21 rollouts
[2026-07-25 15:04:34,224][dinov2][INFO] - using MLP layer as FFN
[2026-07-25 15:04:34,993][models.dino][WARNING] - Unknown projector 'none' for patch tokens; proceeding without projector.
Resuming from epoch 2: /home/jupyter-deuk-c4e4/pusht-reproduction/patchproj_reproduction/test/pusht_False_agg32_projchannel_dim8_hw14_sgTrue_lr1e-06/checkpoints/model_2.pth
[2026-07-25 15:04:35,368][models.visual_world_model][INFO] - num_action_repeat: 1
[2026-07-25 15:04:35,368][models.visual_world_model][INFO] - num_proprio_repeat: 1
[2026-07-25 15:04:35,368][models.visual_world_model][INFO] - proprio encoder: ProprioceptiveEmbedding(
  (patch_embed): Conv1d(4, 10, kernel_size=(1,), stride=(1,))
  (norm): LayerNorm((10,), eps=1e-05, elementwise_affine=True)
)
[2026-07-25 15:04:35,369][models.visual_world_model][INFO] - action encoder: ProprioceptiveEmbedding(
  (patch_embed): Conv1d(10, 10, kernel_size=(1,), stride=(1,))
  (norm): LayerNorm((10,), eps=1e-05, elementwise_affine=True)
)
[2026-07-25 15:04:35,369][models.visual_world_model][INFO] - proprio_dim: 10, after repeat: 10
[2026-07-25 15:04:35,369][models.visual_world_model][INFO] - action_dim: 10, after repeat: 10
[2026-07-25 15:04:35,369][models.visual_world_model][INFO] - emb_dim: 28
[2026-07-25 15:04:35,369][models.visual_world_model][INFO] - Straightening disabled
[2026-07-25 15:04:35,369][models.visual_world_model][INFO] - Speed constancy disabled
[2026-07-25 15:04:35,369][models.visual_world_model][INFO] - Trajectory penalty disabled
[2026-07-25 15:04:35,369][models.visual_world_model][INFO] - Stop-grad enabled: True
[2026-07-25 15:04:35,369][models.visual_world_model][INFO] - VCReg enabled: False, apply_to=enc, std_coeff=0.0, cov_coeff=0.0
[2026-07-25 15:04:35,369][models.visual_world_model][INFO] - Model emb_dim: 28
[timing] setup_model_s=4.176
eval_seed:  [3001, 3101, 3201, 3301, 3401, 3501, 3601, 3701, 3801, 3901]
Dumped plan targets to /opt/dlami/nvme/home/jupyter-deuk-c4e4/pusht-reproduction/patchproj_reproduction/plan/gd_seed_100/chunk_30/plan_targets.pkl
[timing] setup_workspace_s=6.728

MPC iter 0 Eval ------- 
Success rate:  0.5
{'success': array([False,  True,  True,  True,  True, False, False,  True, False,
       False]), 'state_dist': array([101.628654,  14.598923,  24.613262,  30.136616,  17.19542 ,
        21.451609, 192.63055 ,  13.830173,  81.7392  ,  81.862305],
      dtype=float32)}
self.is_success:  [False  True  True  True  True False False  True False False]
Success rate:  0.5
{'success': array([False,  True,  True,  True,  True, False, False,  True, False,
       False]), 'state_dist': array([101.628654,  14.598923,  24.613262,  30.136616,  17.19542 ,
        21.451609, 192.63055 ,  13.830173,  81.7392  ,  81.862305],
      dtype=float32)}
[timing] perform_planning_s=22.957
[timing] total_planning_main_s=33.861
===== channel_off gd seed 100 chunk 40 (n_evals=10) =====
/home/jupyter-deuk-c4e4/.conda/envs/ts310/lib/python3.10/site-packages/wandb/sdk/internal/internal_api.py:30: UserWarning: pkg_resources is deprecated as an API. See https://setuptools.pypa.io/en/latest/pkg_resources.html. The pkg_resources package is slated for removal as early as 2025-11-30. Refrain from using this package or pin to Setuptools<81.
  from pkg_resources import parse_version
/home/jupyter-deuk-c4e4/.conda/envs/ts310/lib/python3.10/site-packages/pkg_resources/__init__.py:3148: DeprecationWarning: Deprecated call to `pkg_resources.declare_namespace('mpl_toolkits')`.
Implementing implicit namespace packages (as specified in PEP 420) is preferred to `pkg_resources.declare_namespace`. See https://setuptools.pypa.io/en/latest/references/keywords.html#keyword-namespace-packages
  declare_namespace(pkg)
/home/jupyter-deuk-c4e4/.conda/envs/ts310/lib/python3.10/site-packages/pkg_resources/__init__.py:3148: DeprecationWarning: Deprecated call to `pkg_resources.declare_namespace('google')`.
Implementing implicit namespace packages (as specified in PEP 420) is preferred to `pkg_resources.declare_namespace`. See https://setuptools.pypa.io/en/latest/references/keywords.html#keyword-namespace-packages
  declare_namespace(pkg)
/home/jupyter-deuk-c4e4/.conda/envs/ts310/lib/python3.10/site-packages/Cython/Distutils/old_build_ext.py:15: DeprecationWarning: dep_util is Deprecated. Use functions from setuptools instead.
  from distutils.dep_util import newer, newer_group
<frozen importlib._bootstrap>:283: DeprecationWarning: the load_module() method is deprecated and slated for removal in Python 3.12; use exec_module() instead
Warning: Mujoco-based envs failed to import. Set the environment variable D4RL_SUPPRESS_IMPORT_ERROR=1 to suppress this message.
No module named 'mjrl'
Warning: Flow failed to import. Set the environment variable D4RL_SUPPRESS_IMPORT_ERROR=1 to suppress this message.
No module named 'flow'
Warning: CARLA failed to import. Set the environment variable D4RL_SUPPRESS_IMPORT_ERROR=1 to suppress this message.
No module named 'carla'
pybullet build time: Jan 29 2025 23:16:28
/home/jupyter-deuk-c4e4/.conda/envs/ts310/lib/python3.10/site-packages/gym/envs/registration.py:595: UserWarning: [33mWARN: Overriding environment maze2d-open-v0[0m
  logger.warn(f"Overriding environment {id}")
/home/jupyter-deuk-c4e4/.conda/envs/ts310/lib/python3.10/site-packages/gym/envs/registration.py:595: UserWarning: [33mWARN: Overriding environment maze2d-umaze-v0[0m
  logger.warn(f"Overriding environment {id}")
/home/jupyter-deuk-c4e4/.conda/envs/ts310/lib/python3.10/site-packages/gym/envs/registration.py:595: UserWarning: [33mWARN: Overriding environment maze2d-medium-v0[0m
  logger.warn(f"Overriding environment {id}")
/home/jupyter-deuk-c4e4/.conda/envs/ts310/lib/python3.10/site-packages/gym/envs/registration.py:595: UserWarning: [33mWARN: Overriding environment maze2d-large-v0[0m
  logger.warn(f"Overriding environment {id}")
/home/jupyter-deuk-c4e4/.conda/envs/ts310/lib/python3.10/site-packages/gym/envs/registration.py:595: UserWarning: [33mWARN: Overriding environment maze2d-umaze-v1[0m
  logger.warn(f"Overriding environment {id}")
/home/jupyter-deuk-c4e4/.conda/envs/ts310/lib/python3.10/site-packages/gym/envs/registration.py:595: UserWarning: [33mWARN: Overriding environment maze2d-medium-v1[0m
  logger.warn(f"Overriding environment {id}")
/home/jupyter-deuk-c4e4/.conda/envs/ts310/lib/python3.10/site-packages/gym/envs/registration.py:595: UserWarning: [33mWARN: Overriding environment maze2d-large-v1[0m
  logger.warn(f"Overriding environment {id}")
/home/jupyter-deuk-c4e4/.conda/envs/ts310/lib/python3.10/site-packages/gym/envs/registration.py:595: UserWarning: [33mWARN: Overriding environment maze2d-eval-umaze-v1[0m
  logger.warn(f"Overriding environment {id}")
/home/jupyter-deuk-c4e4/.conda/envs/ts310/lib/python3.10/site-packages/gym/envs/registration.py:595: UserWarning: [33mWARN: Overriding environment maze2d-eval-medium-v1[0m
  logger.warn(f"Overriding environment {id}")
/home/jupyter-deuk-c4e4/.conda/envs/ts310/lib/python3.10/site-packages/gym/envs/registration.py:595: UserWarning: [33mWARN: Overriding environment maze2d-eval-large-v1[0m
  logger.warn(f"Overriding environment {id}")
/home/jupyter-deuk-c4e4/.conda/envs/ts310/lib/python3.10/site-packages/gym/envs/registration.py:595: UserWarning: [33mWARN: Overriding environment maze2d-open-dense-v0[0m
  logger.warn(f"Overriding environment {id}")
/home/jupyter-deuk-c4e4/.conda/envs/ts310/lib/python3.10/site-packages/gym/envs/registration.py:595: UserWarning: [33mWARN: Overriding environment maze2d-umaze-dense-v0[0m
  logger.warn(f"Overriding environment {id}")
/home/jupyter-deuk-c4e4/.conda/envs/ts310/lib/python3.10/site-packages/gym/envs/registration.py:595: UserWarning: [33mWARN: Overriding environment maze2d-medium-dense-v0[0m
  logger.warn(f"Overriding environment {id}")
/home/jupyter-deuk-c4e4/.conda/envs/ts310/lib/python3.10/site-packages/gym/envs/registration.py:595: UserWarning: [33mWARN: Overriding environment maze2d-large-dense-v0[0m
  logger.warn(f"Overriding environment {id}")
/home/jupyter-deuk-c4e4/.conda/envs/ts310/lib/python3.10/site-packages/gym/envs/registration.py:595: UserWarning: [33mWARN: Overriding environment maze2d-umaze-dense-v1[0m
  logger.warn(f"Overriding environment {id}")
/home/jupyter-deuk-c4e4/.conda/envs/ts310/lib/python3.10/site-packages/gym/envs/registration.py:595: UserWarning: [33mWARN: Overriding environment maze2d-medium-dense-v1[0m
  logger.warn(f"Overriding environment {id}")
/home/jupyter-deuk-c4e4/.conda/envs/ts310/lib/python3.10/site-packages/gym/envs/registration.py:595: UserWarning: [33mWARN: Overriding environment maze2d-large-dense-v1[0m
  logger.warn(f"Overriding environment {id}")
/home/jupyter-deuk-c4e4/.conda/envs/ts310/lib/python3.10/site-packages/gym/envs/registration.py:595: UserWarning: [33mWARN: Overriding environment maze2d-eval-umaze-dense-v1[0m
  logger.warn(f"Overriding environment {id}")
/home/jupyter-deuk-c4e4/.conda/envs/ts310/lib/python3.10/site-packages/gym/envs/registration.py:595: UserWarning: [33mWARN: Overriding environment maze2d-eval-medium-dense-v1[0m
  logger.warn(f"Overriding environment {id}")
/home/jupyter-deuk-c4e4/.conda/envs/ts310/lib/python3.10/site-packages/gym/envs/registration.py:595: UserWarning: [33mWARN: Overriding environment maze2d-eval-large-dense-v1[0m
  logger.warn(f"Overriding environment {id}")
/opt/dlami/nvme/home/jupyter-deuk-c4e4/temporal-straightening/custom_resolvers.py:4: UserWarning: 
The version_base parameter is not specified.
Please specify a compatability version level, or None.
Will assume defaults for version 1.1
  @hydra.main(config_path=None)
[2026-07-25 15:05:10,953][__main__][INFO] - Planning result saved dir: /opt/dlami/nvme/home/jupyter-deuk-c4e4/pusht-reproduction/patchproj_reproduction/plan/gd_seed_100/chunk_40
/home/jupyter-deuk-c4e4/.conda/envs/ts310/lib/python3.10/site-packages/wandb/sdk/internal/internal_api.py:30: UserWarning: pkg_resources is deprecated as an API. See https://setuptools.pypa.io/en/latest/pkg_resources.html. The pkg_resources package is slated for removal as early as 2025-11-30. Refrain from using this package or pin to Setuptools<81.
  from pkg_resources import parse_version
Using cache found in /home/jupyter-deuk-c4e4/.cache/torch/hub/facebookresearch_dinov2_81b2b6419385
Loaded 18685 rollouts
Loaded 21 rollouts
[2026-07-25 15:05:13,630][dinov2][INFO] - using MLP layer as FFN
[2026-07-25 15:05:15,376][models.dino][WARNING] - Unknown projector 'none' for patch tokens; proceeding without projector.
Resuming from epoch 2: /home/jupyter-deuk-c4e4/pusht-reproduction/patchproj_reproduction/test/pusht_False_agg32_projchannel_dim8_hw14_sgTrue_lr1e-06/checkpoints/model_2.pth
[2026-07-25 15:05:15,746][models.visual_world_model][INFO] - num_action_repeat: 1
[2026-07-25 15:05:15,747][models.visual_world_model][INFO] - num_proprio_repeat: 1
[2026-07-25 15:05:15,747][models.visual_world_model][INFO] - proprio encoder: ProprioceptiveEmbedding(
  (patch_embed): Conv1d(4, 10, kernel_size=(1,), stride=(1,))
  (norm): LayerNorm((10,), eps=1e-05, elementwise_affine=True)
)
[2026-07-25 15:05:15,747][models.visual_world_model][INFO] - action encoder: ProprioceptiveEmbedding(
  (patch_embed): Conv1d(10, 10, kernel_size=(1,), stride=(1,))
  (norm): LayerNorm((10,), eps=1e-05, elementwise_affine=True)
)
[2026-07-25 15:05:15,747][models.visual_world_model][INFO] - proprio_dim: 10, after repeat: 10
[2026-07-25 15:05:15,747][models.visual_world_model][INFO] - action_dim: 10, after repeat: 10
[2026-07-25 15:05:15,747][models.visual_world_model][INFO] - emb_dim: 28
[2026-07-25 15:05:15,747][models.visual_world_model][INFO] - Straightening disabled
[2026-07-25 15:05:15,747][models.visual_world_model][INFO] - Speed constancy disabled
[2026-07-25 15:05:15,747][models.visual_world_model][INFO] - Trajectory penalty disabled
[2026-07-25 15:05:15,747][models.visual_world_model][INFO] - Stop-grad enabled: True
[2026-07-25 15:05:15,747][models.visual_world_model][INFO] - VCReg enabled: False, apply_to=enc, std_coeff=0.0, cov_coeff=0.0
[2026-07-25 15:05:15,747][models.visual_world_model][INFO] - Model emb_dim: 28
[timing] setup_model_s=4.797
eval_seed:  [4001, 4101, 4201, 4301, 4401, 4501, 4601, 4701, 4801, 4901]
Dumped plan targets to /opt/dlami/nvme/home/jupyter-deuk-c4e4/pusht-reproduction/patchproj_reproduction/plan/gd_seed_100/chunk_40/plan_targets.pkl
[timing] setup_workspace_s=8.294

MPC iter 0 Eval ------- 
Success rate:  0.8
{'success': array([ True,  True, False,  True,  True,  True, False,  True,  True,
        True]), 'state_dist': array([ 17.636051,  49.380657, 139.39145 ,  25.659052,  25.320442,
        58.593   ,  65.606766,  28.800608,  15.794655,  29.60163 ],
      dtype=float32)}
self.is_success:  [ True  True False  True  True  True False  True  True  True]
Success rate:  0.8
{'success': array([ True,  True, False,  True,  True,  True, False,  True,  True,
        True]), 'state_dist': array([ 17.636051,  49.380657, 139.39145 ,  25.659052,  25.320442,
        58.593   ,  65.606766,  28.800608,  15.794655,  29.60163 ],
      dtype=float32)}
[timing] perform_planning_s=22.826
[timing] total_planning_main_s=35.917
===== channel_off gd seed 200 chunk 00 (n_evals=10) =====
/home/jupyter-deuk-c4e4/.conda/envs/ts310/lib/python3.10/site-packages/wandb/sdk/internal/internal_api.py:30: UserWarning: pkg_resources is deprecated as an API. See https://setuptools.pypa.io/en/latest/pkg_resources.html. The pkg_resources package is slated for removal as early as 2025-11-30. Refrain from using this package or pin to Setuptools<81.
  from pkg_resources import parse_version
/home/jupyter-deuk-c4e4/.conda/envs/ts310/lib/python3.10/site-packages/pkg_resources/__init__.py:3148: DeprecationWarning: Deprecated call to `pkg_resources.declare_namespace('mpl_toolkits')`.
Implementing implicit namespace packages (as specified in PEP 420) is preferred to `pkg_resources.declare_namespace`. See https://setuptools.pypa.io/en/latest/references/keywords.html#keyword-namespace-packages
  declare_namespace(pkg)
/home/jupyter-deuk-c4e4/.conda/envs/ts310/lib/python3.10/site-packages/pkg_resources/__init__.py:3148: DeprecationWarning: Deprecated call to `pkg_resources.declare_namespace('google')`.
Implementing implicit namespace packages (as specified in PEP 420) is preferred to `pkg_resources.declare_namespace`. See https://setuptools.pypa.io/en/latest/references/keywords.html#keyword-namespace-packages
  declare_namespace(pkg)
/home/jupyter-deuk-c4e4/.conda/envs/ts310/lib/python3.10/site-packages/Cython/Distutils/old_build_ext.py:15: DeprecationWarning: dep_util is Deprecated. Use functions from setuptools instead.
  from distutils.dep_util import newer, newer_group
<frozen importlib._bootstrap>:283: DeprecationWarning: the load_module() method is deprecated and slated for removal in Python 3.12; use exec_module() instead
Warning: Mujoco-based envs failed to import. Set the environment variable D4RL_SUPPRESS_IMPORT_ERROR=1 to suppress this message.
No module named 'mjrl'
Warning: Flow failed to import. Set the environment variable D4RL_SUPPRESS_IMPORT_ERROR=1 to suppress this message.
No module named 'flow'
Warning: CARLA failed to import. Set the environment variable D4RL_SUPPRESS_IMPORT_ERROR=1 to suppress this message.
No module named 'carla'
pybullet build time: Jan 29 2025 23:16:28
/home/jupyter-deuk-c4e4/.conda/envs/ts310/lib/python3.10/site-packages/gym/envs/registration.py:595: UserWarning: [33mWARN: Overriding environment maze2d-open-v0[0m
  logger.warn(f"Overriding environment {id}")
/home/jupyter-deuk-c4e4/.conda/envs/ts310/lib/python3.10/site-packages/gym/envs/registration.py:595: UserWarning: [33mWARN: Overriding environment maze2d-umaze-v0[0m
  logger.warn(f"Overriding environment {id}")
/home/jupyter-deuk-c4e4/.conda/envs/ts310/lib/python3.10/site-packages/gym/envs/registration.py:595: UserWarning: [33mWARN: Overriding environment maze2d-medium-v0[0m
  logger.warn(f"Overriding environment {id}")
/home/jupyter-deuk-c4e4/.conda/envs/ts310/lib/python3.10/site-packages/gym/envs/registration.py:595: UserWarning: [33mWARN: Overriding environment maze2d-large-v0[0m
  logger.warn(f"Overriding environment {id}")
/home/jupyter-deuk-c4e4/.conda/envs/ts310/lib/python3.10/site-packages/gym/envs/registration.py:595: UserWarning: [33mWARN: Overriding environment maze2d-umaze-v1[0m
  logger.warn(f"Overriding environment {id}")
/home/jupyter-deuk-c4e4/.conda/envs/ts310/lib/python3.10/site-packages/gym/envs/registration.py:595: UserWarning: [33mWARN: Overriding environment maze2d-medium-v1[0m
  logger.warn(f"Overriding environment {id}")
/home/jupyter-deuk-c4e4/.conda/envs/ts310/lib/python3.10/site-packages/gym/envs/registration.py:595: UserWarning: [33mWARN: Overriding environment maze2d-large-v1[0m
  logger.warn(f"Overriding environment {id}")
/home/jupyter-deuk-c4e4/.conda/envs/ts310/lib/python3.10/site-packages/gym/envs/registration.py:595: UserWarning: [33mWARN: Overriding environment maze2d-eval-umaze-v1[0m
  logger.warn(f"Overriding environment {id}")
/home/jupyter-deuk-c4e4/.conda/envs/ts310/lib/python3.10/site-packages/gym/envs/registration.py:595: UserWarning: [33mWARN: Overriding environment maze2d-eval-medium-v1[0m
  logger.warn(f"Overriding environment {id}")
/home/jupyter-deuk-c4e4/.conda/envs/ts310/lib/python3.10/site-packages/gym/envs/registration.py:595: UserWarning: [33mWARN: Overriding environment maze2d-eval-large-v1[0m
  logger.warn(f"Overriding environment {id}")
/home/jupyter-deuk-c4e4/.conda/envs/ts310/lib/python3.10/site-packages/gym/envs/registration.py:595: UserWarning: [33mWARN: Overriding environment maze2d-open-dense-v0[0m
  logger.warn(f"Overriding environment {id}")
/home/jupyter-deuk-c4e4/.conda/envs/ts310/lib/python3.10/site-packages/gym/envs/registration.py:595: UserWarning: [33mWARN: Overriding environment maze2d-umaze-dense-v0[0m
  logger.warn(f"Overriding environment {id}")
/home/jupyter-deuk-c4e4/.conda/envs/ts310/lib/python3.10/site-packages/gym/envs/registration.py:595: UserWarning: [33mWARN: Overriding environment maze2d-medium-dense-v0[0m
  logger.warn(f"Overriding environment {id}")
/home/jupyter-deuk-c4e4/.conda/envs/ts310/lib/python3.10/site-packages/gym/envs/registration.py:595: UserWarning: [33mWARN: Overriding environment maze2d-large-dense-v0[0m
  logger.warn(f"Overriding environment {id}")
/home/jupyter-deuk-c4e4/.conda/envs/ts310/lib/python3.10/site-packages/gym/envs/registration.py:595: UserWarning: [33mWARN: Overriding environment maze2d-umaze-dense-v1[0m
  logger.warn(f"Overriding environment {id}")
/home/jupyter-deuk-c4e4/.conda/envs/ts310/lib/python3.10/site-packages/gym/envs/registration.py:595: UserWarning: [33mWARN: Overriding environment maze2d-medium-dense-v1[0m
  logger.warn(f"Overriding environment {id}")
/home/jupyter-deuk-c4e4/.conda/envs/ts310/lib/python3.10/site-packages/gym/envs/registration.py:595: UserWarning: [33mWARN: Overriding environment maze2d-large-dense-v1[0m
  logger.warn(f"Overriding environment {id}")
/home/jupyter-deuk-c4e4/.conda/envs/ts310/lib/python3.10/site-packages/gym/envs/registration.py:595: UserWarning: [33mWARN: Overriding environment maze2d-eval-umaze-dense-v1[0m
  logger.warn(f"Overriding environment {id}")
/home/jupyter-deuk-c4e4/.conda/envs/ts310/lib/python3.10/site-packages/gym/envs/registration.py:595: UserWarning: [33mWARN: Overriding environment maze2d-eval-medium-dense-v1[0m
  logger.warn(f"Overriding environment {id}")
/home/jupyter-deuk-c4e4/.conda/envs/ts310/lib/python3.10/site-packages/gym/envs/registration.py:595: UserWarning: [33mWARN: Overriding environment maze2d-eval-large-dense-v1[0m
  logger.warn(f"Overriding environment {id}")
/opt/dlami/nvme/home/jupyter-deuk-c4e4/temporal-straightening/custom_resolvers.py:4: UserWarning: 
The version_base parameter is not specified.
Please specify a compatability version level, or None.
Will assume defaults for version 1.1
  @hydra.main(config_path=None)
[2026-07-25 15:05:52,682][__main__][INFO] - Planning result saved dir: /opt/dlami/nvme/home/jupyter-deuk-c4e4/pusht-reproduction/patchproj_reproduction/plan/gd_seed_200/chunk_00
/home/jupyter-deuk-c4e4/.conda/envs/ts310/lib/python3.10/site-packages/wandb/sdk/internal/internal_api.py:30: UserWarning: pkg_resources is deprecated as an API. See https://setuptools.pypa.io/en/latest/pkg_resources.html. The pkg_resources package is slated for removal as early as 2025-11-30. Refrain from using this package or pin to Setuptools<81.
  from pkg_resources import parse_version
Using cache found in /home/jupyter-deuk-c4e4/.cache/torch/hub/facebookresearch_dinov2_81b2b6419385
Loaded 18685 rollouts
Loaded 21 rollouts
[2026-07-25 15:05:55,301][dinov2][INFO] - using MLP layer as FFN
[2026-07-25 15:05:55,795][models.dino][WARNING] - Unknown projector 'none' for patch tokens; proceeding without projector.
Resuming from epoch 2: /home/jupyter-deuk-c4e4/pusht-reproduction/patchproj_reproduction/test/pusht_False_agg32_projchannel_dim8_hw14_sgTrue_lr1e-06/checkpoints/model_2.pth
[2026-07-25 15:05:56,135][models.visual_world_model][INFO] - num_action_repeat: 1
[2026-07-25 15:05:56,135][models.visual_world_model][INFO] - num_proprio_repeat: 1
[2026-07-25 15:05:56,135][models.visual_world_model][INFO] - proprio encoder: ProprioceptiveEmbedding(
  (patch_embed): Conv1d(4, 10, kernel_size=(1,), stride=(1,))
  (norm): LayerNorm((10,), eps=1e-05, elementwise_affine=True)
)
[2026-07-25 15:05:56,135][models.visual_world_model][INFO] - action encoder: ProprioceptiveEmbedding(
  (patch_embed): Conv1d(10, 10, kernel_size=(1,), stride=(1,))
  (norm): LayerNorm((10,), eps=1e-05, elementwise_affine=True)
)
[2026-07-25 15:05:56,135][models.visual_world_model][INFO] - proprio_dim: 10, after repeat: 10
[2026-07-25 15:05:56,135][models.visual_world_model][INFO] - action_dim: 10, after repeat: 10
[2026-07-25 15:05:56,135][models.visual_world_model][INFO] - emb_dim: 28
[2026-07-25 15:05:56,135][models.visual_world_model][INFO] - Straightening disabled
[2026-07-25 15:05:56,135][models.visual_world_model][INFO] - Speed constancy disabled
[2026-07-25 15:05:56,135][models.visual_world_model][INFO] - Trajectory penalty disabled
[2026-07-25 15:05:56,136][models.visual_world_model][INFO] - Stop-grad enabled: True
[2026-07-25 15:05:56,136][models.visual_world_model][INFO] - VCReg enabled: False, apply_to=enc, std_coeff=0.0, cov_coeff=0.0
[2026-07-25 15:05:56,136][models.visual_world_model][INFO] - Model emb_dim: 28
[timing] setup_model_s=3.457
eval_seed:  [1, 201, 401, 601, 801, 1001, 1201, 1401, 1601, 1801]
Dumped plan targets to /opt/dlami/nvme/home/jupyter-deuk-c4e4/pusht-reproduction/patchproj_reproduction/plan/gd_seed_200/chunk_00/plan_targets.pkl
[timing] setup_workspace_s=5.797

MPC iter 0 Eval ------- 
Success rate:  0.9
{'success': array([ True, False,  True,  True,  True,  True,  True,  True,  True,
        True]), 'state_dist': array([146.2738  ,  25.904144,  24.592001,  22.914944,  21.301903,
        19.230059,  33.181484,  19.015034,  65.70323 ,  20.676884],
      dtype=float32)}
self.is_success:  [ True False  True  True  True  True  True  True  True  True]
Success rate:  0.9
{'success': array([ True, False,  True,  True,  True,  True,  True,  True,  True,
        True]), 'state_dist': array([146.2738  ,  25.904144,  24.592001,  22.914944,  21.301903,
        19.230059,  33.181484,  19.015034,  65.70323 ,  20.676884],
      dtype=float32)}
[timing] perform_planning_s=23.041
[timing] total_planning_main_s=32.294
===== channel_off gd seed 200 chunk 10 (n_evals=10) =====
/home/jupyter-deuk-c4e4/.conda/envs/ts310/lib/python3.10/site-packages/wandb/sdk/internal/internal_api.py:30: UserWarning: pkg_resources is deprecated as an API. See https://setuptools.pypa.io/en/latest/pkg_resources.html. The pkg_resources package is slated for removal as early as 2025-11-30. Refrain from using this package or pin to Setuptools<81.
  from pkg_resources import parse_version
/home/jupyter-deuk-c4e4/.conda/envs/ts310/lib/python3.10/site-packages/pkg_resources/__init__.py:3148: DeprecationWarning: Deprecated call to `pkg_resources.declare_namespace('mpl_toolkits')`.
Implementing implicit namespace packages (as specified in PEP 420) is preferred to `pkg_resources.declare_namespace`. See https://setuptools.pypa.io/en/latest/references/keywords.html#keyword-namespace-packages
  declare_namespace(pkg)
/home/jupyter-deuk-c4e4/.conda/envs/ts310/lib/python3.10/site-packages/pkg_resources/__init__.py:3148: DeprecationWarning: Deprecated call to `pkg_resources.declare_namespace('google')`.
Implementing implicit namespace packages (as specified in PEP 420) is preferred to `pkg_resources.declare_namespace`. See https://setuptools.pypa.io/en/latest/references/keywords.html#keyword-namespace-packages
  declare_namespace(pkg)
/home/jupyter-deuk-c4e4/.conda/envs/ts310/lib/python3.10/site-packages/Cython/Distutils/old_build_ext.py:15: DeprecationWarning: dep_util is Deprecated. Use functions from setuptools instead.
  from distutils.dep_util import newer, newer_group
<frozen importlib._bootstrap>:283: DeprecationWarning: the load_module() method is deprecated and slated for removal in Python 3.12; use exec_module() instead
Warning: Mujoco-based envs failed to import. Set the environment variable D4RL_SUPPRESS_IMPORT_ERROR=1 to suppress this message.
No module named 'mjrl'
Warning: Flow failed to import. Set the environment variable D4RL_SUPPRESS_IMPORT_ERROR=1 to suppress this message.
No module named 'flow'
Warning: CARLA failed to import. Set the environment variable D4RL_SUPPRESS_IMPORT_ERROR=1 to suppress this message.
No module named 'carla'
pybullet build time: Jan 29 2025 23:16:28
/home/jupyter-deuk-c4e4/.conda/envs/ts310/lib/python3.10/site-packages/gym/envs/registration.py:595: UserWarning: [33mWARN: Overriding environment maze2d-open-v0[0m
  logger.warn(f"Overriding environment {id}")
/home/jupyter-deuk-c4e4/.conda/envs/ts310/lib/python3.10/site-packages/gym/envs/registration.py:595: UserWarning: [33mWARN: Overriding environment maze2d-umaze-v0[0m
  logger.warn(f"Overriding environment {id}")
/home/jupyter-deuk-c4e4/.conda/envs/ts310/lib/python3.10/site-packages/gym/envs/registration.py:595: UserWarning: [33mWARN: Overriding environment maze2d-medium-v0[0m
  logger.warn(f"Overriding environment {id}")
/home/jupyter-deuk-c4e4/.conda/envs/ts310/lib/python3.10/site-packages/gym/envs/registration.py:595: UserWarning: [33mWARN: Overriding environment maze2d-large-v0[0m
  logger.warn(f"Overriding environment {id}")
/home/jupyter-deuk-c4e4/.conda/envs/ts310/lib/python3.10/site-packages/gym/envs/registration.py:595: UserWarning: [33mWARN: Overriding environment maze2d-umaze-v1[0m
  logger.warn(f"Overriding environment {id}")
/home/jupyter-deuk-c4e4/.conda/envs/ts310/lib/python3.10/site-packages/gym/envs/registration.py:595: UserWarning: [33mWARN: Overriding environment maze2d-medium-v1[0m
  logger.warn(f"Overriding environment {id}")
/home/jupyter-deuk-c4e4/.conda/envs/ts310/lib/python3.10/site-packages/gym/envs/registration.py:595: UserWarning: [33mWARN: Overriding environment maze2d-large-v1[0m
  logger.warn(f"Overriding environment {id}")
/home/jupyter-deuk-c4e4/.conda/envs/ts310/lib/python3.10/site-packages/gym/envs/registration.py:595: UserWarning: [33mWARN: Overriding environment maze2d-eval-umaze-v1[0m
  logger.warn(f"Overriding environment {id}")
/home/jupyter-deuk-c4e4/.conda/envs/ts310/lib/python3.10/site-packages/gym/envs/registration.py:595: UserWarning: [33mWARN: Overriding environment maze2d-eval-medium-v1[0m
  logger.warn(f"Overriding environment {id}")
/home/jupyter-deuk-c4e4/.conda/envs/ts310/lib/python3.10/site-packages/gym/envs/registration.py:595: UserWarning: [33mWARN: Overriding environment maze2d-eval-large-v1[0m
  logger.warn(f"Overriding environment {id}")
/home/jupyter-deuk-c4e4/.conda/envs/ts310/lib/python3.10/site-packages/gym/envs/registration.py:595: UserWarning: [33mWARN: Overriding environment maze2d-open-dense-v0[0m
  logger.warn(f"Overriding environment {id}")
/home/jupyter-deuk-c4e4/.conda/envs/ts310/lib/python3.10/site-packages/gym/envs/registration.py:595: UserWarning: [33mWARN: Overriding environment maze2d-umaze-dense-v0[0m
  logger.warn(f"Overriding environment {id}")
/home/jupyter-deuk-c4e4/.conda/envs/ts310/lib/python3.10/site-packages/gym/envs/registration.py:595: UserWarning: [33mWARN: Overriding environment maze2d-medium-dense-v0[0m
  logger.warn(f"Overriding environment {id}")
/home/jupyter-deuk-c4e4/.conda/envs/ts310/lib/python3.10/site-packages/gym/envs/registration.py:595: UserWarning: [33mWARN: Overriding environment maze2d-large-dense-v0[0m
  logger.warn(f"Overriding environment {id}")
/home/jupyter-deuk-c4e4/.conda/envs/ts310/lib/python3.10/site-packages/gym/envs/registration.py:595: UserWarning: [33mWARN: Overriding environment maze2d-umaze-dense-v1[0m
  logger.warn(f"Overriding environment {id}")
/home/jupyter-deuk-c4e4/.conda/envs/ts310/lib/python3.10/site-packages/gym/envs/registration.py:595: UserWarning: [33mWARN: Overriding environment maze2d-medium-dense-v1[0m
  logger.warn(f"Overriding environment {id}")
/home/jupyter-deuk-c4e4/.conda/envs/ts310/lib/python3.10/site-packages/gym/envs/registration.py:595: UserWarning: [33mWARN: Overriding environment maze2d-large-dense-v1[0m
  logger.warn(f"Overriding environment {id}")
/home/jupyter-deuk-c4e4/.conda/envs/ts310/lib/python3.10/site-packages/gym/envs/registration.py:595: UserWarning: [33mWARN: Overriding environment maze2d-eval-umaze-dense-v1[0m
  logger.warn(f"Overriding environment {id}")
/home/jupyter-deuk-c4e4/.conda/envs/ts310/lib/python3.10/site-packages/gym/envs/registration.py:595: UserWarning: [33mWARN: Overriding environment maze2d-eval-medium-dense-v1[0m
  logger.warn(f"Overriding environment {id}")
/home/jupyter-deuk-c4e4/.conda/envs/ts310/lib/python3.10/site-packages/gym/envs/registration.py:595: UserWarning: [33mWARN: Overriding environment maze2d-eval-large-dense-v1[0m
  logger.warn(f"Overriding environment {id}")
/opt/dlami/nvme/home/jupyter-deuk-c4e4/temporal-straightening/custom_resolvers.py:4: UserWarning: 
The version_base parameter is not specified.
Please specify a compatability version level, or None.
Will assume defaults for version 1.1
  @hydra.main(config_path=None)
[2026-07-25 15:06:30,584][__main__][INFO] - Planning result saved dir: /opt/dlami/nvme/home/jupyter-deuk-c4e4/pusht-reproduction/patchproj_reproduction/plan/gd_seed_200/chunk_10
/home/jupyter-deuk-c4e4/.conda/envs/ts310/lib/python3.10/site-packages/wandb/sdk/internal/internal_api.py:30: UserWarning: pkg_resources is deprecated as an API. See https://setuptools.pypa.io/en/latest/pkg_resources.html. The pkg_resources package is slated for removal as early as 2025-11-30. Refrain from using this package or pin to Setuptools<81.
  from pkg_resources import parse_version
Using cache found in /home/jupyter-deuk-c4e4/.cache/torch/hub/facebookresearch_dinov2_81b2b6419385
Loaded 18685 rollouts
Loaded 21 rollouts
[2026-07-25 15:06:33,129][dinov2][INFO] - using MLP layer as FFN
[2026-07-25 15:06:33,555][models.dino][WARNING] - Unknown projector 'none' for patch tokens; proceeding without projector.
Resuming from epoch 2: /home/jupyter-deuk-c4e4/pusht-reproduction/patchproj_reproduction/test/pusht_False_agg32_projchannel_dim8_hw14_sgTrue_lr1e-06/checkpoints/model_2.pth
[2026-07-25 15:06:33,919][models.visual_world_model][INFO] - num_action_repeat: 1
[2026-07-25 15:06:33,919][models.visual_world_model][INFO] - num_proprio_repeat: 1
[2026-07-25 15:06:33,919][models.visual_world_model][INFO] - proprio encoder: ProprioceptiveEmbedding(
  (patch_embed): Conv1d(4, 10, kernel_size=(1,), stride=(1,))
  (norm): LayerNorm((10,), eps=1e-05, elementwise_affine=True)
)
[2026-07-25 15:06:33,919][models.visual_world_model][INFO] - action encoder: ProprioceptiveEmbedding(
  (patch_embed): Conv1d(10, 10, kernel_size=(1,), stride=(1,))
  (norm): LayerNorm((10,), eps=1e-05, elementwise_affine=True)
)
[2026-07-25 15:06:33,919][models.visual_world_model][INFO] - proprio_dim: 10, after repeat: 10
[2026-07-25 15:06:33,919][models.visual_world_model][INFO] - action_dim: 10, after repeat: 10
[2026-07-25 15:06:33,919][models.visual_world_model][INFO] - emb_dim: 28
[2026-07-25 15:06:33,920][models.visual_world_model][INFO] - Straightening disabled
[2026-07-25 15:06:33,920][models.visual_world_model][INFO] - Speed constancy disabled
[2026-07-25 15:06:33,920][models.visual_world_model][INFO] - Trajectory penalty disabled
[2026-07-25 15:06:33,920][models.visual_world_model][INFO] - Stop-grad enabled: True
[2026-07-25 15:06:33,920][models.visual_world_model][INFO] - VCReg enabled: False, apply_to=enc, std_coeff=0.0, cov_coeff=0.0
[2026-07-25 15:06:33,920][models.visual_world_model][INFO] - Model emb_dim: 28
[timing] setup_model_s=3.340
eval_seed:  [2001, 2201, 2401, 2601, 2801, 3001, 3201, 3401, 3601, 3801]
Dumped plan targets to /opt/dlami/nvme/home/jupyter-deuk-c4e4/pusht-reproduction/patchproj_reproduction/plan/gd_seed_200/chunk_10/plan_targets.pkl
[timing] setup_workspace_s=5.961

MPC iter 0 Eval ------- 
Success rate:  0.8
{'success': array([False,  True, False,  True,  True,  True,  True,  True,  True,
        True]), 'state_dist': array([184.19714 ,  67.138954, 195.97531 ,  10.831615,   8.416932,
        46.862453,  32.42044 ,  35.992622,  17.824924,  31.751421],
      dtype=float32)}
self.is_success:  [False  True False  True  True  True  True  True  True  True]
Success rate:  0.8
{'success': array([False,  True, False,  True,  True,  True,  True,  True,  True,
        True]), 'state_dist': array([184.19714 ,  67.138954, 195.97531 ,  10.831615,   8.416932,
        46.862453,  32.42044 ,  35.992622,  17.824924,  31.751421],
      dtype=float32)}
[timing] perform_planning_s=23.219
[timing] total_planning_main_s=32.519
===== channel_off gd seed 200 chunk 20 (n_evals=10) =====
/home/jupyter-deuk-c4e4/.conda/envs/ts310/lib/python3.10/site-packages/wandb/sdk/internal/internal_api.py:30: UserWarning: pkg_resources is deprecated as an API. See https://setuptools.pypa.io/en/latest/pkg_resources.html. The pkg_resources package is slated for removal as early as 2025-11-30. Refrain from using this package or pin to Setuptools<81.
  from pkg_resources import parse_version
/home/jupyter-deuk-c4e4/.conda/envs/ts310/lib/python3.10/site-packages/pkg_resources/__init__.py:3148: DeprecationWarning: Deprecated call to `pkg_resources.declare_namespace('mpl_toolkits')`.
Implementing implicit namespace packages (as specified in PEP 420) is preferred to `pkg_resources.declare_namespace`. See https://setuptools.pypa.io/en/latest/references/keywords.html#keyword-namespace-packages
  declare_namespace(pkg)
/home/jupyter-deuk-c4e4/.conda/envs/ts310/lib/python3.10/site-packages/pkg_resources/__init__.py:3148: DeprecationWarning: Deprecated call to `pkg_resources.declare_namespace('google')`.
Implementing implicit namespace packages (as specified in PEP 420) is preferred to `pkg_resources.declare_namespace`. See https://setuptools.pypa.io/en/latest/references/keywords.html#keyword-namespace-packages
  declare_namespace(pkg)
/home/jupyter-deuk-c4e4/.conda/envs/ts310/lib/python3.10/site-packages/Cython/Distutils/old_build_ext.py:15: DeprecationWarning: dep_util is Deprecated. Use functions from setuptools instead.
  from distutils.dep_util import newer, newer_group
<frozen importlib._bootstrap>:283: DeprecationWarning: the load_module() method is deprecated and slated for removal in Python 3.12; use exec_module() instead
Warning: Mujoco-based envs failed to import. Set the environment variable D4RL_SUPPRESS_IMPORT_ERROR=1 to suppress this message.
No module named 'mjrl'
Warning: Flow failed to import. Set the environment variable D4RL_SUPPRESS_IMPORT_ERROR=1 to suppress this message.
No module named 'flow'
Warning: CARLA failed to import. Set the environment variable D4RL_SUPPRESS_IMPORT_ERROR=1 to suppress this message.
No module named 'carla'
pybullet build time: Jan 29 2025 23:16:28
/home/jupyter-deuk-c4e4/.conda/envs/ts310/lib/python3.10/site-packages/gym/envs/registration.py:595: UserWarning: [33mWARN: Overriding environment maze2d-open-v0[0m
  logger.warn(f"Overriding environment {id}")
/home/jupyter-deuk-c4e4/.conda/envs/ts310/lib/python3.10/site-packages/gym/envs/registration.py:595: UserWarning: [33mWARN: Overriding environment maze2d-umaze-v0[0m
  logger.warn(f"Overriding environment {id}")
/home/jupyter-deuk-c4e4/.conda/envs/ts310/lib/python3.10/site-packages/gym/envs/registration.py:595: UserWarning: [33mWARN: Overriding environment maze2d-medium-v0[0m
  logger.warn(f"Overriding environment {id}")
/home/jupyter-deuk-c4e4/.conda/envs/ts310/lib/python3.10/site-packages/gym/envs/registration.py:595: UserWarning: [33mWARN: Overriding environment maze2d-large-v0[0m
  logger.warn(f"Overriding environment {id}")
/home/jupyter-deuk-c4e4/.conda/envs/ts310/lib/python3.10/site-packages/gym/envs/registration.py:595: UserWarning: [33mWARN: Overriding environment maze2d-umaze-v1[0m
  logger.warn(f"Overriding environment {id}")
/home/jupyter-deuk-c4e4/.conda/envs/ts310/lib/python3.10/site-packages/gym/envs/registration.py:595: UserWarning: [33mWARN: Overriding environment maze2d-medium-v1[0m
  logger.warn(f"Overriding environment {id}")
/home/jupyter-deuk-c4e4/.conda/envs/ts310/lib/python3.10/site-packages/gym/envs/registration.py:595: UserWarning: [33mWARN: Overriding environment maze2d-large-v1[0m
  logger.warn(f"Overriding environment {id}")
/home/jupyter-deuk-c4e4/.conda/envs/ts310/lib/python3.10/site-packages/gym/envs/registration.py:595: UserWarning: [33mWARN: Overriding environment maze2d-eval-umaze-v1[0m
  logger.warn(f"Overriding environment {id}")
/home/jupyter-deuk-c4e4/.conda/envs/ts310/lib/python3.10/site-packages/gym/envs/registration.py:595: UserWarning: [33mWARN: Overriding environment maze2d-eval-medium-v1[0m
  logger.warn(f"Overriding environment {id}")
/home/jupyter-deuk-c4e4/.conda/envs/ts310/lib/python3.10/site-packages/gym/envs/registration.py:595: UserWarning: [33mWARN: Overriding environment maze2d-eval-large-v1[0m
  logger.warn(f"Overriding environment {id}")
/home/jupyter-deuk-c4e4/.conda/envs/ts310/lib/python3.10/site-packages/gym/envs/registration.py:595: UserWarning: [33mWARN: Overriding environment maze2d-open-dense-v0[0m
  logger.warn(f"Overriding environment {id}")
/home/jupyter-deuk-c4e4/.conda/envs/ts310/lib/python3.10/site-packages/gym/envs/registration.py:595: UserWarning: [33mWARN: Overriding environment maze2d-umaze-dense-v0[0m
  logger.warn(f"Overriding environment {id}")
/home/jupyter-deuk-c4e4/.conda/envs/ts310/lib/python3.10/site-packages/gym/envs/registration.py:595: UserWarning: [33mWARN: Overriding environment maze2d-medium-dense-v0[0m
  logger.warn(f"Overriding environment {id}")
/home/jupyter-deuk-c4e4/.conda/envs/ts310/lib/python3.10/site-packages/gym/envs/registration.py:595: UserWarning: [33mWARN: Overriding environment maze2d-large-dense-v0[0m
  logger.warn(f"Overriding environment {id}")
/home/jupyter-deuk-c4e4/.conda/envs/ts310/lib/python3.10/site-packages/gym/envs/registration.py:595: UserWarning: [33mWARN: Overriding environment maze2d-umaze-dense-v1[0m
  logger.warn(f"Overriding environment {id}")
/home/jupyter-deuk-c4e4/.conda/envs/ts310/lib/python3.10/site-packages/gym/envs/registration.py:595: UserWarning: [33mWARN: Overriding environment maze2d-medium-dense-v1[0m
  logger.warn(f"Overriding environment {id}")
/home/jupyter-deuk-c4e4/.conda/envs/ts310/lib/python3.10/site-packages/gym/envs/registration.py:595: UserWarning: [33mWARN: Overriding environment maze2d-large-dense-v1[0m
  logger.warn(f"Overriding environment {id}")
/home/jupyter-deuk-c4e4/.conda/envs/ts310/lib/python3.10/site-packages/gym/envs/registration.py:595: UserWarning: [33mWARN: Overriding environment maze2d-eval-umaze-dense-v1[0m
  logger.warn(f"Overriding environment {id}")
/home/jupyter-deuk-c4e4/.conda/envs/ts310/lib/python3.10/site-packages/gym/envs/registration.py:595: UserWarning: [33mWARN: Overriding environment maze2d-eval-medium-dense-v1[0m
  logger.warn(f"Overriding environment {id}")
/home/jupyter-deuk-c4e4/.conda/envs/ts310/lib/python3.10/site-packages/gym/envs/registration.py:595: UserWarning: [33mWARN: Overriding environment maze2d-eval-large-dense-v1[0m
  logger.warn(f"Overriding environment {id}")
/opt/dlami/nvme/home/jupyter-deuk-c4e4/temporal-straightening/custom_resolvers.py:4: UserWarning: 
The version_base parameter is not specified.
Please specify a compatability version level, or None.
Will assume defaults for version 1.1
  @hydra.main(config_path=None)
[2026-07-25 15:07:09,125][__main__][INFO] - Planning result saved dir: /opt/dlami/nvme/home/jupyter-deuk-c4e4/pusht-reproduction/patchproj_reproduction/plan/gd_seed_200/chunk_20
/home/jupyter-deuk-c4e4/.conda/envs/ts310/lib/python3.10/site-packages/wandb/sdk/internal/internal_api.py:30: UserWarning: pkg_resources is deprecated as an API. See https://setuptools.pypa.io/en/latest/pkg_resources.html. The pkg_resources package is slated for removal as early as 2025-11-30. Refrain from using this package or pin to Setuptools<81.
  from pkg_resources import parse_version
Using cache found in /home/jupyter-deuk-c4e4/.cache/torch/hub/facebookresearch_dinov2_81b2b6419385
Loaded 18685 rollouts
Loaded 21 rollouts
[2026-07-25 15:07:11,596][dinov2][INFO] - using MLP layer as FFN
[2026-07-25 15:07:11,997][models.dino][WARNING] - Unknown projector 'none' for patch tokens; proceeding without projector.
Resuming from epoch 2: /home/jupyter-deuk-c4e4/pusht-reproduction/patchproj_reproduction/test/pusht_False_agg32_projchannel_dim8_hw14_sgTrue_lr1e-06/checkpoints/model_2.pth
[2026-07-25 15:07:12,337][models.visual_world_model][INFO] - num_action_repeat: 1
[2026-07-25 15:07:12,337][models.visual_world_model][INFO] - num_proprio_repeat: 1
[2026-07-25 15:07:12,338][models.visual_world_model][INFO] - proprio encoder: ProprioceptiveEmbedding(
  (patch_embed): Conv1d(4, 10, kernel_size=(1,), stride=(1,))
  (norm): LayerNorm((10,), eps=1e-05, elementwise_affine=True)
)
[2026-07-25 15:07:12,338][models.visual_world_model][INFO] - action encoder: ProprioceptiveEmbedding(
  (patch_embed): Conv1d(10, 10, kernel_size=(1,), stride=(1,))
  (norm): LayerNorm((10,), eps=1e-05, elementwise_affine=True)
)
[2026-07-25 15:07:12,338][models.visual_world_model][INFO] - proprio_dim: 10, after repeat: 10
[2026-07-25 15:07:12,338][models.visual_world_model][INFO] - action_dim: 10, after repeat: 10
[2026-07-25 15:07:12,338][models.visual_world_model][INFO] - emb_dim: 28
[2026-07-25 15:07:12,338][models.visual_world_model][INFO] - Straightening disabled
[2026-07-25 15:07:12,338][models.visual_world_model][INFO] - Speed constancy disabled
[2026-07-25 15:07:12,338][models.visual_world_model][INFO] - Trajectory penalty disabled
[2026-07-25 15:07:12,338][models.visual_world_model][INFO] - Stop-grad enabled: True
[2026-07-25 15:07:12,338][models.visual_world_model][INFO] - VCReg enabled: False, apply_to=enc, std_coeff=0.0, cov_coeff=0.0
[2026-07-25 15:07:12,338][models.visual_world_model][INFO] - Model emb_dim: 28
[timing] setup_model_s=3.215
eval_seed:  [4001, 4201, 4401, 4601, 4801, 5001, 5201, 5401, 5601, 5801]
Dumped plan targets to /opt/dlami/nvme/home/jupyter-deuk-c4e4/pusht-reproduction/patchproj_reproduction/plan/gd_seed_200/chunk_20/plan_targets.pkl
[timing] setup_workspace_s=6.730

MPC iter 0 Eval ------- 
Success rate:  0.9
{'success': array([ True,  True,  True,  True,  True,  True,  True,  True, False,
        True]), 'state_dist': array([13.86399 ,  9.42224 , 14.296353, 46.3559  , 38.81517 , 14.263559,
       21.11625 , 25.659052, 64.85063 , 10.17013 ], dtype=float32)}
self.is_success:  [ True  True  True  True  True  True  True  True False  True]
Success rate:  0.9
{'success': array([ True,  True,  True,  True,  True,  True,  True,  True, False,
        True]), 'state_dist': array([13.86399 ,  9.42224 , 14.296353, 46.3559  , 38.81517 , 14.263559,
       21.11625 , 25.659052, 64.85063 , 10.17013 ], dtype=float32)}
[timing] perform_planning_s=23.089
[timing] total_planning_main_s=33.034
===== channel_off gd seed 200 chunk 30 (n_evals=10) =====
/home/jupyter-deuk-c4e4/.conda/envs/ts310/lib/python3.10/site-packages/wandb/sdk/internal/internal_api.py:30: UserWarning: pkg_resources is deprecated as an API. See https://setuptools.pypa.io/en/latest/pkg_resources.html. The pkg_resources package is slated for removal as early as 2025-11-30. Refrain from using this package or pin to Setuptools<81.
  from pkg_resources import parse_version
/home/jupyter-deuk-c4e4/.conda/envs/ts310/lib/python3.10/site-packages/pkg_resources/__init__.py:3148: DeprecationWarning: Deprecated call to `pkg_resources.declare_namespace('mpl_toolkits')`.
Implementing implicit namespace packages (as specified in PEP 420) is preferred to `pkg_resources.declare_namespace`. See https://setuptools.pypa.io/en/latest/references/keywords.html#keyword-namespace-packages
  declare_namespace(pkg)
/home/jupyter-deuk-c4e4/.conda/envs/ts310/lib/python3.10/site-packages/pkg_resources/__init__.py:3148: DeprecationWarning: Deprecated call to `pkg_resources.declare_namespace('google')`.
Implementing implicit namespace packages (as specified in PEP 420) is preferred to `pkg_resources.declare_namespace`. See https://setuptools.pypa.io/en/latest/references/keywords.html#keyword-namespace-packages
  declare_namespace(pkg)
/home/jupyter-deuk-c4e4/.conda/envs/ts310/lib/python3.10/site-packages/Cython/Distutils/old_build_ext.py:15: DeprecationWarning: dep_util is Deprecated. Use functions from setuptools instead.
  from distutils.dep_util import newer, newer_group
<frozen importlib._bootstrap>:283: DeprecationWarning: the load_module() method is deprecated and slated for removal in Python 3.12; use exec_module() instead
Warning: Mujoco-based envs failed to import. Set the environment variable D4RL_SUPPRESS_IMPORT_ERROR=1 to suppress this message.
No module named 'mjrl'
Warning: Flow failed to import. Set the environment variable D4RL_SUPPRESS_IMPORT_ERROR=1 to suppress this message.
No module named 'flow'
Warning: CARLA failed to import. Set the environment variable D4RL_SUPPRESS_IMPORT_ERROR=1 to suppress this message.
No module named 'carla'
pybullet build time: Jan 29 2025 23:16:28
/home/jupyter-deuk-c4e4/.conda/envs/ts310/lib/python3.10/site-packages/gym/envs/registration.py:595: UserWarning: [33mWARN: Overriding environment maze2d-open-v0[0m
  logger.warn(f"Overriding environment {id}")
/home/jupyter-deuk-c4e4/.conda/envs/ts310/lib/python3.10/site-packages/gym/envs/registration.py:595: UserWarning: [33mWARN: Overriding environment maze2d-umaze-v0[0m
  logger.warn(f"Overriding environment {id}")
/home/jupyter-deuk-c4e4/.conda/envs/ts310/lib/python3.10/site-packages/gym/envs/registration.py:595: UserWarning: [33mWARN: Overriding environment maze2d-medium-v0[0m
  logger.warn(f"Overriding environment {id}")
/home/jupyter-deuk-c4e4/.conda/envs/ts310/lib/python3.10/site-packages/gym/envs/registration.py:595: UserWarning: [33mWARN: Overriding environment maze2d-large-v0[0m
  logger.warn(f"Overriding environment {id}")
/home/jupyter-deuk-c4e4/.conda/envs/ts310/lib/python3.10/site-packages/gym/envs/registration.py:595: UserWarning: [33mWARN: Overriding environment maze2d-umaze-v1[0m
  logger.warn(f"Overriding environment {id}")
/home/jupyter-deuk-c4e4/.conda/envs/ts310/lib/python3.10/site-packages/gym/envs/registration.py:595: UserWarning: [33mWARN: Overriding environment maze2d-medium-v1[0m
  logger.warn(f"Overriding environment {id}")
/home/jupyter-deuk-c4e4/.conda/envs/ts310/lib/python3.10/site-packages/gym/envs/registration.py:595: UserWarning: [33mWARN: Overriding environment maze2d-large-v1[0m
  logger.warn(f"Overriding environment {id}")
/home/jupyter-deuk-c4e4/.conda/envs/ts310/lib/python3.10/site-packages/gym/envs/registration.py:595: UserWarning: [33mWARN: Overriding environment maze2d-eval-umaze-v1[0m
  logger.warn(f"Overriding environment {id}")
/home/jupyter-deuk-c4e4/.conda/envs/ts310/lib/python3.10/site-packages/gym/envs/registration.py:595: UserWarning: [33mWARN: Overriding environment maze2d-eval-medium-v1[0m
  logger.warn(f"Overriding environment {id}")
/home/jupyter-deuk-c4e4/.conda/envs/ts310/lib/python3.10/site-packages/gym/envs/registration.py:595: UserWarning: [33mWARN: Overriding environment maze2d-eval-large-v1[0m
  logger.warn(f"Overriding environment {id}")
/home/jupyter-deuk-c4e4/.conda/envs/ts310/lib/python3.10/site-packages/gym/envs/registration.py:595: UserWarning: [33mWARN: Overriding environment maze2d-open-dense-v0[0m
  logger.warn(f"Overriding environment {id}")
/home/jupyter-deuk-c4e4/.conda/envs/ts310/lib/python3.10/site-packages/gym/envs/registration.py:595: UserWarning: [33mWARN: Overriding environment maze2d-umaze-dense-v0[0m
  logger.warn(f"Overriding environment {id}")
/home/jupyter-deuk-c4e4/.conda/envs/ts310/lib/python3.10/site-packages/gym/envs/registration.py:595: UserWarning: [33mWARN: Overriding environment maze2d-medium-dense-v0[0m
  logger.warn(f"Overriding environment {id}")
/home/jupyter-deuk-c4e4/.conda/envs/ts310/lib/python3.10/site-packages/gym/envs/registration.py:595: UserWarning: [33mWARN: Overriding environment maze2d-large-dense-v0[0m
  logger.warn(f"Overriding environment {id}")
/home/jupyter-deuk-c4e4/.conda/envs/ts310/lib/python3.10/site-packages/gym/envs/registration.py:595: UserWarning: [33mWARN: Overriding environment maze2d-umaze-dense-v1[0m
  logger.warn(f"Overriding environment {id}")
/home/jupyter-deuk-c4e4/.conda/envs/ts310/lib/python3.10/site-packages/gym/envs/registration.py:595: UserWarning: [33mWARN: Overriding environment maze2d-medium-dense-v1[0m
  logger.warn(f"Overriding environment {id}")
/home/jupyter-deuk-c4e4/.conda/envs/ts310/lib/python3.10/site-packages/gym/envs/registration.py:595: UserWarning: [33mWARN: Overriding environment maze2d-large-dense-v1[0m
  logger.warn(f"Overriding environment {id}")
/home/jupyter-deuk-c4e4/.conda/envs/ts310/lib/python3.10/site-packages/gym/envs/registration.py:595: UserWarning: [33mWARN: Overriding environment maze2d-eval-umaze-dense-v1[0m
  logger.warn(f"Overriding environment {id}")
/home/jupyter-deuk-c4e4/.conda/envs/ts310/lib/python3.10/site-packages/gym/envs/registration.py:595: UserWarning: [33mWARN: Overriding environment maze2d-eval-medium-dense-v1[0m
  logger.warn(f"Overriding environment {id}")
/home/jupyter-deuk-c4e4/.conda/envs/ts310/lib/python3.10/site-packages/gym/envs/registration.py:595: UserWarning: [33mWARN: Overriding environment maze2d-eval-large-dense-v1[0m
  logger.warn(f"Overriding environment {id}")
/opt/dlami/nvme/home/jupyter-deuk-c4e4/temporal-straightening/custom_resolvers.py:4: UserWarning: 
The version_base parameter is not specified.
Please specify a compatability version level, or None.
Will assume defaults for version 1.1
  @hydra.main(config_path=None)
[2026-07-25 15:07:47,764][__main__][INFO] - Planning result saved dir: /opt/dlami/nvme/home/jupyter-deuk-c4e4/pusht-reproduction/patchproj_reproduction/plan/gd_seed_200/chunk_30
/home/jupyter-deuk-c4e4/.conda/envs/ts310/lib/python3.10/site-packages/wandb/sdk/internal/internal_api.py:30: UserWarning: pkg_resources is deprecated as an API. See https://setuptools.pypa.io/en/latest/pkg_resources.html. The pkg_resources package is slated for removal as early as 2025-11-30. Refrain from using this package or pin to Setuptools<81.
  from pkg_resources import parse_version
Using cache found in /home/jupyter-deuk-c4e4/.cache/torch/hub/facebookresearch_dinov2_81b2b6419385
Loaded 18685 rollouts
Loaded 21 rollouts
[2026-07-25 15:07:50,624][dinov2][INFO] - using MLP layer as FFN
[2026-07-25 15:07:51,608][models.dino][WARNING] - Unknown projector 'none' for patch tokens; proceeding without projector.
Resuming from epoch 2: /home/jupyter-deuk-c4e4/pusht-reproduction/patchproj_reproduction/test/pusht_False_agg32_projchannel_dim8_hw14_sgTrue_lr1e-06/checkpoints/model_2.pth
[2026-07-25 15:07:51,986][models.visual_world_model][INFO] - num_action_repeat: 1
[2026-07-25 15:07:51,987][models.visual_world_model][INFO] - num_proprio_repeat: 1
[2026-07-25 15:07:51,987][models.visual_world_model][INFO] - proprio encoder: ProprioceptiveEmbedding(
  (patch_embed): Conv1d(4, 10, kernel_size=(1,), stride=(1,))
  (norm): LayerNorm((10,), eps=1e-05, elementwise_affine=True)
)
[2026-07-25 15:07:51,987][models.visual_world_model][INFO] - action encoder: ProprioceptiveEmbedding(
  (patch_embed): Conv1d(10, 10, kernel_size=(1,), stride=(1,))
  (norm): LayerNorm((10,), eps=1e-05, elementwise_affine=True)
)
[2026-07-25 15:07:51,987][models.visual_world_model][INFO] - proprio_dim: 10, after repeat: 10
[2026-07-25 15:07:51,987][models.visual_world_model][INFO] - action_dim: 10, after repeat: 10
[2026-07-25 15:07:51,987][models.visual_world_model][INFO] - emb_dim: 28
[2026-07-25 15:07:51,987][models.visual_world_model][INFO] - Straightening disabled
[2026-07-25 15:07:51,987][models.visual_world_model][INFO] - Speed constancy disabled
[2026-07-25 15:07:51,987][models.visual_world_model][INFO] - Trajectory penalty disabled
[2026-07-25 15:07:51,987][models.visual_world_model][INFO] - Stop-grad enabled: True
[2026-07-25 15:07:51,987][models.visual_world_model][INFO] - VCReg enabled: False, apply_to=enc, std_coeff=0.0, cov_coeff=0.0
[2026-07-25 15:07:51,987][models.visual_world_model][INFO] - Model emb_dim: 28
[timing] setup_model_s=4.228
eval_seed:  [6001, 6201, 6401, 6601, 6801, 7001, 7201, 7401, 7601, 7801]
Dumped plan targets to /opt/dlami/nvme/home/jupyter-deuk-c4e4/pusht-reproduction/patchproj_reproduction/plan/gd_seed_200/chunk_30/plan_targets.pkl
[timing] setup_workspace_s=7.069

MPC iter 0 Eval ------- 
Success rate:  0.6
{'success': array([False, False, False,  True,  True,  True, False,  True,  True,
        True]), 'state_dist': array([ 35.11452 ,  98.76683 ,  34.379875,  31.452967,  24.153545,
        14.938751, 136.02646 ,   9.800623,  21.909306,  55.196606],
      dtype=float32)}
self.is_success:  [False False False  True  True  True False  True  True  True]
Success rate:  0.6
{'success': array([False, False, False,  True,  True,  True, False,  True,  True,
        True]), 'state_dist': array([ 35.11452 ,  98.76683 ,  34.379875,  31.452967,  24.153545,
        14.938751, 136.02646 ,   9.800623,  21.909306,  55.196606],
      dtype=float32)}
[timing] perform_planning_s=22.912
[timing] total_planning_main_s=34.210
===== channel_off gd seed 200 chunk 40 (n_evals=10) =====
/home/jupyter-deuk-c4e4/.conda/envs/ts310/lib/python3.10/site-packages/wandb/sdk/internal/internal_api.py:30: UserWarning: pkg_resources is deprecated as an API. See https://setuptools.pypa.io/en/latest/pkg_resources.html. The pkg_resources package is slated for removal as early as 2025-11-30. Refrain from using this package or pin to Setuptools<81.
  from pkg_resources import parse_version
/home/jupyter-deuk-c4e4/.conda/envs/ts310/lib/python3.10/site-packages/pkg_resources/__init__.py:3148: DeprecationWarning: Deprecated call to `pkg_resources.declare_namespace('mpl_toolkits')`.
Implementing implicit namespace packages (as specified in PEP 420) is preferred to `pkg_resources.declare_namespace`. See https://setuptools.pypa.io/en/latest/references/keywords.html#keyword-namespace-packages
  declare_namespace(pkg)
/home/jupyter-deuk-c4e4/.conda/envs/ts310/lib/python3.10/site-packages/pkg_resources/__init__.py:3148: DeprecationWarning: Deprecated call to `pkg_resources.declare_namespace('google')`.
Implementing implicit namespace packages (as specified in PEP 420) is preferred to `pkg_resources.declare_namespace`. See https://setuptools.pypa.io/en/latest/references/keywords.html#keyword-namespace-packages
  declare_namespace(pkg)
/home/jupyter-deuk-c4e4/.conda/envs/ts310/lib/python3.10/site-packages/Cython/Distutils/old_build_ext.py:15: DeprecationWarning: dep_util is Deprecated. Use functions from setuptools instead.
  from distutils.dep_util import newer, newer_group
<frozen importlib._bootstrap>:283: DeprecationWarning: the load_module() method is deprecated and slated for removal in Python 3.12; use exec_module() instead
Warning: Mujoco-based envs failed to import. Set the environment variable D4RL_SUPPRESS_IMPORT_ERROR=1 to suppress this message.
No module named 'mjrl'
Warning: Flow failed to import. Set the environment variable D4RL_SUPPRESS_IMPORT_ERROR=1 to suppress this message.
No module named 'flow'
Warning: CARLA failed to import. Set the environment variable D4RL_SUPPRESS_IMPORT_ERROR=1 to suppress this message.
No module named 'carla'
pybullet build time: Jan 29 2025 23:16:28
/home/jupyter-deuk-c4e4/.conda/envs/ts310/lib/python3.10/site-packages/gym/envs/registration.py:595: UserWarning: [33mWARN: Overriding environment maze2d-open-v0[0m
  logger.warn(f"Overriding environment {id}")
/home/jupyter-deuk-c4e4/.conda/envs/ts310/lib/python3.10/site-packages/gym/envs/registration.py:595: UserWarning: [33mWARN: Overriding environment maze2d-umaze-v0[0m
  logger.warn(f"Overriding environment {id}")
/home/jupyter-deuk-c4e4/.conda/envs/ts310/lib/python3.10/site-packages/gym/envs/registration.py:595: UserWarning: [33mWARN: Overriding environment maze2d-medium-v0[0m
  logger.warn(f"Overriding environment {id}")
/home/jupyter-deuk-c4e4/.conda/envs/ts310/lib/python3.10/site-packages/gym/envs/registration.py:595: UserWarning: [33mWARN: Overriding environment maze2d-large-v0[0m
  logger.warn(f"Overriding environment {id}")
/home/jupyter-deuk-c4e4/.conda/envs/ts310/lib/python3.10/site-packages/gym/envs/registration.py:595: UserWarning: [33mWARN: Overriding environment maze2d-umaze-v1[0m
  logger.warn(f"Overriding environment {id}")
/home/jupyter-deuk-c4e4/.conda/envs/ts310/lib/python3.10/site-packages/gym/envs/registration.py:595: UserWarning: [33mWARN: Overriding environment maze2d-medium-v1[0m
  logger.warn(f"Overriding environment {id}")
/home/jupyter-deuk-c4e4/.conda/envs/ts310/lib/python3.10/site-packages/gym/envs/registration.py:595: UserWarning: [33mWARN: Overriding environment maze2d-large-v1[0m
  logger.warn(f"Overriding environment {id}")
/home/jupyter-deuk-c4e4/.conda/envs/ts310/lib/python3.10/site-packages/gym/envs/registration.py:595: UserWarning: [33mWARN: Overriding environment maze2d-eval-umaze-v1[0m
  logger.warn(f"Overriding environment {id}")
/home/jupyter-deuk-c4e4/.conda/envs/ts310/lib/python3.10/site-packages/gym/envs/registration.py:595: UserWarning: [33mWARN: Overriding environment maze2d-eval-medium-v1[0m
  logger.warn(f"Overriding environment {id}")
/home/jupyter-deuk-c4e4/.conda/envs/ts310/lib/python3.10/site-packages/gym/envs/registration.py:595: UserWarning: [33mWARN: Overriding environment maze2d-eval-large-v1[0m
  logger.warn(f"Overriding environment {id}")
/home/jupyter-deuk-c4e4/.conda/envs/ts310/lib/python3.10/site-packages/gym/envs/registration.py:595: UserWarning: [33mWARN: Overriding environment maze2d-open-dense-v0[0m
  logger.warn(f"Overriding environment {id}")
/home/jupyter-deuk-c4e4/.conda/envs/ts310/lib/python3.10/site-packages/gym/envs/registration.py:595: UserWarning: [33mWARN: Overriding environment maze2d-umaze-dense-v0[0m
  logger.warn(f"Overriding environment {id}")
/home/jupyter-deuk-c4e4/.conda/envs/ts310/lib/python3.10/site-packages/gym/envs/registration.py:595: UserWarning: [33mWARN: Overriding environment maze2d-medium-dense-v0[0m
  logger.warn(f"Overriding environment {id}")
/home/jupyter-deuk-c4e4/.conda/envs/ts310/lib/python3.10/site-packages/gym/envs/registration.py:595: UserWarning: [33mWARN: Overriding environment maze2d-large-dense-v0[0m
  logger.warn(f"Overriding environment {id}")
/home/jupyter-deuk-c4e4/.conda/envs/ts310/lib/python3.10/site-packages/gym/envs/registration.py:595: UserWarning: [33mWARN: Overriding environment maze2d-umaze-dense-v1[0m
  logger.warn(f"Overriding environment {id}")
/home/jupyter-deuk-c4e4/.conda/envs/ts310/lib/python3.10/site-packages/gym/envs/registration.py:595: UserWarning: [33mWARN: Overriding environment maze2d-medium-dense-v1[0m
  logger.warn(f"Overriding environment {id}")
/home/jupyter-deuk-c4e4/.conda/envs/ts310/lib/python3.10/site-packages/gym/envs/registration.py:595: UserWarning: [33mWARN: Overriding environment maze2d-large-dense-v1[0m
  logger.warn(f"Overriding environment {id}")
/home/jupyter-deuk-c4e4/.conda/envs/ts310/lib/python3.10/site-packages/gym/envs/registration.py:595: UserWarning: [33mWARN: Overriding environment maze2d-eval-umaze-dense-v1[0m
  logger.warn(f"Overriding environment {id}")
/home/jupyter-deuk-c4e4/.conda/envs/ts310/lib/python3.10/site-packages/gym/envs/registration.py:595: UserWarning: [33mWARN: Overriding environment maze2d-eval-medium-dense-v1[0m
  logger.warn(f"Overriding environment {id}")
/home/jupyter-deuk-c4e4/.conda/envs/ts310/lib/python3.10/site-packages/gym/envs/registration.py:595: UserWarning: [33mWARN: Overriding environment maze2d-eval-large-dense-v1[0m
  logger.warn(f"Overriding environment {id}")
/opt/dlami/nvme/home/jupyter-deuk-c4e4/temporal-straightening/custom_resolvers.py:4: UserWarning: 
The version_base parameter is not specified.
Please specify a compatability version level, or None.
Will assume defaults for version 1.1
  @hydra.main(config_path=None)
[2026-07-25 15:08:27,399][__main__][INFO] - Planning result saved dir: /opt/dlami/nvme/home/jupyter-deuk-c4e4/pusht-reproduction/patchproj_reproduction/plan/gd_seed_200/chunk_40
/home/jupyter-deuk-c4e4/.conda/envs/ts310/lib/python3.10/site-packages/wandb/sdk/internal/internal_api.py:30: UserWarning: pkg_resources is deprecated as an API. See https://setuptools.pypa.io/en/latest/pkg_resources.html. The pkg_resources package is slated for removal as early as 2025-11-30. Refrain from using this package or pin to Setuptools<81.
  from pkg_resources import parse_version
Using cache found in /home/jupyter-deuk-c4e4/.cache/torch/hub/facebookresearch_dinov2_81b2b6419385
Loaded 18685 rollouts
Loaded 21 rollouts
[2026-07-25 15:08:29,966][dinov2][INFO] - using MLP layer as FFN
[2026-07-25 15:08:30,377][models.dino][WARNING] - Unknown projector 'none' for patch tokens; proceeding without projector.
Resuming from epoch 2: /home/jupyter-deuk-c4e4/pusht-reproduction/patchproj_reproduction/test/pusht_False_agg32_projchannel_dim8_hw14_sgTrue_lr1e-06/checkpoints/model_2.pth
[2026-07-25 15:08:30,770][models.visual_world_model][INFO] - num_action_repeat: 1
[2026-07-25 15:08:30,770][models.visual_world_model][INFO] - num_proprio_repeat: 1
[2026-07-25 15:08:30,770][models.visual_world_model][INFO] - proprio encoder: ProprioceptiveEmbedding(
  (patch_embed): Conv1d(4, 10, kernel_size=(1,), stride=(1,))
  (norm): LayerNorm((10,), eps=1e-05, elementwise_affine=True)
)
[2026-07-25 15:08:30,771][models.visual_world_model][INFO] - action encoder: ProprioceptiveEmbedding(
  (patch_embed): Conv1d(10, 10, kernel_size=(1,), stride=(1,))
  (norm): LayerNorm((10,), eps=1e-05, elementwise_affine=True)
)
[2026-07-25 15:08:30,771][models.visual_world_model][INFO] - proprio_dim: 10, after repeat: 10
[2026-07-25 15:08:30,771][models.visual_world_model][INFO] - action_dim: 10, after repeat: 10
[2026-07-25 15:08:30,771][models.visual_world_model][INFO] - emb_dim: 28
[2026-07-25 15:08:30,771][models.visual_world_model][INFO] - Straightening disabled
[2026-07-25 15:08:30,771][models.visual_world_model][INFO] - Speed constancy disabled
[2026-07-25 15:08:30,771][models.visual_world_model][INFO] - Trajectory penalty disabled
[2026-07-25 15:08:30,771][models.visual_world_model][INFO] - Stop-grad enabled: True
[2026-07-25 15:08:30,771][models.visual_world_model][INFO] - VCReg enabled: False, apply_to=enc, std_coeff=0.0, cov_coeff=0.0
[2026-07-25 15:08:30,771][models.visual_world_model][INFO] - Model emb_dim: 28
[timing] setup_model_s=3.375
eval_seed:  [8001, 8201, 8401, 8601, 8801, 9001, 9201, 9401, 9601, 9801]
Dumped plan targets to /opt/dlami/nvme/home/jupyter-deuk-c4e4/pusht-reproduction/patchproj_reproduction/plan/gd_seed_200/chunk_40/plan_targets.pkl
[timing] setup_workspace_s=7.752

MPC iter 0 Eval ------- 
Success rate:  0.9
{'success': array([ True,  True,  True,  True,  True,  True,  True,  True,  True,
       False]), 'state_dist': array([ 16.060165,  20.676884,  58.747246,  21.267801,  25.471155,
        21.561813,  15.868551,  28.649818,  70.282104, 116.76464 ],
      dtype=float32)}
self.is_success:  [ True  True  True  True  True  True  True  True  True False]
Success rate:  0.9
{'success': array([ True,  True,  True,  True,  True,  True,  True,  True,  True,
       False]), 'state_dist': array([ 16.060165,  20.676884,  58.747246,  21.267801,  25.471155,
        21.561813,  15.868551,  28.649818,  70.282104, 116.76464 ],
      dtype=float32)}
[timing] perform_planning_s=22.813
[timing] total_planning_main_s=33.940
===== channel_off gd seed 300 chunk 00 (n_evals=10) =====
/home/jupyter-deuk-c4e4/.conda/envs/ts310/lib/python3.10/site-packages/wandb/sdk/internal/internal_api.py:30: UserWarning: pkg_resources is deprecated as an API. See https://setuptools.pypa.io/en/latest/pkg_resources.html. The pkg_resources package is slated for removal as early as 2025-11-30. Refrain from using this package or pin to Setuptools<81.
  from pkg_resources import parse_version
/home/jupyter-deuk-c4e4/.conda/envs/ts310/lib/python3.10/site-packages/pkg_resources/__init__.py:3148: DeprecationWarning: Deprecated call to `pkg_resources.declare_namespace('mpl_toolkits')`.
Implementing implicit namespace packages (as specified in PEP 420) is preferred to `pkg_resources.declare_namespace`. See https://setuptools.pypa.io/en/latest/references/keywords.html#keyword-namespace-packages
  declare_namespace(pkg)
/home/jupyter-deuk-c4e4/.conda/envs/ts310/lib/python3.10/site-packages/pkg_resources/__init__.py:3148: DeprecationWarning: Deprecated call to `pkg_resources.declare_namespace('google')`.
Implementing implicit namespace packages (as specified in PEP 420) is preferred to `pkg_resources.declare_namespace`. See https://setuptools.pypa.io/en/latest/references/keywords.html#keyword-namespace-packages
  declare_namespace(pkg)
/home/jupyter-deuk-c4e4/.conda/envs/ts310/lib/python3.10/site-packages/Cython/Distutils/old_build_ext.py:15: DeprecationWarning: dep_util is Deprecated. Use functions from setuptools instead.
  from distutils.dep_util import newer, newer_group
<frozen importlib._bootstrap>:283: DeprecationWarning: the load_module() method is deprecated and slated for removal in Python 3.12; use exec_module() instead
Warning: Mujoco-based envs failed to import. Set the environment variable D4RL_SUPPRESS_IMPORT_ERROR=1 to suppress this message.
No module named 'mjrl'
Warning: Flow failed to import. Set the environment variable D4RL_SUPPRESS_IMPORT_ERROR=1 to suppress this message.
No module named 'flow'
Warning: CARLA failed to import. Set the environment variable D4RL_SUPPRESS_IMPORT_ERROR=1 to suppress this message.
No module named 'carla'
pybullet build time: Jan 29 2025 23:16:28
/home/jupyter-deuk-c4e4/.conda/envs/ts310/lib/python3.10/site-packages/gym/envs/registration.py:595: UserWarning: [33mWARN: Overriding environment maze2d-open-v0[0m
  logger.warn(f"Overriding environment {id}")
/home/jupyter-deuk-c4e4/.conda/envs/ts310/lib/python3.10/site-packages/gym/envs/registration.py:595: UserWarning: [33mWARN: Overriding environment maze2d-umaze-v0[0m
  logger.warn(f"Overriding environment {id}")
/home/jupyter-deuk-c4e4/.conda/envs/ts310/lib/python3.10/site-packages/gym/envs/registration.py:595: UserWarning: [33mWARN: Overriding environment maze2d-medium-v0[0m
  logger.warn(f"Overriding environment {id}")
/home/jupyter-deuk-c4e4/.conda/envs/ts310/lib/python3.10/site-packages/gym/envs/registration.py:595: UserWarning: [33mWARN: Overriding environment maze2d-large-v0[0m
  logger.warn(f"Overriding environment {id}")
/home/jupyter-deuk-c4e4/.conda/envs/ts310/lib/python3.10/site-packages/gym/envs/registration.py:595: UserWarning: [33mWARN: Overriding environment maze2d-umaze-v1[0m
  logger.warn(f"Overriding environment {id}")
/home/jupyter-deuk-c4e4/.conda/envs/ts310/lib/python3.10/site-packages/gym/envs/registration.py:595: UserWarning: [33mWARN: Overriding environment maze2d-medium-v1[0m
  logger.warn(f"Overriding environment {id}")
/home/jupyter-deuk-c4e4/.conda/envs/ts310/lib/python3.10/site-packages/gym/envs/registration.py:595: UserWarning: [33mWARN: Overriding environment maze2d-large-v1[0m
  logger.warn(f"Overriding environment {id}")
/home/jupyter-deuk-c4e4/.conda/envs/ts310/lib/python3.10/site-packages/gym/envs/registration.py:595: UserWarning: [33mWARN: Overriding environment maze2d-eval-umaze-v1[0m
  logger.warn(f"Overriding environment {id}")
/home/jupyter-deuk-c4e4/.conda/envs/ts310/lib/python3.10/site-packages/gym/envs/registration.py:595: UserWarning: [33mWARN: Overriding environment maze2d-eval-medium-v1[0m
  logger.warn(f"Overriding environment {id}")
/home/jupyter-deuk-c4e4/.conda/envs/ts310/lib/python3.10/site-packages/gym/envs/registration.py:595: UserWarning: [33mWARN: Overriding environment maze2d-eval-large-v1[0m
  logger.warn(f"Overriding environment {id}")
/home/jupyter-deuk-c4e4/.conda/envs/ts310/lib/python3.10/site-packages/gym/envs/registration.py:595: UserWarning: [33mWARN: Overriding environment maze2d-open-dense-v0[0m
  logger.warn(f"Overriding environment {id}")
/home/jupyter-deuk-c4e4/.conda/envs/ts310/lib/python3.10/site-packages/gym/envs/registration.py:595: UserWarning: [33mWARN: Overriding environment maze2d-umaze-dense-v0[0m
  logger.warn(f"Overriding environment {id}")
/home/jupyter-deuk-c4e4/.conda/envs/ts310/lib/python3.10/site-packages/gym/envs/registration.py:595: UserWarning: [33mWARN: Overriding environment maze2d-medium-dense-v0[0m
  logger.warn(f"Overriding environment {id}")
/home/jupyter-deuk-c4e4/.conda/envs/ts310/lib/python3.10/site-packages/gym/envs/registration.py:595: UserWarning: [33mWARN: Overriding environment maze2d-large-dense-v0[0m
  logger.warn(f"Overriding environment {id}")
/home/jupyter-deuk-c4e4/.conda/envs/ts310/lib/python3.10/site-packages/gym/envs/registration.py:595: UserWarning: [33mWARN: Overriding environment maze2d-umaze-dense-v1[0m
  logger.warn(f"Overriding environment {id}")
/home/jupyter-deuk-c4e4/.conda/envs/ts310/lib/python3.10/site-packages/gym/envs/registration.py:595: UserWarning: [33mWARN: Overriding environment maze2d-medium-dense-v1[0m
  logger.warn(f"Overriding environment {id}")
/home/jupyter-deuk-c4e4/.conda/envs/ts310/lib/python3.10/site-packages/gym/envs/registration.py:595: UserWarning: [33mWARN: Overriding environment maze2d-large-dense-v1[0m
  logger.warn(f"Overriding environment {id}")
/home/jupyter-deuk-c4e4/.conda/envs/ts310/lib/python3.10/site-packages/gym/envs/registration.py:595: UserWarning: [33mWARN: Overriding environment maze2d-eval-umaze-dense-v1[0m
  logger.warn(f"Overriding environment {id}")
/home/jupyter-deuk-c4e4/.conda/envs/ts310/lib/python3.10/site-packages/gym/envs/registration.py:595: UserWarning: [33mWARN: Overriding environment maze2d-eval-medium-dense-v1[0m
  logger.warn(f"Overriding environment {id}")
/home/jupyter-deuk-c4e4/.conda/envs/ts310/lib/python3.10/site-packages/gym/envs/registration.py:595: UserWarning: [33mWARN: Overriding environment maze2d-eval-large-dense-v1[0m
  logger.warn(f"Overriding environment {id}")
/opt/dlami/nvme/home/jupyter-deuk-c4e4/temporal-straightening/custom_resolvers.py:4: UserWarning: 
The version_base parameter is not specified.
Please specify a compatability version level, or None.
Will assume defaults for version 1.1
  @hydra.main(config_path=None)
[2026-07-25 15:09:07,510][__main__][INFO] - Planning result saved dir: /opt/dlami/nvme/home/jupyter-deuk-c4e4/pusht-reproduction/patchproj_reproduction/plan/gd_seed_300/chunk_00
/home/jupyter-deuk-c4e4/.conda/envs/ts310/lib/python3.10/site-packages/wandb/sdk/internal/internal_api.py:30: UserWarning: pkg_resources is deprecated as an API. See https://setuptools.pypa.io/en/latest/pkg_resources.html. The pkg_resources package is slated for removal as early as 2025-11-30. Refrain from using this package or pin to Setuptools<81.
  from pkg_resources import parse_version
Using cache found in /home/jupyter-deuk-c4e4/.cache/torch/hub/facebookresearch_dinov2_81b2b6419385
Loaded 18685 rollouts
Loaded 21 rollouts
[2026-07-25 15:09:10,066][dinov2][INFO] - using MLP layer as FFN
[2026-07-25 15:09:10,509][models.dino][WARNING] - Unknown projector 'none' for patch tokens; proceeding without projector.
Resuming from epoch 2: /home/jupyter-deuk-c4e4/pusht-reproduction/patchproj_reproduction/test/pusht_False_agg32_projchannel_dim8_hw14_sgTrue_lr1e-06/checkpoints/model_2.pth
[2026-07-25 15:09:10,977][models.visual_world_model][INFO] - num_action_repeat: 1
[2026-07-25 15:09:10,977][models.visual_world_model][INFO] - num_proprio_repeat: 1
[2026-07-25 15:09:10,977][models.visual_world_model][INFO] - proprio encoder: ProprioceptiveEmbedding(
  (patch_embed): Conv1d(4, 10, kernel_size=(1,), stride=(1,))
  (norm): LayerNorm((10,), eps=1e-05, elementwise_affine=True)
)
[2026-07-25 15:09:10,978][models.visual_world_model][INFO] - action encoder: ProprioceptiveEmbedding(
  (patch_embed): Conv1d(10, 10, kernel_size=(1,), stride=(1,))
  (norm): LayerNorm((10,), eps=1e-05, elementwise_affine=True)
)
[2026-07-25 15:09:10,978][models.visual_world_model][INFO] - proprio_dim: 10, after repeat: 10
[2026-07-25 15:09:10,978][models.visual_world_model][INFO] - action_dim: 10, after repeat: 10
[2026-07-25 15:09:10,978][models.visual_world_model][INFO] - emb_dim: 28
[2026-07-25 15:09:10,978][models.visual_world_model][INFO] - Straightening disabled
[2026-07-25 15:09:10,978][models.visual_world_model][INFO] - Speed constancy disabled
[2026-07-25 15:09:10,978][models.visual_world_model][INFO] - Trajectory penalty disabled
[2026-07-25 15:09:10,978][models.visual_world_model][INFO] - Stop-grad enabled: True
[2026-07-25 15:09:10,978][models.visual_world_model][INFO] - VCReg enabled: False, apply_to=enc, std_coeff=0.0, cov_coeff=0.0
[2026-07-25 15:09:10,978][models.visual_world_model][INFO] - Model emb_dim: 28
[timing] setup_model_s=3.473
eval_seed:  [1, 301, 601, 901, 1201, 1501, 1801, 2101, 2401, 2701]
Dumped plan targets to /opt/dlami/nvme/home/jupyter-deuk-c4e4/pusht-reproduction/patchproj_reproduction/plan/gd_seed_300/chunk_00/plan_targets.pkl
[timing] setup_workspace_s=4.570

MPC iter 0 Eval ------- 
Success rate:  0.5
{'success': array([False,  True,  True,  True, False,  True,  True, False, False,
       False]), 'state_dist': array([22.274435, 18.031591,  4.839058, 65.70909 , 25.50133 , 42.77302 ,
       31.578764, 23.555012, 61.61898 , 57.886337], dtype=float32)}
self.is_success:  [False  True  True  True False  True  True False False False]
Success rate:  0.5
{'success': array([False,  True,  True,  True, False,  True,  True, False, False,
       False]), 'state_dist': array([22.274435, 18.031591,  4.839058, 65.70909 , 25.50133 , 42.77302 ,
       31.578764, 23.555012, 61.61898 , 57.886337], dtype=float32)}
[timing] perform_planning_s=22.830
[timing] total_planning_main_s=30.873
===== channel_off gd seed 300 chunk 10 (n_evals=10) =====
/home/jupyter-deuk-c4e4/.conda/envs/ts310/lib/python3.10/site-packages/wandb/sdk/internal/internal_api.py:30: UserWarning: pkg_resources is deprecated as an API. See https://setuptools.pypa.io/en/latest/pkg_resources.html. The pkg_resources package is slated for removal as early as 2025-11-30. Refrain from using this package or pin to Setuptools<81.
  from pkg_resources import parse_version
/home/jupyter-deuk-c4e4/.conda/envs/ts310/lib/python3.10/site-packages/pkg_resources/__init__.py:3148: DeprecationWarning: Deprecated call to `pkg_resources.declare_namespace('mpl_toolkits')`.
Implementing implicit namespace packages (as specified in PEP 420) is preferred to `pkg_resources.declare_namespace`. See https://setuptools.pypa.io/en/latest/references/keywords.html#keyword-namespace-packages
  declare_namespace(pkg)
/home/jupyter-deuk-c4e4/.conda/envs/ts310/lib/python3.10/site-packages/pkg_resources/__init__.py:3148: DeprecationWarning: Deprecated call to `pkg_resources.declare_namespace('google')`.
Implementing implicit namespace packages (as specified in PEP 420) is preferred to `pkg_resources.declare_namespace`. See https://setuptools.pypa.io/en/latest/references/keywords.html#keyword-namespace-packages
  declare_namespace(pkg)
/home/jupyter-deuk-c4e4/.conda/envs/ts310/lib/python3.10/site-packages/Cython/Distutils/old_build_ext.py:15: DeprecationWarning: dep_util is Deprecated. Use functions from setuptools instead.
  from distutils.dep_util import newer, newer_group
<frozen importlib._bootstrap>:283: DeprecationWarning: the load_module() method is deprecated and slated for removal in Python 3.12; use exec_module() instead
Warning: Mujoco-based envs failed to import. Set the environment variable D4RL_SUPPRESS_IMPORT_ERROR=1 to suppress this message.
No module named 'mjrl'
Warning: Flow failed to import. Set the environment variable D4RL_SUPPRESS_IMPORT_ERROR=1 to suppress this message.
No module named 'flow'
Warning: CARLA failed to import. Set the environment variable D4RL_SUPPRESS_IMPORT_ERROR=1 to suppress this message.
No module named 'carla'
pybullet build time: Jan 29 2025 23:16:28
/home/jupyter-deuk-c4e4/.conda/envs/ts310/lib/python3.10/site-packages/gym/envs/registration.py:595: UserWarning: [33mWARN: Overriding environment maze2d-open-v0[0m
  logger.warn(f"Overriding environment {id}")
/home/jupyter-deuk-c4e4/.conda/envs/ts310/lib/python3.10/site-packages/gym/envs/registration.py:595: UserWarning: [33mWARN: Overriding environment maze2d-umaze-v0[0m
  logger.warn(f"Overriding environment {id}")
/home/jupyter-deuk-c4e4/.conda/envs/ts310/lib/python3.10/site-packages/gym/envs/registration.py:595: UserWarning: [33mWARN: Overriding environment maze2d-medium-v0[0m
  logger.warn(f"Overriding environment {id}")
/home/jupyter-deuk-c4e4/.conda/envs/ts310/lib/python3.10/site-packages/gym/envs/registration.py:595: UserWarning: [33mWARN: Overriding environment maze2d-large-v0[0m
  logger.warn(f"Overriding environment {id}")
/home/jupyter-deuk-c4e4/.conda/envs/ts310/lib/python3.10/site-packages/gym/envs/registration.py:595: UserWarning: [33mWARN: Overriding environment maze2d-umaze-v1[0m
  logger.warn(f"Overriding environment {id}")
/home/jupyter-deuk-c4e4/.conda/envs/ts310/lib/python3.10/site-packages/gym/envs/registration.py:595: UserWarning: [33mWARN: Overriding environment maze2d-medium-v1[0m
  logger.warn(f"Overriding environment {id}")
/home/jupyter-deuk-c4e4/.conda/envs/ts310/lib/python3.10/site-packages/gym/envs/registration.py:595: UserWarning: [33mWARN: Overriding environment maze2d-large-v1[0m
  logger.warn(f"Overriding environment {id}")
/home/jupyter-deuk-c4e4/.conda/envs/ts310/lib/python3.10/site-packages/gym/envs/registration.py:595: UserWarning: [33mWARN: Overriding environment maze2d-eval-umaze-v1[0m
  logger.warn(f"Overriding environment {id}")
/home/jupyter-deuk-c4e4/.conda/envs/ts310/lib/python3.10/site-packages/gym/envs/registration.py:595: UserWarning: [33mWARN: Overriding environment maze2d-eval-medium-v1[0m
  logger.warn(f"Overriding environment {id}")
/home/jupyter-deuk-c4e4/.conda/envs/ts310/lib/python3.10/site-packages/gym/envs/registration.py:595: UserWarning: [33mWARN: Overriding environment maze2d-eval-large-v1[0m
  logger.warn(f"Overriding environment {id}")
/home/jupyter-deuk-c4e4/.conda/envs/ts310/lib/python3.10/site-packages/gym/envs/registration.py:595: UserWarning: [33mWARN: Overriding environment maze2d-open-dense-v0[0m
  logger.warn(f"Overriding environment {id}")
/home/jupyter-deuk-c4e4/.conda/envs/ts310/lib/python3.10/site-packages/gym/envs/registration.py:595: UserWarning: [33mWARN: Overriding environment maze2d-umaze-dense-v0[0m
  logger.warn(f"Overriding environment {id}")
/home/jupyter-deuk-c4e4/.conda/envs/ts310/lib/python3.10/site-packages/gym/envs/registration.py:595: UserWarning: [33mWARN: Overriding environment maze2d-medium-dense-v0[0m
  logger.warn(f"Overriding environment {id}")
/home/jupyter-deuk-c4e4/.conda/envs/ts310/lib/python3.10/site-packages/gym/envs/registration.py:595: UserWarning: [33mWARN: Overriding environment maze2d-large-dense-v0[0m
  logger.warn(f"Overriding environment {id}")
/home/jupyter-deuk-c4e4/.conda/envs/ts310/lib/python3.10/site-packages/gym/envs/registration.py:595: UserWarning: [33mWARN: Overriding environment maze2d-umaze-dense-v1[0m
  logger.warn(f"Overriding environment {id}")
/home/jupyter-deuk-c4e4/.conda/envs/ts310/lib/python3.10/site-packages/gym/envs/registration.py:595: UserWarning: [33mWARN: Overriding environment maze2d-medium-dense-v1[0m
  logger.warn(f"Overriding environment {id}")
/home/jupyter-deuk-c4e4/.conda/envs/ts310/lib/python3.10/site-packages/gym/envs/registration.py:595: UserWarning: [33mWARN: Overriding environment maze2d-large-dense-v1[0m
  logger.warn(f"Overriding environment {id}")
/home/jupyter-deuk-c4e4/.conda/envs/ts310/lib/python3.10/site-packages/gym/envs/registration.py:595: UserWarning: [33mWARN: Overriding environment maze2d-eval-umaze-dense-v1[0m
  logger.warn(f"Overriding environment {id}")
/home/jupyter-deuk-c4e4/.conda/envs/ts310/lib/python3.10/site-packages/gym/envs/registration.py:595: UserWarning: [33mWARN: Overriding environment maze2d-eval-medium-dense-v1[0m
  logger.warn(f"Overriding environment {id}")
/home/jupyter-deuk-c4e4/.conda/envs/ts310/lib/python3.10/site-packages/gym/envs/registration.py:595: UserWarning: [33mWARN: Overriding environment maze2d-eval-large-dense-v1[0m
  logger.warn(f"Overriding environment {id}")
/opt/dlami/nvme/home/jupyter-deuk-c4e4/temporal-straightening/custom_resolvers.py:4: UserWarning: 
The version_base parameter is not specified.
Please specify a compatability version level, or None.
Will assume defaults for version 1.1
  @hydra.main(config_path=None)
[2026-07-25 15:09:43,740][__main__][INFO] - Planning result saved dir: /opt/dlami/nvme/home/jupyter-deuk-c4e4/pusht-reproduction/patchproj_reproduction/plan/gd_seed_300/chunk_10
/home/jupyter-deuk-c4e4/.conda/envs/ts310/lib/python3.10/site-packages/wandb/sdk/internal/internal_api.py:30: UserWarning: pkg_resources is deprecated as an API. See https://setuptools.pypa.io/en/latest/pkg_resources.html. The pkg_resources package is slated for removal as early as 2025-11-30. Refrain from using this package or pin to Setuptools<81.
  from pkg_resources import parse_version
Using cache found in /home/jupyter-deuk-c4e4/.cache/torch/hub/facebookresearch_dinov2_81b2b6419385
Loaded 18685 rollouts
Loaded 21 rollouts
[2026-07-25 15:09:46,302][dinov2][INFO] - using MLP layer as FFN
[2026-07-25 15:09:46,727][models.dino][WARNING] - Unknown projector 'none' for patch tokens; proceeding without projector.
Resuming from epoch 2: /home/jupyter-deuk-c4e4/pusht-reproduction/patchproj_reproduction/test/pusht_False_agg32_projchannel_dim8_hw14_sgTrue_lr1e-06/checkpoints/model_2.pth
[2026-07-25 15:09:47,121][models.visual_world_model][INFO] - num_action_repeat: 1
[2026-07-25 15:09:47,124][models.visual_world_model][INFO] - num_proprio_repeat: 1
[2026-07-25 15:09:47,125][models.visual_world_model][INFO] - proprio encoder: ProprioceptiveEmbedding(
  (patch_embed): Conv1d(4, 10, kernel_size=(1,), stride=(1,))
  (norm): LayerNorm((10,), eps=1e-05, elementwise_affine=True)
)
[2026-07-25 15:09:47,125][models.visual_world_model][INFO] - action encoder: ProprioceptiveEmbedding(
  (patch_embed): Conv1d(10, 10, kernel_size=(1,), stride=(1,))
  (norm): LayerNorm((10,), eps=1e-05, elementwise_affine=True)
)
[2026-07-25 15:09:47,125][models.visual_world_model][INFO] - proprio_dim: 10, after repeat: 10
[2026-07-25 15:09:47,125][models.visual_world_model][INFO] - action_dim: 10, after repeat: 10
[2026-07-25 15:09:47,125][models.visual_world_model][INFO] - emb_dim: 28
[2026-07-25 15:09:47,125][models.visual_world_model][INFO] - Straightening disabled
[2026-07-25 15:09:47,125][models.visual_world_model][INFO] - Speed constancy disabled
[2026-07-25 15:09:47,125][models.visual_world_model][INFO] - Trajectory penalty disabled
[2026-07-25 15:09:47,125][models.visual_world_model][INFO] - Stop-grad enabled: True
[2026-07-25 15:09:47,125][models.visual_world_model][INFO] - VCReg enabled: False, apply_to=enc, std_coeff=0.0, cov_coeff=0.0
[2026-07-25 15:09:47,125][models.visual_world_model][INFO] - Model emb_dim: 28
[timing] setup_model_s=3.391
eval_seed:  [3001, 3301, 3601, 3901, 4201, 4501, 4801, 5101, 5401, 5701]
Dumped plan targets to /opt/dlami/nvme/home/jupyter-deuk-c4e4/pusht-reproduction/patchproj_reproduction/plan/gd_seed_300/chunk_10/plan_targets.pkl
[timing] setup_workspace_s=6.222

MPC iter 0 Eval ------- 
Success rate:  0.6
{'success': array([ True, False, False, False,  True,  True,  True, False,  True,
        True]), 'state_dist': array([ 31.587788, 116.85479 ,  69.82788 , 114.72953 ,  55.567577,
        20.790953,  13.285271,  77.371864,  29.516397,  74.64056 ],
      dtype=float32)}
self.is_success:  [ True False False False  True  True  True False  True  True]
Success rate:  0.6
{'success': array([ True, False, False, False,  True,  True,  True, False,  True,
        True]), 'state_dist': array([ 31.587788, 116.85479 ,  69.82788 , 114.72953 ,  55.567577,
        20.790953,  13.285271,  77.371864,  29.516397,  74.64056 ],
      dtype=float32)}
[timing] perform_planning_s=22.784
[timing] total_planning_main_s=32.396
===== channel_off gd seed 300 chunk 20 (n_evals=10) =====
/home/jupyter-deuk-c4e4/.conda/envs/ts310/lib/python3.10/site-packages/wandb/sdk/internal/internal_api.py:30: UserWarning: pkg_resources is deprecated as an API. See https://setuptools.pypa.io/en/latest/pkg_resources.html. The pkg_resources package is slated for removal as early as 2025-11-30. Refrain from using this package or pin to Setuptools<81.
  from pkg_resources import parse_version
/home/jupyter-deuk-c4e4/.conda/envs/ts310/lib/python3.10/site-packages/pkg_resources/__init__.py:3148: DeprecationWarning: Deprecated call to `pkg_resources.declare_namespace('mpl_toolkits')`.
Implementing implicit namespace packages (as specified in PEP 420) is preferred to `pkg_resources.declare_namespace`. See https://setuptools.pypa.io/en/latest/references/keywords.html#keyword-namespace-packages
  declare_namespace(pkg)
/home/jupyter-deuk-c4e4/.conda/envs/ts310/lib/python3.10/site-packages/pkg_resources/__init__.py:3148: DeprecationWarning: Deprecated call to `pkg_resources.declare_namespace('google')`.
Implementing implicit namespace packages (as specified in PEP 420) is preferred to `pkg_resources.declare_namespace`. See https://setuptools.pypa.io/en/latest/references/keywords.html#keyword-namespace-packages
  declare_namespace(pkg)
/home/jupyter-deuk-c4e4/.conda/envs/ts310/lib/python3.10/site-packages/Cython/Distutils/old_build_ext.py:15: DeprecationWarning: dep_util is Deprecated. Use functions from setuptools instead.
  from distutils.dep_util import newer, newer_group
<frozen importlib._bootstrap>:283: DeprecationWarning: the load_module() method is deprecated and slated for removal in Python 3.12; use exec_module() instead
Warning: Mujoco-based envs failed to import. Set the environment variable D4RL_SUPPRESS_IMPORT_ERROR=1 to suppress this message.
No module named 'mjrl'
Warning: Flow failed to import. Set the environment variable D4RL_SUPPRESS_IMPORT_ERROR=1 to suppress this message.
No module named 'flow'
Warning: CARLA failed to import. Set the environment variable D4RL_SUPPRESS_IMPORT_ERROR=1 to suppress this message.
No module named 'carla'
pybullet build time: Jan 29 2025 23:16:28
/home/jupyter-deuk-c4e4/.conda/envs/ts310/lib/python3.10/site-packages/gym/envs/registration.py:595: UserWarning: [33mWARN: Overriding environment maze2d-open-v0[0m
  logger.warn(f"Overriding environment {id}")
/home/jupyter-deuk-c4e4/.conda/envs/ts310/lib/python3.10/site-packages/gym/envs/registration.py:595: UserWarning: [33mWARN: Overriding environment maze2d-umaze-v0[0m
  logger.warn(f"Overriding environment {id}")
/home/jupyter-deuk-c4e4/.conda/envs/ts310/lib/python3.10/site-packages/gym/envs/registration.py:595: UserWarning: [33mWARN: Overriding environment maze2d-medium-v0[0m
  logger.warn(f"Overriding environment {id}")
/home/jupyter-deuk-c4e4/.conda/envs/ts310/lib/python3.10/site-packages/gym/envs/registration.py:595: UserWarning: [33mWARN: Overriding environment maze2d-large-v0[0m
  logger.warn(f"Overriding environment {id}")
/home/jupyter-deuk-c4e4/.conda/envs/ts310/lib/python3.10/site-packages/gym/envs/registration.py:595: UserWarning: [33mWARN: Overriding environment maze2d-umaze-v1[0m
  logger.warn(f"Overriding environment {id}")
/home/jupyter-deuk-c4e4/.conda/envs/ts310/lib/python3.10/site-packages/gym/envs/registration.py:595: UserWarning: [33mWARN: Overriding environment maze2d-medium-v1[0m
  logger.warn(f"Overriding environment {id}")
/home/jupyter-deuk-c4e4/.conda/envs/ts310/lib/python3.10/site-packages/gym/envs/registration.py:595: UserWarning: [33mWARN: Overriding environment maze2d-large-v1[0m
  logger.warn(f"Overriding environment {id}")
/home/jupyter-deuk-c4e4/.conda/envs/ts310/lib/python3.10/site-packages/gym/envs/registration.py:595: UserWarning: [33mWARN: Overriding environment maze2d-eval-umaze-v1[0m
  logger.warn(f"Overriding environment {id}")
/home/jupyter-deuk-c4e4/.conda/envs/ts310/lib/python3.10/site-packages/gym/envs/registration.py:595: UserWarning: [33mWARN: Overriding environment maze2d-eval-medium-v1[0m
  logger.warn(f"Overriding environment {id}")
/home/jupyter-deuk-c4e4/.conda/envs/ts310/lib/python3.10/site-packages/gym/envs/registration.py:595: UserWarning: [33mWARN: Overriding environment maze2d-eval-large-v1[0m
  logger.warn(f"Overriding environment {id}")
/home/jupyter-deuk-c4e4/.conda/envs/ts310/lib/python3.10/site-packages/gym/envs/registration.py:595: UserWarning: [33mWARN: Overriding environment maze2d-open-dense-v0[0m
  logger.warn(f"Overriding environment {id}")
/home/jupyter-deuk-c4e4/.conda/envs/ts310/lib/python3.10/site-packages/gym/envs/registration.py:595: UserWarning: [33mWARN: Overriding environment maze2d-umaze-dense-v0[0m
  logger.warn(f"Overriding environment {id}")
/home/jupyter-deuk-c4e4/.conda/envs/ts310/lib/python3.10/site-packages/gym/envs/registration.py:595: UserWarning: [33mWARN: Overriding environment maze2d-medium-dense-v0[0m
  logger.warn(f"Overriding environment {id}")
/home/jupyter-deuk-c4e4/.conda/envs/ts310/lib/python3.10/site-packages/gym/envs/registration.py:595: UserWarning: [33mWARN: Overriding environment maze2d-large-dense-v0[0m
  logger.warn(f"Overriding environment {id}")
/home/jupyter-deuk-c4e4/.conda/envs/ts310/lib/python3.10/site-packages/gym/envs/registration.py:595: UserWarning: [33mWARN: Overriding environment maze2d-umaze-dense-v1[0m
  logger.warn(f"Overriding environment {id}")
/home/jupyter-deuk-c4e4/.conda/envs/ts310/lib/python3.10/site-packages/gym/envs/registration.py:595: UserWarning: [33mWARN: Overriding environment maze2d-medium-dense-v1[0m
  logger.warn(f"Overriding environment {id}")
/home/jupyter-deuk-c4e4/.conda/envs/ts310/lib/python3.10/site-packages/gym/envs/registration.py:595: UserWarning: [33mWARN: Overriding environment maze2d-large-dense-v1[0m
  logger.warn(f"Overriding environment {id}")
/home/jupyter-deuk-c4e4/.conda/envs/ts310/lib/python3.10/site-packages/gym/envs/registration.py:595: UserWarning: [33mWARN: Overriding environment maze2d-eval-umaze-dense-v1[0m
  logger.warn(f"Overriding environment {id}")
/home/jupyter-deuk-c4e4/.conda/envs/ts310/lib/python3.10/site-packages/gym/envs/registration.py:595: UserWarning: [33mWARN: Overriding environment maze2d-eval-medium-dense-v1[0m
  logger.warn(f"Overriding environment {id}")
/home/jupyter-deuk-c4e4/.conda/envs/ts310/lib/python3.10/site-packages/gym/envs/registration.py:595: UserWarning: [33mWARN: Overriding environment maze2d-eval-large-dense-v1[0m
  logger.warn(f"Overriding environment {id}")
/opt/dlami/nvme/home/jupyter-deuk-c4e4/temporal-straightening/custom_resolvers.py:4: UserWarning: 
The version_base parameter is not specified.
Please specify a compatability version level, or None.
Will assume defaults for version 1.1
  @hydra.main(config_path=None)
[2026-07-25 15:10:21,631][__main__][INFO] - Planning result saved dir: /opt/dlami/nvme/home/jupyter-deuk-c4e4/pusht-reproduction/patchproj_reproduction/plan/gd_seed_300/chunk_20
/home/jupyter-deuk-c4e4/.conda/envs/ts310/lib/python3.10/site-packages/wandb/sdk/internal/internal_api.py:30: UserWarning: pkg_resources is deprecated as an API. See https://setuptools.pypa.io/en/latest/pkg_resources.html. The pkg_resources package is slated for removal as early as 2025-11-30. Refrain from using this package or pin to Setuptools<81.
  from pkg_resources import parse_version
Using cache found in /home/jupyter-deuk-c4e4/.cache/torch/hub/facebookresearch_dinov2_81b2b6419385
Loaded 18685 rollouts
Loaded 21 rollouts
[2026-07-25 15:10:24,233][dinov2][INFO] - using MLP layer as FFN
[2026-07-25 15:10:25,188][models.dino][WARNING] - Unknown projector 'none' for patch tokens; proceeding without projector.
Resuming from epoch 2: /home/jupyter-deuk-c4e4/pusht-reproduction/patchproj_reproduction/test/pusht_False_agg32_projchannel_dim8_hw14_sgTrue_lr1e-06/checkpoints/model_2.pth
[2026-07-25 15:10:25,555][models.visual_world_model][INFO] - num_action_repeat: 1
[2026-07-25 15:10:25,555][models.visual_world_model][INFO] - num_proprio_repeat: 1
[2026-07-25 15:10:25,555][models.visual_world_model][INFO] - proprio encoder: ProprioceptiveEmbedding(
  (patch_embed): Conv1d(4, 10, kernel_size=(1,), stride=(1,))
  (norm): LayerNorm((10,), eps=1e-05, elementwise_affine=True)
)
[2026-07-25 15:10:25,555][models.visual_world_model][INFO] - action encoder: ProprioceptiveEmbedding(
  (patch_embed): Conv1d(10, 10, kernel_size=(1,), stride=(1,))
  (norm): LayerNorm((10,), eps=1e-05, elementwise_affine=True)
)
[2026-07-25 15:10:25,555][models.visual_world_model][INFO] - proprio_dim: 10, after repeat: 10
[2026-07-25 15:10:25,555][models.visual_world_model][INFO] - action_dim: 10, after repeat: 10
[2026-07-25 15:10:25,555][models.visual_world_model][INFO] - emb_dim: 28
[2026-07-25 15:10:25,555][models.visual_world_model][INFO] - Straightening disabled
[2026-07-25 15:10:25,556][models.visual_world_model][INFO] - Speed constancy disabled
[2026-07-25 15:10:25,556][models.visual_world_model][INFO] - Trajectory penalty disabled
[2026-07-25 15:10:25,556][models.visual_world_model][INFO] - Stop-grad enabled: True
[2026-07-25 15:10:25,556][models.visual_world_model][INFO] - VCReg enabled: False, apply_to=enc, std_coeff=0.0, cov_coeff=0.0
[2026-07-25 15:10:25,556][models.visual_world_model][INFO] - Model emb_dim: 28
[timing] setup_model_s=3.928
eval_seed:  [6001, 6301, 6601, 6901, 7201, 7501, 7801, 8101, 8401, 8701]
Dumped plan targets to /opt/dlami/nvme/home/jupyter-deuk-c4e4/pusht-reproduction/patchproj_reproduction/plan/gd_seed_300/chunk_20/plan_targets.pkl
[timing] setup_workspace_s=6.797

MPC iter 0 Eval ------- 
Success rate:  0.7
{'success': array([ True,  True,  True,  True, False,  True,  True, False, False,
        True]), 'state_dist': array([ 25.336187,  51.38591 ,  19.314379,  22.279585,  42.0565  ,
        48.01447 ,  12.564451,  37.622154, 139.39145 ,  22.102188],
      dtype=float32)}
self.is_success:  [ True  True  True  True False  True  True False False  True]
Success rate:  0.7
{'success': array([ True,  True,  True,  True, False,  True,  True, False, False,
        True]), 'state_dist': array([ 25.336187,  51.38591 ,  19.314379,  22.279585,  42.0565  ,
        48.01447 ,  12.564451,  37.622154, 139.39145 ,  22.102188],
      dtype=float32)}
[timing] perform_planning_s=23.015
[timing] total_planning_main_s=33.740
===== channel_off gd seed 300 chunk 30 (n_evals=10) =====
/home/jupyter-deuk-c4e4/.conda/envs/ts310/lib/python3.10/site-packages/wandb/sdk/internal/internal_api.py:30: UserWarning: pkg_resources is deprecated as an API. See https://setuptools.pypa.io/en/latest/pkg_resources.html. The pkg_resources package is slated for removal as early as 2025-11-30. Refrain from using this package or pin to Setuptools<81.
  from pkg_resources import parse_version
/home/jupyter-deuk-c4e4/.conda/envs/ts310/lib/python3.10/site-packages/pkg_resources/__init__.py:3148: DeprecationWarning: Deprecated call to `pkg_resources.declare_namespace('mpl_toolkits')`.
Implementing implicit namespace packages (as specified in PEP 420) is preferred to `pkg_resources.declare_namespace`. See https://setuptools.pypa.io/en/latest/references/keywords.html#keyword-namespace-packages
  declare_namespace(pkg)
/home/jupyter-deuk-c4e4/.conda/envs/ts310/lib/python3.10/site-packages/pkg_resources/__init__.py:3148: DeprecationWarning: Deprecated call to `pkg_resources.declare_namespace('google')`.
Implementing implicit namespace packages (as specified in PEP 420) is preferred to `pkg_resources.declare_namespace`. See https://setuptools.pypa.io/en/latest/references/keywords.html#keyword-namespace-packages
  declare_namespace(pkg)
/home/jupyter-deuk-c4e4/.conda/envs/ts310/lib/python3.10/site-packages/Cython/Distutils/old_build_ext.py:15: DeprecationWarning: dep_util is Deprecated. Use functions from setuptools instead.
  from distutils.dep_util import newer, newer_group
<frozen importlib._bootstrap>:283: DeprecationWarning: the load_module() method is deprecated and slated for removal in Python 3.12; use exec_module() instead
Warning: Mujoco-based envs failed to import. Set the environment variable D4RL_SUPPRESS_IMPORT_ERROR=1 to suppress this message.
No module named 'mjrl'
Warning: Flow failed to import. Set the environment variable D4RL_SUPPRESS_IMPORT_ERROR=1 to suppress this message.
No module named 'flow'
Warning: CARLA failed to import. Set the environment variable D4RL_SUPPRESS_IMPORT_ERROR=1 to suppress this message.
No module named 'carla'
pybullet build time: Jan 29 2025 23:16:28
/home/jupyter-deuk-c4e4/.conda/envs/ts310/lib/python3.10/site-packages/gym/envs/registration.py:595: UserWarning: [33mWARN: Overriding environment maze2d-open-v0[0m
  logger.warn(f"Overriding environment {id}")
/home/jupyter-deuk-c4e4/.conda/envs/ts310/lib/python3.10/site-packages/gym/envs/registration.py:595: UserWarning: [33mWARN: Overriding environment maze2d-umaze-v0[0m
  logger.warn(f"Overriding environment {id}")
/home/jupyter-deuk-c4e4/.conda/envs/ts310/lib/python3.10/site-packages/gym/envs/registration.py:595: UserWarning: [33mWARN: Overriding environment maze2d-medium-v0[0m
  logger.warn(f"Overriding environment {id}")
/home/jupyter-deuk-c4e4/.conda/envs/ts310/lib/python3.10/site-packages/gym/envs/registration.py:595: UserWarning: [33mWARN: Overriding environment maze2d-large-v0[0m
  logger.warn(f"Overriding environment {id}")
/home/jupyter-deuk-c4e4/.conda/envs/ts310/lib/python3.10/site-packages/gym/envs/registration.py:595: UserWarning: [33mWARN: Overriding environment maze2d-umaze-v1[0m
  logger.warn(f"Overriding environment {id}")
/home/jupyter-deuk-c4e4/.conda/envs/ts310/lib/python3.10/site-packages/gym/envs/registration.py:595: UserWarning: [33mWARN: Overriding environment maze2d-medium-v1[0m
  logger.warn(f"Overriding environment {id}")
/home/jupyter-deuk-c4e4/.conda/envs/ts310/lib/python3.10/site-packages/gym/envs/registration.py:595: UserWarning: [33mWARN: Overriding environment maze2d-large-v1[0m
  logger.warn(f"Overriding environment {id}")
/home/jupyter-deuk-c4e4/.conda/envs/ts310/lib/python3.10/site-packages/gym/envs/registration.py:595: UserWarning: [33mWARN: Overriding environment maze2d-eval-umaze-v1[0m
  logger.warn(f"Overriding environment {id}")
/home/jupyter-deuk-c4e4/.conda/envs/ts310/lib/python3.10/site-packages/gym/envs/registration.py:595: UserWarning: [33mWARN: Overriding environment maze2d-eval-medium-v1[0m
  logger.warn(f"Overriding environment {id}")
/home/jupyter-deuk-c4e4/.conda/envs/ts310/lib/python3.10/site-packages/gym/envs/registration.py:595: UserWarning: [33mWARN: Overriding environment maze2d-eval-large-v1[0m
  logger.warn(f"Overriding environment {id}")
/home/jupyter-deuk-c4e4/.conda/envs/ts310/lib/python3.10/site-packages/gym/envs/registration.py:595: UserWarning: [33mWARN: Overriding environment maze2d-open-dense-v0[0m
  logger.warn(f"Overriding environment {id}")
/home/jupyter-deuk-c4e4/.conda/envs/ts310/lib/python3.10/site-packages/gym/envs/registration.py:595: UserWarning: [33mWARN: Overriding environment maze2d-umaze-dense-v0[0m
  logger.warn(f"Overriding environment {id}")
/home/jupyter-deuk-c4e4/.conda/envs/ts310/lib/python3.10/site-packages/gym/envs/registration.py:595: UserWarning: [33mWARN: Overriding environment maze2d-medium-dense-v0[0m
  logger.warn(f"Overriding environment {id}")
/home/jupyter-deuk-c4e4/.conda/envs/ts310/lib/python3.10/site-packages/gym/envs/registration.py:595: UserWarning: [33mWARN: Overriding environment maze2d-large-dense-v0[0m
  logger.warn(f"Overriding environment {id}")
/home/jupyter-deuk-c4e4/.conda/envs/ts310/lib/python3.10/site-packages/gym/envs/registration.py:595: UserWarning: [33mWARN: Overriding environment maze2d-umaze-dense-v1[0m
  logger.warn(f"Overriding environment {id}")
/home/jupyter-deuk-c4e4/.conda/envs/ts310/lib/python3.10/site-packages/gym/envs/registration.py:595: UserWarning: [33mWARN: Overriding environment maze2d-medium-dense-v1[0m
  logger.warn(f"Overriding environment {id}")
/home/jupyter-deuk-c4e4/.conda/envs/ts310/lib/python3.10/site-packages/gym/envs/registration.py:595: UserWarning: [33mWARN: Overriding environment maze2d-large-dense-v1[0m
  logger.warn(f"Overriding environment {id}")
/home/jupyter-deuk-c4e4/.conda/envs/ts310/lib/python3.10/site-packages/gym/envs/registration.py:595: UserWarning: [33mWARN: Overriding environment maze2d-eval-umaze-dense-v1[0m
  logger.warn(f"Overriding environment {id}")
/home/jupyter-deuk-c4e4/.conda/envs/ts310/lib/python3.10/site-packages/gym/envs/registration.py:595: UserWarning: [33mWARN: Overriding environment maze2d-eval-medium-dense-v1[0m
  logger.warn(f"Overriding environment {id}")
/home/jupyter-deuk-c4e4/.conda/envs/ts310/lib/python3.10/site-packages/gym/envs/registration.py:595: UserWarning: [33mWARN: Overriding environment maze2d-eval-large-dense-v1[0m
  logger.warn(f"Overriding environment {id}")
/opt/dlami/nvme/home/jupyter-deuk-c4e4/temporal-straightening/custom_resolvers.py:4: UserWarning: 
The version_base parameter is not specified.
Please specify a compatability version level, or None.
Will assume defaults for version 1.1
  @hydra.main(config_path=None)
[2026-07-25 15:11:00,713][__main__][INFO] - Planning result saved dir: /opt/dlami/nvme/home/jupyter-deuk-c4e4/pusht-reproduction/patchproj_reproduction/plan/gd_seed_300/chunk_30
/home/jupyter-deuk-c4e4/.conda/envs/ts310/lib/python3.10/site-packages/wandb/sdk/internal/internal_api.py:30: UserWarning: pkg_resources is deprecated as an API. See https://setuptools.pypa.io/en/latest/pkg_resources.html. The pkg_resources package is slated for removal as early as 2025-11-30. Refrain from using this package or pin to Setuptools<81.
  from pkg_resources import parse_version
Using cache found in /home/jupyter-deuk-c4e4/.cache/torch/hub/facebookresearch_dinov2_81b2b6419385
Loaded 18685 rollouts
Loaded 21 rollouts
[2026-07-25 15:11:03,210][dinov2][INFO] - using MLP layer as FFN
[2026-07-25 15:11:03,636][models.dino][WARNING] - Unknown projector 'none' for patch tokens; proceeding without projector.
Resuming from epoch 2: /home/jupyter-deuk-c4e4/pusht-reproduction/patchproj_reproduction/test/pusht_False_agg32_projchannel_dim8_hw14_sgTrue_lr1e-06/checkpoints/model_2.pth
[2026-07-25 15:11:04,020][models.visual_world_model][INFO] - num_action_repeat: 1
[2026-07-25 15:11:04,020][models.visual_world_model][INFO] - num_proprio_repeat: 1
[2026-07-25 15:11:04,020][models.visual_world_model][INFO] - proprio encoder: ProprioceptiveEmbedding(
  (patch_embed): Conv1d(4, 10, kernel_size=(1,), stride=(1,))
  (norm): LayerNorm((10,), eps=1e-05, elementwise_affine=True)
)
[2026-07-25 15:11:04,020][models.visual_world_model][INFO] - action encoder: ProprioceptiveEmbedding(
  (patch_embed): Conv1d(10, 10, kernel_size=(1,), stride=(1,))
  (norm): LayerNorm((10,), eps=1e-05, elementwise_affine=True)
)
[2026-07-25 15:11:04,020][models.visual_world_model][INFO] - proprio_dim: 10, after repeat: 10
[2026-07-25 15:11:04,020][models.visual_world_model][INFO] - action_dim: 10, after repeat: 10
[2026-07-25 15:11:04,020][models.visual_world_model][INFO] - emb_dim: 28
[2026-07-25 15:11:04,020][models.visual_world_model][INFO] - Straightening disabled
[2026-07-25 15:11:04,020][models.visual_world_model][INFO] - Speed constancy disabled
[2026-07-25 15:11:04,020][models.visual_world_model][INFO] - Trajectory penalty disabled
[2026-07-25 15:11:04,020][models.visual_world_model][INFO] - Stop-grad enabled: True
[2026-07-25 15:11:04,020][models.visual_world_model][INFO] - VCReg enabled: False, apply_to=enc, std_coeff=0.0, cov_coeff=0.0
[2026-07-25 15:11:04,020][models.visual_world_model][INFO] - Model emb_dim: 28
[timing] setup_model_s=3.309
eval_seed:  [9001, 9301, 9601, 9901, 10201, 10501, 10801, 11101, 11401, 11701]
Dumped plan targets to /opt/dlami/nvme/home/jupyter-deuk-c4e4/pusht-reproduction/patchproj_reproduction/plan/gd_seed_300/chunk_30/plan_targets.pkl
[timing] setup_workspace_s=7.360

MPC iter 0 Eval ------- 
Success rate:  0.7
{'success': array([False,  True, False,  True,  True,  True,  True,  True, False,
        True]), 'state_dist': array([196.52165 ,  16.272142,  47.25342 ,  53.053318,  11.289473,
        67.418175,  30.224195,  24.175188, 149.62529 ,  16.092777],
      dtype=float32)}
self.is_success:  [False  True False  True  True  True  True  True False  True]
Success rate:  0.7
{'success': array([False,  True, False,  True,  True,  True,  True,  True, False,
        True]), 'state_dist': array([196.52165 ,  16.272142,  47.25342 ,  53.053318,  11.289473,
        67.418175,  30.224195,  24.175188, 149.62529 ,  16.092777],
      dtype=float32)}
[timing] perform_planning_s=22.916
[timing] total_planning_main_s=33.585
===== channel_off gd seed 300 chunk 40 (n_evals=10) =====
/home/jupyter-deuk-c4e4/.conda/envs/ts310/lib/python3.10/site-packages/wandb/sdk/internal/internal_api.py:30: UserWarning: pkg_resources is deprecated as an API. See https://setuptools.pypa.io/en/latest/pkg_resources.html. The pkg_resources package is slated for removal as early as 2025-11-30. Refrain from using this package or pin to Setuptools<81.
  from pkg_resources import parse_version
/home/jupyter-deuk-c4e4/.conda/envs/ts310/lib/python3.10/site-packages/pkg_resources/__init__.py:3148: DeprecationWarning: Deprecated call to `pkg_resources.declare_namespace('mpl_toolkits')`.
Implementing implicit namespace packages (as specified in PEP 420) is preferred to `pkg_resources.declare_namespace`. See https://setuptools.pypa.io/en/latest/references/keywords.html#keyword-namespace-packages
  declare_namespace(pkg)
/home/jupyter-deuk-c4e4/.conda/envs/ts310/lib/python3.10/site-packages/pkg_resources/__init__.py:3148: DeprecationWarning: Deprecated call to `pkg_resources.declare_namespace('google')`.
Implementing implicit namespace packages (as specified in PEP 420) is preferred to `pkg_resources.declare_namespace`. See https://setuptools.pypa.io/en/latest/references/keywords.html#keyword-namespace-packages
  declare_namespace(pkg)
/home/jupyter-deuk-c4e4/.conda/envs/ts310/lib/python3.10/site-packages/Cython/Distutils/old_build_ext.py:15: DeprecationWarning: dep_util is Deprecated. Use functions from setuptools instead.
  from distutils.dep_util import newer, newer_group
<frozen importlib._bootstrap>:283: DeprecationWarning: the load_module() method is deprecated and slated for removal in Python 3.12; use exec_module() instead
Warning: Mujoco-based envs failed to import. Set the environment variable D4RL_SUPPRESS_IMPORT_ERROR=1 to suppress this message.
No module named 'mjrl'
Warning: Flow failed to import. Set the environment variable D4RL_SUPPRESS_IMPORT_ERROR=1 to suppress this message.
No module named 'flow'
Warning: CARLA failed to import. Set the environment variable D4RL_SUPPRESS_IMPORT_ERROR=1 to suppress this message.
No module named 'carla'
pybullet build time: Jan 29 2025 23:16:28
/home/jupyter-deuk-c4e4/.conda/envs/ts310/lib/python3.10/site-packages/gym/envs/registration.py:595: UserWarning: [33mWARN: Overriding environment maze2d-open-v0[0m
  logger.warn(f"Overriding environment {id}")
/home/jupyter-deuk-c4e4/.conda/envs/ts310/lib/python3.10/site-packages/gym/envs/registration.py:595: UserWarning: [33mWARN: Overriding environment maze2d-umaze-v0[0m
  logger.warn(f"Overriding environment {id}")
/home/jupyter-deuk-c4e4/.conda/envs/ts310/lib/python3.10/site-packages/gym/envs/registration.py:595: UserWarning: [33mWARN: Overriding environment maze2d-medium-v0[0m
  logger.warn(f"Overriding environment {id}")
/home/jupyter-deuk-c4e4/.conda/envs/ts310/lib/python3.10/site-packages/gym/envs/registration.py:595: UserWarning: [33mWARN: Overriding environment maze2d-large-v0[0m
  logger.warn(f"Overriding environment {id}")
/home/jupyter-deuk-c4e4/.conda/envs/ts310/lib/python3.10/site-packages/gym/envs/registration.py:595: UserWarning: [33mWARN: Overriding environment maze2d-umaze-v1[0m
  logger.warn(f"Overriding environment {id}")
/home/jupyter-deuk-c4e4/.conda/envs/ts310/lib/python3.10/site-packages/gym/envs/registration.py:595: UserWarning: [33mWARN: Overriding environment maze2d-medium-v1[0m
  logger.warn(f"Overriding environment {id}")
/home/jupyter-deuk-c4e4/.conda/envs/ts310/lib/python3.10/site-packages/gym/envs/registration.py:595: UserWarning: [33mWARN: Overriding environment maze2d-large-v1[0m
  logger.warn(f"Overriding environment {id}")
/home/jupyter-deuk-c4e4/.conda/envs/ts310/lib/python3.10/site-packages/gym/envs/registration.py:595: UserWarning: [33mWARN: Overriding environment maze2d-eval-umaze-v1[0m
  logger.warn(f"Overriding environment {id}")
/home/jupyter-deuk-c4e4/.conda/envs/ts310/lib/python3.10/site-packages/gym/envs/registration.py:595: UserWarning: [33mWARN: Overriding environment maze2d-eval-medium-v1[0m
  logger.warn(f"Overriding environment {id}")
/home/jupyter-deuk-c4e4/.conda/envs/ts310/lib/python3.10/site-packages/gym/envs/registration.py:595: UserWarning: [33mWARN: Overriding environment maze2d-eval-large-v1[0m
  logger.warn(f"Overriding environment {id}")
/home/jupyter-deuk-c4e4/.conda/envs/ts310/lib/python3.10/site-packages/gym/envs/registration.py:595: UserWarning: [33mWARN: Overriding environment maze2d-open-dense-v0[0m
  logger.warn(f"Overriding environment {id}")
/home/jupyter-deuk-c4e4/.conda/envs/ts310/lib/python3.10/site-packages/gym/envs/registration.py:595: UserWarning: [33mWARN: Overriding environment maze2d-umaze-dense-v0[0m
  logger.warn(f"Overriding environment {id}")
/home/jupyter-deuk-c4e4/.conda/envs/ts310/lib/python3.10/site-packages/gym/envs/registration.py:595: UserWarning: [33mWARN: Overriding environment maze2d-medium-dense-v0[0m
  logger.warn(f"Overriding environment {id}")
/home/jupyter-deuk-c4e4/.conda/envs/ts310/lib/python3.10/site-packages/gym/envs/registration.py:595: UserWarning: [33mWARN: Overriding environment maze2d-large-dense-v0[0m
  logger.warn(f"Overriding environment {id}")
/home/jupyter-deuk-c4e4/.conda/envs/ts310/lib/python3.10/site-packages/gym/envs/registration.py:595: UserWarning: [33mWARN: Overriding environment maze2d-umaze-dense-v1[0m
  logger.warn(f"Overriding environment {id}")
/home/jupyter-deuk-c4e4/.conda/envs/ts310/lib/python3.10/site-packages/gym/envs/registration.py:595: UserWarning: [33mWARN: Overriding environment maze2d-medium-dense-v1[0m
  logger.warn(f"Overriding environment {id}")
/home/jupyter-deuk-c4e4/.conda/envs/ts310/lib/python3.10/site-packages/gym/envs/registration.py:595: UserWarning: [33mWARN: Overriding environment maze2d-large-dense-v1[0m
  logger.warn(f"Overriding environment {id}")
/home/jupyter-deuk-c4e4/.conda/envs/ts310/lib/python3.10/site-packages/gym/envs/registration.py:595: UserWarning: [33mWARN: Overriding environment maze2d-eval-umaze-dense-v1[0m
  logger.warn(f"Overriding environment {id}")
/home/jupyter-deuk-c4e4/.conda/envs/ts310/lib/python3.10/site-packages/gym/envs/registration.py:595: UserWarning: [33mWARN: Overriding environment maze2d-eval-medium-dense-v1[0m
  logger.warn(f"Overriding environment {id}")
/home/jupyter-deuk-c4e4/.conda/envs/ts310/lib/python3.10/site-packages/gym/envs/registration.py:595: UserWarning: [33mWARN: Overriding environment maze2d-eval-large-dense-v1[0m
  logger.warn(f"Overriding environment {id}")
/opt/dlami/nvme/home/jupyter-deuk-c4e4/temporal-straightening/custom_resolvers.py:4: UserWarning: 
The version_base parameter is not specified.
Please specify a compatability version level, or None.
Will assume defaults for version 1.1
  @hydra.main(config_path=None)
[2026-07-25 15:11:39,681][__main__][INFO] - Planning result saved dir: /opt/dlami/nvme/home/jupyter-deuk-c4e4/pusht-reproduction/patchproj_reproduction/plan/gd_seed_300/chunk_40
/home/jupyter-deuk-c4e4/.conda/envs/ts310/lib/python3.10/site-packages/wandb/sdk/internal/internal_api.py:30: UserWarning: pkg_resources is deprecated as an API. See https://setuptools.pypa.io/en/latest/pkg_resources.html. The pkg_resources package is slated for removal as early as 2025-11-30. Refrain from using this package or pin to Setuptools<81.
  from pkg_resources import parse_version
Using cache found in /home/jupyter-deuk-c4e4/.cache/torch/hub/facebookresearch_dinov2_81b2b6419385
Loaded 18685 rollouts
Loaded 21 rollouts
[2026-07-25 15:11:42,256][dinov2][INFO] - using MLP layer as FFN
[2026-07-25 15:11:42,773][models.dino][WARNING] - Unknown projector 'none' for patch tokens; proceeding without projector.
Resuming from epoch 2: /home/jupyter-deuk-c4e4/pusht-reproduction/patchproj_reproduction/test/pusht_False_agg32_projchannel_dim8_hw14_sgTrue_lr1e-06/checkpoints/model_2.pth
[2026-07-25 15:11:43,113][models.visual_world_model][INFO] - num_action_repeat: 1
[2026-07-25 15:11:43,114][models.visual_world_model][INFO] - num_proprio_repeat: 1
[2026-07-25 15:11:43,114][models.visual_world_model][INFO] - proprio encoder: ProprioceptiveEmbedding(
  (patch_embed): Conv1d(4, 10, kernel_size=(1,), stride=(1,))
  (norm): LayerNorm((10,), eps=1e-05, elementwise_affine=True)
)
[2026-07-25 15:11:43,114][models.visual_world_model][INFO] - action encoder: ProprioceptiveEmbedding(
  (patch_embed): Conv1d(10, 10, kernel_size=(1,), stride=(1,))
  (norm): LayerNorm((10,), eps=1e-05, elementwise_affine=True)
)
[2026-07-25 15:11:43,114][models.visual_world_model][INFO] - proprio_dim: 10, after repeat: 10
[2026-07-25 15:11:43,114][models.visual_world_model][INFO] - action_dim: 10, after repeat: 10
[2026-07-25 15:11:43,114][models.visual_world_model][INFO] - emb_dim: 28
[2026-07-25 15:11:43,114][models.visual_world_model][INFO] - Straightening disabled
[2026-07-25 15:11:43,114][models.visual_world_model][INFO] - Speed constancy disabled
[2026-07-25 15:11:43,114][models.visual_world_model][INFO] - Trajectory penalty disabled
[2026-07-25 15:11:43,114][models.visual_world_model][INFO] - Stop-grad enabled: True
[2026-07-25 15:11:43,114][models.visual_world_model][INFO] - VCReg enabled: False, apply_to=enc, std_coeff=0.0, cov_coeff=0.0
[2026-07-25 15:11:43,114][models.visual_world_model][INFO] - Model emb_dim: 28
[timing] setup_model_s=3.437
eval_seed:  [12001, 12301, 12601, 12901, 13201, 13501, 13801, 14101, 14401, 14701]
Dumped plan targets to /opt/dlami/nvme/home/jupyter-deuk-c4e4/pusht-reproduction/patchproj_reproduction/plan/gd_seed_300/chunk_40/plan_targets.pkl
[timing] setup_workspace_s=7.696

MPC iter 0 Eval ------- 
Success rate:  0.6
{'success': array([False, False,  True,  True,  True, False,  True, False,  True,
        True]), 'state_dist': array([ 18.159475, 136.53105 ,  66.68268 ,  70.47102 ,  17.967403,
        56.05489 ,  78.787605, 144.99362 ,  17.256216,  28.908785],
      dtype=float32)}
self.is_success:  [False False  True  True  True False  True False  True  True]
Success rate:  0.6
{'success': array([False, False,  True,  True,  True, False,  True, False,  True,
        True]), 'state_dist': array([ 18.159475, 136.53105 ,  66.68268 ,  70.47102 ,  17.967403,
        56.05489 ,  78.787605, 144.99362 ,  17.256216,  28.908785],
      dtype=float32)}
[timing] perform_planning_s=22.974
[timing] total_planning_main_s=34.107
===== channel_off mpc seed 100 chunk 00 (n_evals=10) =====
/home/jupyter-deuk-c4e4/.conda/envs/ts310/lib/python3.10/site-packages/wandb/sdk/internal/internal_api.py:30: UserWarning: pkg_resources is deprecated as an API. See https://setuptools.pypa.io/en/latest/pkg_resources.html. The pkg_resources package is slated for removal as early as 2025-11-30. Refrain from using this package or pin to Setuptools<81.
  from pkg_resources import parse_version
/home/jupyter-deuk-c4e4/.conda/envs/ts310/lib/python3.10/site-packages/pkg_resources/__init__.py:3148: DeprecationWarning: Deprecated call to `pkg_resources.declare_namespace('mpl_toolkits')`.
Implementing implicit namespace packages (as specified in PEP 420) is preferred to `pkg_resources.declare_namespace`. See https://setuptools.pypa.io/en/latest/references/keywords.html#keyword-namespace-packages
  declare_namespace(pkg)
/home/jupyter-deuk-c4e4/.conda/envs/ts310/lib/python3.10/site-packages/pkg_resources/__init__.py:3148: DeprecationWarning: Deprecated call to `pkg_resources.declare_namespace('google')`.
Implementing implicit namespace packages (as specified in PEP 420) is preferred to `pkg_resources.declare_namespace`. See https://setuptools.pypa.io/en/latest/references/keywords.html#keyword-namespace-packages
  declare_namespace(pkg)
/home/jupyter-deuk-c4e4/.conda/envs/ts310/lib/python3.10/site-packages/Cython/Distutils/old_build_ext.py:15: DeprecationWarning: dep_util is Deprecated. Use functions from setuptools instead.
  from distutils.dep_util import newer, newer_group
<frozen importlib._bootstrap>:283: DeprecationWarning: the load_module() method is deprecated and slated for removal in Python 3.12; use exec_module() instead
Warning: Mujoco-based envs failed to import. Set the environment variable D4RL_SUPPRESS_IMPORT_ERROR=1 to suppress this message.
No module named 'mjrl'
Warning: Flow failed to import. Set the environment variable D4RL_SUPPRESS_IMPORT_ERROR=1 to suppress this message.
No module named 'flow'
Warning: CARLA failed to import. Set the environment variable D4RL_SUPPRESS_IMPORT_ERROR=1 to suppress this message.
No module named 'carla'
pybullet build time: Jan 29 2025 23:16:28
/home/jupyter-deuk-c4e4/.conda/envs/ts310/lib/python3.10/site-packages/gym/envs/registration.py:595: UserWarning: [33mWARN: Overriding environment maze2d-open-v0[0m
  logger.warn(f"Overriding environment {id}")
/home/jupyter-deuk-c4e4/.conda/envs/ts310/lib/python3.10/site-packages/gym/envs/registration.py:595: UserWarning: [33mWARN: Overriding environment maze2d-umaze-v0[0m
  logger.warn(f"Overriding environment {id}")
/home/jupyter-deuk-c4e4/.conda/envs/ts310/lib/python3.10/site-packages/gym/envs/registration.py:595: UserWarning: [33mWARN: Overriding environment maze2d-medium-v0[0m
  logger.warn(f"Overriding environment {id}")
/home/jupyter-deuk-c4e4/.conda/envs/ts310/lib/python3.10/site-packages/gym/envs/registration.py:595: UserWarning: [33mWARN: Overriding environment maze2d-large-v0[0m
  logger.warn(f"Overriding environment {id}")
/home/jupyter-deuk-c4e4/.conda/envs/ts310/lib/python3.10/site-packages/gym/envs/registration.py:595: UserWarning: [33mWARN: Overriding environment maze2d-umaze-v1[0m
  logger.warn(f"Overriding environment {id}")
/home/jupyter-deuk-c4e4/.conda/envs/ts310/lib/python3.10/site-packages/gym/envs/registration.py:595: UserWarning: [33mWARN: Overriding environment maze2d-medium-v1[0m
  logger.warn(f"Overriding environment {id}")
/home/jupyter-deuk-c4e4/.conda/envs/ts310/lib/python3.10/site-packages/gym/envs/registration.py:595: UserWarning: [33mWARN: Overriding environment maze2d-large-v1[0m
  logger.warn(f"Overriding environment {id}")
/home/jupyter-deuk-c4e4/.conda/envs/ts310/lib/python3.10/site-packages/gym/envs/registration.py:595: UserWarning: [33mWARN: Overriding environment maze2d-eval-umaze-v1[0m
  logger.warn(f"Overriding environment {id}")
/home/jupyter-deuk-c4e4/.conda/envs/ts310/lib/python3.10/site-packages/gym/envs/registration.py:595: UserWarning: [33mWARN: Overriding environment maze2d-eval-medium-v1[0m
  logger.warn(f"Overriding environment {id}")
/home/jupyter-deuk-c4e4/.conda/envs/ts310/lib/python3.10/site-packages/gym/envs/registration.py:595: UserWarning: [33mWARN: Overriding environment maze2d-eval-large-v1[0m
  logger.warn(f"Overriding environment {id}")
/home/jupyter-deuk-c4e4/.conda/envs/ts310/lib/python3.10/site-packages/gym/envs/registration.py:595: UserWarning: [33mWARN: Overriding environment maze2d-open-dense-v0[0m
  logger.warn(f"Overriding environment {id}")
/home/jupyter-deuk-c4e4/.conda/envs/ts310/lib/python3.10/site-packages/gym/envs/registration.py:595: UserWarning: [33mWARN: Overriding environment maze2d-umaze-dense-v0[0m
  logger.warn(f"Overriding environment {id}")
/home/jupyter-deuk-c4e4/.conda/envs/ts310/lib/python3.10/site-packages/gym/envs/registration.py:595: UserWarning: [33mWARN: Overriding environment maze2d-medium-dense-v0[0m
  logger.warn(f"Overriding environment {id}")
/home/jupyter-deuk-c4e4/.conda/envs/ts310/lib/python3.10/site-packages/gym/envs/registration.py:595: UserWarning: [33mWARN: Overriding environment maze2d-large-dense-v0[0m
  logger.warn(f"Overriding environment {id}")
/home/jupyter-deuk-c4e4/.conda/envs/ts310/lib/python3.10/site-packages/gym/envs/registration.py:595: UserWarning: [33mWARN: Overriding environment maze2d-umaze-dense-v1[0m
  logger.warn(f"Overriding environment {id}")
/home/jupyter-deuk-c4e4/.conda/envs/ts310/lib/python3.10/site-packages/gym/envs/registration.py:595: UserWarning: [33mWARN: Overriding environment maze2d-medium-dense-v1[0m
  logger.warn(f"Overriding environment {id}")
/home/jupyter-deuk-c4e4/.conda/envs/ts310/lib/python3.10/site-packages/gym/envs/registration.py:595: UserWarning: [33mWARN: Overriding environment maze2d-large-dense-v1[0m
  logger.warn(f"Overriding environment {id}")
/home/jupyter-deuk-c4e4/.conda/envs/ts310/lib/python3.10/site-packages/gym/envs/registration.py:595: UserWarning: [33mWARN: Overriding environment maze2d-eval-umaze-dense-v1[0m
  logger.warn(f"Overriding environment {id}")
/home/jupyter-deuk-c4e4/.conda/envs/ts310/lib/python3.10/site-packages/gym/envs/registration.py:595: UserWarning: [33mWARN: Overriding environment maze2d-eval-medium-dense-v1[0m
  logger.warn(f"Overriding environment {id}")
/home/jupyter-deuk-c4e4/.conda/envs/ts310/lib/python3.10/site-packages/gym/envs/registration.py:595: UserWarning: [33mWARN: Overriding environment maze2d-eval-large-dense-v1[0m
  logger.warn(f"Overriding environment {id}")
/opt/dlami/nvme/home/jupyter-deuk-c4e4/temporal-straightening/custom_resolvers.py:4: UserWarning: 
The version_base parameter is not specified.
Please specify a compatability version level, or None.
Will assume defaults for version 1.1
  @hydra.main(config_path=None)
[2026-07-25 15:12:19,847][__main__][INFO] - Planning result saved dir: /opt/dlami/nvme/home/jupyter-deuk-c4e4/pusht-reproduction/patchproj_reproduction/plan/mpc_seed_100/chunk_00
/home/jupyter-deuk-c4e4/.conda/envs/ts310/lib/python3.10/site-packages/wandb/sdk/internal/internal_api.py:30: UserWarning: pkg_resources is deprecated as an API. See https://setuptools.pypa.io/en/latest/pkg_resources.html. The pkg_resources package is slated for removal as early as 2025-11-30. Refrain from using this package or pin to Setuptools<81.
  from pkg_resources import parse_version
Using cache found in /home/jupyter-deuk-c4e4/.cache/torch/hub/facebookresearch_dinov2_81b2b6419385
Loaded 18685 rollouts
Loaded 21 rollouts
[2026-07-25 15:12:22,430][dinov2][INFO] - using MLP layer as FFN
[2026-07-25 15:12:23,335][models.dino][WARNING] - Unknown projector 'none' for patch tokens; proceeding without projector.
Resuming from epoch 2: /home/jupyter-deuk-c4e4/pusht-reproduction/patchproj_reproduction/test/pusht_False_agg32_projchannel_dim8_hw14_sgTrue_lr1e-06/checkpoints/model_2.pth
[2026-07-25 15:12:23,681][models.visual_world_model][INFO] - num_action_repeat: 1
[2026-07-25 15:12:23,682][models.visual_world_model][INFO] - num_proprio_repeat: 1
[2026-07-25 15:12:23,682][models.visual_world_model][INFO] - proprio encoder: ProprioceptiveEmbedding(
  (patch_embed): Conv1d(4, 10, kernel_size=(1,), stride=(1,))
  (norm): LayerNorm((10,), eps=1e-05, elementwise_affine=True)
)
[2026-07-25 15:12:23,682][models.visual_world_model][INFO] - action encoder: ProprioceptiveEmbedding(
  (patch_embed): Conv1d(10, 10, kernel_size=(1,), stride=(1,))
  (norm): LayerNorm((10,), eps=1e-05, elementwise_affine=True)
)
[2026-07-25 15:12:23,682][models.visual_world_model][INFO] - proprio_dim: 10, after repeat: 10
[2026-07-25 15:12:23,682][models.visual_world_model][INFO] - action_dim: 10, after repeat: 10
[2026-07-25 15:12:23,682][models.visual_world_model][INFO] - emb_dim: 28
[2026-07-25 15:12:23,682][models.visual_world_model][INFO] - Straightening disabled
[2026-07-25 15:12:23,682][models.visual_world_model][INFO] - Speed constancy disabled
[2026-07-25 15:12:23,682][models.visual_world_model][INFO] - Trajectory penalty disabled
[2026-07-25 15:12:23,682][models.visual_world_model][INFO] - Stop-grad enabled: True
[2026-07-25 15:12:23,682][models.visual_world_model][INFO] - VCReg enabled: False, apply_to=enc, std_coeff=0.0, cov_coeff=0.0
[2026-07-25 15:12:23,682][models.visual_world_model][INFO] - Model emb_dim: 28
[timing] setup_model_s=3.837
eval_seed:  [1, 101, 201, 301, 401, 501, 601, 701, 801, 901]
Dumped plan targets to /opt/dlami/nvme/home/jupyter-deuk-c4e4/pusht-reproduction/patchproj_reproduction/plan/mpc_seed_100/chunk_00/plan_targets.pkl
[timing] setup_workspace_s=4.580

MPC iter 0 Eval ------- 
Success rate:  0.0
{'success': array([False, False, False, False, False, False, False, False, False,
       False]), 'state_dist': array([131.9622  , 210.67155 , 159.61693 , 185.68785 , 102.231995,
       230.36006 , 171.1204  , 208.58943 , 128.52379 , 100.42782 ],
      dtype=float32)}
self.is_success:  [False False False False False False False False False False]

MPC iter 1 Eval ------- 
Success rate:  0.0
{'success': array([False, False, False, False, False, False, False, False, False,
       False]), 'state_dist': array([109.61202, 268.2122 , 149.43108, 157.30869,  98.60464, 215.78584,
       142.03673, 174.43585, 132.48973,  82.06057], dtype=float32)}
self.is_success:  [False False False False False False False False False False]

MPC iter 2 Eval ------- 
Success rate:  0.0
{'success': array([False, False, False, False, False, False, False, False, False,
       False]), 'state_dist': array([ 99.62123 , 261.7578  , 159.62961 , 124.267746, 108.90065 ,
       212.27985 , 118.147934, 132.28447 , 109.2366  ,  57.459846],
      dtype=float32)}
self.is_success:  [False False False False False False False False False False]

MPC iter 3 Eval ------- 
Success rate:  0.0
{'success': array([False, False, False, False, False, False, False, False, False,
       False]), 'state_dist': array([ 83.002594, 250.22914 , 180.05745 ,  82.77621 , 148.17195 ,
       145.50447 ,  99.05886 , 105.77106 ,  63.09861 ,  46.476738],
      dtype=float32)}
self.is_success:  [False False False False False False False False False False]

MPC iter 4 Eval ------- 
Success rate:  0.2
{'success': array([False, False, False, False, False, False, False, False,  True,
        True]), 'state_dist': array([163.24115 , 114.26743 , 166.98575 ,  33.990696, 132.71077 ,
        95.780426, 103.86602 , 207.50777 ,  99.646706,  29.08811 ],
      dtype=float32)}
self.is_success:  [False False False False False False False False  True  True]

MPC iter 5 Eval ------- 
Success rate:  0.6
{'success': array([ True,  True,  True, False, False,  True, False, False,  True,
        True]), 'state_dist': array([ 69.81364 ,  52.36431 ,  63.807796,  40.537907, 145.41566 ,
        45.837837,  50.55578 ,  69.1297  ,  99.646706,  29.08811 ],
      dtype=float32)}
self.is_success:  [ True  True  True False False  True False False  True  True]

MPC iter 6 Eval ------- 
Success rate:  0.7
{'success': array([ True,  True,  True,  True, False,  True, False, False,  True,
        True]), 'state_dist': array([ 69.81364 ,  52.36431 ,  63.807796,  10.961028, 117.36755 ,
        45.837837,  39.19289 , 131.49953 ,  99.646706,  29.08811 ],
      dtype=float32)}
self.is_success:  [ True  True  True  True False  True False False  True  True]

MPC iter 7 Eval ------- 
Success rate:  0.9
{'success': array([ True,  True,  True,  True, False,  True,  True,  True,  True,
        True]), 'state_dist': array([ 69.81364 ,  52.36431 ,  63.807796,  10.961028, 112.50202 ,
        45.837837,  22.676386, 150.06494 ,  99.646706,  29.08811 ],
      dtype=float32)}
self.is_success:  [ True  True  True  True False  True  True  True  True  True]

MPC iter 8 Eval ------- 
Success rate:  0.9
{'success': array([ True,  True,  True,  True, False,  True,  True,  True,  True,
        True]), 'state_dist': array([ 69.81364 ,  52.36431 ,  63.807796,  10.961028, 112.752045,
        45.837837,  22.676386, 150.06494 ,  99.646706,  29.08811 ],
      dtype=float32)}
self.is_success:  [ True  True  True  True False  True  True  True  True  True]

MPC iter 9 Eval ------- 
Success rate:  0.9
{'success': array([ True,  True,  True,  True, False,  True,  True,  True,  True,
        True]), 'state_dist': array([ 69.81364 ,  52.36431 ,  63.807796,  10.961028, 105.94701 ,
        45.837837,  22.676386, 150.06494 ,  99.646706,  29.08811 ],
      dtype=float32)}
self.is_success:  [ True  True  True  True False  True  True  True  True  True]

MPC iter 10 Eval ------- 
Success rate:  0.9
{'success': array([ True,  True,  True,  True, False,  True,  True,  True,  True,
        True]), 'state_dist': array([ 69.81364 ,  52.36431 ,  63.807796,  10.961028, 105.45268 ,
        45.837837,  22.676386, 150.06494 ,  99.646706,  29.08811 ],
      dtype=float32)}
self.is_success:  [ True  True  True  True False  True  True  True  True  True]

MPC iter 11 Eval ------- 
Success rate:  0.9
{'success': array([ True,  True,  True,  True, False,  True,  True,  True,  True,
        True]), 'state_dist': array([ 69.81364 ,  52.36431 ,  63.807796,  10.961028, 109.47861 ,
        45.837837,  22.676386, 150.06494 ,  99.646706,  29.08811 ],
      dtype=float32)}
self.is_success:  [ True  True  True  True False  True  True  True  True  True]

MPC iter 12 Eval ------- 
Success rate:  0.9
{'success': array([ True,  True,  True,  True, False,  True,  True,  True,  True,
        True]), 'state_dist': array([ 69.81364 ,  52.36431 ,  63.807796,  10.961028, 106.0036  ,
        45.837837,  22.676386, 150.06494 ,  99.646706,  29.08811 ],
      dtype=float32)}
self.is_success:  [ True  True  True  True False  True  True  True  True  True]

MPC iter 13 Eval ------- 
Success rate:  0.9
{'success': array([ True,  True,  True,  True, False,  True,  True,  True,  True,
        True]), 'state_dist': array([ 69.81364 ,  52.36431 ,  63.807796,  10.961028, 105.81544 ,
        45.837837,  22.676386, 150.06494 ,  99.646706,  29.08811 ],
      dtype=float32)}
self.is_success:  [ True  True  True  True False  True  True  True  True  True]

MPC iter 14 Eval ------- 
Success rate:  0.9
{'success': array([ True,  True,  True,  True, False,  True,  True,  True,  True,
        True]), 'state_dist': array([ 69.81364 ,  52.36431 ,  63.807796,  10.961028, 106.29948 ,
        45.837837,  22.676386, 150.06494 ,  99.646706,  29.08811 ],
      dtype=float32)}
self.is_success:  [ True  True  True  True False  True  True  True  True  True]

MPC iter 15 Eval ------- 
Success rate:  0.9
{'success': array([ True,  True,  True,  True, False,  True,  True,  True,  True,
        True]), 'state_dist': array([ 69.81364 ,  52.36431 ,  63.807796,  10.961028, 106.552536,
        45.837837,  22.676386, 150.06494 ,  99.646706,  29.08811 ],
      dtype=float32)}
self.is_success:  [ True  True  True  True False  True  True  True  True  True]

MPC iter 16 Eval ------- 
Success rate:  0.9
{'success': array([ True,  True,  True,  True, False,  True,  True,  True,  True,
        True]), 'state_dist': array([ 69.81364 ,  52.36431 ,  63.807796,  10.961028, 105.493416,
        45.837837,  22.676386, 150.06494 ,  99.646706,  29.08811 ],
      dtype=float32)}
self.is_success:  [ True  True  True  True False  True  True  True  True  True]

MPC iter 17 Eval ------- 
Success rate:  0.9
{'success': array([ True,  True,  True,  True, False,  True,  True,  True,  True,
        True]), 'state_dist': array([ 69.81364 ,  52.36431 ,  63.807796,  10.961028, 109.37887 ,
        45.837837,  22.676386, 150.06494 ,  99.646706,  29.08811 ],
      dtype=float32)}
self.is_success:  [ True  True  True  True False  True  True  True  True  True]

MPC iter 18 Eval ------- 
Success rate:  0.9
{'success': array([ True,  True,  True,  True, False,  True,  True,  True,  True,
        True]), 'state_dist': array([ 69.81364 ,  52.36431 ,  63.807796,  10.961028, 106.25628 ,
        45.837837,  22.676386, 150.06494 ,  99.646706,  29.08811 ],
      dtype=float32)}
self.is_success:  [ True  True  True  True False  True  True  True  True  True]

MPC iter 19 Eval ------- 
Success rate:  0.9
{'success': array([ True,  True,  True,  True, False,  True,  True,  True,  True,
        True]), 'state_dist': array([ 69.81364 ,  52.36431 ,  63.807796,  10.961028, 105.0643  ,
        45.837837,  22.676386, 150.06494 ,  99.646706,  29.08811 ],
      dtype=float32)}
self.is_success:  [ True  True  True  True False  True  True  True  True  True]
Success rate:  0.9
{'success': array([ True,  True,  True,  True, False,  True,  True,  True,  True,
        True]), 'state_dist': array([ 69.81364 ,  52.36431 ,  63.807796,  10.961028, 105.0643  ,
        45.837837,  22.676386, 150.06494 ,  99.646706,  29.08811 ],
      dtype=float32)}
[timing] perform_planning_s=451.031
[timing] total_planning_main_s=459.448
===== channel_off mpc seed 100 chunk 10 (n_evals=10) =====
/home/jupyter-deuk-c4e4/.conda/envs/ts310/lib/python3.10/site-packages/wandb/sdk/internal/internal_api.py:30: UserWarning: pkg_resources is deprecated as an API. See https://setuptools.pypa.io/en/latest/pkg_resources.html. The pkg_resources package is slated for removal as early as 2025-11-30. Refrain from using this package or pin to Setuptools<81.
  from pkg_resources import parse_version
/home/jupyter-deuk-c4e4/.conda/envs/ts310/lib/python3.10/site-packages/pkg_resources/__init__.py:3148: DeprecationWarning: Deprecated call to `pkg_resources.declare_namespace('mpl_toolkits')`.
Implementing implicit namespace packages (as specified in PEP 420) is preferred to `pkg_resources.declare_namespace`. See https://setuptools.pypa.io/en/latest/references/keywords.html#keyword-namespace-packages
  declare_namespace(pkg)
/home/jupyter-deuk-c4e4/.conda/envs/ts310/lib/python3.10/site-packages/pkg_resources/__init__.py:3148: DeprecationWarning: Deprecated call to `pkg_resources.declare_namespace('google')`.
Implementing implicit namespace packages (as specified in PEP 420) is preferred to `pkg_resources.declare_namespace`. See https://setuptools.pypa.io/en/latest/references/keywords.html#keyword-namespace-packages
  declare_namespace(pkg)
/home/jupyter-deuk-c4e4/.conda/envs/ts310/lib/python3.10/site-packages/Cython/Distutils/old_build_ext.py:15: DeprecationWarning: dep_util is Deprecated. Use functions from setuptools instead.
  from distutils.dep_util import newer, newer_group
<frozen importlib._bootstrap>:283: DeprecationWarning: the load_module() method is deprecated and slated for removal in Python 3.12; use exec_module() instead
Warning: Mujoco-based envs failed to import. Set the environment variable D4RL_SUPPRESS_IMPORT_ERROR=1 to suppress this message.
No module named 'mjrl'
Warning: Flow failed to import. Set the environment variable D4RL_SUPPRESS_IMPORT_ERROR=1 to suppress this message.
No module named 'flow'
Warning: CARLA failed to import. Set the environment variable D4RL_SUPPRESS_IMPORT_ERROR=1 to suppress this message.
No module named 'carla'
pybullet build time: Jan 29 2025 23:16:28
/home/jupyter-deuk-c4e4/.conda/envs/ts310/lib/python3.10/site-packages/gym/envs/registration.py:595: UserWarning: [33mWARN: Overriding environment maze2d-open-v0[0m
  logger.warn(f"Overriding environment {id}")
/home/jupyter-deuk-c4e4/.conda/envs/ts310/lib/python3.10/site-packages/gym/envs/registration.py:595: UserWarning: [33mWARN: Overriding environment maze2d-umaze-v0[0m
  logger.warn(f"Overriding environment {id}")
/home/jupyter-deuk-c4e4/.conda/envs/ts310/lib/python3.10/site-packages/gym/envs/registration.py:595: UserWarning: [33mWARN: Overriding environment maze2d-medium-v0[0m
  logger.warn(f"Overriding environment {id}")
/home/jupyter-deuk-c4e4/.conda/envs/ts310/lib/python3.10/site-packages/gym/envs/registration.py:595: UserWarning: [33mWARN: Overriding environment maze2d-large-v0[0m
  logger.warn(f"Overriding environment {id}")
/home/jupyter-deuk-c4e4/.conda/envs/ts310/lib/python3.10/site-packages/gym/envs/registration.py:595: UserWarning: [33mWARN: Overriding environment maze2d-umaze-v1[0m
  logger.warn(f"Overriding environment {id}")
/home/jupyter-deuk-c4e4/.conda/envs/ts310/lib/python3.10/site-packages/gym/envs/registration.py:595: UserWarning: [33mWARN: Overriding environment maze2d-medium-v1[0m
  logger.warn(f"Overriding environment {id}")
/home/jupyter-deuk-c4e4/.conda/envs/ts310/lib/python3.10/site-packages/gym/envs/registration.py:595: UserWarning: [33mWARN: Overriding environment maze2d-large-v1[0m
  logger.warn(f"Overriding environment {id}")
/home/jupyter-deuk-c4e4/.conda/envs/ts310/lib/python3.10/site-packages/gym/envs/registration.py:595: UserWarning: [33mWARN: Overriding environment maze2d-eval-umaze-v1[0m
  logger.warn(f"Overriding environment {id}")
/home/jupyter-deuk-c4e4/.conda/envs/ts310/lib/python3.10/site-packages/gym/envs/registration.py:595: UserWarning: [33mWARN: Overriding environment maze2d-eval-medium-v1[0m
  logger.warn(f"Overriding environment {id}")
/home/jupyter-deuk-c4e4/.conda/envs/ts310/lib/python3.10/site-packages/gym/envs/registration.py:595: UserWarning: [33mWARN: Overriding environment maze2d-eval-large-v1[0m
  logger.warn(f"Overriding environment {id}")
/home/jupyter-deuk-c4e4/.conda/envs/ts310/lib/python3.10/site-packages/gym/envs/registration.py:595: UserWarning: [33mWARN: Overriding environment maze2d-open-dense-v0[0m
  logger.warn(f"Overriding environment {id}")
/home/jupyter-deuk-c4e4/.conda/envs/ts310/lib/python3.10/site-packages/gym/envs/registration.py:595: UserWarning: [33mWARN: Overriding environment maze2d-umaze-dense-v0[0m
  logger.warn(f"Overriding environment {id}")
/home/jupyter-deuk-c4e4/.conda/envs/ts310/lib/python3.10/site-packages/gym/envs/registration.py:595: UserWarning: [33mWARN: Overriding environment maze2d-medium-dense-v0[0m
  logger.warn(f"Overriding environment {id}")
/home/jupyter-deuk-c4e4/.conda/envs/ts310/lib/python3.10/site-packages/gym/envs/registration.py:595: UserWarning: [33mWARN: Overriding environment maze2d-large-dense-v0[0m
  logger.warn(f"Overriding environment {id}")
/home/jupyter-deuk-c4e4/.conda/envs/ts310/lib/python3.10/site-packages/gym/envs/registration.py:595: UserWarning: [33mWARN: Overriding environment maze2d-umaze-dense-v1[0m
  logger.warn(f"Overriding environment {id}")
/home/jupyter-deuk-c4e4/.conda/envs/ts310/lib/python3.10/site-packages/gym/envs/registration.py:595: UserWarning: [33mWARN: Overriding environment maze2d-medium-dense-v1[0m
  logger.warn(f"Overriding environment {id}")
/home/jupyter-deuk-c4e4/.conda/envs/ts310/lib/python3.10/site-packages/gym/envs/registration.py:595: UserWarning: [33mWARN: Overriding environment maze2d-large-dense-v1[0m
  logger.warn(f"Overriding environment {id}")
/home/jupyter-deuk-c4e4/.conda/envs/ts310/lib/python3.10/site-packages/gym/envs/registration.py:595: UserWarning: [33mWARN: Overriding environment maze2d-eval-umaze-dense-v1[0m
  logger.warn(f"Overriding environment {id}")
/home/jupyter-deuk-c4e4/.conda/envs/ts310/lib/python3.10/site-packages/gym/envs/registration.py:595: UserWarning: [33mWARN: Overriding environment maze2d-eval-medium-dense-v1[0m
  logger.warn(f"Overriding environment {id}")
/home/jupyter-deuk-c4e4/.conda/envs/ts310/lib/python3.10/site-packages/gym/envs/registration.py:595: UserWarning: [33mWARN: Overriding environment maze2d-eval-large-dense-v1[0m
  logger.warn(f"Overriding environment {id}")
/opt/dlami/nvme/home/jupyter-deuk-c4e4/temporal-straightening/custom_resolvers.py:4: UserWarning: 
The version_base parameter is not specified.
Please specify a compatability version level, or None.
Will assume defaults for version 1.1
  @hydra.main(config_path=None)
[2026-07-25 15:20:04,696][__main__][INFO] - Planning result saved dir: /opt/dlami/nvme/home/jupyter-deuk-c4e4/pusht-reproduction/patchproj_reproduction/plan/mpc_seed_100/chunk_10
/home/jupyter-deuk-c4e4/.conda/envs/ts310/lib/python3.10/site-packages/wandb/sdk/internal/internal_api.py:30: UserWarning: pkg_resources is deprecated as an API. See https://setuptools.pypa.io/en/latest/pkg_resources.html. The pkg_resources package is slated for removal as early as 2025-11-30. Refrain from using this package or pin to Setuptools<81.
  from pkg_resources import parse_version
Using cache found in /home/jupyter-deuk-c4e4/.cache/torch/hub/facebookresearch_dinov2_81b2b6419385
Loaded 18685 rollouts
Loaded 21 rollouts
[2026-07-25 15:20:07,174][dinov2][INFO] - using MLP layer as FFN
[2026-07-25 15:20:08,263][models.dino][WARNING] - Unknown projector 'none' for patch tokens; proceeding without projector.
Resuming from epoch 2: /home/jupyter-deuk-c4e4/pusht-reproduction/patchproj_reproduction/test/pusht_False_agg32_projchannel_dim8_hw14_sgTrue_lr1e-06/checkpoints/model_2.pth
[2026-07-25 15:20:08,608][models.visual_world_model][INFO] - num_action_repeat: 1
[2026-07-25 15:20:08,608][models.visual_world_model][INFO] - num_proprio_repeat: 1
[2026-07-25 15:20:08,608][models.visual_world_model][INFO] - proprio encoder: ProprioceptiveEmbedding(
  (patch_embed): Conv1d(4, 10, kernel_size=(1,), stride=(1,))
  (norm): LayerNorm((10,), eps=1e-05, elementwise_affine=True)
)
[2026-07-25 15:20:08,609][models.visual_world_model][INFO] - action encoder: ProprioceptiveEmbedding(
  (patch_embed): Conv1d(10, 10, kernel_size=(1,), stride=(1,))
  (norm): LayerNorm((10,), eps=1e-05, elementwise_affine=True)
)
[2026-07-25 15:20:08,609][models.visual_world_model][INFO] - proprio_dim: 10, after repeat: 10
[2026-07-25 15:20:08,609][models.visual_world_model][INFO] - action_dim: 10, after repeat: 10
[2026-07-25 15:20:08,609][models.visual_world_model][INFO] - emb_dim: 28
[2026-07-25 15:20:08,609][models.visual_world_model][INFO] - Straightening disabled
[2026-07-25 15:20:08,609][models.visual_world_model][INFO] - Speed constancy disabled
[2026-07-25 15:20:08,609][models.visual_world_model][INFO] - Trajectory penalty disabled
[2026-07-25 15:20:08,609][models.visual_world_model][INFO] - Stop-grad enabled: True
[2026-07-25 15:20:08,609][models.visual_world_model][INFO] - VCReg enabled: False, apply_to=enc, std_coeff=0.0, cov_coeff=0.0
[2026-07-25 15:20:08,609][models.visual_world_model][INFO] - Model emb_dim: 28
[timing] setup_model_s=3.915
eval_seed:  [1001, 1101, 1201, 1301, 1401, 1501, 1601, 1701, 1801, 1901]
Dumped plan targets to /opt/dlami/nvme/home/jupyter-deuk-c4e4/pusht-reproduction/patchproj_reproduction/plan/mpc_seed_100/chunk_10/plan_targets.pkl
[timing] setup_workspace_s=5.070

MPC iter 0 Eval ------- 
Success rate:  0.0
{'success': array([False, False, False, False, False, False, False, False, False,
       False]), 'state_dist': array([128.6176 , 131.61646, 169.23145, 135.14256, 138.16394, 116.15348,
       162.35968, 176.20953, 243.05023, 247.40912], dtype=float32)}
self.is_success:  [False False False False False False False False False False]

MPC iter 1 Eval ------- 
Success rate:  0.0
{'success': array([False, False, False, False, False, False, False, False, False,
       False]), 'state_dist': array([ 99.34453,  97.11466, 211.6884 , 110.50698, 177.08507, 108.80462,
       134.92912, 163.4802 , 263.17587, 214.57242], dtype=float32)}
self.is_success:  [False False False False False False False False False False]

MPC iter 2 Eval ------- 
Success rate:  0.0
{'success': array([False, False, False, False, False, False, False, False, False,
       False]), 'state_dist': array([ 57.429264,  98.964066, 187.56615 ,  92.49418 , 234.47801 ,
       113.574814, 114.588646, 111.63412 , 396.5111  , 180.2487  ],
      dtype=float32)}
self.is_success:  [False False False False False False False False False False]

MPC iter 3 Eval ------- 
Success rate:  0.0
{'success': array([False, False, False, False, False, False, False, False, False,
       False]), 'state_dist': array([ 48.004223, 124.48577 , 214.52357 ,  62.542614, 245.06857 ,
       128.46739 ,  56.46662 , 121.06881 , 189.06947 , 178.99683 ],
      dtype=float32)}
self.is_success:  [False False False False False False False False False False]

MPC iter 4 Eval ------- 
Success rate:  0.1
{'success': array([False, False, False, False, False, False, False, False, False,
        True]), 'state_dist': array([ 46.33899, 261.24796, 362.1672 ,  28.24581, 128.75046, 238.93332,
       125.53547, 193.18536, 193.08693,  94.99362], dtype=float32)}
self.is_success:  [False False False False False False False False False  True]

MPC iter 5 Eval ------- 
Success rate:  0.3
{'success': array([ True, False, False,  True, False, False, False, False, False,
        True]), 'state_dist': array([ 31.628466, 191.87338 , 113.42334 ,  32.216957,  68.2366  ,
        64.533745,  80.334045, 219.62    ,  37.433075,  94.99362 ],
      dtype=float32)}
self.is_success:  [ True False False  True False False False False False  True]

MPC iter 6 Eval ------- 
Success rate:  0.8
{'success': array([ True, False, False,  True,  True,  True,  True,  True,  True,
        True]), 'state_dist': array([ 31.628466, 114.26021 , 102.52532 ,  32.216957,  16.242785,
        30.004827,  14.927314,  15.530097,  68.909065,  94.99362 ],
      dtype=float32)}
self.is_success:  [ True False False  True  True  True  True  True  True  True]

MPC iter 7 Eval ------- 
Success rate:  0.8
{'success': array([ True, False, False,  True,  True,  True,  True,  True,  True,
        True]), 'state_dist': array([ 31.628466,  56.584564, 117.65801 ,  32.216957,  16.242785,
        30.004827,  14.927314,  15.530097,  68.909065,  94.99362 ],
      dtype=float32)}
self.is_success:  [ True False False  True  True  True  True  True  True  True]

MPC iter 8 Eval ------- 
Success rate:  0.8
{'success': array([ True, False, False,  True,  True,  True,  True,  True,  True,
        True]), 'state_dist': array([ 31.628466,  70.776   , 123.9483  ,  32.216957,  16.242785,
        30.004827,  14.927314,  15.530097,  68.909065,  94.99362 ],
      dtype=float32)}
self.is_success:  [ True False False  True  True  True  True  True  True  True]

MPC iter 9 Eval ------- 
Success rate:  0.8
{'success': array([ True, False, False,  True,  True,  True,  True,  True,  True,
        True]), 'state_dist': array([ 31.628466,  77.589294, 105.30305 ,  32.216957,  16.242785,
        30.004827,  14.927314,  15.530097,  68.909065,  94.99362 ],
      dtype=float32)}
self.is_success:  [ True False False  True  True  True  True  True  True  True]

MPC iter 10 Eval ------- 
Success rate:  0.8
{'success': array([ True, False, False,  True,  True,  True,  True,  True,  True,
        True]), 'state_dist': array([ 31.628466,  75.01135 , 114.20191 ,  32.216957,  16.242785,
        30.004827,  14.927314,  15.530097,  68.909065,  94.99362 ],
      dtype=float32)}
self.is_success:  [ True False False  True  True  True  True  True  True  True]

MPC iter 11 Eval ------- 
Success rate:  0.8
{'success': array([ True, False, False,  True,  True,  True,  True,  True,  True,
        True]), 'state_dist': array([ 31.628466,  83.73751 , 112.2414  ,  32.216957,  16.242785,
        30.004827,  14.927314,  15.530097,  68.909065,  94.99362 ],
      dtype=float32)}
self.is_success:  [ True False False  True  True  True  True  True  True  True]

MPC iter 12 Eval ------- 
Success rate:  0.8
{'success': array([ True, False, False,  True,  True,  True,  True,  True,  True,
        True]), 'state_dist': array([ 31.628466,  80.01904 , 110.948204,  32.216957,  16.242785,
        30.004827,  14.927314,  15.530097,  68.909065,  94.99362 ],
      dtype=float32)}
self.is_success:  [ True False False  True  True  True  True  True  True  True]

MPC iter 13 Eval ------- 
Success rate:  0.8
{'success': array([ True, False, False,  True,  True,  True,  True,  True,  True,
        True]), 'state_dist': array([ 31.628466,  83.352806, 111.52013 ,  32.216957,  16.242785,
        30.004827,  14.927314,  15.530097,  68.909065,  94.99362 ],
      dtype=float32)}
self.is_success:  [ True False False  True  True  True  True  True  True  True]

MPC iter 14 Eval ------- 
Success rate:  0.8
{'success': array([ True, False, False,  True,  True,  True,  True,  True,  True,
        True]), 'state_dist': array([ 31.628466,  80.55937 , 111.95047 ,  32.216957,  16.242785,
        30.004827,  14.927314,  15.530097,  68.909065,  94.99362 ],
      dtype=float32)}
self.is_success:  [ True False False  True  True  True  True  True  True  True]

MPC iter 15 Eval ------- 
Success rate:  0.8
{'success': array([ True, False, False,  True,  True,  True,  True,  True,  True,
        True]), 'state_dist': array([ 31.628466,  79.817085, 112.20776 ,  32.216957,  16.242785,
        30.004827,  14.927314,  15.530097,  68.909065,  94.99362 ],
      dtype=float32)}
self.is_success:  [ True False False  True  True  True  True  True  True  True]

MPC iter 16 Eval ------- 
Success rate:  0.8
{'success': array([ True, False, False,  True,  True,  True,  True,  True,  True,
        True]), 'state_dist': array([ 31.628466,  84.19667 , 111.444885,  32.216957,  16.242785,
        30.004827,  14.927314,  15.530097,  68.909065,  94.99362 ],
      dtype=float32)}
self.is_success:  [ True False False  True  True  True  True  True  True  True]

MPC iter 17 Eval ------- 
Success rate:  0.8
{'success': array([ True, False, False,  True,  True,  True,  True,  True,  True,
        True]), 'state_dist': array([ 31.628466,  77.39048 , 112.20003 ,  32.216957,  16.242785,
        30.004827,  14.927314,  15.530097,  68.909065,  94.99362 ],
      dtype=float32)}
self.is_success:  [ True False False  True  True  True  True  True  True  True]

MPC iter 18 Eval ------- 
Success rate:  0.8
{'success': array([ True, False, False,  True,  True,  True,  True,  True,  True,
        True]), 'state_dist': array([ 31.628466,  87.987595, 112.8185  ,  32.216957,  16.242785,
        30.004827,  14.927314,  15.530097,  68.909065,  94.99362 ],
      dtype=float32)}
self.is_success:  [ True False False  True  True  True  True  True  True  True]

MPC iter 19 Eval ------- 
Success rate:  0.8
{'success': array([ True, False, False,  True,  True,  True,  True,  True,  True,
        True]), 'state_dist': array([ 31.628466,  80.4171  , 112.067505,  32.216957,  16.242785,
        30.004827,  14.927314,  15.530097,  68.909065,  94.99362 ],
      dtype=float32)}
self.is_success:  [ True False False  True  True  True  True  True  True  True]
Success rate:  0.8
{'success': array([ True, False, False,  True,  True,  True,  True,  True,  True,
        True]), 'state_dist': array([ 31.628466,  80.4171  , 112.067505,  32.216957,  16.242785,
        30.004827,  14.927314,  15.530097,  68.909065,  94.99362 ],
      dtype=float32)}
[timing] perform_planning_s=450.824
[timing] total_planning_main_s=459.809
===== channel_off mpc seed 100 chunk 20 (n_evals=10) =====
/home/jupyter-deuk-c4e4/.conda/envs/ts310/lib/python3.10/site-packages/wandb/sdk/internal/internal_api.py:30: UserWarning: pkg_resources is deprecated as an API. See https://setuptools.pypa.io/en/latest/pkg_resources.html. The pkg_resources package is slated for removal as early as 2025-11-30. Refrain from using this package or pin to Setuptools<81.
  from pkg_resources import parse_version
/home/jupyter-deuk-c4e4/.conda/envs/ts310/lib/python3.10/site-packages/pkg_resources/__init__.py:3148: DeprecationWarning: Deprecated call to `pkg_resources.declare_namespace('mpl_toolkits')`.
Implementing implicit namespace packages (as specified in PEP 420) is preferred to `pkg_resources.declare_namespace`. See https://setuptools.pypa.io/en/latest/references/keywords.html#keyword-namespace-packages
  declare_namespace(pkg)
/home/jupyter-deuk-c4e4/.conda/envs/ts310/lib/python3.10/site-packages/pkg_resources/__init__.py:3148: DeprecationWarning: Deprecated call to `pkg_resources.declare_namespace('google')`.
Implementing implicit namespace packages (as specified in PEP 420) is preferred to `pkg_resources.declare_namespace`. See https://setuptools.pypa.io/en/latest/references/keywords.html#keyword-namespace-packages
  declare_namespace(pkg)
/home/jupyter-deuk-c4e4/.conda/envs/ts310/lib/python3.10/site-packages/Cython/Distutils/old_build_ext.py:15: DeprecationWarning: dep_util is Deprecated. Use functions from setuptools instead.
  from distutils.dep_util import newer, newer_group
<frozen importlib._bootstrap>:283: DeprecationWarning: the load_module() method is deprecated and slated for removal in Python 3.12; use exec_module() instead
Warning: Mujoco-based envs failed to import. Set the environment variable D4RL_SUPPRESS_IMPORT_ERROR=1 to suppress this message.
No module named 'mjrl'
Warning: Flow failed to import. Set the environment variable D4RL_SUPPRESS_IMPORT_ERROR=1 to suppress this message.
No module named 'flow'
Warning: CARLA failed to import. Set the environment variable D4RL_SUPPRESS_IMPORT_ERROR=1 to suppress this message.
No module named 'carla'
pybullet build time: Jan 29 2025 23:16:28
/home/jupyter-deuk-c4e4/.conda/envs/ts310/lib/python3.10/site-packages/gym/envs/registration.py:595: UserWarning: [33mWARN: Overriding environment maze2d-open-v0[0m
  logger.warn(f"Overriding environment {id}")
/home/jupyter-deuk-c4e4/.conda/envs/ts310/lib/python3.10/site-packages/gym/envs/registration.py:595: UserWarning: [33mWARN: Overriding environment maze2d-umaze-v0[0m
  logger.warn(f"Overriding environment {id}")
/home/jupyter-deuk-c4e4/.conda/envs/ts310/lib/python3.10/site-packages/gym/envs/registration.py:595: UserWarning: [33mWARN: Overriding environment maze2d-medium-v0[0m
  logger.warn(f"Overriding environment {id}")
/home/jupyter-deuk-c4e4/.conda/envs/ts310/lib/python3.10/site-packages/gym/envs/registration.py:595: UserWarning: [33mWARN: Overriding environment maze2d-large-v0[0m
  logger.warn(f"Overriding environment {id}")
/home/jupyter-deuk-c4e4/.conda/envs/ts310/lib/python3.10/site-packages/gym/envs/registration.py:595: UserWarning: [33mWARN: Overriding environment maze2d-umaze-v1[0m
  logger.warn(f"Overriding environment {id}")
/home/jupyter-deuk-c4e4/.conda/envs/ts310/lib/python3.10/site-packages/gym/envs/registration.py:595: UserWarning: [33mWARN: Overriding environment maze2d-medium-v1[0m
  logger.warn(f"Overriding environment {id}")
/home/jupyter-deuk-c4e4/.conda/envs/ts310/lib/python3.10/site-packages/gym/envs/registration.py:595: UserWarning: [33mWARN: Overriding environment maze2d-large-v1[0m
  logger.warn(f"Overriding environment {id}")
/home/jupyter-deuk-c4e4/.conda/envs/ts310/lib/python3.10/site-packages/gym/envs/registration.py:595: UserWarning: [33mWARN: Overriding environment maze2d-eval-umaze-v1[0m
  logger.warn(f"Overriding environment {id}")
/home/jupyter-deuk-c4e4/.conda/envs/ts310/lib/python3.10/site-packages/gym/envs/registration.py:595: UserWarning: [33mWARN: Overriding environment maze2d-eval-medium-v1[0m
  logger.warn(f"Overriding environment {id}")
/home/jupyter-deuk-c4e4/.conda/envs/ts310/lib/python3.10/site-packages/gym/envs/registration.py:595: UserWarning: [33mWARN: Overriding environment maze2d-eval-large-v1[0m
  logger.warn(f"Overriding environment {id}")
/home/jupyter-deuk-c4e4/.conda/envs/ts310/lib/python3.10/site-packages/gym/envs/registration.py:595: UserWarning: [33mWARN: Overriding environment maze2d-open-dense-v0[0m
  logger.warn(f"Overriding environment {id}")
/home/jupyter-deuk-c4e4/.conda/envs/ts310/lib/python3.10/site-packages/gym/envs/registration.py:595: UserWarning: [33mWARN: Overriding environment maze2d-umaze-dense-v0[0m
  logger.warn(f"Overriding environment {id}")
/home/jupyter-deuk-c4e4/.conda/envs/ts310/lib/python3.10/site-packages/gym/envs/registration.py:595: UserWarning: [33mWARN: Overriding environment maze2d-medium-dense-v0[0m
  logger.warn(f"Overriding environment {id}")
/home/jupyter-deuk-c4e4/.conda/envs/ts310/lib/python3.10/site-packages/gym/envs/registration.py:595: UserWarning: [33mWARN: Overriding environment maze2d-large-dense-v0[0m
  logger.warn(f"Overriding environment {id}")
/home/jupyter-deuk-c4e4/.conda/envs/ts310/lib/python3.10/site-packages/gym/envs/registration.py:595: UserWarning: [33mWARN: Overriding environment maze2d-umaze-dense-v1[0m
  logger.warn(f"Overriding environment {id}")
/home/jupyter-deuk-c4e4/.conda/envs/ts310/lib/python3.10/site-packages/gym/envs/registration.py:595: UserWarning: [33mWARN: Overriding environment maze2d-medium-dense-v1[0m
  logger.warn(f"Overriding environment {id}")
/home/jupyter-deuk-c4e4/.conda/envs/ts310/lib/python3.10/site-packages/gym/envs/registration.py:595: UserWarning: [33mWARN: Overriding environment maze2d-large-dense-v1[0m
  logger.warn(f"Overriding environment {id}")
/home/jupyter-deuk-c4e4/.conda/envs/ts310/lib/python3.10/site-packages/gym/envs/registration.py:595: UserWarning: [33mWARN: Overriding environment maze2d-eval-umaze-dense-v1[0m
  logger.warn(f"Overriding environment {id}")
/home/jupyter-deuk-c4e4/.conda/envs/ts310/lib/python3.10/site-packages/gym/envs/registration.py:595: UserWarning: [33mWARN: Overriding environment maze2d-eval-medium-dense-v1[0m
  logger.warn(f"Overriding environment {id}")
/home/jupyter-deuk-c4e4/.conda/envs/ts310/lib/python3.10/site-packages/gym/envs/registration.py:595: UserWarning: [33mWARN: Overriding environment maze2d-eval-large-dense-v1[0m
  logger.warn(f"Overriding environment {id}")
/opt/dlami/nvme/home/jupyter-deuk-c4e4/temporal-straightening/custom_resolvers.py:4: UserWarning: 
The version_base parameter is not specified.
Please specify a compatability version level, or None.
Will assume defaults for version 1.1
  @hydra.main(config_path=None)
[2026-07-25 15:27:49,870][__main__][INFO] - Planning result saved dir: /opt/dlami/nvme/home/jupyter-deuk-c4e4/pusht-reproduction/patchproj_reproduction/plan/mpc_seed_100/chunk_20
/home/jupyter-deuk-c4e4/.conda/envs/ts310/lib/python3.10/site-packages/wandb/sdk/internal/internal_api.py:30: UserWarning: pkg_resources is deprecated as an API. See https://setuptools.pypa.io/en/latest/pkg_resources.html. The pkg_resources package is slated for removal as early as 2025-11-30. Refrain from using this package or pin to Setuptools<81.
  from pkg_resources import parse_version
Using cache found in /home/jupyter-deuk-c4e4/.cache/torch/hub/facebookresearch_dinov2_81b2b6419385
Loaded 18685 rollouts
Loaded 21 rollouts
[2026-07-25 15:27:52,737][dinov2][INFO] - using MLP layer as FFN
[2026-07-25 15:27:53,265][models.dino][WARNING] - Unknown projector 'none' for patch tokens; proceeding without projector.
Resuming from epoch 2: /home/jupyter-deuk-c4e4/pusht-reproduction/patchproj_reproduction/test/pusht_False_agg32_projchannel_dim8_hw14_sgTrue_lr1e-06/checkpoints/model_2.pth
[2026-07-25 15:27:53,650][models.visual_world_model][INFO] - num_action_repeat: 1
[2026-07-25 15:27:53,650][models.visual_world_model][INFO] - num_proprio_repeat: 1
[2026-07-25 15:27:53,650][models.visual_world_model][INFO] - proprio encoder: ProprioceptiveEmbedding(
  (patch_embed): Conv1d(4, 10, kernel_size=(1,), stride=(1,))
  (norm): LayerNorm((10,), eps=1e-05, elementwise_affine=True)
)
[2026-07-25 15:27:53,650][models.visual_world_model][INFO] - action encoder: ProprioceptiveEmbedding(
  (patch_embed): Conv1d(10, 10, kernel_size=(1,), stride=(1,))
  (norm): LayerNorm((10,), eps=1e-05, elementwise_affine=True)
)
[2026-07-25 15:27:53,650][models.visual_world_model][INFO] - proprio_dim: 10, after repeat: 10
[2026-07-25 15:27:53,650][models.visual_world_model][INFO] - action_dim: 10, after repeat: 10
[2026-07-25 15:27:53,650][models.visual_world_model][INFO] - emb_dim: 28
[2026-07-25 15:27:53,650][models.visual_world_model][INFO] - Straightening disabled
[2026-07-25 15:27:53,650][models.visual_world_model][INFO] - Speed constancy disabled
[2026-07-25 15:27:53,650][models.visual_world_model][INFO] - Trajectory penalty disabled
[2026-07-25 15:27:53,650][models.visual_world_model][INFO] - Stop-grad enabled: True
[2026-07-25 15:27:53,651][models.visual_world_model][INFO] - VCReg enabled: False, apply_to=enc, std_coeff=0.0, cov_coeff=0.0
[2026-07-25 15:27:53,651][models.visual_world_model][INFO] - Model emb_dim: 28
[timing] setup_model_s=3.783
eval_seed:  [2001, 2101, 2201, 2301, 2401, 2501, 2601, 2701, 2801, 2901]
Dumped plan targets to /opt/dlami/nvme/home/jupyter-deuk-c4e4/pusht-reproduction/patchproj_reproduction/plan/mpc_seed_100/chunk_20/plan_targets.pkl
[timing] setup_workspace_s=5.891

MPC iter 0 Eval ------- 
Success rate:  0.0
{'success': array([False, False, False, False, False, False, False, False, False,
       False]), 'state_dist': array([208.93907, 113.70339, 202.10085, 145.99391, 142.80449, 186.19516,
        66.14566,  66.9247 , 122.03946, 136.1386 ], dtype=float32)}
self.is_success:  [False False False False False False False False False False]

MPC iter 1 Eval ------- 
Success rate:  0.0
{'success': array([False, False, False, False, False, False, False, False, False,
       False]), 'state_dist': array([172.75772 , 125.61329 , 226.29893 ,  93.70815 , 108.46616 ,
       200.55502 ,  48.087727,  62.213863, 124.947266, 145.0428  ],
      dtype=float32)}
self.is_success:  [False False False False False False False False False False]

MPC iter 2 Eval ------- 
Success rate:  0.0
{'success': array([False, False, False, False, False, False, False, False, False,
       False]), 'state_dist': array([116.09832 , 128.36006 , 260.42496 , 397.65778 ,  78.83396 ,
       207.34418 ,  33.061527, 109.67328 ,  53.85148 , 134.61758 ],
      dtype=float32)}
self.is_success:  [False False False False False False False False False False]

MPC iter 3 Eval ------- 
Success rate:  0.1
{'success': array([False, False, False, False, False, False, False, False, False,
        True]), 'state_dist': array([ 73.04859 , 177.68909 , 229.8946  , 218.52461 ,  66.10228 ,
       458.16418 ,  41.082127,  77.437645, 239.90315 ,  59.6967  ],
      dtype=float32)}
self.is_success:  [False False False False False False False False False  True]

MPC iter 4 Eval ------- 
Success rate:  0.2
{'success': array([ True, False, False, False, False, False, False, False, False,
        True]), 'state_dist': array([ 68.41163 , 152.6097  , 428.17664 ,  69.94959 ,  57.055904,
       797.3603  , 124.3548  , 109.67355 ,  84.52579 ,  59.6967  ],
      dtype=float32)}
self.is_success:  [ True False False False False False False False False  True]

MPC iter 5 Eval ------- 
Success rate:  0.4
{'success': array([ True,  True, False, False, False, False, False,  True, False,
        True]), 'state_dist': array([ 68.41163 ,  61.436703, 213.59918 , 103.240166,  81.792854,
       205.0116  ,  22.176214,  69.32615 ,  59.901314,  59.6967  ],
      dtype=float32)}
self.is_success:  [ True  True False False False False False  True False  True]

MPC iter 6 Eval ------- 
Success rate:  0.6
{'success': array([ True,  True, False, False,  True, False,  True,  True, False,
        True]), 'state_dist': array([ 68.41163 ,  61.436703, 144.30084 ,  73.67444 ,  33.947327,
       282.82855 ,  18.970118,  69.32615 , 136.69867 ,  59.6967  ],
      dtype=float32)}
self.is_success:  [ True  True False False  True False  True  True False  True]

MPC iter 7 Eval ------- 
Success rate:  0.6
{'success': array([ True,  True, False, False,  True, False,  True,  True, False,
        True]), 'state_dist': array([ 68.41163 ,  61.436703, 769.7147  ,  73.341156,  33.947327,
       139.35594 ,  18.970118,  69.32615 ,  75.40533 ,  59.6967  ],
      dtype=float32)}
self.is_success:  [ True  True False False  True False  True  True False  True]

MPC iter 8 Eval ------- 
Success rate:  0.6
{'success': array([ True,  True, False, False,  True, False,  True,  True, False,
        True]), 'state_dist': array([ 68.41163 ,  61.436703, 294.53662 ,  41.665577,  33.947327,
       101.30697 ,  18.970118,  69.32615 ,  72.4553  ,  59.6967  ],
      dtype=float32)}
self.is_success:  [ True  True False False  True False  True  True False  True]

MPC iter 9 Eval ------- 
Success rate:  0.6
{'success': array([ True,  True, False, False,  True, False,  True,  True, False,
        True]), 'state_dist': array([ 68.41163 ,  61.436703, 247.94218 , 133.96735 ,  33.947327,
       484.98712 ,  18.970118,  69.32615 ,  89.731125,  59.6967  ],
      dtype=float32)}
self.is_success:  [ True  True False False  True False  True  True False  True]

MPC iter 10 Eval ------- 
Success rate:  0.6
{'success': array([ True,  True, False, False,  True, False,  True,  True, False,
        True]), 'state_dist': array([ 68.41163 ,  61.436703, 523.04443 ,  67.96183 ,  33.947327,
       278.9817  ,  18.970118,  69.32615 ,  55.738495,  59.6967  ],
      dtype=float32)}
self.is_success:  [ True  True False False  True False  True  True False  True]

MPC iter 11 Eval ------- 
Success rate:  0.6
{'success': array([ True,  True, False, False,  True, False,  True,  True, False,
        True]), 'state_dist': array([ 68.41163 ,  61.436703, 277.14706 ,  64.88712 ,  33.947327,
       102.324295,  18.970118,  69.32615 ,  84.66735 ,  59.6967  ],
      dtype=float32)}
self.is_success:  [ True  True False False  True False  True  True False  True]

MPC iter 12 Eval ------- 
Success rate:  0.6
{'success': array([ True,  True, False, False,  True, False,  True,  True, False,
        True]), 'state_dist': array([ 68.41163 ,  61.436703, 151.8207  ,  63.120987,  33.947327,
        97.567856,  18.970118,  69.32615 ,  86.455185,  59.6967  ],
      dtype=float32)}
self.is_success:  [ True  True False False  True False  True  True False  True]

MPC iter 13 Eval ------- 
Success rate:  0.6
{'success': array([ True,  True, False, False,  True, False,  True,  True, False,
        True]), 'state_dist': array([ 68.41163 ,  61.436703, 201.18346 ,  64.034515,  33.947327,
        99.350174,  18.970118,  69.32615 ,  56.76862 ,  59.6967  ],
      dtype=float32)}
self.is_success:  [ True  True False False  True False  True  True False  True]

MPC iter 14 Eval ------- 
Success rate:  0.6
{'success': array([ True,  True, False, False,  True, False,  True,  True, False,
        True]), 'state_dist': array([ 68.41163 ,  61.436703, 278.81537 ,  66.44619 ,  33.947327,
       114.416565,  18.970118,  69.32615 ,  66.31583 ,  59.6967  ],
      dtype=float32)}
self.is_success:  [ True  True False False  True False  True  True False  True]

MPC iter 15 Eval ------- 
Success rate:  0.6
{'success': array([ True,  True, False, False,  True, False,  True,  True, False,
        True]), 'state_dist': array([ 68.41163 ,  61.436703, 119.41834 ,  75.57078 ,  33.947327,
       113.89003 ,  18.970118,  69.32615 ,  40.8691  ,  59.6967  ],
      dtype=float32)}
self.is_success:  [ True  True False False  True False  True  True False  True]

MPC iter 16 Eval ------- 
Success rate:  0.6
{'success': array([ True,  True, False, False,  True, False,  True,  True, False,
        True]), 'state_dist': array([ 68.41163 ,  61.436703, 147.10411 ,  67.604195,  33.947327,
       111.27132 ,  18.970118,  69.32615 ,  73.201996,  59.6967  ],
      dtype=float32)}
self.is_success:  [ True  True False False  True False  True  True False  True]

MPC iter 17 Eval ------- 
Success rate:  0.6
{'success': array([ True,  True, False, False,  True, False,  True,  True, False,
        True]), 'state_dist': array([ 68.41163 ,  61.436703, 154.71391 ,  67.78031 ,  33.947327,
       110.768196,  18.970118,  69.32615 ,  84.78258 ,  59.6967  ],
      dtype=float32)}
self.is_success:  [ True  True False False  True False  True  True False  True]

MPC iter 18 Eval ------- 
Success rate:  0.6
{'success': array([ True,  True, False, False,  True, False,  True,  True, False,
        True]), 'state_dist': array([ 68.41163 ,  61.436703, 154.52318 ,  66.883224,  33.947327,
       110.74531 ,  18.970118,  69.32615 ,  60.076492,  59.6967  ],
      dtype=float32)}
self.is_success:  [ True  True False False  True False  True  True False  True]

MPC iter 19 Eval ------- 
Success rate:  0.6
{'success': array([ True,  True, False, False,  True, False,  True,  True, False,
        True]), 'state_dist': array([ 68.41163 ,  61.436703, 147.5532  ,  73.74333 ,  33.947327,
       111.16067 ,  18.970118,  69.32615 ,  89.26006 ,  59.6967  ],
      dtype=float32)}
self.is_success:  [ True  True False False  True False  True  True False  True]
Success rate:  0.6
{'success': array([ True,  True, False, False,  True, False,  True,  True, False,
        True]), 'state_dist': array([ 68.41163 ,  61.436703, 147.5532  ,  73.74333 ,  33.947327,
       111.16067 ,  18.970118,  69.32615 ,  89.26006 ,  59.6967  ],
      dtype=float32)}
[timing] perform_planning_s=450.531
[timing] total_planning_main_s=460.205
===== channel_off mpc seed 100 chunk 30 (n_evals=10) =====
/home/jupyter-deuk-c4e4/.conda/envs/ts310/lib/python3.10/site-packages/wandb/sdk/internal/internal_api.py:30: UserWarning: pkg_resources is deprecated as an API. See https://setuptools.pypa.io/en/latest/pkg_resources.html. The pkg_resources package is slated for removal as early as 2025-11-30. Refrain from using this package or pin to Setuptools<81.
  from pkg_resources import parse_version
/home/jupyter-deuk-c4e4/.conda/envs/ts310/lib/python3.10/site-packages/pkg_resources/__init__.py:3148: DeprecationWarning: Deprecated call to `pkg_resources.declare_namespace('mpl_toolkits')`.
Implementing implicit namespace packages (as specified in PEP 420) is preferred to `pkg_resources.declare_namespace`. See https://setuptools.pypa.io/en/latest/references/keywords.html#keyword-namespace-packages
  declare_namespace(pkg)
/home/jupyter-deuk-c4e4/.conda/envs/ts310/lib/python3.10/site-packages/pkg_resources/__init__.py:3148: DeprecationWarning: Deprecated call to `pkg_resources.declare_namespace('google')`.
Implementing implicit namespace packages (as specified in PEP 420) is preferred to `pkg_resources.declare_namespace`. See https://setuptools.pypa.io/en/latest/references/keywords.html#keyword-namespace-packages
  declare_namespace(pkg)
/home/jupyter-deuk-c4e4/.conda/envs/ts310/lib/python3.10/site-packages/Cython/Distutils/old_build_ext.py:15: DeprecationWarning: dep_util is Deprecated. Use functions from setuptools instead.
  from distutils.dep_util import newer, newer_group
<frozen importlib._bootstrap>:283: DeprecationWarning: the load_module() method is deprecated and slated for removal in Python 3.12; use exec_module() instead
Warning: Mujoco-based envs failed to import. Set the environment variable D4RL_SUPPRESS_IMPORT_ERROR=1 to suppress this message.
No module named 'mjrl'
Warning: Flow failed to import. Set the environment variable D4RL_SUPPRESS_IMPORT_ERROR=1 to suppress this message.
No module named 'flow'
Warning: CARLA failed to import. Set the environment variable D4RL_SUPPRESS_IMPORT_ERROR=1 to suppress this message.
No module named 'carla'
pybullet build time: Jan 29 2025 23:16:28
/home/jupyter-deuk-c4e4/.conda/envs/ts310/lib/python3.10/site-packages/gym/envs/registration.py:595: UserWarning: [33mWARN: Overriding environment maze2d-open-v0[0m
  logger.warn(f"Overriding environment {id}")
/home/jupyter-deuk-c4e4/.conda/envs/ts310/lib/python3.10/site-packages/gym/envs/registration.py:595: UserWarning: [33mWARN: Overriding environment maze2d-umaze-v0[0m
  logger.warn(f"Overriding environment {id}")
/home/jupyter-deuk-c4e4/.conda/envs/ts310/lib/python3.10/site-packages/gym/envs/registration.py:595: UserWarning: [33mWARN: Overriding environment maze2d-medium-v0[0m
  logger.warn(f"Overriding environment {id}")
/home/jupyter-deuk-c4e4/.conda/envs/ts310/lib/python3.10/site-packages/gym/envs/registration.py:595: UserWarning: [33mWARN: Overriding environment maze2d-large-v0[0m
  logger.warn(f"Overriding environment {id}")
/home/jupyter-deuk-c4e4/.conda/envs/ts310/lib/python3.10/site-packages/gym/envs/registration.py:595: UserWarning: [33mWARN: Overriding environment maze2d-umaze-v1[0m
  logger.warn(f"Overriding environment {id}")
/home/jupyter-deuk-c4e4/.conda/envs/ts310/lib/python3.10/site-packages/gym/envs/registration.py:595: UserWarning: [33mWARN: Overriding environment maze2d-medium-v1[0m
  logger.warn(f"Overriding environment {id}")
/home/jupyter-deuk-c4e4/.conda/envs/ts310/lib/python3.10/site-packages/gym/envs/registration.py:595: UserWarning: [33mWARN: Overriding environment maze2d-large-v1[0m
  logger.warn(f"Overriding environment {id}")
/home/jupyter-deuk-c4e4/.conda/envs/ts310/lib/python3.10/site-packages/gym/envs/registration.py:595: UserWarning: [33mWARN: Overriding environment maze2d-eval-umaze-v1[0m
  logger.warn(f"Overriding environment {id}")
/home/jupyter-deuk-c4e4/.conda/envs/ts310/lib/python3.10/site-packages/gym/envs/registration.py:595: UserWarning: [33mWARN: Overriding environment maze2d-eval-medium-v1[0m
  logger.warn(f"Overriding environment {id}")
/home/jupyter-deuk-c4e4/.conda/envs/ts310/lib/python3.10/site-packages/gym/envs/registration.py:595: UserWarning: [33mWARN: Overriding environment maze2d-eval-large-v1[0m
  logger.warn(f"Overriding environment {id}")
/home/jupyter-deuk-c4e4/.conda/envs/ts310/lib/python3.10/site-packages/gym/envs/registration.py:595: UserWarning: [33mWARN: Overriding environment maze2d-open-dense-v0[0m
  logger.warn(f"Overriding environment {id}")
/home/jupyter-deuk-c4e4/.conda/envs/ts310/lib/python3.10/site-packages/gym/envs/registration.py:595: UserWarning: [33mWARN: Overriding environment maze2d-umaze-dense-v0[0m
  logger.warn(f"Overriding environment {id}")
/home/jupyter-deuk-c4e4/.conda/envs/ts310/lib/python3.10/site-packages/gym/envs/registration.py:595: UserWarning: [33mWARN: Overriding environment maze2d-medium-dense-v0[0m
  logger.warn(f"Overriding environment {id}")
/home/jupyter-deuk-c4e4/.conda/envs/ts310/lib/python3.10/site-packages/gym/envs/registration.py:595: UserWarning: [33mWARN: Overriding environment maze2d-large-dense-v0[0m
  logger.warn(f"Overriding environment {id}")
/home/jupyter-deuk-c4e4/.conda/envs/ts310/lib/python3.10/site-packages/gym/envs/registration.py:595: UserWarning: [33mWARN: Overriding environment maze2d-umaze-dense-v1[0m
  logger.warn(f"Overriding environment {id}")
/home/jupyter-deuk-c4e4/.conda/envs/ts310/lib/python3.10/site-packages/gym/envs/registration.py:595: UserWarning: [33mWARN: Overriding environment maze2d-medium-dense-v1[0m
  logger.warn(f"Overriding environment {id}")
/home/jupyter-deuk-c4e4/.conda/envs/ts310/lib/python3.10/site-packages/gym/envs/registration.py:595: UserWarning: [33mWARN: Overriding environment maze2d-large-dense-v1[0m
  logger.warn(f"Overriding environment {id}")
/home/jupyter-deuk-c4e4/.conda/envs/ts310/lib/python3.10/site-packages/gym/envs/registration.py:595: UserWarning: [33mWARN: Overriding environment maze2d-eval-umaze-dense-v1[0m
  logger.warn(f"Overriding environment {id}")
/home/jupyter-deuk-c4e4/.conda/envs/ts310/lib/python3.10/site-packages/gym/envs/registration.py:595: UserWarning: [33mWARN: Overriding environment maze2d-eval-medium-dense-v1[0m
  logger.warn(f"Overriding environment {id}")
/home/jupyter-deuk-c4e4/.conda/envs/ts310/lib/python3.10/site-packages/gym/envs/registration.py:595: UserWarning: [33mWARN: Overriding environment maze2d-eval-large-dense-v1[0m
  logger.warn(f"Overriding environment {id}")
/opt/dlami/nvme/home/jupyter-deuk-c4e4/temporal-straightening/custom_resolvers.py:4: UserWarning: 
The version_base parameter is not specified.
Please specify a compatability version level, or None.
Will assume defaults for version 1.1
  @hydra.main(config_path=None)
[2026-07-25 15:35:35,878][__main__][INFO] - Planning result saved dir: /opt/dlami/nvme/home/jupyter-deuk-c4e4/pusht-reproduction/patchproj_reproduction/plan/mpc_seed_100/chunk_30
/home/jupyter-deuk-c4e4/.conda/envs/ts310/lib/python3.10/site-packages/wandb/sdk/internal/internal_api.py:30: UserWarning: pkg_resources is deprecated as an API. See https://setuptools.pypa.io/en/latest/pkg_resources.html. The pkg_resources package is slated for removal as early as 2025-11-30. Refrain from using this package or pin to Setuptools<81.
  from pkg_resources import parse_version
Using cache found in /home/jupyter-deuk-c4e4/.cache/torch/hub/facebookresearch_dinov2_81b2b6419385
Loaded 18685 rollouts
Loaded 21 rollouts
[2026-07-25 15:35:39,048][dinov2][INFO] - using MLP layer as FFN
[2026-07-25 15:35:39,756][models.dino][WARNING] - Unknown projector 'none' for patch tokens; proceeding without projector.
Resuming from epoch 2: /home/jupyter-deuk-c4e4/pusht-reproduction/patchproj_reproduction/test/pusht_False_agg32_projchannel_dim8_hw14_sgTrue_lr1e-06/checkpoints/model_2.pth
[2026-07-25 15:35:40,141][models.visual_world_model][INFO] - num_action_repeat: 1
[2026-07-25 15:35:40,141][models.visual_world_model][INFO] - num_proprio_repeat: 1
[2026-07-25 15:35:40,141][models.visual_world_model][INFO] - proprio encoder: ProprioceptiveEmbedding(
  (patch_embed): Conv1d(4, 10, kernel_size=(1,), stride=(1,))
  (norm): LayerNorm((10,), eps=1e-05, elementwise_affine=True)
)
[2026-07-25 15:35:40,141][models.visual_world_model][INFO] - action encoder: ProprioceptiveEmbedding(
  (patch_embed): Conv1d(10, 10, kernel_size=(1,), stride=(1,))
  (norm): LayerNorm((10,), eps=1e-05, elementwise_affine=True)
)
[2026-07-25 15:35:40,142][models.visual_world_model][INFO] - proprio_dim: 10, after repeat: 10
[2026-07-25 15:35:40,142][models.visual_world_model][INFO] - action_dim: 10, after repeat: 10
[2026-07-25 15:35:40,142][models.visual_world_model][INFO] - emb_dim: 28
[2026-07-25 15:35:40,142][models.visual_world_model][INFO] - Straightening disabled
[2026-07-25 15:35:40,142][models.visual_world_model][INFO] - Speed constancy disabled
[2026-07-25 15:35:40,142][models.visual_world_model][INFO] - Trajectory penalty disabled
[2026-07-25 15:35:40,142][models.visual_world_model][INFO] - Stop-grad enabled: True
[2026-07-25 15:35:40,142][models.visual_world_model][INFO] - VCReg enabled: False, apply_to=enc, std_coeff=0.0, cov_coeff=0.0
[2026-07-25 15:35:40,142][models.visual_world_model][INFO] - Model emb_dim: 28
[timing] setup_model_s=4.266
eval_seed:  [3001, 3101, 3201, 3301, 3401, 3501, 3601, 3701, 3801, 3901]
Dumped plan targets to /opt/dlami/nvme/home/jupyter-deuk-c4e4/pusht-reproduction/patchproj_reproduction/plan/mpc_seed_100/chunk_30/plan_targets.pkl
[timing] setup_workspace_s=6.464

MPC iter 0 Eval ------- 
Success rate:  0.0
{'success': array([False, False, False, False, False, False, False, False, False,
       False]), 'state_dist': array([239.42258 , 126.102425, 120.71242 , 305.45422 ,  72.68987 ,
        62.43974 , 213.55005 , 244.05414 , 210.73183 , 143.28484 ],
      dtype=float32)}
self.is_success:  [False False False False False False False False False False]

MPC iter 1 Eval ------- 
Success rate:  0.1
{'success': array([False, False, False, False,  True, False, False, False, False,
       False]), 'state_dist': array([212.63695, 104.8305 ,  94.99028, 313.9108 ,  72.2962 ,  78.07652,
       207.97794, 302.96765,  71.15257,  99.51452], dtype=float32)}
self.is_success:  [False False False False  True False False False False False]

MPC iter 2 Eval ------- 
Success rate:  0.1
{'success': array([False, False, False, False,  True, False, False, False, False,
       False]), 'state_dist': array([227.84735,  75.34061,  74.36347, 271.1077 ,  72.2962 , 105.68922,
       371.47574, 247.99443,  85.66177,  72.44222], dtype=float32)}
self.is_success:  [False False False False  True False False False False False]

MPC iter 3 Eval ------- 
Success rate:  0.1
{'success': array([False, False, False, False,  True, False, False, False, False,
       False]), 'state_dist': array([229.65361 ,  42.102196,  59.955   , 283.22168 ,  72.2962  ,
       105.94479 , 230.24536 , 262.2439  , 357.8786  ,  98.934204],
      dtype=float32)}
self.is_success:  [False False False False  True False False False False False]

MPC iter 4 Eval ------- 
Success rate:  0.3
{'success': array([False,  True, False, False,  True, False, False, False, False,
        True]), 'state_dist': array([169.87054 ,  67.048164,  59.790123, 188.09016 ,  72.2962  ,
        91.352135, 418.6658  , 211.79028 , 169.29321 , 241.12039 ],
      dtype=float32)}
self.is_success:  [False  True False False  True False False False False  True]

MPC iter 5 Eval ------- 
Success rate:  0.4
{'success': array([ True,  True, False, False,  True, False, False, False, False,
        True]), 'state_dist': array([201.66736 ,  67.048164,  84.59831 , 159.76677 ,  72.2962  ,
        71.83319 , 233.10858 ,  70.17808 ,  35.322594, 241.12039 ],
      dtype=float32)}
self.is_success:  [ True  True False False  True False False False False  True]

MPC iter 6 Eval ------- 
Success rate:  0.9
{'success': array([ True,  True,  True,  True,  True,  True, False,  True,  True,
        True]), 'state_dist': array([201.66736 ,  67.048164,  38.914883, 110.97232 ,  72.2962  ,
        40.111553, 108.958595,  67.168   ,  34.256775, 241.12039 ],
      dtype=float32)}
self.is_success:  [ True  True  True  True  True  True False  True  True  True]

MPC iter 7 Eval ------- 
Success rate:  0.9
{'success': array([ True,  True,  True,  True,  True,  True, False,  True,  True,
        True]), 'state_dist': array([201.66736 ,  67.048164,  38.914883, 110.97232 ,  72.2962  ,
        40.111553, 114.52342 ,  67.168   ,  34.256775, 241.12039 ],
      dtype=float32)}
self.is_success:  [ True  True  True  True  True  True False  True  True  True]

MPC iter 8 Eval ------- 
Success rate:  0.9
{'success': array([ True,  True,  True,  True,  True,  True, False,  True,  True,
        True]), 'state_dist': array([201.66736 ,  67.048164,  38.914883, 110.97232 ,  72.2962  ,
        40.111553, 110.18113 ,  67.168   ,  34.256775, 241.12039 ],
      dtype=float32)}
self.is_success:  [ True  True  True  True  True  True False  True  True  True]

MPC iter 9 Eval ------- 
Success rate:  0.9
{'success': array([ True,  True,  True,  True,  True,  True, False,  True,  True,
        True]), 'state_dist': array([201.66736 ,  67.048164,  38.914883, 110.97232 ,  72.2962  ,
        40.111553, 105.39469 ,  67.168   ,  34.256775, 241.12039 ],
      dtype=float32)}
self.is_success:  [ True  True  True  True  True  True False  True  True  True]

MPC iter 10 Eval ------- 
Success rate:  0.9
{'success': array([ True,  True,  True,  True,  True,  True, False,  True,  True,
        True]), 'state_dist': array([201.66736 ,  67.048164,  38.914883, 110.97232 ,  72.2962  ,
        40.111553, 103.32476 ,  67.168   ,  34.256775, 241.12039 ],
      dtype=float32)}
self.is_success:  [ True  True  True  True  True  True False  True  True  True]

MPC iter 11 Eval ------- 
Success rate:  0.9
{'success': array([ True,  True,  True,  True,  True,  True, False,  True,  True,
        True]), 'state_dist': array([201.66736 ,  67.048164,  38.914883, 110.97232 ,  72.2962  ,
        40.111553, 103.197784,  67.168   ,  34.256775, 241.12039 ],
      dtype=float32)}
self.is_success:  [ True  True  True  True  True  True False  True  True  True]

MPC iter 12 Eval ------- 
Success rate:  0.9
{'success': array([ True,  True,  True,  True,  True,  True, False,  True,  True,
        True]), 'state_dist': array([201.66736 ,  67.048164,  38.914883, 110.97232 ,  72.2962  ,
        40.111553, 102.84389 ,  67.168   ,  34.256775, 241.12039 ],
      dtype=float32)}
self.is_success:  [ True  True  True  True  True  True False  True  True  True]

MPC iter 13 Eval ------- 
Success rate:  0.9
{'success': array([ True,  True,  True,  True,  True,  True, False,  True,  True,
        True]), 'state_dist': array([201.66736 ,  67.048164,  38.914883, 110.97232 ,  72.2962  ,
        40.111553, 102.796265,  67.168   ,  34.256775, 241.12039 ],
      dtype=float32)}
self.is_success:  [ True  True  True  True  True  True False  True  True  True]

MPC iter 14 Eval ------- 
Success rate:  0.9
{'success': array([ True,  True,  True,  True,  True,  True, False,  True,  True,
        True]), 'state_dist': array([201.66736 ,  67.048164,  38.914883, 110.97232 ,  72.2962  ,
        40.111553, 102.62809 ,  67.168   ,  34.256775, 241.12039 ],
      dtype=float32)}
self.is_success:  [ True  True  True  True  True  True False  True  True  True]

MPC iter 15 Eval ------- 
Success rate:  0.9
{'success': array([ True,  True,  True,  True,  True,  True, False,  True,  True,
        True]), 'state_dist': array([201.66736 ,  67.048164,  38.914883, 110.97232 ,  72.2962  ,
        40.111553, 102.63806 ,  67.168   ,  34.256775, 241.12039 ],
      dtype=float32)}
self.is_success:  [ True  True  True  True  True  True False  True  True  True]

MPC iter 16 Eval ------- 
Success rate:  0.9
{'success': array([ True,  True,  True,  True,  True,  True, False,  True,  True,
        True]), 'state_dist': array([201.66736 ,  67.048164,  38.914883, 110.97232 ,  72.2962  ,
        40.111553, 102.6346  ,  67.168   ,  34.256775, 241.12039 ],
      dtype=float32)}
self.is_success:  [ True  True  True  True  True  True False  True  True  True]

MPC iter 17 Eval ------- 
Success rate:  0.9
{'success': array([ True,  True,  True,  True,  True,  True, False,  True,  True,
        True]), 'state_dist': array([201.66736 ,  67.048164,  38.914883, 110.97232 ,  72.2962  ,
        40.111553, 102.635544,  67.168   ,  34.256775, 241.12039 ],
      dtype=float32)}
self.is_success:  [ True  True  True  True  True  True False  True  True  True]

MPC iter 18 Eval ------- 
Success rate:  0.9
{'success': array([ True,  True,  True,  True,  True,  True, False,  True,  True,
        True]), 'state_dist': array([201.66736 ,  67.048164,  38.914883, 110.97232 ,  72.2962  ,
        40.111553, 102.62895 ,  67.168   ,  34.256775, 241.12039 ],
      dtype=float32)}
self.is_success:  [ True  True  True  True  True  True False  True  True  True]

MPC iter 19 Eval ------- 
Success rate:  0.9
{'success': array([ True,  True,  True,  True,  True,  True, False,  True,  True,
        True]), 'state_dist': array([201.66736 ,  67.048164,  38.914883, 110.97232 ,  72.2962  ,
        40.111553, 102.639725,  67.168   ,  34.256775, 241.12039 ],
      dtype=float32)}
self.is_success:  [ True  True  True  True  True  True False  True  True  True]
Success rate:  0.9
{'success': array([ True,  True,  True,  True,  True,  True, False,  True,  True,
        True]), 'state_dist': array([201.66736 ,  67.048164,  38.914883, 110.97232 ,  72.2962  ,
        40.111553, 102.639725,  67.168   ,  34.256775, 241.12039 ],
      dtype=float32)}
[timing] perform_planning_s=451.647
[timing] total_planning_main_s=462.377
===== channel_off mpc seed 100 chunk 40 (n_evals=10) =====
/home/jupyter-deuk-c4e4/.conda/envs/ts310/lib/python3.10/site-packages/wandb/sdk/internal/internal_api.py:30: UserWarning: pkg_resources is deprecated as an API. See https://setuptools.pypa.io/en/latest/pkg_resources.html. The pkg_resources package is slated for removal as early as 2025-11-30. Refrain from using this package or pin to Setuptools<81.
  from pkg_resources import parse_version
/home/jupyter-deuk-c4e4/.conda/envs/ts310/lib/python3.10/site-packages/pkg_resources/__init__.py:3148: DeprecationWarning: Deprecated call to `pkg_resources.declare_namespace('mpl_toolkits')`.
Implementing implicit namespace packages (as specified in PEP 420) is preferred to `pkg_resources.declare_namespace`. See https://setuptools.pypa.io/en/latest/references/keywords.html#keyword-namespace-packages
  declare_namespace(pkg)
/home/jupyter-deuk-c4e4/.conda/envs/ts310/lib/python3.10/site-packages/pkg_resources/__init__.py:3148: DeprecationWarning: Deprecated call to `pkg_resources.declare_namespace('google')`.
Implementing implicit namespace packages (as specified in PEP 420) is preferred to `pkg_resources.declare_namespace`. See https://setuptools.pypa.io/en/latest/references/keywords.html#keyword-namespace-packages
  declare_namespace(pkg)
/home/jupyter-deuk-c4e4/.conda/envs/ts310/lib/python3.10/site-packages/Cython/Distutils/old_build_ext.py:15: DeprecationWarning: dep_util is Deprecated. Use functions from setuptools instead.
  from distutils.dep_util import newer, newer_group
<frozen importlib._bootstrap>:283: DeprecationWarning: the load_module() method is deprecated and slated for removal in Python 3.12; use exec_module() instead
Warning: Mujoco-based envs failed to import. Set the environment variable D4RL_SUPPRESS_IMPORT_ERROR=1 to suppress this message.
No module named 'mjrl'
Warning: Flow failed to import. Set the environment variable D4RL_SUPPRESS_IMPORT_ERROR=1 to suppress this message.
No module named 'flow'
Warning: CARLA failed to import. Set the environment variable D4RL_SUPPRESS_IMPORT_ERROR=1 to suppress this message.
No module named 'carla'
pybullet build time: Jan 29 2025 23:16:28
/home/jupyter-deuk-c4e4/.conda/envs/ts310/lib/python3.10/site-packages/gym/envs/registration.py:595: UserWarning: [33mWARN: Overriding environment maze2d-open-v0[0m
  logger.warn(f"Overriding environment {id}")
/home/jupyter-deuk-c4e4/.conda/envs/ts310/lib/python3.10/site-packages/gym/envs/registration.py:595: UserWarning: [33mWARN: Overriding environment maze2d-umaze-v0[0m
  logger.warn(f"Overriding environment {id}")
/home/jupyter-deuk-c4e4/.conda/envs/ts310/lib/python3.10/site-packages/gym/envs/registration.py:595: UserWarning: [33mWARN: Overriding environment maze2d-medium-v0[0m
  logger.warn(f"Overriding environment {id}")
/home/jupyter-deuk-c4e4/.conda/envs/ts310/lib/python3.10/site-packages/gym/envs/registration.py:595: UserWarning: [33mWARN: Overriding environment maze2d-large-v0[0m
  logger.warn(f"Overriding environment {id}")
/home/jupyter-deuk-c4e4/.conda/envs/ts310/lib/python3.10/site-packages/gym/envs/registration.py:595: UserWarning: [33mWARN: Overriding environment maze2d-umaze-v1[0m
  logger.warn(f"Overriding environment {id}")
/home/jupyter-deuk-c4e4/.conda/envs/ts310/lib/python3.10/site-packages/gym/envs/registration.py:595: UserWarning: [33mWARN: Overriding environment maze2d-medium-v1[0m
  logger.warn(f"Overriding environment {id}")
/home/jupyter-deuk-c4e4/.conda/envs/ts310/lib/python3.10/site-packages/gym/envs/registration.py:595: UserWarning: [33mWARN: Overriding environment maze2d-large-v1[0m
  logger.warn(f"Overriding environment {id}")
/home/jupyter-deuk-c4e4/.conda/envs/ts310/lib/python3.10/site-packages/gym/envs/registration.py:595: UserWarning: [33mWARN: Overriding environment maze2d-eval-umaze-v1[0m
  logger.warn(f"Overriding environment {id}")
/home/jupyter-deuk-c4e4/.conda/envs/ts310/lib/python3.10/site-packages/gym/envs/registration.py:595: UserWarning: [33mWARN: Overriding environment maze2d-eval-medium-v1[0m
  logger.warn(f"Overriding environment {id}")
/home/jupyter-deuk-c4e4/.conda/envs/ts310/lib/python3.10/site-packages/gym/envs/registration.py:595: UserWarning: [33mWARN: Overriding environment maze2d-eval-large-v1[0m
  logger.warn(f"Overriding environment {id}")
/home/jupyter-deuk-c4e4/.conda/envs/ts310/lib/python3.10/site-packages/gym/envs/registration.py:595: UserWarning: [33mWARN: Overriding environment maze2d-open-dense-v0[0m
  logger.warn(f"Overriding environment {id}")
/home/jupyter-deuk-c4e4/.conda/envs/ts310/lib/python3.10/site-packages/gym/envs/registration.py:595: UserWarning: [33mWARN: Overriding environment maze2d-umaze-dense-v0[0m
  logger.warn(f"Overriding environment {id}")
/home/jupyter-deuk-c4e4/.conda/envs/ts310/lib/python3.10/site-packages/gym/envs/registration.py:595: UserWarning: [33mWARN: Overriding environment maze2d-medium-dense-v0[0m
  logger.warn(f"Overriding environment {id}")
/home/jupyter-deuk-c4e4/.conda/envs/ts310/lib/python3.10/site-packages/gym/envs/registration.py:595: UserWarning: [33mWARN: Overriding environment maze2d-large-dense-v0[0m
  logger.warn(f"Overriding environment {id}")
/home/jupyter-deuk-c4e4/.conda/envs/ts310/lib/python3.10/site-packages/gym/envs/registration.py:595: UserWarning: [33mWARN: Overriding environment maze2d-umaze-dense-v1[0m
  logger.warn(f"Overriding environment {id}")
/home/jupyter-deuk-c4e4/.conda/envs/ts310/lib/python3.10/site-packages/gym/envs/registration.py:595: UserWarning: [33mWARN: Overriding environment maze2d-medium-dense-v1[0m
  logger.warn(f"Overriding environment {id}")
/home/jupyter-deuk-c4e4/.conda/envs/ts310/lib/python3.10/site-packages/gym/envs/registration.py:595: UserWarning: [33mWARN: Overriding environment maze2d-large-dense-v1[0m
  logger.warn(f"Overriding environment {id}")
/home/jupyter-deuk-c4e4/.conda/envs/ts310/lib/python3.10/site-packages/gym/envs/registration.py:595: UserWarning: [33mWARN: Overriding environment maze2d-eval-umaze-dense-v1[0m
  logger.warn(f"Overriding environment {id}")
/home/jupyter-deuk-c4e4/.conda/envs/ts310/lib/python3.10/site-packages/gym/envs/registration.py:595: UserWarning: [33mWARN: Overriding environment maze2d-eval-medium-dense-v1[0m
  logger.warn(f"Overriding environment {id}")
/home/jupyter-deuk-c4e4/.conda/envs/ts310/lib/python3.10/site-packages/gym/envs/registration.py:595: UserWarning: [33mWARN: Overriding environment maze2d-eval-large-dense-v1[0m
  logger.warn(f"Overriding environment {id}")
/opt/dlami/nvme/home/jupyter-deuk-c4e4/temporal-straightening/custom_resolvers.py:4: UserWarning: 
The version_base parameter is not specified.
Please specify a compatability version level, or None.
Will assume defaults for version 1.1
  @hydra.main(config_path=None)
[2026-07-25 15:43:23,604][__main__][INFO] - Planning result saved dir: /opt/dlami/nvme/home/jupyter-deuk-c4e4/pusht-reproduction/patchproj_reproduction/plan/mpc_seed_100/chunk_40
/home/jupyter-deuk-c4e4/.conda/envs/ts310/lib/python3.10/site-packages/wandb/sdk/internal/internal_api.py:30: UserWarning: pkg_resources is deprecated as an API. See https://setuptools.pypa.io/en/latest/pkg_resources.html. The pkg_resources package is slated for removal as early as 2025-11-30. Refrain from using this package or pin to Setuptools<81.
  from pkg_resources import parse_version
Using cache found in /home/jupyter-deuk-c4e4/.cache/torch/hub/facebookresearch_dinov2_81b2b6419385
Loaded 18685 rollouts
Loaded 21 rollouts
[2026-07-25 15:43:26,072][dinov2][INFO] - using MLP layer as FFN
[2026-07-25 15:43:26,533][models.dino][WARNING] - Unknown projector 'none' for patch tokens; proceeding without projector.
Resuming from epoch 2: /home/jupyter-deuk-c4e4/pusht-reproduction/patchproj_reproduction/test/pusht_False_agg32_projchannel_dim8_hw14_sgTrue_lr1e-06/checkpoints/model_2.pth
[2026-07-25 15:43:26,893][models.visual_world_model][INFO] - num_action_repeat: 1
[2026-07-25 15:43:26,893][models.visual_world_model][INFO] - num_proprio_repeat: 1
[2026-07-25 15:43:26,893][models.visual_world_model][INFO] - proprio encoder: ProprioceptiveEmbedding(
  (patch_embed): Conv1d(4, 10, kernel_size=(1,), stride=(1,))
  (norm): LayerNorm((10,), eps=1e-05, elementwise_affine=True)
)
[2026-07-25 15:43:26,893][models.visual_world_model][INFO] - action encoder: ProprioceptiveEmbedding(
  (patch_embed): Conv1d(10, 10, kernel_size=(1,), stride=(1,))
  (norm): LayerNorm((10,), eps=1e-05, elementwise_affine=True)
)
[2026-07-25 15:43:26,893][models.visual_world_model][INFO] - proprio_dim: 10, after repeat: 10
[2026-07-25 15:43:26,893][models.visual_world_model][INFO] - action_dim: 10, after repeat: 10
[2026-07-25 15:43:26,893][models.visual_world_model][INFO] - emb_dim: 28
[2026-07-25 15:43:26,893][models.visual_world_model][INFO] - Straightening disabled
[2026-07-25 15:43:26,893][models.visual_world_model][INFO] - Speed constancy disabled
[2026-07-25 15:43:26,894][models.visual_world_model][INFO] - Trajectory penalty disabled
[2026-07-25 15:43:26,894][models.visual_world_model][INFO] - Stop-grad enabled: True
[2026-07-25 15:43:26,894][models.visual_world_model][INFO] - VCReg enabled: False, apply_to=enc, std_coeff=0.0, cov_coeff=0.0
[2026-07-25 15:43:26,894][models.visual_world_model][INFO] - Model emb_dim: 28
[timing] setup_model_s=3.292
eval_seed:  [4001, 4101, 4201, 4301, 4401, 4501, 4601, 4701, 4801, 4901]
Dumped plan targets to /opt/dlami/nvme/home/jupyter-deuk-c4e4/pusht-reproduction/patchproj_reproduction/plan/mpc_seed_100/chunk_40/plan_targets.pkl
[timing] setup_workspace_s=6.708

MPC iter 0 Eval ------- 
Success rate:  0.0
{'success': array([False, False, False, False, False, False, False, False, False,
       False]), 'state_dist': array([194.27542, 184.402  , 161.63719,  87.544  , 146.80832, 252.91188,
       238.66423, 167.82028, 213.24301, 166.50482], dtype=float32)}
self.is_success:  [False False False False False False False False False False]

MPC iter 1 Eval ------- 
Success rate:  0.0
{'success': array([False, False, False, False, False, False, False, False, False,
       False]), 'state_dist': array([145.73294 , 231.97527 , 215.38231 ,  67.567566, 125.938324,
       281.26624 , 222.90128 , 170.8341  , 242.52074 , 181.62395 ],
      dtype=float32)}
self.is_success:  [False False False False False False False False False False]

MPC iter 2 Eval ------- 
Success rate:  0.0
{'success': array([False, False, False, False, False, False, False, False, False,
       False]), 'state_dist': array([107.00865, 226.44223, 221.41638, 237.01335,  93.95266, 174.36348,
       226.97136, 155.4131 , 245.2589 , 177.16269], dtype=float32)}
self.is_success:  [False False False False False False False False False False]

MPC iter 3 Eval ------- 
Success rate:  0.0
{'success': array([False, False, False, False, False, False, False, False, False,
       False]), 'state_dist': array([ 66.29932, 180.52446, 328.4627 , 388.40244,  56.39956,  95.08772,
       189.14903,  79.36768, 238.36707, 129.11577], dtype=float32)}
self.is_success:  [False False False False False False False False False False]

MPC iter 4 Eval ------- 
Success rate:  0.1
{'success': array([False, False, False, False, False, False,  True, False, False,
       False]), 'state_dist': array([ 26.701347, 130.33679 , 155.46875 , 191.18034 ,  44.033817,
        46.686638,  52.054672,  96.34328 ,  77.760216, 148.22646 ],
      dtype=float32)}
self.is_success:  [False False False False False False  True False False False]

MPC iter 5 Eval ------- 
Success rate:  0.5
{'success': array([ True,  True, False, False,  True, False,  True, False,  True,
       False]), 'state_dist': array([ 17.77862 ,  79.62283 , 178.9556  ,  41.478268,  47.811485,
        58.904713,  52.054672, 111.42375 , 160.05235 , 143.22867 ],
      dtype=float32)}
self.is_success:  [ True  True False False  True False  True False  True False]

MPC iter 6 Eval ------- 
Success rate:  0.6
{'success': array([ True,  True, False, False,  True,  True,  True, False,  True,
       False]), 'state_dist': array([ 17.77862 ,  79.62283 , 212.94965 ,  50.67238 ,  47.811485,
        60.183754,  52.054672,  91.54844 , 160.05235 , 117.646454],
      dtype=float32)}
self.is_success:  [ True  True False False  True  True  True False  True False]

MPC iter 7 Eval ------- 
Success rate:  0.8
{'success': array([ True,  True, False, False,  True,  True,  True,  True,  True,
        True]), 'state_dist': array([ 17.77862 ,  79.62283 , 467.55325 , 137.34328 ,  47.811485,
        60.183754,  52.054672,  93.43423 , 160.05235 , 115.10563 ],
      dtype=float32)}
self.is_success:  [ True  True False False  True  True  True  True  True  True]

MPC iter 8 Eval ------- 
Success rate:  0.9
{'success': array([ True,  True, False,  True,  True,  True,  True,  True,  True,
        True]), 'state_dist': array([ 17.77862 ,  79.62283 , 290.79025 ,  39.5293  ,  47.811485,
        60.183754,  52.054672,  93.43423 , 160.05235 , 115.10563 ],
      dtype=float32)}
self.is_success:  [ True  True False  True  True  True  True  True  True  True]

MPC iter 9 Eval ------- 
Success rate:  0.9
{'success': array([ True,  True, False,  True,  True,  True,  True,  True,  True,
        True]), 'state_dist': array([ 17.77862 ,  79.62283 , 351.25806 ,  39.5293  ,  47.811485,
        60.183754,  52.054672,  93.43423 , 160.05235 , 115.10563 ],
      dtype=float32)}
self.is_success:  [ True  True False  True  True  True  True  True  True  True]

MPC iter 10 Eval ------- 
Success rate:  0.9
{'success': array([ True,  True, False,  True,  True,  True,  True,  True,  True,
        True]), 'state_dist': array([ 17.77862 ,  79.62283 , 174.11531 ,  39.5293  ,  47.811485,
        60.183754,  52.054672,  93.43423 , 160.05235 , 115.10563 ],
      dtype=float32)}
self.is_success:  [ True  True False  True  True  True  True  True  True  True]

MPC iter 11 Eval ------- 
Success rate:  0.9
{'success': array([ True,  True, False,  True,  True,  True,  True,  True,  True,
        True]), 'state_dist': array([ 17.77862 ,  79.62283 , 137.7167  ,  39.5293  ,  47.811485,
        60.183754,  52.054672,  93.43423 , 160.05235 , 115.10563 ],
      dtype=float32)}
self.is_success:  [ True  True False  True  True  True  True  True  True  True]

MPC iter 12 Eval ------- 
Success rate:  0.9
{'success': array([ True,  True, False,  True,  True,  True,  True,  True,  True,
        True]), 'state_dist': array([ 17.77862 ,  79.62283 , 131.01038 ,  39.5293  ,  47.811485,
        60.183754,  52.054672,  93.43423 , 160.05235 , 115.10563 ],
      dtype=float32)}
self.is_success:  [ True  True False  True  True  True  True  True  True  True]

MPC iter 13 Eval ------- 
Success rate:  0.9
{'success': array([ True,  True, False,  True,  True,  True,  True,  True,  True,
        True]), 'state_dist': array([ 17.77862 ,  79.62283 , 136.56114 ,  39.5293  ,  47.811485,
        60.183754,  52.054672,  93.43423 , 160.05235 , 115.10563 ],
      dtype=float32)}
self.is_success:  [ True  True False  True  True  True  True  True  True  True]

MPC iter 14 Eval ------- 
Success rate:  0.9
{'success': array([ True,  True, False,  True,  True,  True,  True,  True,  True,
        True]), 'state_dist': array([ 17.77862 ,  79.62283 , 131.04681 ,  39.5293  ,  47.811485,
        60.183754,  52.054672,  93.43423 , 160.05235 , 115.10563 ],
      dtype=float32)}
self.is_success:  [ True  True False  True  True  True  True  True  True  True]

MPC iter 15 Eval ------- 
Success rate:  0.9
{'success': array([ True,  True, False,  True,  True,  True,  True,  True,  True,
        True]), 'state_dist': array([ 17.77862 ,  79.62283 , 131.16156 ,  39.5293  ,  47.811485,
        60.183754,  52.054672,  93.43423 , 160.05235 , 115.10563 ],
      dtype=float32)}
self.is_success:  [ True  True False  True  True  True  True  True  True  True]

MPC iter 16 Eval ------- 
Success rate:  0.9
{'success': array([ True,  True, False,  True,  True,  True,  True,  True,  True,
        True]), 'state_dist': array([ 17.77862 ,  79.62283 , 129.55144 ,  39.5293  ,  47.811485,
        60.183754,  52.054672,  93.43423 , 160.05235 , 115.10563 ],
      dtype=float32)}
self.is_success:  [ True  True False  True  True  True  True  True  True  True]

MPC iter 17 Eval ------- 
Success rate:  0.9
{'success': array([ True,  True, False,  True,  True,  True,  True,  True,  True,
        True]), 'state_dist': array([ 17.77862 ,  79.62283 , 174.76677 ,  39.5293  ,  47.811485,
        60.183754,  52.054672,  93.43423 , 160.05235 , 115.10563 ],
      dtype=float32)}
self.is_success:  [ True  True False  True  True  True  True  True  True  True]

MPC iter 18 Eval ------- 
Success rate:  0.9
{'success': array([ True,  True, False,  True,  True,  True,  True,  True,  True,
        True]), 'state_dist': array([ 17.77862 ,  79.62283 , 156.10605 ,  39.5293  ,  47.811485,
        60.183754,  52.054672,  93.43423 , 160.05235 , 115.10563 ],
      dtype=float32)}
self.is_success:  [ True  True False  True  True  True  True  True  True  True]

MPC iter 19 Eval ------- 
Success rate:  0.9
{'success': array([ True,  True, False,  True,  True,  True,  True,  True,  True,
        True]), 'state_dist': array([ 17.77862 ,  79.62283 , 131.34984 ,  39.5293  ,  47.811485,
        60.183754,  52.054672,  93.43423 , 160.05235 , 115.10563 ],
      dtype=float32)}
self.is_success:  [ True  True False  True  True  True  True  True  True  True]
Success rate:  0.9
{'success': array([ True,  True, False,  True,  True,  True,  True,  True,  True,
        True]), 'state_dist': array([ 17.77862 ,  79.62283 , 131.34984 ,  39.5293  ,  47.811485,
        60.183754,  52.054672,  93.43423 , 160.05235 , 115.10563 ],
      dtype=float32)}
[timing] perform_planning_s=449.245
[timing] total_planning_main_s=459.245
===== channel_off mpc seed 200 chunk 00 (n_evals=10) =====
/home/jupyter-deuk-c4e4/.conda/envs/ts310/lib/python3.10/site-packages/wandb/sdk/internal/internal_api.py:30: UserWarning: pkg_resources is deprecated as an API. See https://setuptools.pypa.io/en/latest/pkg_resources.html. The pkg_resources package is slated for removal as early as 2025-11-30. Refrain from using this package or pin to Setuptools<81.
  from pkg_resources import parse_version
/home/jupyter-deuk-c4e4/.conda/envs/ts310/lib/python3.10/site-packages/pkg_resources/__init__.py:3148: DeprecationWarning: Deprecated call to `pkg_resources.declare_namespace('mpl_toolkits')`.
Implementing implicit namespace packages (as specified in PEP 420) is preferred to `pkg_resources.declare_namespace`. See https://setuptools.pypa.io/en/latest/references/keywords.html#keyword-namespace-packages
  declare_namespace(pkg)
/home/jupyter-deuk-c4e4/.conda/envs/ts310/lib/python3.10/site-packages/pkg_resources/__init__.py:3148: DeprecationWarning: Deprecated call to `pkg_resources.declare_namespace('google')`.
Implementing implicit namespace packages (as specified in PEP 420) is preferred to `pkg_resources.declare_namespace`. See https://setuptools.pypa.io/en/latest/references/keywords.html#keyword-namespace-packages
  declare_namespace(pkg)
/home/jupyter-deuk-c4e4/.conda/envs/ts310/lib/python3.10/site-packages/Cython/Distutils/old_build_ext.py:15: DeprecationWarning: dep_util is Deprecated. Use functions from setuptools instead.
  from distutils.dep_util import newer, newer_group
<frozen importlib._bootstrap>:283: DeprecationWarning: the load_module() method is deprecated and slated for removal in Python 3.12; use exec_module() instead
Warning: Mujoco-based envs failed to import. Set the environment variable D4RL_SUPPRESS_IMPORT_ERROR=1 to suppress this message.
No module named 'mjrl'
Warning: Flow failed to import. Set the environment variable D4RL_SUPPRESS_IMPORT_ERROR=1 to suppress this message.
No module named 'flow'
Warning: CARLA failed to import. Set the environment variable D4RL_SUPPRESS_IMPORT_ERROR=1 to suppress this message.
No module named 'carla'
pybullet build time: Jan 29 2025 23:16:28
/home/jupyter-deuk-c4e4/.conda/envs/ts310/lib/python3.10/site-packages/gym/envs/registration.py:595: UserWarning: [33mWARN: Overriding environment maze2d-open-v0[0m
  logger.warn(f"Overriding environment {id}")
/home/jupyter-deuk-c4e4/.conda/envs/ts310/lib/python3.10/site-packages/gym/envs/registration.py:595: UserWarning: [33mWARN: Overriding environment maze2d-umaze-v0[0m
  logger.warn(f"Overriding environment {id}")
/home/jupyter-deuk-c4e4/.conda/envs/ts310/lib/python3.10/site-packages/gym/envs/registration.py:595: UserWarning: [33mWARN: Overriding environment maze2d-medium-v0[0m
  logger.warn(f"Overriding environment {id}")
/home/jupyter-deuk-c4e4/.conda/envs/ts310/lib/python3.10/site-packages/gym/envs/registration.py:595: UserWarning: [33mWARN: Overriding environment maze2d-large-v0[0m
  logger.warn(f"Overriding environment {id}")
/home/jupyter-deuk-c4e4/.conda/envs/ts310/lib/python3.10/site-packages/gym/envs/registration.py:595: UserWarning: [33mWARN: Overriding environment maze2d-umaze-v1[0m
  logger.warn(f"Overriding environment {id}")
/home/jupyter-deuk-c4e4/.conda/envs/ts310/lib/python3.10/site-packages/gym/envs/registration.py:595: UserWarning: [33mWARN: Overriding environment maze2d-medium-v1[0m
  logger.warn(f"Overriding environment {id}")
/home/jupyter-deuk-c4e4/.conda/envs/ts310/lib/python3.10/site-packages/gym/envs/registration.py:595: UserWarning: [33mWARN: Overriding environment maze2d-large-v1[0m
  logger.warn(f"Overriding environment {id}")
/home/jupyter-deuk-c4e4/.conda/envs/ts310/lib/python3.10/site-packages/gym/envs/registration.py:595: UserWarning: [33mWARN: Overriding environment maze2d-eval-umaze-v1[0m
  logger.warn(f"Overriding environment {id}")
/home/jupyter-deuk-c4e4/.conda/envs/ts310/lib/python3.10/site-packages/gym/envs/registration.py:595: UserWarning: [33mWARN: Overriding environment maze2d-eval-medium-v1[0m
  logger.warn(f"Overriding environment {id}")
/home/jupyter-deuk-c4e4/.conda/envs/ts310/lib/python3.10/site-packages/gym/envs/registration.py:595: UserWarning: [33mWARN: Overriding environment maze2d-eval-large-v1[0m
  logger.warn(f"Overriding environment {id}")
/home/jupyter-deuk-c4e4/.conda/envs/ts310/lib/python3.10/site-packages/gym/envs/registration.py:595: UserWarning: [33mWARN: Overriding environment maze2d-open-dense-v0[0m
  logger.warn(f"Overriding environment {id}")
/home/jupyter-deuk-c4e4/.conda/envs/ts310/lib/python3.10/site-packages/gym/envs/registration.py:595: UserWarning: [33mWARN: Overriding environment maze2d-umaze-dense-v0[0m
  logger.warn(f"Overriding environment {id}")
/home/jupyter-deuk-c4e4/.conda/envs/ts310/lib/python3.10/site-packages/gym/envs/registration.py:595: UserWarning: [33mWARN: Overriding environment maze2d-medium-dense-v0[0m
  logger.warn(f"Overriding environment {id}")
/home/jupyter-deuk-c4e4/.conda/envs/ts310/lib/python3.10/site-packages/gym/envs/registration.py:595: UserWarning: [33mWARN: Overriding environment maze2d-large-dense-v0[0m
  logger.warn(f"Overriding environment {id}")
/home/jupyter-deuk-c4e4/.conda/envs/ts310/lib/python3.10/site-packages/gym/envs/registration.py:595: UserWarning: [33mWARN: Overriding environment maze2d-umaze-dense-v1[0m
  logger.warn(f"Overriding environment {id}")
/home/jupyter-deuk-c4e4/.conda/envs/ts310/lib/python3.10/site-packages/gym/envs/registration.py:595: UserWarning: [33mWARN: Overriding environment maze2d-medium-dense-v1[0m
  logger.warn(f"Overriding environment {id}")
/home/jupyter-deuk-c4e4/.conda/envs/ts310/lib/python3.10/site-packages/gym/envs/registration.py:595: UserWarning: [33mWARN: Overriding environment maze2d-large-dense-v1[0m
  logger.warn(f"Overriding environment {id}")
/home/jupyter-deuk-c4e4/.conda/envs/ts310/lib/python3.10/site-packages/gym/envs/registration.py:595: UserWarning: [33mWARN: Overriding environment maze2d-eval-umaze-dense-v1[0m
  logger.warn(f"Overriding environment {id}")
/home/jupyter-deuk-c4e4/.conda/envs/ts310/lib/python3.10/site-packages/gym/envs/registration.py:595: UserWarning: [33mWARN: Overriding environment maze2d-eval-medium-dense-v1[0m
  logger.warn(f"Overriding environment {id}")
/home/jupyter-deuk-c4e4/.conda/envs/ts310/lib/python3.10/site-packages/gym/envs/registration.py:595: UserWarning: [33mWARN: Overriding environment maze2d-eval-large-dense-v1[0m
  logger.warn(f"Overriding environment {id}")
/opt/dlami/nvme/home/jupyter-deuk-c4e4/temporal-straightening/custom_resolvers.py:4: UserWarning: 
The version_base parameter is not specified.
Please specify a compatability version level, or None.
Will assume defaults for version 1.1
  @hydra.main(config_path=None)
[2026-07-25 15:51:08,187][__main__][INFO] - Planning result saved dir: /opt/dlami/nvme/home/jupyter-deuk-c4e4/pusht-reproduction/patchproj_reproduction/plan/mpc_seed_200/chunk_00
/home/jupyter-deuk-c4e4/.conda/envs/ts310/lib/python3.10/site-packages/wandb/sdk/internal/internal_api.py:30: UserWarning: pkg_resources is deprecated as an API. See https://setuptools.pypa.io/en/latest/pkg_resources.html. The pkg_resources package is slated for removal as early as 2025-11-30. Refrain from using this package or pin to Setuptools<81.
  from pkg_resources import parse_version
Using cache found in /home/jupyter-deuk-c4e4/.cache/torch/hub/facebookresearch_dinov2_81b2b6419385
Loaded 18685 rollouts
Loaded 21 rollouts
[2026-07-25 15:51:10,656][dinov2][INFO] - using MLP layer as FFN
[2026-07-25 15:51:11,098][models.dino][WARNING] - Unknown projector 'none' for patch tokens; proceeding without projector.
Resuming from epoch 2: /home/jupyter-deuk-c4e4/pusht-reproduction/patchproj_reproduction/test/pusht_False_agg32_projchannel_dim8_hw14_sgTrue_lr1e-06/checkpoints/model_2.pth
[2026-07-25 15:51:11,443][models.visual_world_model][INFO] - num_action_repeat: 1
[2026-07-25 15:51:11,443][models.visual_world_model][INFO] - num_proprio_repeat: 1
[2026-07-25 15:51:11,443][models.visual_world_model][INFO] - proprio encoder: ProprioceptiveEmbedding(
  (patch_embed): Conv1d(4, 10, kernel_size=(1,), stride=(1,))
  (norm): LayerNorm((10,), eps=1e-05, elementwise_affine=True)
)
[2026-07-25 15:51:11,443][models.visual_world_model][INFO] - action encoder: ProprioceptiveEmbedding(
  (patch_embed): Conv1d(10, 10, kernel_size=(1,), stride=(1,))
  (norm): LayerNorm((10,), eps=1e-05, elementwise_affine=True)
)
[2026-07-25 15:51:11,443][models.visual_world_model][INFO] - proprio_dim: 10, after repeat: 10
[2026-07-25 15:51:11,443][models.visual_world_model][INFO] - action_dim: 10, after repeat: 10
[2026-07-25 15:51:11,443][models.visual_world_model][INFO] - emb_dim: 28
[2026-07-25 15:51:11,443][models.visual_world_model][INFO] - Straightening disabled
[2026-07-25 15:51:11,443][models.visual_world_model][INFO] - Speed constancy disabled
[2026-07-25 15:51:11,443][models.visual_world_model][INFO] - Trajectory penalty disabled
[2026-07-25 15:51:11,443][models.visual_world_model][INFO] - Stop-grad enabled: True
[2026-07-25 15:51:11,443][models.visual_world_model][INFO] - VCReg enabled: False, apply_to=enc, std_coeff=0.0, cov_coeff=0.0
[2026-07-25 15:51:11,443][models.visual_world_model][INFO] - Model emb_dim: 28
[timing] setup_model_s=3.259
eval_seed:  [1, 201, 401, 601, 801, 1001, 1201, 1401, 1601, 1801]
Dumped plan targets to /opt/dlami/nvme/home/jupyter-deuk-c4e4/pusht-reproduction/patchproj_reproduction/plan/mpc_seed_200/chunk_00/plan_targets.pkl
[timing] setup_workspace_s=4.048

MPC iter 0 Eval ------- 
Success rate:  0.0
{'success': array([False, False, False, False, False, False, False, False, False,
       False]), 'state_dist': array([352.3729 , 191.34875, 194.80896, 352.86703, 267.37454, 166.00491,
       143.8488 , 163.30367, 239.91946, 129.70445], dtype=float32)}
self.is_success:  [False False False False False False False False False False]

MPC iter 1 Eval ------- 
Success rate:  0.0
{'success': array([False, False, False, False, False, False, False, False, False,
       False]), 'state_dist': array([285.13867, 197.51929, 145.48953, 300.65686, 244.21198, 139.67038,
       137.89696, 154.07542, 290.6383 , 109.94106], dtype=float32)}
self.is_success:  [False False False False False False False False False False]

MPC iter 2 Eval ------- 
Success rate:  0.0
{'success': array([False, False, False, False, False, False, False, False, False,
       False]), 'state_dist': array([216.09186 , 150.6916  , 106.09392 , 245.29214 , 177.33511 ,
       117.44642 , 139.4129  ,  62.916782, 130.516   ,  88.74873 ],
      dtype=float32)}
self.is_success:  [False False False False False False False False False False]

MPC iter 3 Eval ------- 
Success rate:  0.0
{'success': array([False, False, False, False, False, False, False, False, False,
       False]), 'state_dist': array([514.42413 , 165.23164 ,  83.15669 , 244.28035 , 110.105865,
        77.72695 , 137.94086 ,  80.51717 , 180.79    ,  76.92678 ],
      dtype=float32)}
self.is_success:  [False False False False False False False False False False]

MPC iter 4 Eval ------- 
Success rate:  0.2
{'success': array([False, False, False, False,  True,  True, False, False, False,
       False]), 'state_dist': array([284.23743 ,  68.262245, 120.81525 , 167.67189 ,  41.010506,
       105.00164 ,  72.455444, 216.705   , 176.00267 ,  71.754555],
      dtype=float32)}
self.is_success:  [False False False False  True  True False False False False]

MPC iter 5 Eval ------- 
Success rate:  0.6
{'success': array([False,  True,  True, False,  True,  True,  True, False, False,
        True]), 'state_dist': array([145.10405 ,  79.74524 ,  19.951612,  51.50618 ,  41.010506,
       105.00164 ,  56.53267 , 177.09258 , 180.0133  ,  46.412415],
      dtype=float32)}
self.is_success:  [False  True  True False  True  True  True False False  True]

MPC iter 6 Eval ------- 
Success rate:  0.8
{'success': array([ True,  True,  True,  True,  True,  True,  True, False, False,
        True]), 'state_dist': array([ 67.243614,  79.74524 ,  19.951612, 103.78588 ,  41.010506,
       105.00164 ,  56.53267 ,  45.315136,  39.397858,  46.412415],
      dtype=float32)}
self.is_success:  [ True  True  True  True  True  True  True False False  True]

MPC iter 7 Eval ------- 
Success rate:  0.8
{'success': array([ True,  True,  True,  True,  True,  True,  True, False, False,
        True]), 'state_dist': array([ 67.243614,  79.74524 ,  19.951612, 103.78588 ,  41.010506,
       105.00164 ,  56.53267 ,  39.33118 ,  58.02733 ,  46.412415],
      dtype=float32)}
self.is_success:  [ True  True  True  True  True  True  True False False  True]

MPC iter 8 Eval ------- 
Success rate:  0.8
{'success': array([ True,  True,  True,  True,  True,  True,  True, False, False,
        True]), 'state_dist': array([ 67.243614,  79.74524 ,  19.951612, 103.78588 ,  41.010506,
       105.00164 ,  56.53267 ,  28.534195,  54.70451 ,  46.412415],
      dtype=float32)}
self.is_success:  [ True  True  True  True  True  True  True False False  True]

MPC iter 9 Eval ------- 
Success rate:  0.8
{'success': array([ True,  True,  True,  True,  True,  True,  True, False, False,
        True]), 'state_dist': array([ 67.243614,  79.74524 ,  19.951612, 103.78588 ,  41.010506,
       105.00164 ,  56.53267 ,  79.945366,  53.330055,  46.412415],
      dtype=float32)}
self.is_success:  [ True  True  True  True  True  True  True False False  True]

MPC iter 10 Eval ------- 
Success rate:  0.9
{'success': array([ True,  True,  True,  True,  True,  True,  True,  True, False,
        True]), 'state_dist': array([ 67.243614,  79.74524 ,  19.951612, 103.78588 ,  41.010506,
       105.00164 ,  56.53267 ,  35.79204 ,  52.246693,  46.412415],
      dtype=float32)}
self.is_success:  [ True  True  True  True  True  True  True  True False  True]

MPC iter 11 Eval ------- 
Success rate:  0.9
{'success': array([ True,  True,  True,  True,  True,  True,  True,  True, False,
        True]), 'state_dist': array([ 67.243614,  79.74524 ,  19.951612, 103.78588 ,  41.010506,
       105.00164 ,  56.53267 ,  35.79204 ,  52.28357 ,  46.412415],
      dtype=float32)}
self.is_success:  [ True  True  True  True  True  True  True  True False  True]

MPC iter 12 Eval ------- 
Success rate:  0.9
{'success': array([ True,  True,  True,  True,  True,  True,  True,  True, False,
        True]), 'state_dist': array([ 67.243614,  79.74524 ,  19.951612, 103.78588 ,  41.010506,
       105.00164 ,  56.53267 ,  35.79204 ,  52.14529 ,  46.412415],
      dtype=float32)}
self.is_success:  [ True  True  True  True  True  True  True  True False  True]

MPC iter 13 Eval ------- 
Success rate:  0.9
{'success': array([ True,  True,  True,  True,  True,  True,  True,  True, False,
        True]), 'state_dist': array([ 67.243614,  79.74524 ,  19.951612, 103.78588 ,  41.010506,
       105.00164 ,  56.53267 ,  35.79204 ,  52.114517,  46.412415],
      dtype=float32)}
self.is_success:  [ True  True  True  True  True  True  True  True False  True]

MPC iter 14 Eval ------- 
Success rate:  0.9
{'success': array([ True,  True,  True,  True,  True,  True,  True,  True, False,
        True]), 'state_dist': array([ 67.243614,  79.74524 ,  19.951612, 103.78588 ,  41.010506,
       105.00164 ,  56.53267 ,  35.79204 ,  51.84122 ,  46.412415],
      dtype=float32)}
self.is_success:  [ True  True  True  True  True  True  True  True False  True]

MPC iter 15 Eval ------- 
Success rate:  0.9
{'success': array([ True,  True,  True,  True,  True,  True,  True,  True, False,
        True]), 'state_dist': array([ 67.243614,  79.74524 ,  19.951612, 103.78588 ,  41.010506,
       105.00164 ,  56.53267 ,  35.79204 ,  51.977024,  46.412415],
      dtype=float32)}
self.is_success:  [ True  True  True  True  True  True  True  True False  True]

MPC iter 16 Eval ------- 
Success rate:  0.9
{'success': array([ True,  True,  True,  True,  True,  True,  True,  True, False,
        True]), 'state_dist': array([ 67.243614,  79.74524 ,  19.951612, 103.78588 ,  41.010506,
       105.00164 ,  56.53267 ,  35.79204 ,  51.891098,  46.412415],
      dtype=float32)}
self.is_success:  [ True  True  True  True  True  True  True  True False  True]

MPC iter 17 Eval ------- 
Success rate:  0.9
{'success': array([ True,  True,  True,  True,  True,  True,  True,  True, False,
        True]), 'state_dist': array([ 67.243614,  79.74524 ,  19.951612, 103.78588 ,  41.010506,
       105.00164 ,  56.53267 ,  35.79204 ,  52.089146,  46.412415],
      dtype=float32)}
self.is_success:  [ True  True  True  True  True  True  True  True False  True]

MPC iter 18 Eval ------- 
Success rate:  0.9
{'success': array([ True,  True,  True,  True,  True,  True,  True,  True, False,
        True]), 'state_dist': array([ 67.243614,  79.74524 ,  19.951612, 103.78588 ,  41.010506,
       105.00164 ,  56.53267 ,  35.79204 ,  51.872448,  46.412415],
      dtype=float32)}
self.is_success:  [ True  True  True  True  True  True  True  True False  True]

MPC iter 19 Eval ------- 
Success rate:  0.9
{'success': array([ True,  True,  True,  True,  True,  True,  True,  True, False,
        True]), 'state_dist': array([ 67.243614,  79.74524 ,  19.951612, 103.78588 ,  41.010506,
       105.00164 ,  56.53267 ,  35.79204 ,  52.08921 ,  46.412415],
      dtype=float32)}
self.is_success:  [ True  True  True  True  True  True  True  True False  True]
Success rate:  0.9
{'success': array([ True,  True,  True,  True,  True,  True,  True,  True, False,
        True]), 'state_dist': array([ 67.243614,  79.74524 ,  19.951612, 103.78588 ,  41.010506,
       105.00164 ,  56.53267 ,  35.79204 ,  52.08921 ,  46.412415],
      dtype=float32)}
[timing] perform_planning_s=448.949
[timing] total_planning_main_s=456.256
===== channel_off mpc seed 200 chunk 10 (n_evals=10) =====
/home/jupyter-deuk-c4e4/.conda/envs/ts310/lib/python3.10/site-packages/wandb/sdk/internal/internal_api.py:30: UserWarning: pkg_resources is deprecated as an API. See https://setuptools.pypa.io/en/latest/pkg_resources.html. The pkg_resources package is slated for removal as early as 2025-11-30. Refrain from using this package or pin to Setuptools<81.
  from pkg_resources import parse_version
/home/jupyter-deuk-c4e4/.conda/envs/ts310/lib/python3.10/site-packages/pkg_resources/__init__.py:3148: DeprecationWarning: Deprecated call to `pkg_resources.declare_namespace('mpl_toolkits')`.
Implementing implicit namespace packages (as specified in PEP 420) is preferred to `pkg_resources.declare_namespace`. See https://setuptools.pypa.io/en/latest/references/keywords.html#keyword-namespace-packages
  declare_namespace(pkg)
/home/jupyter-deuk-c4e4/.conda/envs/ts310/lib/python3.10/site-packages/pkg_resources/__init__.py:3148: DeprecationWarning: Deprecated call to `pkg_resources.declare_namespace('google')`.
Implementing implicit namespace packages (as specified in PEP 420) is preferred to `pkg_resources.declare_namespace`. See https://setuptools.pypa.io/en/latest/references/keywords.html#keyword-namespace-packages
  declare_namespace(pkg)
/home/jupyter-deuk-c4e4/.conda/envs/ts310/lib/python3.10/site-packages/Cython/Distutils/old_build_ext.py:15: DeprecationWarning: dep_util is Deprecated. Use functions from setuptools instead.
  from distutils.dep_util import newer, newer_group
<frozen importlib._bootstrap>:283: DeprecationWarning: the load_module() method is deprecated and slated for removal in Python 3.12; use exec_module() instead
Warning: Mujoco-based envs failed to import. Set the environment variable D4RL_SUPPRESS_IMPORT_ERROR=1 to suppress this message.
No module named 'mjrl'
Warning: Flow failed to import. Set the environment variable D4RL_SUPPRESS_IMPORT_ERROR=1 to suppress this message.
No module named 'flow'
Warning: CARLA failed to import. Set the environment variable D4RL_SUPPRESS_IMPORT_ERROR=1 to suppress this message.
No module named 'carla'
pybullet build time: Jan 29 2025 23:16:28
/home/jupyter-deuk-c4e4/.conda/envs/ts310/lib/python3.10/site-packages/gym/envs/registration.py:595: UserWarning: [33mWARN: Overriding environment maze2d-open-v0[0m
  logger.warn(f"Overriding environment {id}")
/home/jupyter-deuk-c4e4/.conda/envs/ts310/lib/python3.10/site-packages/gym/envs/registration.py:595: UserWarning: [33mWARN: Overriding environment maze2d-umaze-v0[0m
  logger.warn(f"Overriding environment {id}")
/home/jupyter-deuk-c4e4/.conda/envs/ts310/lib/python3.10/site-packages/gym/envs/registration.py:595: UserWarning: [33mWARN: Overriding environment maze2d-medium-v0[0m
  logger.warn(f"Overriding environment {id}")
/home/jupyter-deuk-c4e4/.conda/envs/ts310/lib/python3.10/site-packages/gym/envs/registration.py:595: UserWarning: [33mWARN: Overriding environment maze2d-large-v0[0m
  logger.warn(f"Overriding environment {id}")
/home/jupyter-deuk-c4e4/.conda/envs/ts310/lib/python3.10/site-packages/gym/envs/registration.py:595: UserWarning: [33mWARN: Overriding environment maze2d-umaze-v1[0m
  logger.warn(f"Overriding environment {id}")
/home/jupyter-deuk-c4e4/.conda/envs/ts310/lib/python3.10/site-packages/gym/envs/registration.py:595: UserWarning: [33mWARN: Overriding environment maze2d-medium-v1[0m
  logger.warn(f"Overriding environment {id}")
/home/jupyter-deuk-c4e4/.conda/envs/ts310/lib/python3.10/site-packages/gym/envs/registration.py:595: UserWarning: [33mWARN: Overriding environment maze2d-large-v1[0m
  logger.warn(f"Overriding environment {id}")
/home/jupyter-deuk-c4e4/.conda/envs/ts310/lib/python3.10/site-packages/gym/envs/registration.py:595: UserWarning: [33mWARN: Overriding environment maze2d-eval-umaze-v1[0m
  logger.warn(f"Overriding environment {id}")
/home/jupyter-deuk-c4e4/.conda/envs/ts310/lib/python3.10/site-packages/gym/envs/registration.py:595: UserWarning: [33mWARN: Overriding environment maze2d-eval-medium-v1[0m
  logger.warn(f"Overriding environment {id}")
/home/jupyter-deuk-c4e4/.conda/envs/ts310/lib/python3.10/site-packages/gym/envs/registration.py:595: UserWarning: [33mWARN: Overriding environment maze2d-eval-large-v1[0m
  logger.warn(f"Overriding environment {id}")
/home/jupyter-deuk-c4e4/.conda/envs/ts310/lib/python3.10/site-packages/gym/envs/registration.py:595: UserWarning: [33mWARN: Overriding environment maze2d-open-dense-v0[0m
  logger.warn(f"Overriding environment {id}")
/home/jupyter-deuk-c4e4/.conda/envs/ts310/lib/python3.10/site-packages/gym/envs/registration.py:595: UserWarning: [33mWARN: Overriding environment maze2d-umaze-dense-v0[0m
  logger.warn(f"Overriding environment {id}")
/home/jupyter-deuk-c4e4/.conda/envs/ts310/lib/python3.10/site-packages/gym/envs/registration.py:595: UserWarning: [33mWARN: Overriding environment maze2d-medium-dense-v0[0m
  logger.warn(f"Overriding environment {id}")
/home/jupyter-deuk-c4e4/.conda/envs/ts310/lib/python3.10/site-packages/gym/envs/registration.py:595: UserWarning: [33mWARN: Overriding environment maze2d-large-dense-v0[0m
  logger.warn(f"Overriding environment {id}")
/home/jupyter-deuk-c4e4/.conda/envs/ts310/lib/python3.10/site-packages/gym/envs/registration.py:595: UserWarning: [33mWARN: Overriding environment maze2d-umaze-dense-v1[0m
  logger.warn(f"Overriding environment {id}")
/home/jupyter-deuk-c4e4/.conda/envs/ts310/lib/python3.10/site-packages/gym/envs/registration.py:595: UserWarning: [33mWARN: Overriding environment maze2d-medium-dense-v1[0m
  logger.warn(f"Overriding environment {id}")
/home/jupyter-deuk-c4e4/.conda/envs/ts310/lib/python3.10/site-packages/gym/envs/registration.py:595: UserWarning: [33mWARN: Overriding environment maze2d-large-dense-v1[0m
  logger.warn(f"Overriding environment {id}")
/home/jupyter-deuk-c4e4/.conda/envs/ts310/lib/python3.10/site-packages/gym/envs/registration.py:595: UserWarning: [33mWARN: Overriding environment maze2d-eval-umaze-dense-v1[0m
  logger.warn(f"Overriding environment {id}")
/home/jupyter-deuk-c4e4/.conda/envs/ts310/lib/python3.10/site-packages/gym/envs/registration.py:595: UserWarning: [33mWARN: Overriding environment maze2d-eval-medium-dense-v1[0m
  logger.warn(f"Overriding environment {id}")
/home/jupyter-deuk-c4e4/.conda/envs/ts310/lib/python3.10/site-packages/gym/envs/registration.py:595: UserWarning: [33mWARN: Overriding environment maze2d-eval-large-dense-v1[0m
  logger.warn(f"Overriding environment {id}")
/opt/dlami/nvme/home/jupyter-deuk-c4e4/temporal-straightening/custom_resolvers.py:4: UserWarning: 
The version_base parameter is not specified.
Please specify a compatability version level, or None.
Will assume defaults for version 1.1
  @hydra.main(config_path=None)
[2026-07-25 15:58:50,059][__main__][INFO] - Planning result saved dir: /opt/dlami/nvme/home/jupyter-deuk-c4e4/pusht-reproduction/patchproj_reproduction/plan/mpc_seed_200/chunk_10
/home/jupyter-deuk-c4e4/.conda/envs/ts310/lib/python3.10/site-packages/wandb/sdk/internal/internal_api.py:30: UserWarning: pkg_resources is deprecated as an API. See https://setuptools.pypa.io/en/latest/pkg_resources.html. The pkg_resources package is slated for removal as early as 2025-11-30. Refrain from using this package or pin to Setuptools<81.
  from pkg_resources import parse_version
Using cache found in /home/jupyter-deuk-c4e4/.cache/torch/hub/facebookresearch_dinov2_81b2b6419385
Loaded 18685 rollouts
Loaded 21 rollouts
[2026-07-25 15:58:52,873][dinov2][INFO] - using MLP layer as FFN
[2026-07-25 15:58:53,368][models.dino][WARNING] - Unknown projector 'none' for patch tokens; proceeding without projector.
Resuming from epoch 2: /home/jupyter-deuk-c4e4/pusht-reproduction/patchproj_reproduction/test/pusht_False_agg32_projchannel_dim8_hw14_sgTrue_lr1e-06/checkpoints/model_2.pth
[2026-07-25 15:58:53,714][models.visual_world_model][INFO] - num_action_repeat: 1
[2026-07-25 15:58:53,715][models.visual_world_model][INFO] - num_proprio_repeat: 1
[2026-07-25 15:58:53,715][models.visual_world_model][INFO] - proprio encoder: ProprioceptiveEmbedding(
  (patch_embed): Conv1d(4, 10, kernel_size=(1,), stride=(1,))
  (norm): LayerNorm((10,), eps=1e-05, elementwise_affine=True)
)
[2026-07-25 15:58:53,715][models.visual_world_model][INFO] - action encoder: ProprioceptiveEmbedding(
  (patch_embed): Conv1d(10, 10, kernel_size=(1,), stride=(1,))
  (norm): LayerNorm((10,), eps=1e-05, elementwise_affine=True)
)
[2026-07-25 15:58:53,715][models.visual_world_model][INFO] - proprio_dim: 10, after repeat: 10
[2026-07-25 15:58:53,715][models.visual_world_model][INFO] - action_dim: 10, after repeat: 10
[2026-07-25 15:58:53,715][models.visual_world_model][INFO] - emb_dim: 28
[2026-07-25 15:58:53,715][models.visual_world_model][INFO] - Straightening disabled
[2026-07-25 15:58:53,715][models.visual_world_model][INFO] - Speed constancy disabled
[2026-07-25 15:58:53,715][models.visual_world_model][INFO] - Trajectory penalty disabled
[2026-07-25 15:58:53,715][models.visual_world_model][INFO] - Stop-grad enabled: True
[2026-07-25 15:58:53,715][models.visual_world_model][INFO] - VCReg enabled: False, apply_to=enc, std_coeff=0.0, cov_coeff=0.0
[2026-07-25 15:58:53,715][models.visual_world_model][INFO] - Model emb_dim: 28
[timing] setup_model_s=3.659
eval_seed:  [2001, 2201, 2401, 2601, 2801, 3001, 3201, 3401, 3601, 3801]
Dumped plan targets to /opt/dlami/nvme/home/jupyter-deuk-c4e4/pusht-reproduction/patchproj_reproduction/plan/mpc_seed_200/chunk_10/plan_targets.pkl
[timing] setup_workspace_s=5.143

MPC iter 0 Eval ------- 
Success rate:  0.0
{'success': array([False, False, False, False, False, False, False, False, False,
       False]), 'state_dist': array([159.61693 , 239.4241  , 197.76381 , 137.33194 ,  90.04735 ,
       243.05023 , 212.23294 , 140.76924 , 118.229614, 111.96249 ],
      dtype=float32)}
self.is_success:  [False False False False False False False False False False]

MPC iter 1 Eval ------- 
Success rate:  0.0
{'success': array([False, False, False, False, False, False, False, False, False,
       False]), 'state_dist': array([149.43108 , 231.46327 , 198.84996 , 120.618065,  82.017654,
       263.17587 , 228.38934 , 148.69118 , 138.36163 , 113.16824 ],
      dtype=float32)}
self.is_success:  [False False False False False False False False False False]

MPC iter 2 Eval ------- 
Success rate:  0.0
{'success': array([False, False, False, False, False, False, False, False, False,
       False]), 'state_dist': array([159.62961, 353.87918, 206.3701 , 131.91125,  90.67008, 396.5111 ,
       169.56218, 151.56902, 169.50435,  95.6866 ], dtype=float32)}
self.is_success:  [False False False False False False False False False False]

MPC iter 3 Eval ------- 
Success rate:  0.1
{'success': array([False,  True, False, False, False, False, False, False, False,
       False]), 'state_dist': array([180.05745, 498.54044, 237.18016, 119.85611,  63.14336, 189.06947,
       162.86621, 140.58444, 147.15494,  67.19218], dtype=float32)}
self.is_success:  [False  True False False False False False False False False]

MPC iter 4 Eval ------- 
Success rate:  0.2
{'success': array([False,  True, False,  True, False, False, False, False, False,
       False]), 'state_dist': array([166.98575 , 498.54044 , 556.87225 ,  74.73192 ,  53.288845,
       193.08693 , 294.56482 , 110.29195 ,  91.54068 , 239.80617 ],
      dtype=float32)}
self.is_success:  [False  True False  True False False False False False False]

MPC iter 5 Eval ------- 
Success rate:  0.3
{'success': array([ True,  True, False,  True, False, False, False, False, False,
       False]), 'state_dist': array([ 63.807796, 498.54044 , 185.69693 ,  74.73192 ,  43.58209 ,
        37.433075, 228.65007 ,  49.938587, 133.49203 , 118.449295],
      dtype=float32)}
self.is_success:  [ True  True False  True False False False False False False]

MPC iter 6 Eval ------- 
Success rate:  0.7
{'success': array([ True,  True, False,  True,  True,  True, False,  True, False,
        True]), 'state_dist': array([ 63.807796, 498.54044 , 248.14105 ,  74.73192 ,  29.095812,
        68.909065,  56.69413 ,  49.56367 , 169.36809 ,  59.0601  ],
      dtype=float32)}
self.is_success:  [ True  True False  True  True  True False  True False  True]

MPC iter 7 Eval ------- 
Success rate:  0.7
{'success': array([ True,  True, False,  True,  True,  True, False,  True, False,
        True]), 'state_dist': array([ 63.807796, 498.54044 , 274.5527  ,  74.73192 ,  29.095812,
        68.909065, 175.55325 ,  49.56367 ,  38.17199 ,  59.0601  ],
      dtype=float32)}
self.is_success:  [ True  True False  True  True  True False  True False  True]

MPC iter 8 Eval ------- 
Success rate:  0.8
{'success': array([ True,  True, False,  True,  True,  True,  True,  True, False,
        True]), 'state_dist': array([ 63.807796, 498.54044 , 297.12363 ,  74.73192 ,  29.095812,
        68.909065,  98.26956 ,  49.56367 ,  86.66221 ,  59.0601  ],
      dtype=float32)}
self.is_success:  [ True  True False  True  True  True  True  True False  True]

MPC iter 9 Eval ------- 
Success rate:  0.8
{'success': array([ True,  True, False,  True,  True,  True,  True,  True, False,
        True]), 'state_dist': array([ 63.807796, 498.54044 , 287.60767 ,  74.73192 ,  29.095812,
        68.909065,  98.26956 ,  49.56367 ,  67.91549 ,  59.0601  ],
      dtype=float32)}
self.is_success:  [ True  True False  True  True  True  True  True False  True]

MPC iter 10 Eval ------- 
Success rate:  0.8
{'success': array([ True,  True, False,  True,  True,  True,  True,  True, False,
        True]), 'state_dist': array([ 63.807796, 498.54044 , 291.3153  ,  74.73192 ,  29.095812,
        68.909065,  98.26956 ,  49.56367 ,  74.000496,  59.0601  ],
      dtype=float32)}
self.is_success:  [ True  True False  True  True  True  True  True False  True]

MPC iter 11 Eval ------- 
Success rate:  0.8
{'success': array([ True,  True, False,  True,  True,  True,  True,  True, False,
        True]), 'state_dist': array([ 63.807796, 498.54044 , 290.43866 ,  74.73192 ,  29.095812,
        68.909065,  98.26956 ,  49.56367 ,  73.76683 ,  59.0601  ],
      dtype=float32)}
self.is_success:  [ True  True False  True  True  True  True  True False  True]

MPC iter 12 Eval ------- 
Success rate:  0.8
{'success': array([ True,  True, False,  True,  True,  True,  True,  True, False,
        True]), 'state_dist': array([ 63.807796, 498.54044 , 291.5987  ,  74.73192 ,  29.095812,
        68.909065,  98.26956 ,  49.56367 ,  71.89723 ,  59.0601  ],
      dtype=float32)}
self.is_success:  [ True  True False  True  True  True  True  True False  True]

MPC iter 13 Eval ------- 
Success rate:  0.8
{'success': array([ True,  True, False,  True,  True,  True,  True,  True, False,
        True]), 'state_dist': array([ 63.807796, 498.54044 , 291.45667 ,  74.73192 ,  29.095812,
        68.909065,  98.26956 ,  49.56367 ,  72.04949 ,  59.0601  ],
      dtype=float32)}
self.is_success:  [ True  True False  True  True  True  True  True False  True]

MPC iter 14 Eval ------- 
Success rate:  0.8
{'success': array([ True,  True, False,  True,  True,  True,  True,  True, False,
        True]), 'state_dist': array([ 63.807796, 498.54044 , 291.54288 ,  74.73192 ,  29.095812,
        68.909065,  98.26956 ,  49.56367 ,  73.652306,  59.0601  ],
      dtype=float32)}
self.is_success:  [ True  True False  True  True  True  True  True False  True]

MPC iter 15 Eval ------- 
Success rate:  0.8
{'success': array([ True,  True, False,  True,  True,  True,  True,  True, False,
        True]), 'state_dist': array([ 63.807796, 498.54044 , 291.50418 ,  74.73192 ,  29.095812,
        68.909065,  98.26956 ,  49.56367 ,  72.505775,  59.0601  ],
      dtype=float32)}
self.is_success:  [ True  True False  True  True  True  True  True False  True]

MPC iter 16 Eval ------- 
Success rate:  0.8
{'success': array([ True,  True, False,  True,  True,  True,  True,  True, False,
        True]), 'state_dist': array([ 63.807796, 498.54044 , 291.4719  ,  74.73192 ,  29.095812,
        68.909065,  98.26956 ,  49.56367 ,  71.25091 ,  59.0601  ],
      dtype=float32)}
self.is_success:  [ True  True False  True  True  True  True  True False  True]

MPC iter 17 Eval ------- 
Success rate:  0.8
{'success': array([ True,  True, False,  True,  True,  True,  True,  True, False,
        True]), 'state_dist': array([ 63.807796, 498.54044 , 291.546   ,  74.73192 ,  29.095812,
        68.909065,  98.26956 ,  49.56367 ,  73.74008 ,  59.0601  ],
      dtype=float32)}
self.is_success:  [ True  True False  True  True  True  True  True False  True]

MPC iter 18 Eval ------- 
Success rate:  0.8
{'success': array([ True,  True, False,  True,  True,  True,  True,  True, False,
        True]), 'state_dist': array([ 63.807796, 498.54044 , 291.57684 ,  74.73192 ,  29.095812,
        68.909065,  98.26956 ,  49.56367 ,  72.38356 ,  59.0601  ],
      dtype=float32)}
self.is_success:  [ True  True False  True  True  True  True  True False  True]

MPC iter 19 Eval ------- 
Success rate:  0.8
{'success': array([ True,  True, False,  True,  True,  True,  True,  True, False,
        True]), 'state_dist': array([ 63.807796, 498.54044 , 291.59177 ,  74.73192 ,  29.095812,
        68.909065,  98.26956 ,  49.56367 ,  73.05325 ,  59.0601  ],
      dtype=float32)}
self.is_success:  [ True  True False  True  True  True  True  True False  True]
Success rate:  0.8
{'success': array([ True,  True, False,  True,  True,  True,  True,  True, False,
        True]), 'state_dist': array([ 63.807796, 498.54044 , 291.59177 ,  74.73192 ,  29.095812,
        68.909065,  98.26956 ,  49.56367 ,  73.05325 ,  59.0601  ],
      dtype=float32)}
[timing] perform_planning_s=450.653
[timing] total_planning_main_s=459.455
===== channel_off mpc seed 200 chunk 20 (n_evals=10) =====
/home/jupyter-deuk-c4e4/.conda/envs/ts310/lib/python3.10/site-packages/wandb/sdk/internal/internal_api.py:30: UserWarning: pkg_resources is deprecated as an API. See https://setuptools.pypa.io/en/latest/pkg_resources.html. The pkg_resources package is slated for removal as early as 2025-11-30. Refrain from using this package or pin to Setuptools<81.
  from pkg_resources import parse_version
/home/jupyter-deuk-c4e4/.conda/envs/ts310/lib/python3.10/site-packages/pkg_resources/__init__.py:3148: DeprecationWarning: Deprecated call to `pkg_resources.declare_namespace('mpl_toolkits')`.
Implementing implicit namespace packages (as specified in PEP 420) is preferred to `pkg_resources.declare_namespace`. See https://setuptools.pypa.io/en/latest/references/keywords.html#keyword-namespace-packages
  declare_namespace(pkg)
/home/jupyter-deuk-c4e4/.conda/envs/ts310/lib/python3.10/site-packages/pkg_resources/__init__.py:3148: DeprecationWarning: Deprecated call to `pkg_resources.declare_namespace('google')`.
Implementing implicit namespace packages (as specified in PEP 420) is preferred to `pkg_resources.declare_namespace`. See https://setuptools.pypa.io/en/latest/references/keywords.html#keyword-namespace-packages
  declare_namespace(pkg)
/home/jupyter-deuk-c4e4/.conda/envs/ts310/lib/python3.10/site-packages/Cython/Distutils/old_build_ext.py:15: DeprecationWarning: dep_util is Deprecated. Use functions from setuptools instead.
  from distutils.dep_util import newer, newer_group
<frozen importlib._bootstrap>:283: DeprecationWarning: the load_module() method is deprecated and slated for removal in Python 3.12; use exec_module() instead
Warning: Mujoco-based envs failed to import. Set the environment variable D4RL_SUPPRESS_IMPORT_ERROR=1 to suppress this message.
No module named 'mjrl'
Warning: Flow failed to import. Set the environment variable D4RL_SUPPRESS_IMPORT_ERROR=1 to suppress this message.
No module named 'flow'
Warning: CARLA failed to import. Set the environment variable D4RL_SUPPRESS_IMPORT_ERROR=1 to suppress this message.
No module named 'carla'
pybullet build time: Jan 29 2025 23:16:28
/home/jupyter-deuk-c4e4/.conda/envs/ts310/lib/python3.10/site-packages/gym/envs/registration.py:595: UserWarning: [33mWARN: Overriding environment maze2d-open-v0[0m
  logger.warn(f"Overriding environment {id}")
/home/jupyter-deuk-c4e4/.conda/envs/ts310/lib/python3.10/site-packages/gym/envs/registration.py:595: UserWarning: [33mWARN: Overriding environment maze2d-umaze-v0[0m
  logger.warn(f"Overriding environment {id}")
/home/jupyter-deuk-c4e4/.conda/envs/ts310/lib/python3.10/site-packages/gym/envs/registration.py:595: UserWarning: [33mWARN: Overriding environment maze2d-medium-v0[0m
  logger.warn(f"Overriding environment {id}")
/home/jupyter-deuk-c4e4/.conda/envs/ts310/lib/python3.10/site-packages/gym/envs/registration.py:595: UserWarning: [33mWARN: Overriding environment maze2d-large-v0[0m
  logger.warn(f"Overriding environment {id}")
/home/jupyter-deuk-c4e4/.conda/envs/ts310/lib/python3.10/site-packages/gym/envs/registration.py:595: UserWarning: [33mWARN: Overriding environment maze2d-umaze-v1[0m
  logger.warn(f"Overriding environment {id}")
/home/jupyter-deuk-c4e4/.conda/envs/ts310/lib/python3.10/site-packages/gym/envs/registration.py:595: UserWarning: [33mWARN: Overriding environment maze2d-medium-v1[0m
  logger.warn(f"Overriding environment {id}")
/home/jupyter-deuk-c4e4/.conda/envs/ts310/lib/python3.10/site-packages/gym/envs/registration.py:595: UserWarning: [33mWARN: Overriding environment maze2d-large-v1[0m
  logger.warn(f"Overriding environment {id}")
/home/jupyter-deuk-c4e4/.conda/envs/ts310/lib/python3.10/site-packages/gym/envs/registration.py:595: UserWarning: [33mWARN: Overriding environment maze2d-eval-umaze-v1[0m
  logger.warn(f"Overriding environment {id}")
/home/jupyter-deuk-c4e4/.conda/envs/ts310/lib/python3.10/site-packages/gym/envs/registration.py:595: UserWarning: [33mWARN: Overriding environment maze2d-eval-medium-v1[0m
  logger.warn(f"Overriding environment {id}")
/home/jupyter-deuk-c4e4/.conda/envs/ts310/lib/python3.10/site-packages/gym/envs/registration.py:595: UserWarning: [33mWARN: Overriding environment maze2d-eval-large-v1[0m
  logger.warn(f"Overriding environment {id}")
/home/jupyter-deuk-c4e4/.conda/envs/ts310/lib/python3.10/site-packages/gym/envs/registration.py:595: UserWarning: [33mWARN: Overriding environment maze2d-open-dense-v0[0m
  logger.warn(f"Overriding environment {id}")
/home/jupyter-deuk-c4e4/.conda/envs/ts310/lib/python3.10/site-packages/gym/envs/registration.py:595: UserWarning: [33mWARN: Overriding environment maze2d-umaze-dense-v0[0m
  logger.warn(f"Overriding environment {id}")
/home/jupyter-deuk-c4e4/.conda/envs/ts310/lib/python3.10/site-packages/gym/envs/registration.py:595: UserWarning: [33mWARN: Overriding environment maze2d-medium-dense-v0[0m
  logger.warn(f"Overriding environment {id}")
/home/jupyter-deuk-c4e4/.conda/envs/ts310/lib/python3.10/site-packages/gym/envs/registration.py:595: UserWarning: [33mWARN: Overriding environment maze2d-large-dense-v0[0m
  logger.warn(f"Overriding environment {id}")
/home/jupyter-deuk-c4e4/.conda/envs/ts310/lib/python3.10/site-packages/gym/envs/registration.py:595: UserWarning: [33mWARN: Overriding environment maze2d-umaze-dense-v1[0m
  logger.warn(f"Overriding environment {id}")
/home/jupyter-deuk-c4e4/.conda/envs/ts310/lib/python3.10/site-packages/gym/envs/registration.py:595: UserWarning: [33mWARN: Overriding environment maze2d-medium-dense-v1[0m
  logger.warn(f"Overriding environment {id}")
/home/jupyter-deuk-c4e4/.conda/envs/ts310/lib/python3.10/site-packages/gym/envs/registration.py:595: UserWarning: [33mWARN: Overriding environment maze2d-large-dense-v1[0m
  logger.warn(f"Overriding environment {id}")
/home/jupyter-deuk-c4e4/.conda/envs/ts310/lib/python3.10/site-packages/gym/envs/registration.py:595: UserWarning: [33mWARN: Overriding environment maze2d-eval-umaze-dense-v1[0m
  logger.warn(f"Overriding environment {id}")
/home/jupyter-deuk-c4e4/.conda/envs/ts310/lib/python3.10/site-packages/gym/envs/registration.py:595: UserWarning: [33mWARN: Overriding environment maze2d-eval-medium-dense-v1[0m
  logger.warn(f"Overriding environment {id}")
/home/jupyter-deuk-c4e4/.conda/envs/ts310/lib/python3.10/site-packages/gym/envs/registration.py:595: UserWarning: [33mWARN: Overriding environment maze2d-eval-large-dense-v1[0m
  logger.warn(f"Overriding environment {id}")
/opt/dlami/nvme/home/jupyter-deuk-c4e4/temporal-straightening/custom_resolvers.py:4: UserWarning: 
The version_base parameter is not specified.
Please specify a compatability version level, or None.
Will assume defaults for version 1.1
  @hydra.main(config_path=None)
[2026-07-25 16:06:35,221][__main__][INFO] - Planning result saved dir: /opt/dlami/nvme/home/jupyter-deuk-c4e4/pusht-reproduction/patchproj_reproduction/plan/mpc_seed_200/chunk_20
/home/jupyter-deuk-c4e4/.conda/envs/ts310/lib/python3.10/site-packages/wandb/sdk/internal/internal_api.py:30: UserWarning: pkg_resources is deprecated as an API. See https://setuptools.pypa.io/en/latest/pkg_resources.html. The pkg_resources package is slated for removal as early as 2025-11-30. Refrain from using this package or pin to Setuptools<81.
  from pkg_resources import parse_version
Using cache found in /home/jupyter-deuk-c4e4/.cache/torch/hub/facebookresearch_dinov2_81b2b6419385
Loaded 18685 rollouts
Loaded 21 rollouts
[2026-07-25 16:06:37,740][dinov2][INFO] - using MLP layer as FFN
[2026-07-25 16:06:38,253][models.dino][WARNING] - Unknown projector 'none' for patch tokens; proceeding without projector.
Resuming from epoch 2: /home/jupyter-deuk-c4e4/pusht-reproduction/patchproj_reproduction/test/pusht_False_agg32_projchannel_dim8_hw14_sgTrue_lr1e-06/checkpoints/model_2.pth
[2026-07-25 16:06:38,606][models.visual_world_model][INFO] - num_action_repeat: 1
[2026-07-25 16:06:38,607][models.visual_world_model][INFO] - num_proprio_repeat: 1
[2026-07-25 16:06:38,607][models.visual_world_model][INFO] - proprio encoder: ProprioceptiveEmbedding(
  (patch_embed): Conv1d(4, 10, kernel_size=(1,), stride=(1,))
  (norm): LayerNorm((10,), eps=1e-05, elementwise_affine=True)
)
[2026-07-25 16:06:38,607][models.visual_world_model][INFO] - action encoder: ProprioceptiveEmbedding(
  (patch_embed): Conv1d(10, 10, kernel_size=(1,), stride=(1,))
  (norm): LayerNorm((10,), eps=1e-05, elementwise_affine=True)
)
[2026-07-25 16:06:38,607][models.visual_world_model][INFO] - proprio_dim: 10, after repeat: 10
[2026-07-25 16:06:38,607][models.visual_world_model][INFO] - action_dim: 10, after repeat: 10
[2026-07-25 16:06:38,607][models.visual_world_model][INFO] - emb_dim: 28
[2026-07-25 16:06:38,607][models.visual_world_model][INFO] - Straightening disabled
[2026-07-25 16:06:38,607][models.visual_world_model][INFO] - Speed constancy disabled
[2026-07-25 16:06:38,607][models.visual_world_model][INFO] - Trajectory penalty disabled
[2026-07-25 16:06:38,607][models.visual_world_model][INFO] - Stop-grad enabled: True
[2026-07-25 16:06:38,607][models.visual_world_model][INFO] - VCReg enabled: False, apply_to=enc, std_coeff=0.0, cov_coeff=0.0
[2026-07-25 16:06:38,607][models.visual_world_model][INFO] - Model emb_dim: 28
[timing] setup_model_s=3.389
eval_seed:  [4001, 4201, 4401, 4601, 4801, 5001, 5201, 5401, 5601, 5801]
Dumped plan targets to /opt/dlami/nvme/home/jupyter-deuk-c4e4/pusht-reproduction/patchproj_reproduction/plan/mpc_seed_200/chunk_20/plan_targets.pkl
[timing] setup_workspace_s=5.507

MPC iter 0 Eval ------- 
Success rate:  0.0
{'success': array([False, False, False, False, False, False, False, False, False,
       False]), 'state_dist': array([ 86.84641, 112.46426,  91.52285, 262.91812, 218.25487, 129.14223,
        90.87788,  87.544  , 238.14201, 175.10701], dtype=float32)}
self.is_success:  [False False False False False False False False False False]

MPC iter 1 Eval ------- 
Success rate:  0.0
{'success': array([False, False, False, False, False, False, False, False, False,
       False]), 'state_dist': array([ 55.22918 ,  63.75898 ,  60.369804, 264.9049  , 195.3895  ,
       107.933525,  82.19385 ,  67.567566, 141.33044 , 163.01392 ],
      dtype=float32)}
self.is_success:  [False False False False False False False False False False]

MPC iter 2 Eval ------- 
Success rate:  0.1
{'success': array([False,  True, False, False, False, False, False, False, False,
       False]), 'state_dist': array([ 52.914177, 150.13596 ,  38.34605 , 229.6405  , 178.46037 ,
        67.92004 ,  67.71208 , 237.01335 , 339.87805 , 171.59581 ],
      dtype=float32)}
self.is_success:  [False  True False False False False False False False False]

MPC iter 3 Eval ------- 
Success rate:  0.1
{'success': array([False,  True, False, False, False, False, False, False, False,
       False]), 'state_dist': array([ 63.68235 , 150.13596 ,  45.109528, 171.74236 , 148.01958 ,
        46.32487 ,  56.723263, 388.40244 , 313.95502 , 119.917206],
      dtype=float32)}
self.is_success:  [False  True False False False False False False False False]

MPC iter 4 Eval ------- 
Success rate:  0.1
{'success': array([False,  True, False, False, False, False, False, False, False,
       False]), 'state_dist': array([ 52.941124, 150.13596 ,  44.248592,  72.23635 , 151.56305 ,
        64.90513 ,  67.03912 , 191.18034 , 111.06509 ,  99.674965],
      dtype=float32)}
self.is_success:  [False  True False False False False False False False False]

MPC iter 5 Eval ------- 
Success rate:  0.4
{'success': array([ True,  True, False, False, False,  True,  True, False, False,
       False]), 'state_dist': array([ 40.671085, 150.13596 ,  65.67512 ,  56.172173, 224.07034 ,
        94.43946 ,  78.60322 ,  41.478268, 175.8029  , 103.91654 ],
      dtype=float32)}
self.is_success:  [ True  True False False False  True  True False False False]

MPC iter 6 Eval ------- 
Success rate:  0.7
{'success': array([ True,  True,  True, False,  True,  True,  True, False,  True,
       False]), 'state_dist': array([ 40.671085, 150.13596 ,  22.93453 ,  45.853188,  25.912243,
        94.43946 ,  78.60322 ,  50.67238 ,  74.47418 , 124.16899 ],
      dtype=float32)}
self.is_success:  [ True  True  True False  True  True  True False  True False]

MPC iter 7 Eval ------- 
Success rate:  0.9
{'success': array([ True,  True,  True,  True,  True,  True,  True, False,  True,
        True]), 'state_dist': array([ 40.671085, 150.13596 ,  22.93453 ,  28.191727,  25.912243,
        94.43946 ,  78.60322 , 137.34328 ,  74.47418 ,  60.2413  ],
      dtype=float32)}
self.is_success:  [ True  True  True  True  True  True  True False  True  True]

MPC iter 8 Eval ------- 
Success rate:  1.0
{'success': array([ True,  True,  True,  True,  True,  True,  True,  True,  True,
        True]), 'state_dist': array([ 40.671085, 150.13596 ,  22.93453 ,  28.191727,  25.912243,
        94.43946 ,  78.60322 ,  39.5293  ,  74.47418 ,  60.2413  ],
      dtype=float32)}
self.is_success:  [ True  True  True  True  True  True  True  True  True  True]
Success rate:  1.0
{'success': array([ True,  True,  True,  True,  True,  True,  True,  True,  True,
        True]), 'state_dist': array([ 40.671085, 150.13596 ,  22.93453 ,  28.191727,  25.912243,
        94.43946 ,  78.60322 ,  39.5293  ,  74.47418 ,  60.2413  ],
      dtype=float32)}
[timing] perform_planning_s=199.692
[timing] total_planning_main_s=208.588
===== channel_off mpc seed 200 chunk 30 (n_evals=10) =====
/home/jupyter-deuk-c4e4/.conda/envs/ts310/lib/python3.10/site-packages/wandb/sdk/internal/internal_api.py:30: UserWarning: pkg_resources is deprecated as an API. See https://setuptools.pypa.io/en/latest/pkg_resources.html. The pkg_resources package is slated for removal as early as 2025-11-30. Refrain from using this package or pin to Setuptools<81.
  from pkg_resources import parse_version
/home/jupyter-deuk-c4e4/.conda/envs/ts310/lib/python3.10/site-packages/pkg_resources/__init__.py:3148: DeprecationWarning: Deprecated call to `pkg_resources.declare_namespace('mpl_toolkits')`.
Implementing implicit namespace packages (as specified in PEP 420) is preferred to `pkg_resources.declare_namespace`. See https://setuptools.pypa.io/en/latest/references/keywords.html#keyword-namespace-packages
  declare_namespace(pkg)
/home/jupyter-deuk-c4e4/.conda/envs/ts310/lib/python3.10/site-packages/pkg_resources/__init__.py:3148: DeprecationWarning: Deprecated call to `pkg_resources.declare_namespace('google')`.
Implementing implicit namespace packages (as specified in PEP 420) is preferred to `pkg_resources.declare_namespace`. See https://setuptools.pypa.io/en/latest/references/keywords.html#keyword-namespace-packages
  declare_namespace(pkg)
/home/jupyter-deuk-c4e4/.conda/envs/ts310/lib/python3.10/site-packages/Cython/Distutils/old_build_ext.py:15: DeprecationWarning: dep_util is Deprecated. Use functions from setuptools instead.
  from distutils.dep_util import newer, newer_group
<frozen importlib._bootstrap>:283: DeprecationWarning: the load_module() method is deprecated and slated for removal in Python 3.12; use exec_module() instead
Warning: Mujoco-based envs failed to import. Set the environment variable D4RL_SUPPRESS_IMPORT_ERROR=1 to suppress this message.
No module named 'mjrl'
Warning: Flow failed to import. Set the environment variable D4RL_SUPPRESS_IMPORT_ERROR=1 to suppress this message.
No module named 'flow'
Warning: CARLA failed to import. Set the environment variable D4RL_SUPPRESS_IMPORT_ERROR=1 to suppress this message.
No module named 'carla'
pybullet build time: Jan 29 2025 23:16:28
/home/jupyter-deuk-c4e4/.conda/envs/ts310/lib/python3.10/site-packages/gym/envs/registration.py:595: UserWarning: [33mWARN: Overriding environment maze2d-open-v0[0m
  logger.warn(f"Overriding environment {id}")
/home/jupyter-deuk-c4e4/.conda/envs/ts310/lib/python3.10/site-packages/gym/envs/registration.py:595: UserWarning: [33mWARN: Overriding environment maze2d-umaze-v0[0m
  logger.warn(f"Overriding environment {id}")
/home/jupyter-deuk-c4e4/.conda/envs/ts310/lib/python3.10/site-packages/gym/envs/registration.py:595: UserWarning: [33mWARN: Overriding environment maze2d-medium-v0[0m
  logger.warn(f"Overriding environment {id}")
/home/jupyter-deuk-c4e4/.conda/envs/ts310/lib/python3.10/site-packages/gym/envs/registration.py:595: UserWarning: [33mWARN: Overriding environment maze2d-large-v0[0m
  logger.warn(f"Overriding environment {id}")
/home/jupyter-deuk-c4e4/.conda/envs/ts310/lib/python3.10/site-packages/gym/envs/registration.py:595: UserWarning: [33mWARN: Overriding environment maze2d-umaze-v1[0m
  logger.warn(f"Overriding environment {id}")
/home/jupyter-deuk-c4e4/.conda/envs/ts310/lib/python3.10/site-packages/gym/envs/registration.py:595: UserWarning: [33mWARN: Overriding environment maze2d-medium-v1[0m
  logger.warn(f"Overriding environment {id}")
/home/jupyter-deuk-c4e4/.conda/envs/ts310/lib/python3.10/site-packages/gym/envs/registration.py:595: UserWarning: [33mWARN: Overriding environment maze2d-large-v1[0m
  logger.warn(f"Overriding environment {id}")
/home/jupyter-deuk-c4e4/.conda/envs/ts310/lib/python3.10/site-packages/gym/envs/registration.py:595: UserWarning: [33mWARN: Overriding environment maze2d-eval-umaze-v1[0m
  logger.warn(f"Overriding environment {id}")
/home/jupyter-deuk-c4e4/.conda/envs/ts310/lib/python3.10/site-packages/gym/envs/registration.py:595: UserWarning: [33mWARN: Overriding environment maze2d-eval-medium-v1[0m
  logger.warn(f"Overriding environment {id}")
/home/jupyter-deuk-c4e4/.conda/envs/ts310/lib/python3.10/site-packages/gym/envs/registration.py:595: UserWarning: [33mWARN: Overriding environment maze2d-eval-large-v1[0m
  logger.warn(f"Overriding environment {id}")
/home/jupyter-deuk-c4e4/.conda/envs/ts310/lib/python3.10/site-packages/gym/envs/registration.py:595: UserWarning: [33mWARN: Overriding environment maze2d-open-dense-v0[0m
  logger.warn(f"Overriding environment {id}")
/home/jupyter-deuk-c4e4/.conda/envs/ts310/lib/python3.10/site-packages/gym/envs/registration.py:595: UserWarning: [33mWARN: Overriding environment maze2d-umaze-dense-v0[0m
  logger.warn(f"Overriding environment {id}")
/home/jupyter-deuk-c4e4/.conda/envs/ts310/lib/python3.10/site-packages/gym/envs/registration.py:595: UserWarning: [33mWARN: Overriding environment maze2d-medium-dense-v0[0m
  logger.warn(f"Overriding environment {id}")
/home/jupyter-deuk-c4e4/.conda/envs/ts310/lib/python3.10/site-packages/gym/envs/registration.py:595: UserWarning: [33mWARN: Overriding environment maze2d-large-dense-v0[0m
  logger.warn(f"Overriding environment {id}")
/home/jupyter-deuk-c4e4/.conda/envs/ts310/lib/python3.10/site-packages/gym/envs/registration.py:595: UserWarning: [33mWARN: Overriding environment maze2d-umaze-dense-v1[0m
  logger.warn(f"Overriding environment {id}")
/home/jupyter-deuk-c4e4/.conda/envs/ts310/lib/python3.10/site-packages/gym/envs/registration.py:595: UserWarning: [33mWARN: Overriding environment maze2d-medium-dense-v1[0m
  logger.warn(f"Overriding environment {id}")
/home/jupyter-deuk-c4e4/.conda/envs/ts310/lib/python3.10/site-packages/gym/envs/registration.py:595: UserWarning: [33mWARN: Overriding environment maze2d-large-dense-v1[0m
  logger.warn(f"Overriding environment {id}")
/home/jupyter-deuk-c4e4/.conda/envs/ts310/lib/python3.10/site-packages/gym/envs/registration.py:595: UserWarning: [33mWARN: Overriding environment maze2d-eval-umaze-dense-v1[0m
  logger.warn(f"Overriding environment {id}")
/home/jupyter-deuk-c4e4/.conda/envs/ts310/lib/python3.10/site-packages/gym/envs/registration.py:595: UserWarning: [33mWARN: Overriding environment maze2d-eval-medium-dense-v1[0m
  logger.warn(f"Overriding environment {id}")
/home/jupyter-deuk-c4e4/.conda/envs/ts310/lib/python3.10/site-packages/gym/envs/registration.py:595: UserWarning: [33mWARN: Overriding environment maze2d-eval-large-dense-v1[0m
  logger.warn(f"Overriding environment {id}")
/opt/dlami/nvme/home/jupyter-deuk-c4e4/temporal-straightening/custom_resolvers.py:4: UserWarning: 
The version_base parameter is not specified.
Please specify a compatability version level, or None.
Will assume defaults for version 1.1
  @hydra.main(config_path=None)
[2026-07-25 16:10:09,556][__main__][INFO] - Planning result saved dir: /opt/dlami/nvme/home/jupyter-deuk-c4e4/pusht-reproduction/patchproj_reproduction/plan/mpc_seed_200/chunk_30
/home/jupyter-deuk-c4e4/.conda/envs/ts310/lib/python3.10/site-packages/wandb/sdk/internal/internal_api.py:30: UserWarning: pkg_resources is deprecated as an API. See https://setuptools.pypa.io/en/latest/pkg_resources.html. The pkg_resources package is slated for removal as early as 2025-11-30. Refrain from using this package or pin to Setuptools<81.
  from pkg_resources import parse_version
Using cache found in /home/jupyter-deuk-c4e4/.cache/torch/hub/facebookresearch_dinov2_81b2b6419385
Loaded 18685 rollouts
Loaded 21 rollouts
[2026-07-25 16:10:12,035][dinov2][INFO] - using MLP layer as FFN
[2026-07-25 16:10:12,442][models.dino][WARNING] - Unknown projector 'none' for patch tokens; proceeding without projector.
Resuming from epoch 2: /home/jupyter-deuk-c4e4/pusht-reproduction/patchproj_reproduction/test/pusht_False_agg32_projchannel_dim8_hw14_sgTrue_lr1e-06/checkpoints/model_2.pth
[2026-07-25 16:10:12,775][models.visual_world_model][INFO] - num_action_repeat: 1
[2026-07-25 16:10:12,775][models.visual_world_model][INFO] - num_proprio_repeat: 1
[2026-07-25 16:10:12,775][models.visual_world_model][INFO] - proprio encoder: ProprioceptiveEmbedding(
  (patch_embed): Conv1d(4, 10, kernel_size=(1,), stride=(1,))
  (norm): LayerNorm((10,), eps=1e-05, elementwise_affine=True)
)
[2026-07-25 16:10:12,775][models.visual_world_model][INFO] - action encoder: ProprioceptiveEmbedding(
  (patch_embed): Conv1d(10, 10, kernel_size=(1,), stride=(1,))
  (norm): LayerNorm((10,), eps=1e-05, elementwise_affine=True)
)
[2026-07-25 16:10:12,775][models.visual_world_model][INFO] - proprio_dim: 10, after repeat: 10
[2026-07-25 16:10:12,775][models.visual_world_model][INFO] - action_dim: 10, after repeat: 10
[2026-07-25 16:10:12,775][models.visual_world_model][INFO] - emb_dim: 28
[2026-07-25 16:10:12,775][models.visual_world_model][INFO] - Straightening disabled
[2026-07-25 16:10:12,775][models.visual_world_model][INFO] - Speed constancy disabled
[2026-07-25 16:10:12,775][models.visual_world_model][INFO] - Trajectory penalty disabled
[2026-07-25 16:10:12,775][models.visual_world_model][INFO] - Stop-grad enabled: True
[2026-07-25 16:10:12,775][models.visual_world_model][INFO] - VCReg enabled: False, apply_to=enc, std_coeff=0.0, cov_coeff=0.0
[2026-07-25 16:10:12,775][models.visual_world_model][INFO] - Model emb_dim: 28
[timing] setup_model_s=3.222
eval_seed:  [6001, 6201, 6401, 6601, 6801, 7001, 7201, 7401, 7601, 7801]
Dumped plan targets to /opt/dlami/nvme/home/jupyter-deuk-c4e4/pusht-reproduction/patchproj_reproduction/plan/mpc_seed_200/chunk_30/plan_targets.pkl
[timing] setup_workspace_s=5.969

MPC iter 0 Eval ------- 
Success rate:  0.0
{'success': array([False, False, False, False, False, False, False, False, False,
       False]), 'state_dist': array([133.43881, 171.96327, 182.12498, 124.31088, 100.98846,  69.57004,
       205.14827, 194.12933,  75.18851, 205.50815], dtype=float32)}
self.is_success:  [False False False False False False False False False False]

MPC iter 1 Eval ------- 
Success rate:  0.0
{'success': array([False, False, False, False, False, False, False, False, False,
       False]), 'state_dist': array([166.52681, 174.27753, 140.71115, 115.83254,  77.70811,  75.8683 ,
       312.42938, 146.27126,  91.69553, 141.46661], dtype=float32)}
self.is_success:  [False False False False False False False False False False]

MPC iter 2 Eval ------- 
Success rate:  0.0
{'success': array([False, False, False, False, False, False, False, False, False,
       False]), 'state_dist': array([161.77147, 193.90552, 149.57118,  97.21968,  53.78708,  75.93144,
       395.98615, 106.62078,  95.80015, 125.57842], dtype=float32)}
self.is_success:  [False False False False False False False False False False]

MPC iter 3 Eval ------- 
Success rate:  0.1
{'success': array([False, False, False, False, False,  True, False, False, False,
       False]), 'state_dist': array([161.0593  , 239.43091 , 178.5046  ,  69.50317 ,  50.082127,
        47.691635, 534.05817 ,  76.97967 , 102.06684 , 145.32124 ],
      dtype=float32)}
self.is_success:  [False False False False False  True False False False False]

MPC iter 4 Eval ------- 
Success rate:  0.2
{'success': array([False, False, False,  True, False,  True, False, False, False,
       False]), 'state_dist': array([ 71.371765, 235.50246 , 358.2272  ,  45.85835 ,  65.16096 ,
        47.691635, 421.1192  ,  38.75415 ,  69.191956, 381.1104  ],
      dtype=float32)}
self.is_success:  [False False False  True False  True False False False False]

MPC iter 5 Eval ------- 
Success rate:  0.5
{'success': array([ True, False, False,  True,  True,  True, False,  True, False,
       False]), 'state_dist': array([ 90.46452 ,  41.430702, 417.54163 ,  45.85835 ,  30.83227 ,
        47.691635, 303.00067 ,  15.97138 ,  64.8847  , 130.8299  ],
      dtype=float32)}
self.is_success:  [ True False False  True  True  True False  True False False]

MPC iter 6 Eval ------- 
Success rate:  0.7
{'success': array([ True,  True, False,  True,  True,  True, False,  True,  True,
       False]), 'state_dist': array([ 90.46452 ,  27.580433, 388.37405 ,  45.85835 ,  30.83227 ,
        47.691635, 140.64261 ,  15.97138 ,  33.523056,  99.331184],
      dtype=float32)}
self.is_success:  [ True  True False  True  True  True False  True  True False]

MPC iter 7 Eval ------- 
Success rate:  0.7
{'success': array([ True,  True, False,  True,  True,  True, False,  True,  True,
       False]), 'state_dist': array([ 90.46452 ,  27.580433,  91.57731 ,  45.85835 ,  30.83227 ,
        47.691635, 176.8626  ,  15.97138 ,  33.523056, 119.58305 ],
      dtype=float32)}
self.is_success:  [ True  True False  True  True  True False  True  True False]

MPC iter 8 Eval ------- 
Success rate:  0.8
{'success': array([ True,  True, False,  True,  True,  True, False,  True,  True,
        True]), 'state_dist': array([ 90.46452 ,  27.580433, 388.0371  ,  45.85835 ,  30.83227 ,
        47.691635, 138.85283 ,  15.97138 ,  33.523056, 404.0071  ],
      dtype=float32)}
self.is_success:  [ True  True False  True  True  True False  True  True  True]

MPC iter 9 Eval ------- 
Success rate:  0.8
{'success': array([ True,  True, False,  True,  True,  True, False,  True,  True,
        True]), 'state_dist': array([ 90.46452 ,  27.580433, 273.08093 ,  45.85835 ,  30.83227 ,
        47.691635, 132.7417  ,  15.97138 ,  33.523056, 404.0071  ],
      dtype=float32)}
self.is_success:  [ True  True False  True  True  True False  True  True  True]

MPC iter 10 Eval ------- 
Success rate:  0.8
{'success': array([ True,  True, False,  True,  True,  True, False,  True,  True,
        True]), 'state_dist': array([ 90.46452 ,  27.580433, 103.3508  ,  45.85835 ,  30.83227 ,
        47.691635, 138.14648 ,  15.97138 ,  33.523056, 404.0071  ],
      dtype=float32)}
self.is_success:  [ True  True False  True  True  True False  True  True  True]

MPC iter 11 Eval ------- 
Success rate:  0.8
{'success': array([ True,  True, False,  True,  True,  True, False,  True,  True,
        True]), 'state_dist': array([ 90.46452 ,  27.580433, 112.985016,  45.85835 ,  30.83227 ,
        47.691635, 135.35362 ,  15.97138 ,  33.523056, 404.0071  ],
      dtype=float32)}
self.is_success:  [ True  True False  True  True  True False  True  True  True]

MPC iter 12 Eval ------- 
Success rate:  0.8
{'success': array([ True,  True, False,  True,  True,  True, False,  True,  True,
        True]), 'state_dist': array([ 90.46452 ,  27.580433, 269.98788 ,  45.85835 ,  30.83227 ,
        47.691635, 137.2188  ,  15.97138 ,  33.523056, 404.0071  ],
      dtype=float32)}
self.is_success:  [ True  True False  True  True  True False  True  True  True]

MPC iter 13 Eval ------- 
Success rate:  0.8
{'success': array([ True,  True, False,  True,  True,  True, False,  True,  True,
        True]), 'state_dist': array([ 90.46452 ,  27.580433, 206.04614 ,  45.85835 ,  30.83227 ,
        47.691635, 140.12056 ,  15.97138 ,  33.523056, 404.0071  ],
      dtype=float32)}
self.is_success:  [ True  True False  True  True  True False  True  True  True]

MPC iter 14 Eval ------- 
Success rate:  0.8
{'success': array([ True,  True, False,  True,  True,  True, False,  True,  True,
        True]), 'state_dist': array([ 90.46452 ,  27.580433,  77.497345,  45.85835 ,  30.83227 ,
        47.691635, 132.23978 ,  15.97138 ,  33.523056, 404.0071  ],
      dtype=float32)}
self.is_success:  [ True  True False  True  True  True False  True  True  True]

MPC iter 15 Eval ------- 
Success rate:  0.8
{'success': array([ True,  True, False,  True,  True,  True, False,  True,  True,
        True]), 'state_dist': array([ 90.46452 ,  27.580433, 110.517784,  45.85835 ,  30.83227 ,
        47.691635, 136.7939  ,  15.97138 ,  33.523056, 404.0071  ],
      dtype=float32)}
self.is_success:  [ True  True False  True  True  True False  True  True  True]

MPC iter 16 Eval ------- 
Success rate:  0.8
{'success': array([ True,  True, False,  True,  True,  True, False,  True,  True,
        True]), 'state_dist': array([ 90.46452 ,  27.580433, 226.67151 ,  45.85835 ,  30.83227 ,
        47.691635, 140.11525 ,  15.97138 ,  33.523056, 404.0071  ],
      dtype=float32)}
self.is_success:  [ True  True False  True  True  True False  True  True  True]

MPC iter 17 Eval ------- 
Success rate:  0.8
{'success': array([ True,  True, False,  True,  True,  True, False,  True,  True,
        True]), 'state_dist': array([ 90.46452 ,  27.580433, 263.28894 ,  45.85835 ,  30.83227 ,
        47.691635, 132.11465 ,  15.97138 ,  33.523056, 404.0071  ],
      dtype=float32)}
self.is_success:  [ True  True False  True  True  True False  True  True  True]

MPC iter 18 Eval ------- 
Success rate:  0.8
{'success': array([ True,  True, False,  True,  True,  True, False,  True,  True,
        True]), 'state_dist': array([ 90.46452 ,  27.580433,  93.271454,  45.85835 ,  30.83227 ,
        47.691635, 139.53311 ,  15.97138 ,  33.523056, 404.0071  ],
      dtype=float32)}
self.is_success:  [ True  True False  True  True  True False  True  True  True]

MPC iter 19 Eval ------- 
Success rate:  0.8
{'success': array([ True,  True, False,  True,  True,  True, False,  True,  True,
        True]), 'state_dist': array([ 90.46452 ,  27.580433,  95.73047 ,  45.85835 ,  30.83227 ,
        47.691635, 135.7682  ,  15.97138 ,  33.523056, 404.0071  ],
      dtype=float32)}
self.is_success:  [ True  True False  True  True  True False  True  True  True]
Success rate:  0.8
{'success': array([ True,  True, False,  True,  True,  True, False,  True,  True,
        True]), 'state_dist': array([ 90.46452 ,  27.580433,  95.73047 ,  45.85835 ,  30.83227 ,
        47.691635, 135.7682  ,  15.97138 ,  33.523056, 404.0071  ],
      dtype=float32)}
[timing] perform_planning_s=449.359
[timing] total_planning_main_s=458.550
===== channel_off mpc seed 200 chunk 40 (n_evals=10) =====
/home/jupyter-deuk-c4e4/.conda/envs/ts310/lib/python3.10/site-packages/wandb/sdk/internal/internal_api.py:30: UserWarning: pkg_resources is deprecated as an API. See https://setuptools.pypa.io/en/latest/pkg_resources.html. The pkg_resources package is slated for removal as early as 2025-11-30. Refrain from using this package or pin to Setuptools<81.
  from pkg_resources import parse_version
/home/jupyter-deuk-c4e4/.conda/envs/ts310/lib/python3.10/site-packages/pkg_resources/__init__.py:3148: DeprecationWarning: Deprecated call to `pkg_resources.declare_namespace('mpl_toolkits')`.
Implementing implicit namespace packages (as specified in PEP 420) is preferred to `pkg_resources.declare_namespace`. See https://setuptools.pypa.io/en/latest/references/keywords.html#keyword-namespace-packages
  declare_namespace(pkg)
/home/jupyter-deuk-c4e4/.conda/envs/ts310/lib/python3.10/site-packages/pkg_resources/__init__.py:3148: DeprecationWarning: Deprecated call to `pkg_resources.declare_namespace('google')`.
Implementing implicit namespace packages (as specified in PEP 420) is preferred to `pkg_resources.declare_namespace`. See https://setuptools.pypa.io/en/latest/references/keywords.html#keyword-namespace-packages
  declare_namespace(pkg)
/home/jupyter-deuk-c4e4/.conda/envs/ts310/lib/python3.10/site-packages/Cython/Distutils/old_build_ext.py:15: DeprecationWarning: dep_util is Deprecated. Use functions from setuptools instead.
  from distutils.dep_util import newer, newer_group
<frozen importlib._bootstrap>:283: DeprecationWarning: the load_module() method is deprecated and slated for removal in Python 3.12; use exec_module() instead
Warning: Mujoco-based envs failed to import. Set the environment variable D4RL_SUPPRESS_IMPORT_ERROR=1 to suppress this message.
No module named 'mjrl'
Warning: Flow failed to import. Set the environment variable D4RL_SUPPRESS_IMPORT_ERROR=1 to suppress this message.
No module named 'flow'
Warning: CARLA failed to import. Set the environment variable D4RL_SUPPRESS_IMPORT_ERROR=1 to suppress this message.
No module named 'carla'
pybullet build time: Jan 29 2025 23:16:28
/home/jupyter-deuk-c4e4/.conda/envs/ts310/lib/python3.10/site-packages/gym/envs/registration.py:595: UserWarning: [33mWARN: Overriding environment maze2d-open-v0[0m
  logger.warn(f"Overriding environment {id}")
/home/jupyter-deuk-c4e4/.conda/envs/ts310/lib/python3.10/site-packages/gym/envs/registration.py:595: UserWarning: [33mWARN: Overriding environment maze2d-umaze-v0[0m
  logger.warn(f"Overriding environment {id}")
/home/jupyter-deuk-c4e4/.conda/envs/ts310/lib/python3.10/site-packages/gym/envs/registration.py:595: UserWarning: [33mWARN: Overriding environment maze2d-medium-v0[0m
  logger.warn(f"Overriding environment {id}")
/home/jupyter-deuk-c4e4/.conda/envs/ts310/lib/python3.10/site-packages/gym/envs/registration.py:595: UserWarning: [33mWARN: Overriding environment maze2d-large-v0[0m
  logger.warn(f"Overriding environment {id}")
/home/jupyter-deuk-c4e4/.conda/envs/ts310/lib/python3.10/site-packages/gym/envs/registration.py:595: UserWarning: [33mWARN: Overriding environment maze2d-umaze-v1[0m
  logger.warn(f"Overriding environment {id}")
/home/jupyter-deuk-c4e4/.conda/envs/ts310/lib/python3.10/site-packages/gym/envs/registration.py:595: UserWarning: [33mWARN: Overriding environment maze2d-medium-v1[0m
  logger.warn(f"Overriding environment {id}")
/home/jupyter-deuk-c4e4/.conda/envs/ts310/lib/python3.10/site-packages/gym/envs/registration.py:595: UserWarning: [33mWARN: Overriding environment maze2d-large-v1[0m
  logger.warn(f"Overriding environment {id}")
/home/jupyter-deuk-c4e4/.conda/envs/ts310/lib/python3.10/site-packages/gym/envs/registration.py:595: UserWarning: [33mWARN: Overriding environment maze2d-eval-umaze-v1[0m
  logger.warn(f"Overriding environment {id}")
/home/jupyter-deuk-c4e4/.conda/envs/ts310/lib/python3.10/site-packages/gym/envs/registration.py:595: UserWarning: [33mWARN: Overriding environment maze2d-eval-medium-v1[0m
  logger.warn(f"Overriding environment {id}")
/home/jupyter-deuk-c4e4/.conda/envs/ts310/lib/python3.10/site-packages/gym/envs/registration.py:595: UserWarning: [33mWARN: Overriding environment maze2d-eval-large-v1[0m
  logger.warn(f"Overriding environment {id}")
/home/jupyter-deuk-c4e4/.conda/envs/ts310/lib/python3.10/site-packages/gym/envs/registration.py:595: UserWarning: [33mWARN: Overriding environment maze2d-open-dense-v0[0m
  logger.warn(f"Overriding environment {id}")
/home/jupyter-deuk-c4e4/.conda/envs/ts310/lib/python3.10/site-packages/gym/envs/registration.py:595: UserWarning: [33mWARN: Overriding environment maze2d-umaze-dense-v0[0m
  logger.warn(f"Overriding environment {id}")
/home/jupyter-deuk-c4e4/.conda/envs/ts310/lib/python3.10/site-packages/gym/envs/registration.py:595: UserWarning: [33mWARN: Overriding environment maze2d-medium-dense-v0[0m
  logger.warn(f"Overriding environment {id}")
/home/jupyter-deuk-c4e4/.conda/envs/ts310/lib/python3.10/site-packages/gym/envs/registration.py:595: UserWarning: [33mWARN: Overriding environment maze2d-large-dense-v0[0m
  logger.warn(f"Overriding environment {id}")
/home/jupyter-deuk-c4e4/.conda/envs/ts310/lib/python3.10/site-packages/gym/envs/registration.py:595: UserWarning: [33mWARN: Overriding environment maze2d-umaze-dense-v1[0m
  logger.warn(f"Overriding environment {id}")
/home/jupyter-deuk-c4e4/.conda/envs/ts310/lib/python3.10/site-packages/gym/envs/registration.py:595: UserWarning: [33mWARN: Overriding environment maze2d-medium-dense-v1[0m
  logger.warn(f"Overriding environment {id}")
/home/jupyter-deuk-c4e4/.conda/envs/ts310/lib/python3.10/site-packages/gym/envs/registration.py:595: UserWarning: [33mWARN: Overriding environment maze2d-large-dense-v1[0m
  logger.warn(f"Overriding environment {id}")
/home/jupyter-deuk-c4e4/.conda/envs/ts310/lib/python3.10/site-packages/gym/envs/registration.py:595: UserWarning: [33mWARN: Overriding environment maze2d-eval-umaze-dense-v1[0m
  logger.warn(f"Overriding environment {id}")
/home/jupyter-deuk-c4e4/.conda/envs/ts310/lib/python3.10/site-packages/gym/envs/registration.py:595: UserWarning: [33mWARN: Overriding environment maze2d-eval-medium-dense-v1[0m
  logger.warn(f"Overriding environment {id}")
/home/jupyter-deuk-c4e4/.conda/envs/ts310/lib/python3.10/site-packages/gym/envs/registration.py:595: UserWarning: [33mWARN: Overriding environment maze2d-eval-large-dense-v1[0m
  logger.warn(f"Overriding environment {id}")
/opt/dlami/nvme/home/jupyter-deuk-c4e4/temporal-straightening/custom_resolvers.py:4: UserWarning: 
The version_base parameter is not specified.
Please specify a compatability version level, or None.
Will assume defaults for version 1.1
  @hydra.main(config_path=None)
[2026-07-25 16:17:53,355][__main__][INFO] - Planning result saved dir: /opt/dlami/nvme/home/jupyter-deuk-c4e4/pusht-reproduction/patchproj_reproduction/plan/mpc_seed_200/chunk_40
/home/jupyter-deuk-c4e4/.conda/envs/ts310/lib/python3.10/site-packages/wandb/sdk/internal/internal_api.py:30: UserWarning: pkg_resources is deprecated as an API. See https://setuptools.pypa.io/en/latest/pkg_resources.html. The pkg_resources package is slated for removal as early as 2025-11-30. Refrain from using this package or pin to Setuptools<81.
  from pkg_resources import parse_version
Using cache found in /home/jupyter-deuk-c4e4/.cache/torch/hub/facebookresearch_dinov2_81b2b6419385
Loaded 18685 rollouts
Loaded 21 rollouts
[2026-07-25 16:17:55,846][dinov2][INFO] - using MLP layer as FFN
[2026-07-25 16:17:56,276][models.dino][WARNING] - Unknown projector 'none' for patch tokens; proceeding without projector.
Resuming from epoch 2: /home/jupyter-deuk-c4e4/pusht-reproduction/patchproj_reproduction/test/pusht_False_agg32_projchannel_dim8_hw14_sgTrue_lr1e-06/checkpoints/model_2.pth
[2026-07-25 16:17:56,617][models.visual_world_model][INFO] - num_action_repeat: 1
[2026-07-25 16:17:56,617][models.visual_world_model][INFO] - num_proprio_repeat: 1
[2026-07-25 16:17:56,617][models.visual_world_model][INFO] - proprio encoder: ProprioceptiveEmbedding(
  (patch_embed): Conv1d(4, 10, kernel_size=(1,), stride=(1,))
  (norm): LayerNorm((10,), eps=1e-05, elementwise_affine=True)
)
[2026-07-25 16:17:56,618][models.visual_world_model][INFO] - action encoder: ProprioceptiveEmbedding(
  (patch_embed): Conv1d(10, 10, kernel_size=(1,), stride=(1,))
  (norm): LayerNorm((10,), eps=1e-05, elementwise_affine=True)
)
[2026-07-25 16:17:56,618][models.visual_world_model][INFO] - proprio_dim: 10, after repeat: 10
[2026-07-25 16:17:56,618][models.visual_world_model][INFO] - action_dim: 10, after repeat: 10
[2026-07-25 16:17:56,618][models.visual_world_model][INFO] - emb_dim: 28
[2026-07-25 16:17:56,618][models.visual_world_model][INFO] - Straightening disabled
[2026-07-25 16:17:56,618][models.visual_world_model][INFO] - Speed constancy disabled
[2026-07-25 16:17:56,618][models.visual_world_model][INFO] - Trajectory penalty disabled
[2026-07-25 16:17:56,618][models.visual_world_model][INFO] - Stop-grad enabled: True
[2026-07-25 16:17:56,618][models.visual_world_model][INFO] - VCReg enabled: False, apply_to=enc, std_coeff=0.0, cov_coeff=0.0
[2026-07-25 16:17:56,618][models.visual_world_model][INFO] - Model emb_dim: 28
[timing] setup_model_s=3.265
eval_seed:  [8001, 8201, 8401, 8601, 8801, 9001, 9201, 9401, 9601, 9801]
Dumped plan targets to /opt/dlami/nvme/home/jupyter-deuk-c4e4/pusht-reproduction/patchproj_reproduction/plan/mpc_seed_200/chunk_40/plan_targets.pkl
[timing] setup_workspace_s=6.434

MPC iter 0 Eval ------- 
Success rate:  0.0
{'success': array([False, False, False, False, False, False, False, False, False,
       False]), 'state_dist': array([151.8657  , 129.70445 , 252.9805  , 237.821   , 215.45166 ,
       318.06296 , 114.803566, 183.52669 , 221.8972  , 140.25311 ],
      dtype=float32)}
self.is_success:  [False False False False False False False False False False]

MPC iter 1 Eval ------- 
Success rate:  0.0
{'success': array([False, False, False, False, False, False, False, False, False,
       False]), 'state_dist': array([118.029015, 109.94106 , 214.65807 , 244.57048 , 243.0301  ,
       246.74767 , 119.67232 , 171.58    , 193.85924 , 122.24956 ],
      dtype=float32)}
self.is_success:  [False False False False False False False False False False]

MPC iter 2 Eval ------- 
Success rate:  0.0
{'success': array([False, False, False, False, False, False, False, False, False,
       False]), 'state_dist': array([121.85681 ,  88.74873 , 180.22841 , 286.4103  , 255.75456 ,
       156.36423 , 121.115524,  87.91029 , 161.30434 , 122.879166],
      dtype=float32)}
self.is_success:  [False False False False False False False False False False]

MPC iter 3 Eval ------- 
Success rate:  0.0
{'success': array([False, False, False, False, False, False, False, False, False,
       False]), 'state_dist': array([112.36792 ,  76.92678 , 207.20001 , 259.33688 , 251.73512 ,
       104.08033 , 163.63264 ,  56.296024, 118.60319 ,  69.51926 ],
      dtype=float32)}
self.is_success:  [False False False False False False False False False False]

MPC iter 4 Eval ------- 
Success rate:  0.1
{'success': array([False, False, False,  True, False, False, False, False, False,
       False]), 'state_dist': array([113.50265 ,  71.754555, 171.41035 , 122.14142 , 220.92712 ,
       174.35208 ,  75.95854 , 279.79376 ,  80.146706, 294.68042 ],
      dtype=float32)}
self.is_success:  [False False False  True False False False False False False]

MPC iter 5 Eval ------- 
Success rate:  0.4
{'success': array([False,  True, False,  True, False,  True, False,  True, False,
       False]), 'state_dist': array([ 77.92828 ,  46.412415,  95.89149 , 122.14142 ,  62.172634,
       112.79808 , 225.81607 ,  55.872467, 101.70801 ,  71.23483 ],
      dtype=float32)}
self.is_success:  [False  True False  True False  True False  True False False]

MPC iter 6 Eval ------- 
Success rate:  0.6
{'success': array([ True,  True,  True,  True, False,  True, False,  True, False,
       False]), 'state_dist': array([ 30.514296,  46.412415,  63.831066, 122.14142 ,  45.08509 ,
       112.79808 ,  37.046677,  55.872467,  87.10843 , 182.84305 ],
      dtype=float32)}
self.is_success:  [ True  True  True  True False  True False  True False False]

MPC iter 7 Eval ------- 
Success rate:  0.9
{'success': array([ True,  True,  True,  True,  True,  True,  True,  True,  True,
       False]), 'state_dist': array([ 30.514296,  46.412415,  63.831066, 122.14142 ,  78.235   ,
       112.79808 ,  69.97475 ,  55.872467,  25.797516, 105.77965 ],
      dtype=float32)}
self.is_success:  [ True  True  True  True  True  True  True  True  True False]

MPC iter 8 Eval ------- 
Success rate:  0.9
{'success': array([ True,  True,  True,  True,  True,  True,  True,  True,  True,
       False]), 'state_dist': array([ 30.514296,  46.412415,  63.831066, 122.14142 ,  78.235   ,
       112.79808 ,  69.97475 ,  55.872467,  25.797516, 234.61948 ],
      dtype=float32)}
self.is_success:  [ True  True  True  True  True  True  True  True  True False]

MPC iter 9 Eval ------- 
Success rate:  0.9
{'success': array([ True,  True,  True,  True,  True,  True,  True,  True,  True,
       False]), 'state_dist': array([ 30.514296,  46.412415,  63.831066, 122.14142 ,  78.235   ,
       112.79808 ,  69.97475 ,  55.872467,  25.797516,  69.95738 ],
      dtype=float32)}
self.is_success:  [ True  True  True  True  True  True  True  True  True False]

MPC iter 10 Eval ------- 
Success rate:  0.9
{'success': array([ True,  True,  True,  True,  True,  True,  True,  True,  True,
       False]), 'state_dist': array([ 30.514296,  46.412415,  63.831066, 122.14142 ,  78.235   ,
       112.79808 ,  69.97475 ,  55.872467,  25.797516, 476.42618 ],
      dtype=float32)}
self.is_success:  [ True  True  True  True  True  True  True  True  True False]

MPC iter 11 Eval ------- 
Success rate:  0.9
{'success': array([ True,  True,  True,  True,  True,  True,  True,  True,  True,
       False]), 'state_dist': array([ 30.514296,  46.412415,  63.831066, 122.14142 ,  78.235   ,
       112.79808 ,  69.97475 ,  55.872467,  25.797516, 138.19934 ],
      dtype=float32)}
self.is_success:  [ True  True  True  True  True  True  True  True  True False]

MPC iter 12 Eval ------- 
Success rate:  0.9
{'success': array([ True,  True,  True,  True,  True,  True,  True,  True,  True,
       False]), 'state_dist': array([ 30.514296,  46.412415,  63.831066, 122.14142 ,  78.235   ,
       112.79808 ,  69.97475 ,  55.872467,  25.797516, 202.7769  ],
      dtype=float32)}
self.is_success:  [ True  True  True  True  True  True  True  True  True False]

MPC iter 13 Eval ------- 
Success rate:  0.9
{'success': array([ True,  True,  True,  True,  True,  True,  True,  True,  True,
       False]), 'state_dist': array([ 30.514296,  46.412415,  63.831066, 122.14142 ,  78.235   ,
       112.79808 ,  69.97475 ,  55.872467,  25.797516,  89.53432 ],
      dtype=float32)}
self.is_success:  [ True  True  True  True  True  True  True  True  True False]

MPC iter 14 Eval ------- 
Success rate:  0.9
{'success': array([ True,  True,  True,  True,  True,  True,  True,  True,  True,
       False]), 'state_dist': array([ 30.514296,  46.412415,  63.831066, 122.14142 ,  78.235   ,
       112.79808 ,  69.97475 ,  55.872467,  25.797516, 109.18938 ],
      dtype=float32)}
self.is_success:  [ True  True  True  True  True  True  True  True  True False]

MPC iter 15 Eval ------- 
Success rate:  0.9
{'success': array([ True,  True,  True,  True,  True,  True,  True,  True,  True,
       False]), 'state_dist': array([ 30.514296,  46.412415,  63.831066, 122.14142 ,  78.235   ,
       112.79808 ,  69.97475 ,  55.872467,  25.797516, 143.07181 ],
      dtype=float32)}
self.is_success:  [ True  True  True  True  True  True  True  True  True False]

MPC iter 16 Eval ------- 
Success rate:  0.9
{'success': array([ True,  True,  True,  True,  True,  True,  True,  True,  True,
       False]), 'state_dist': array([ 30.514296,  46.412415,  63.831066, 122.14142 ,  78.235   ,
       112.79808 ,  69.97475 ,  55.872467,  25.797516, 126.159935],
      dtype=float32)}
self.is_success:  [ True  True  True  True  True  True  True  True  True False]

MPC iter 17 Eval ------- 
Success rate:  0.9
{'success': array([ True,  True,  True,  True,  True,  True,  True,  True,  True,
       False]), 'state_dist': array([ 30.514296,  46.412415,  63.831066, 122.14142 ,  78.235   ,
       112.79808 ,  69.97475 ,  55.872467,  25.797516, 139.06708 ],
      dtype=float32)}
self.is_success:  [ True  True  True  True  True  True  True  True  True False]

MPC iter 18 Eval ------- 
Success rate:  0.9
{'success': array([ True,  True,  True,  True,  True,  True,  True,  True,  True,
       False]), 'state_dist': array([ 30.514296,  46.412415,  63.831066, 122.14142 ,  78.235   ,
       112.79808 ,  69.97475 ,  55.872467,  25.797516, 132.75511 ],
      dtype=float32)}
self.is_success:  [ True  True  True  True  True  True  True  True  True False]

MPC iter 19 Eval ------- 
Success rate:  0.9
{'success': array([ True,  True,  True,  True,  True,  True,  True,  True,  True,
       False]), 'state_dist': array([ 30.514296,  46.412415,  63.831066, 122.14142 ,  78.235   ,
       112.79808 ,  69.97475 ,  55.872467,  25.797516, 133.52852 ],
      dtype=float32)}
self.is_success:  [ True  True  True  True  True  True  True  True  True False]
Success rate:  0.9
{'success': array([ True,  True,  True,  True,  True,  True,  True,  True,  True,
       False]), 'state_dist': array([ 30.514296,  46.412415,  63.831066, 122.14142 ,  78.235   ,
       112.79808 ,  69.97475 ,  55.872467,  25.797516, 133.52852 ],
      dtype=float32)}
[timing] perform_planning_s=449.988
[timing] total_planning_main_s=459.687
===== channel_off mpc seed 300 chunk 00 (n_evals=10) =====
/home/jupyter-deuk-c4e4/.conda/envs/ts310/lib/python3.10/site-packages/wandb/sdk/internal/internal_api.py:30: UserWarning: pkg_resources is deprecated as an API. See https://setuptools.pypa.io/en/latest/pkg_resources.html. The pkg_resources package is slated for removal as early as 2025-11-30. Refrain from using this package or pin to Setuptools<81.
  from pkg_resources import parse_version
/home/jupyter-deuk-c4e4/.conda/envs/ts310/lib/python3.10/site-packages/pkg_resources/__init__.py:3148: DeprecationWarning: Deprecated call to `pkg_resources.declare_namespace('mpl_toolkits')`.
Implementing implicit namespace packages (as specified in PEP 420) is preferred to `pkg_resources.declare_namespace`. See https://setuptools.pypa.io/en/latest/references/keywords.html#keyword-namespace-packages
  declare_namespace(pkg)
/home/jupyter-deuk-c4e4/.conda/envs/ts310/lib/python3.10/site-packages/pkg_resources/__init__.py:3148: DeprecationWarning: Deprecated call to `pkg_resources.declare_namespace('google')`.
Implementing implicit namespace packages (as specified in PEP 420) is preferred to `pkg_resources.declare_namespace`. See https://setuptools.pypa.io/en/latest/references/keywords.html#keyword-namespace-packages
  declare_namespace(pkg)
/home/jupyter-deuk-c4e4/.conda/envs/ts310/lib/python3.10/site-packages/Cython/Distutils/old_build_ext.py:15: DeprecationWarning: dep_util is Deprecated. Use functions from setuptools instead.
  from distutils.dep_util import newer, newer_group
<frozen importlib._bootstrap>:283: DeprecationWarning: the load_module() method is deprecated and slated for removal in Python 3.12; use exec_module() instead
Warning: Mujoco-based envs failed to import. Set the environment variable D4RL_SUPPRESS_IMPORT_ERROR=1 to suppress this message.
No module named 'mjrl'
Warning: Flow failed to import. Set the environment variable D4RL_SUPPRESS_IMPORT_ERROR=1 to suppress this message.
No module named 'flow'
Warning: CARLA failed to import. Set the environment variable D4RL_SUPPRESS_IMPORT_ERROR=1 to suppress this message.
No module named 'carla'
pybullet build time: Jan 29 2025 23:16:28
/home/jupyter-deuk-c4e4/.conda/envs/ts310/lib/python3.10/site-packages/gym/envs/registration.py:595: UserWarning: [33mWARN: Overriding environment maze2d-open-v0[0m
  logger.warn(f"Overriding environment {id}")
/home/jupyter-deuk-c4e4/.conda/envs/ts310/lib/python3.10/site-packages/gym/envs/registration.py:595: UserWarning: [33mWARN: Overriding environment maze2d-umaze-v0[0m
  logger.warn(f"Overriding environment {id}")
/home/jupyter-deuk-c4e4/.conda/envs/ts310/lib/python3.10/site-packages/gym/envs/registration.py:595: UserWarning: [33mWARN: Overriding environment maze2d-medium-v0[0m
  logger.warn(f"Overriding environment {id}")
/home/jupyter-deuk-c4e4/.conda/envs/ts310/lib/python3.10/site-packages/gym/envs/registration.py:595: UserWarning: [33mWARN: Overriding environment maze2d-large-v0[0m
  logger.warn(f"Overriding environment {id}")
/home/jupyter-deuk-c4e4/.conda/envs/ts310/lib/python3.10/site-packages/gym/envs/registration.py:595: UserWarning: [33mWARN: Overriding environment maze2d-umaze-v1[0m
  logger.warn(f"Overriding environment {id}")
/home/jupyter-deuk-c4e4/.conda/envs/ts310/lib/python3.10/site-packages/gym/envs/registration.py:595: UserWarning: [33mWARN: Overriding environment maze2d-medium-v1[0m
  logger.warn(f"Overriding environment {id}")
/home/jupyter-deuk-c4e4/.conda/envs/ts310/lib/python3.10/site-packages/gym/envs/registration.py:595: UserWarning: [33mWARN: Overriding environment maze2d-large-v1[0m
  logger.warn(f"Overriding environment {id}")
/home/jupyter-deuk-c4e4/.conda/envs/ts310/lib/python3.10/site-packages/gym/envs/registration.py:595: UserWarning: [33mWARN: Overriding environment maze2d-eval-umaze-v1[0m
  logger.warn(f"Overriding environment {id}")
/home/jupyter-deuk-c4e4/.conda/envs/ts310/lib/python3.10/site-packages/gym/envs/registration.py:595: UserWarning: [33mWARN: Overriding environment maze2d-eval-medium-v1[0m
  logger.warn(f"Overriding environment {id}")
/home/jupyter-deuk-c4e4/.conda/envs/ts310/lib/python3.10/site-packages/gym/envs/registration.py:595: UserWarning: [33mWARN: Overriding environment maze2d-eval-large-v1[0m
  logger.warn(f"Overriding environment {id}")
/home/jupyter-deuk-c4e4/.conda/envs/ts310/lib/python3.10/site-packages/gym/envs/registration.py:595: UserWarning: [33mWARN: Overriding environment maze2d-open-dense-v0[0m
  logger.warn(f"Overriding environment {id}")
/home/jupyter-deuk-c4e4/.conda/envs/ts310/lib/python3.10/site-packages/gym/envs/registration.py:595: UserWarning: [33mWARN: Overriding environment maze2d-umaze-dense-v0[0m
  logger.warn(f"Overriding environment {id}")
/home/jupyter-deuk-c4e4/.conda/envs/ts310/lib/python3.10/site-packages/gym/envs/registration.py:595: UserWarning: [33mWARN: Overriding environment maze2d-medium-dense-v0[0m
  logger.warn(f"Overriding environment {id}")
/home/jupyter-deuk-c4e4/.conda/envs/ts310/lib/python3.10/site-packages/gym/envs/registration.py:595: UserWarning: [33mWARN: Overriding environment maze2d-large-dense-v0[0m
  logger.warn(f"Overriding environment {id}")
/home/jupyter-deuk-c4e4/.conda/envs/ts310/lib/python3.10/site-packages/gym/envs/registration.py:595: UserWarning: [33mWARN: Overriding environment maze2d-umaze-dense-v1[0m
  logger.warn(f"Overriding environment {id}")
/home/jupyter-deuk-c4e4/.conda/envs/ts310/lib/python3.10/site-packages/gym/envs/registration.py:595: UserWarning: [33mWARN: Overriding environment maze2d-medium-dense-v1[0m
  logger.warn(f"Overriding environment {id}")
/home/jupyter-deuk-c4e4/.conda/envs/ts310/lib/python3.10/site-packages/gym/envs/registration.py:595: UserWarning: [33mWARN: Overriding environment maze2d-large-dense-v1[0m
  logger.warn(f"Overriding environment {id}")
/home/jupyter-deuk-c4e4/.conda/envs/ts310/lib/python3.10/site-packages/gym/envs/registration.py:595: UserWarning: [33mWARN: Overriding environment maze2d-eval-umaze-dense-v1[0m
  logger.warn(f"Overriding environment {id}")
/home/jupyter-deuk-c4e4/.conda/envs/ts310/lib/python3.10/site-packages/gym/envs/registration.py:595: UserWarning: [33mWARN: Overriding environment maze2d-eval-medium-dense-v1[0m
  logger.warn(f"Overriding environment {id}")
/home/jupyter-deuk-c4e4/.conda/envs/ts310/lib/python3.10/site-packages/gym/envs/registration.py:595: UserWarning: [33mWARN: Overriding environment maze2d-eval-large-dense-v1[0m
  logger.warn(f"Overriding environment {id}")
/opt/dlami/nvme/home/jupyter-deuk-c4e4/temporal-straightening/custom_resolvers.py:4: UserWarning: 
The version_base parameter is not specified.
Please specify a compatability version level, or None.
Will assume defaults for version 1.1
  @hydra.main(config_path=None)
[2026-07-25 16:25:38,216][__main__][INFO] - Planning result saved dir: /opt/dlami/nvme/home/jupyter-deuk-c4e4/pusht-reproduction/patchproj_reproduction/plan/mpc_seed_300/chunk_00
/home/jupyter-deuk-c4e4/.conda/envs/ts310/lib/python3.10/site-packages/wandb/sdk/internal/internal_api.py:30: UserWarning: pkg_resources is deprecated as an API. See https://setuptools.pypa.io/en/latest/pkg_resources.html. The pkg_resources package is slated for removal as early as 2025-11-30. Refrain from using this package or pin to Setuptools<81.
  from pkg_resources import parse_version
Using cache found in /home/jupyter-deuk-c4e4/.cache/torch/hub/facebookresearch_dinov2_81b2b6419385
Loaded 18685 rollouts
Loaded 21 rollouts
[2026-07-25 16:25:40,662][dinov2][INFO] - using MLP layer as FFN
[2026-07-25 16:25:41,064][models.dino][WARNING] - Unknown projector 'none' for patch tokens; proceeding without projector.
Resuming from epoch 2: /home/jupyter-deuk-c4e4/pusht-reproduction/patchproj_reproduction/test/pusht_False_agg32_projchannel_dim8_hw14_sgTrue_lr1e-06/checkpoints/model_2.pth
[2026-07-25 16:25:41,404][models.visual_world_model][INFO] - num_action_repeat: 1
[2026-07-25 16:25:41,405][models.visual_world_model][INFO] - num_proprio_repeat: 1
[2026-07-25 16:25:41,405][models.visual_world_model][INFO] - proprio encoder: ProprioceptiveEmbedding(
  (patch_embed): Conv1d(4, 10, kernel_size=(1,), stride=(1,))
  (norm): LayerNorm((10,), eps=1e-05, elementwise_affine=True)
)
[2026-07-25 16:25:41,405][models.visual_world_model][INFO] - action encoder: ProprioceptiveEmbedding(
  (patch_embed): Conv1d(10, 10, kernel_size=(1,), stride=(1,))
  (norm): LayerNorm((10,), eps=1e-05, elementwise_affine=True)
)
[2026-07-25 16:25:41,405][models.visual_world_model][INFO] - proprio_dim: 10, after repeat: 10
[2026-07-25 16:25:41,405][models.visual_world_model][INFO] - action_dim: 10, after repeat: 10
[2026-07-25 16:25:41,405][models.visual_world_model][INFO] - emb_dim: 28
[2026-07-25 16:25:41,405][models.visual_world_model][INFO] - Straightening disabled
[2026-07-25 16:25:41,405][models.visual_world_model][INFO] - Speed constancy disabled
[2026-07-25 16:25:41,405][models.visual_world_model][INFO] - Trajectory penalty disabled
[2026-07-25 16:25:41,405][models.visual_world_model][INFO] - Stop-grad enabled: True
[2026-07-25 16:25:41,405][models.visual_world_model][INFO] - VCReg enabled: False, apply_to=enc, std_coeff=0.0, cov_coeff=0.0
[2026-07-25 16:25:41,405][models.visual_world_model][INFO] - Model emb_dim: 28
[timing] setup_model_s=3.192
eval_seed:  [1, 301, 601, 901, 1201, 1501, 1801, 2101, 2401, 2701]
Dumped plan targets to /opt/dlami/nvme/home/jupyter-deuk-c4e4/pusht-reproduction/patchproj_reproduction/plan/mpc_seed_300/chunk_00/plan_targets.pkl
[timing] setup_workspace_s=3.940

MPC iter 0 Eval ------- 
Success rate:  0.0
{'success': array([False, False, False, False, False, False, False, False, False,
       False]), 'state_dist': array([191.06326, 291.89514,  75.25301, 140.23083, 323.1901 , 176.23311,
       218.20834,  86.6749 , 218.51253, 163.94296], dtype=float32)}
self.is_success:  [False False False False False False False False False False]

MPC iter 1 Eval ------- 
Success rate:  0.0
{'success': array([False, False, False, False, False, False, False, False, False,
       False]), 'state_dist': array([144.41861, 227.82191,  62.1655 , 207.9883 , 157.80627, 165.00015,
       183.56946,  70.09435, 216.94154, 238.78027], dtype=float32)}
self.is_success:  [False False False False False False False False False False]

MPC iter 2 Eval ------- 
Success rate:  0.0
{'success': array([False, False, False, False, False, False, False, False, False,
       False]), 'state_dist': array([105.25919 , 157.28874 ,  53.775597, 212.47084 , 245.44313 ,
       164.09062 , 127.17451 ,  43.791008, 279.01593 , 197.59209 ],
      dtype=float32)}
self.is_success:  [False False False False False False False False False False]

MPC iter 3 Eval ------- 
Success rate:  0.0
{'success': array([False, False, False, False, False, False, False, False, False,
       False]), 'state_dist': array([ 93.734146,  97.64522 ,  47.248745, 272.17184 , 319.88406 ,
       141.11958 ,  75.95764 ,  44.930866, 337.77945 , 294.78506 ],
      dtype=float32)}
self.is_success:  [False False False False False False False False False False]

MPC iter 4 Eval ------- 
Success rate:  0.2
{'success': array([False, False,  True, False, False, False, False,  True, False,
       False]), 'state_dist': array([109.18549 , 150.80629 ,  18.680109, 105.84903 , 272.99277 ,
       120.724144, 247.88936 ,  29.431936, 122.36699 , 109.13813 ],
      dtype=float32)}
self.is_success:  [False False  True False False False False  True False False]

MPC iter 5 Eval ------- 
Success rate:  0.4
{'success': array([False, False,  True,  True, False,  True, False,  True, False,
       False]), 'state_dist': array([104.96426 ,  95.91922 ,  18.680109,  77.63722 ,  92.60943 ,
        59.32706 , 206.4263  ,  29.431936, 141.83972 ,  62.29227 ],
      dtype=float32)}
self.is_success:  [False False  True  True False  True False  True False False]

MPC iter 6 Eval ------- 
Success rate:  0.6
{'success': array([False, False,  True,  True,  True,  True, False,  True, False,
        True]), 'state_dist': array([ 84.43832 ,  85.4351  ,  18.680109,  77.63722 , 165.66722 ,
        59.32706 , 243.96402 ,  29.431936, 128.1977  ,  66.37986 ],
      dtype=float32)}
self.is_success:  [False False  True  True  True  True False  True False  True]

MPC iter 7 Eval ------- 
Success rate:  0.7
{'success': array([ True, False,  True,  True,  True,  True, False,  True, False,
        True]), 'state_dist': array([103.87704 , 125.69312 ,  18.680109,  77.63722 , 165.66722 ,
        59.32706 , 227.9876  ,  29.431936, 125.02818 ,  66.37986 ],
      dtype=float32)}
self.is_success:  [ True False  True  True  True  True False  True False  True]

MPC iter 8 Eval ------- 
Success rate:  0.7
{'success': array([ True, False,  True,  True,  True,  True, False,  True, False,
        True]), 'state_dist': array([103.87704 ,  76.008286,  18.680109,  77.63722 , 165.66722 ,
        59.32706 , 223.40556 ,  29.431936, 123.52087 ,  66.37986 ],
      dtype=float32)}
self.is_success:  [ True False  True  True  True  True False  True False  True]

MPC iter 9 Eval ------- 
Success rate:  0.7
{'success': array([ True, False,  True,  True,  True,  True, False,  True, False,
        True]), 'state_dist': array([103.87704 ,  48.027428,  18.680109,  77.63722 , 165.66722 ,
        59.32706 , 222.48868 ,  29.431936, 126.0633  ,  66.37986 ],
      dtype=float32)}
self.is_success:  [ True False  True  True  True  True False  True False  True]

MPC iter 10 Eval ------- 
Success rate:  0.7
{'success': array([ True, False,  True,  True,  True,  True, False,  True, False,
        True]), 'state_dist': array([103.87704 ,  64.96694 ,  18.680109,  77.63722 , 165.66722 ,
        59.32706 , 221.13728 ,  29.431936, 121.12437 ,  66.37986 ],
      dtype=float32)}
self.is_success:  [ True False  True  True  True  True False  True False  True]

MPC iter 11 Eval ------- 
Success rate:  0.7
{'success': array([ True, False,  True,  True,  True,  True, False,  True, False,
        True]), 'state_dist': array([103.87704 ,  59.047253,  18.680109,  77.63722 , 165.66722 ,
        59.32706 , 221.62914 ,  29.431936, 124.83927 ,  66.37986 ],
      dtype=float32)}
self.is_success:  [ True False  True  True  True  True False  True False  True]

MPC iter 12 Eval ------- 
Success rate:  0.7
{'success': array([ True, False,  True,  True,  True,  True, False,  True, False,
        True]), 'state_dist': array([103.87704 ,  58.210854,  18.680109,  77.63722 , 165.66722 ,
        59.32706 , 226.60594 ,  29.431936, 123.01383 ,  66.37986 ],
      dtype=float32)}
self.is_success:  [ True False  True  True  True  True False  True False  True]

MPC iter 13 Eval ------- 
Success rate:  0.7
{'success': array([ True, False,  True,  True,  True,  True, False,  True, False,
        True]), 'state_dist': array([103.87704 ,  49.69943 ,  18.680109,  77.63722 , 165.66722 ,
        59.32706 , 221.36661 ,  29.431936, 121.873436,  66.37986 ],
      dtype=float32)}
self.is_success:  [ True False  True  True  True  True False  True False  True]

MPC iter 14 Eval ------- 
Success rate:  0.7
{'success': array([ True, False,  True,  True,  True,  True, False,  True, False,
        True]), 'state_dist': array([103.87704 ,  54.098656,  18.680109,  77.63722 , 165.66722 ,
        59.32706 , 222.7591  ,  29.431936, 121.438   ,  66.37986 ],
      dtype=float32)}
self.is_success:  [ True False  True  True  True  True False  True False  True]

MPC iter 15 Eval ------- 
Success rate:  0.7
{'success': array([ True, False,  True,  True,  True,  True, False,  True, False,
        True]), 'state_dist': array([103.87704 ,  57.30031 ,  18.680109,  77.63722 , 165.66722 ,
        59.32706 , 225.42096 ,  29.431936, 121.66916 ,  66.37986 ],
      dtype=float32)}
self.is_success:  [ True False  True  True  True  True False  True False  True]

MPC iter 16 Eval ------- 
Success rate:  0.7
{'success': array([ True, False,  True,  True,  True,  True, False,  True, False,
        True]), 'state_dist': array([103.87704 ,  58.891186,  18.680109,  77.63722 , 165.66722 ,
        59.32706 , 219.8047  ,  29.431936, 122.273705,  66.37986 ],
      dtype=float32)}
self.is_success:  [ True False  True  True  True  True False  True False  True]

MPC iter 17 Eval ------- 
Success rate:  0.7
{'success': array([ True, False,  True,  True,  True,  True, False,  True, False,
        True]), 'state_dist': array([103.87704 ,  58.976006,  18.680109,  77.63722 , 165.66722 ,
        59.32706 , 226.20457 ,  29.431936, 125.482796,  66.37986 ],
      dtype=float32)}
self.is_success:  [ True False  True  True  True  True False  True False  True]

MPC iter 18 Eval ------- 
Success rate:  0.7
{'success': array([ True, False,  True,  True,  True,  True, False,  True, False,
        True]), 'state_dist': array([103.87704 ,  60.57528 ,  18.680109,  77.63722 , 165.66722 ,
        59.32706 , 223.00502 ,  29.431936, 124.378716,  66.37986 ],
      dtype=float32)}
self.is_success:  [ True False  True  True  True  True False  True False  True]

MPC iter 19 Eval ------- 
Success rate:  0.7
{'success': array([ True, False,  True,  True,  True,  True, False,  True, False,
        True]), 'state_dist': array([103.87704 ,  58.952232,  18.680109,  77.63722 , 165.66722 ,
        59.32706 , 223.96637 ,  29.431936, 123.77259 ,  66.37986 ],
      dtype=float32)}
self.is_success:  [ True False  True  True  True  True False  True False  True]
Success rate:  0.7
{'success': array([ True, False,  True,  True,  True,  True, False,  True, False,
        True]), 'state_dist': array([103.87704 ,  58.952232,  18.680109,  77.63722 , 165.66722 ,
        59.32706 , 223.96637 ,  29.431936, 123.77259 ,  66.37986 ],
      dtype=float32)}
[timing] perform_planning_s=449.687
[timing] total_planning_main_s=456.819
===== channel_off mpc seed 300 chunk 10 (n_evals=10) =====
/home/jupyter-deuk-c4e4/.conda/envs/ts310/lib/python3.10/site-packages/wandb/sdk/internal/internal_api.py:30: UserWarning: pkg_resources is deprecated as an API. See https://setuptools.pypa.io/en/latest/pkg_resources.html. The pkg_resources package is slated for removal as early as 2025-11-30. Refrain from using this package or pin to Setuptools<81.
  from pkg_resources import parse_version
/home/jupyter-deuk-c4e4/.conda/envs/ts310/lib/python3.10/site-packages/pkg_resources/__init__.py:3148: DeprecationWarning: Deprecated call to `pkg_resources.declare_namespace('mpl_toolkits')`.
Implementing implicit namespace packages (as specified in PEP 420) is preferred to `pkg_resources.declare_namespace`. See https://setuptools.pypa.io/en/latest/references/keywords.html#keyword-namespace-packages
  declare_namespace(pkg)
/home/jupyter-deuk-c4e4/.conda/envs/ts310/lib/python3.10/site-packages/pkg_resources/__init__.py:3148: DeprecationWarning: Deprecated call to `pkg_resources.declare_namespace('google')`.
Implementing implicit namespace packages (as specified in PEP 420) is preferred to `pkg_resources.declare_namespace`. See https://setuptools.pypa.io/en/latest/references/keywords.html#keyword-namespace-packages
  declare_namespace(pkg)
/home/jupyter-deuk-c4e4/.conda/envs/ts310/lib/python3.10/site-packages/Cython/Distutils/old_build_ext.py:15: DeprecationWarning: dep_util is Deprecated. Use functions from setuptools instead.
  from distutils.dep_util import newer, newer_group
<frozen importlib._bootstrap>:283: DeprecationWarning: the load_module() method is deprecated and slated for removal in Python 3.12; use exec_module() instead
Warning: Mujoco-based envs failed to import. Set the environment variable D4RL_SUPPRESS_IMPORT_ERROR=1 to suppress this message.
No module named 'mjrl'
Warning: Flow failed to import. Set the environment variable D4RL_SUPPRESS_IMPORT_ERROR=1 to suppress this message.
No module named 'flow'
Warning: CARLA failed to import. Set the environment variable D4RL_SUPPRESS_IMPORT_ERROR=1 to suppress this message.
No module named 'carla'
pybullet build time: Jan 29 2025 23:16:28
/home/jupyter-deuk-c4e4/.conda/envs/ts310/lib/python3.10/site-packages/gym/envs/registration.py:595: UserWarning: [33mWARN: Overriding environment maze2d-open-v0[0m
  logger.warn(f"Overriding environment {id}")
/home/jupyter-deuk-c4e4/.conda/envs/ts310/lib/python3.10/site-packages/gym/envs/registration.py:595: UserWarning: [33mWARN: Overriding environment maze2d-umaze-v0[0m
  logger.warn(f"Overriding environment {id}")
/home/jupyter-deuk-c4e4/.conda/envs/ts310/lib/python3.10/site-packages/gym/envs/registration.py:595: UserWarning: [33mWARN: Overriding environment maze2d-medium-v0[0m
  logger.warn(f"Overriding environment {id}")
/home/jupyter-deuk-c4e4/.conda/envs/ts310/lib/python3.10/site-packages/gym/envs/registration.py:595: UserWarning: [33mWARN: Overriding environment maze2d-large-v0[0m
  logger.warn(f"Overriding environment {id}")
/home/jupyter-deuk-c4e4/.conda/envs/ts310/lib/python3.10/site-packages/gym/envs/registration.py:595: UserWarning: [33mWARN: Overriding environment maze2d-umaze-v1[0m
  logger.warn(f"Overriding environment {id}")
/home/jupyter-deuk-c4e4/.conda/envs/ts310/lib/python3.10/site-packages/gym/envs/registration.py:595: UserWarning: [33mWARN: Overriding environment maze2d-medium-v1[0m
  logger.warn(f"Overriding environment {id}")
/home/jupyter-deuk-c4e4/.conda/envs/ts310/lib/python3.10/site-packages/gym/envs/registration.py:595: UserWarning: [33mWARN: Overriding environment maze2d-large-v1[0m
  logger.warn(f"Overriding environment {id}")
/home/jupyter-deuk-c4e4/.conda/envs/ts310/lib/python3.10/site-packages/gym/envs/registration.py:595: UserWarning: [33mWARN: Overriding environment maze2d-eval-umaze-v1[0m
  logger.warn(f"Overriding environment {id}")
/home/jupyter-deuk-c4e4/.conda/envs/ts310/lib/python3.10/site-packages/gym/envs/registration.py:595: UserWarning: [33mWARN: Overriding environment maze2d-eval-medium-v1[0m
  logger.warn(f"Overriding environment {id}")
/home/jupyter-deuk-c4e4/.conda/envs/ts310/lib/python3.10/site-packages/gym/envs/registration.py:595: UserWarning: [33mWARN: Overriding environment maze2d-eval-large-v1[0m
  logger.warn(f"Overriding environment {id}")
/home/jupyter-deuk-c4e4/.conda/envs/ts310/lib/python3.10/site-packages/gym/envs/registration.py:595: UserWarning: [33mWARN: Overriding environment maze2d-open-dense-v0[0m
  logger.warn(f"Overriding environment {id}")
/home/jupyter-deuk-c4e4/.conda/envs/ts310/lib/python3.10/site-packages/gym/envs/registration.py:595: UserWarning: [33mWARN: Overriding environment maze2d-umaze-dense-v0[0m
  logger.warn(f"Overriding environment {id}")
/home/jupyter-deuk-c4e4/.conda/envs/ts310/lib/python3.10/site-packages/gym/envs/registration.py:595: UserWarning: [33mWARN: Overriding environment maze2d-medium-dense-v0[0m
  logger.warn(f"Overriding environment {id}")
/home/jupyter-deuk-c4e4/.conda/envs/ts310/lib/python3.10/site-packages/gym/envs/registration.py:595: UserWarning: [33mWARN: Overriding environment maze2d-large-dense-v0[0m
  logger.warn(f"Overriding environment {id}")
/home/jupyter-deuk-c4e4/.conda/envs/ts310/lib/python3.10/site-packages/gym/envs/registration.py:595: UserWarning: [33mWARN: Overriding environment maze2d-umaze-dense-v1[0m
  logger.warn(f"Overriding environment {id}")
/home/jupyter-deuk-c4e4/.conda/envs/ts310/lib/python3.10/site-packages/gym/envs/registration.py:595: UserWarning: [33mWARN: Overriding environment maze2d-medium-dense-v1[0m
  logger.warn(f"Overriding environment {id}")
/home/jupyter-deuk-c4e4/.conda/envs/ts310/lib/python3.10/site-packages/gym/envs/registration.py:595: UserWarning: [33mWARN: Overriding environment maze2d-large-dense-v1[0m
  logger.warn(f"Overriding environment {id}")
/home/jupyter-deuk-c4e4/.conda/envs/ts310/lib/python3.10/site-packages/gym/envs/registration.py:595: UserWarning: [33mWARN: Overriding environment maze2d-eval-umaze-dense-v1[0m
  logger.warn(f"Overriding environment {id}")
/home/jupyter-deuk-c4e4/.conda/envs/ts310/lib/python3.10/site-packages/gym/envs/registration.py:595: UserWarning: [33mWARN: Overriding environment maze2d-eval-medium-dense-v1[0m
  logger.warn(f"Overriding environment {id}")
/home/jupyter-deuk-c4e4/.conda/envs/ts310/lib/python3.10/site-packages/gym/envs/registration.py:595: UserWarning: [33mWARN: Overriding environment maze2d-eval-large-dense-v1[0m
  logger.warn(f"Overriding environment {id}")
/opt/dlami/nvme/home/jupyter-deuk-c4e4/temporal-straightening/custom_resolvers.py:4: UserWarning: 
The version_base parameter is not specified.
Please specify a compatability version level, or None.
Will assume defaults for version 1.1
  @hydra.main(config_path=None)
[2026-07-25 16:33:20,228][__main__][INFO] - Planning result saved dir: /opt/dlami/nvme/home/jupyter-deuk-c4e4/pusht-reproduction/patchproj_reproduction/plan/mpc_seed_300/chunk_10
/home/jupyter-deuk-c4e4/.conda/envs/ts310/lib/python3.10/site-packages/wandb/sdk/internal/internal_api.py:30: UserWarning: pkg_resources is deprecated as an API. See https://setuptools.pypa.io/en/latest/pkg_resources.html. The pkg_resources package is slated for removal as early as 2025-11-30. Refrain from using this package or pin to Setuptools<81.
  from pkg_resources import parse_version
Using cache found in /home/jupyter-deuk-c4e4/.cache/torch/hub/facebookresearch_dinov2_81b2b6419385
Loaded 18685 rollouts
Loaded 21 rollouts
[2026-07-25 16:33:22,656][dinov2][INFO] - using MLP layer as FFN
[2026-07-25 16:33:23,064][models.dino][WARNING] - Unknown projector 'none' for patch tokens; proceeding without projector.
Resuming from epoch 2: /home/jupyter-deuk-c4e4/pusht-reproduction/patchproj_reproduction/test/pusht_False_agg32_projchannel_dim8_hw14_sgTrue_lr1e-06/checkpoints/model_2.pth
[2026-07-25 16:33:23,405][models.visual_world_model][INFO] - num_action_repeat: 1
[2026-07-25 16:33:23,405][models.visual_world_model][INFO] - num_proprio_repeat: 1
[2026-07-25 16:33:23,405][models.visual_world_model][INFO] - proprio encoder: ProprioceptiveEmbedding(
  (patch_embed): Conv1d(4, 10, kernel_size=(1,), stride=(1,))
  (norm): LayerNorm((10,), eps=1e-05, elementwise_affine=True)
)
[2026-07-25 16:33:23,406][models.visual_world_model][INFO] - action encoder: ProprioceptiveEmbedding(
  (patch_embed): Conv1d(10, 10, kernel_size=(1,), stride=(1,))
  (norm): LayerNorm((10,), eps=1e-05, elementwise_affine=True)
)
[2026-07-25 16:33:23,406][models.visual_world_model][INFO] - proprio_dim: 10, after repeat: 10
[2026-07-25 16:33:23,406][models.visual_world_model][INFO] - action_dim: 10, after repeat: 10
[2026-07-25 16:33:23,406][models.visual_world_model][INFO] - emb_dim: 28
[2026-07-25 16:33:23,406][models.visual_world_model][INFO] - Straightening disabled
[2026-07-25 16:33:23,406][models.visual_world_model][INFO] - Speed constancy disabled
[2026-07-25 16:33:23,406][models.visual_world_model][INFO] - Trajectory penalty disabled
[2026-07-25 16:33:23,406][models.visual_world_model][INFO] - Stop-grad enabled: True
[2026-07-25 16:33:23,406][models.visual_world_model][INFO] - VCReg enabled: False, apply_to=enc, std_coeff=0.0, cov_coeff=0.0
[2026-07-25 16:33:23,406][models.visual_world_model][INFO] - Model emb_dim: 28
[timing] setup_model_s=3.180
eval_seed:  [3001, 3301, 3601, 3901, 4201, 4501, 4801, 5101, 5401, 5701]
Dumped plan targets to /opt/dlami/nvme/home/jupyter-deuk-c4e4/pusht-reproduction/patchproj_reproduction/plan/mpc_seed_300/chunk_10/plan_targets.pkl
[timing] setup_workspace_s=4.647

MPC iter 0 Eval ------- 
Success rate:  0.0
{'success': array([False, False, False, False, False, False, False, False, False,
       False]), 'state_dist': array([134.65158, 130.03134, 227.46526, 161.7574 , 168.04204, 141.42393,
       116.63928, 193.48117, 142.64001, 205.74509], dtype=float32)}
self.is_success:  [False False False False False False False False False False]

MPC iter 1 Eval ------- 
Success rate:  0.0
{'success': array([False, False, False, False, False, False, False, False, False,
       False]), 'state_dist': array([111.37796 , 134.61208 , 419.0508  , 113.25682 , 173.32152 ,
       147.76666 ,  87.75631 , 180.07213 , 169.61378 , 125.342445],
      dtype=float32)}
self.is_success:  [False False False False False False False False False False]

MPC iter 2 Eval ------- 
Success rate:  0.0
{'success': array([False, False, False, False, False, False, False, False, False,
       False]), 'state_dist': array([ 74.77377,  60.09836, 511.30197, 174.511  , 226.95863, 115.23095,
        67.02728, 161.36359, 116.56339, 135.99933], dtype=float32)}
self.is_success:  [False False False False False False False False False False]

MPC iter 3 Eval ------- 
Success rate:  0.0
{'success': array([False, False, False, False, False, False, False, False, False,
       False]), 'state_dist': array([ 51.78489 ,  80.84156 , 580.5253  , 230.7833  , 201.18405 ,
       103.99448 ,  48.000202, 143.51344 ,  78.17956 , 182.02132 ],
      dtype=float32)}
self.is_success:  [False False False False False False False False False False]

MPC iter 4 Eval ------- 
Success rate:  0.2
{'success': array([False, False, False, False, False, False,  True, False,  True,
       False]), 'state_dist': array([136.18958 , 293.69647 , 205.11131 , 241.91019 , 305.82153 ,
        42.786396,  79.783   ,  85.82285 ,  65.86743 , 139.04474 ],
      dtype=float32)}
self.is_success:  [False False False False False False  True False  True False]

MPC iter 5 Eval ------- 
Success rate:  0.4
{'success': array([ True, False, False, False, False,  True,  True, False,  True,
       False]), 'state_dist': array([ 57.620052,  74.39034 , 188.57216 ,  33.982742, 280.75723 ,
        61.68496 ,  79.783   , 111.70066 ,  65.86743 , 157.07649 ],
      dtype=float32)}
self.is_success:  [ True False False False False  True  True False  True False]

MPC iter 6 Eval ------- 
Success rate:  0.7
{'success': array([ True, False,  True,  True, False,  True,  True, False,  True,
        True]), 'state_dist': array([ 57.620052, 128.72885 ,  89.19922 ,  16.796625, 109.397156,
        61.68496 ,  79.783   , 106.21269 ,  65.86743 , 162.90614 ],
      dtype=float32)}
self.is_success:  [ True False  True  True False  True  True False  True  True]

MPC iter 7 Eval ------- 
Success rate:  0.7
{'success': array([ True, False,  True,  True, False,  True,  True, False,  True,
        True]), 'state_dist': array([ 57.620052, 111.3003  ,  89.19922 ,  16.796625, 195.2472  ,
        61.68496 ,  79.783   , 107.90794 ,  65.86743 , 162.90614 ],
      dtype=float32)}
self.is_success:  [ True False  True  True False  True  True False  True  True]

MPC iter 8 Eval ------- 
Success rate:  0.7
{'success': array([ True, False,  True,  True, False,  True,  True, False,  True,
        True]), 'state_dist': array([ 57.620052, 121.08243 ,  89.19922 ,  16.796625, 231.97182 ,
        61.68496 ,  79.783   , 118.23202 ,  65.86743 , 162.90614 ],
      dtype=float32)}
self.is_success:  [ True False  True  True False  True  True False  True  True]

MPC iter 9 Eval ------- 
Success rate:  0.7
{'success': array([ True, False,  True,  True, False,  True,  True, False,  True,
        True]), 'state_dist': array([ 57.620052, 120.55132 ,  89.19922 ,  16.796625, 215.48837 ,
        61.68496 ,  79.783   , 117.62032 ,  65.86743 , 162.90614 ],
      dtype=float32)}
self.is_success:  [ True False  True  True False  True  True False  True  True]

MPC iter 10 Eval ------- 
Success rate:  0.7
{'success': array([ True, False,  True,  True, False,  True,  True, False,  True,
        True]), 'state_dist': array([ 57.620052, 134.06723 ,  89.19922 ,  16.796625, 200.21805 ,
        61.68496 ,  79.783   , 114.66955 ,  65.86743 , 162.90614 ],
      dtype=float32)}
self.is_success:  [ True False  True  True False  True  True False  True  True]

MPC iter 11 Eval ------- 
Success rate:  0.7
{'success': array([ True, False,  True,  True, False,  True,  True, False,  True,
        True]), 'state_dist': array([ 57.620052, 128.37292 ,  89.19922 ,  16.796625, 193.76584 ,
        61.68496 ,  79.783   , 115.64242 ,  65.86743 , 162.90614 ],
      dtype=float32)}
self.is_success:  [ True False  True  True False  True  True False  True  True]

MPC iter 12 Eval ------- 
Success rate:  0.7
{'success': array([ True, False,  True,  True, False,  True,  True, False,  True,
        True]), 'state_dist': array([ 57.620052, 127.28832 ,  89.19922 ,  16.796625, 187.28117 ,
        61.68496 ,  79.783   , 115.77656 ,  65.86743 , 162.90614 ],
      dtype=float32)}
self.is_success:  [ True False  True  True False  True  True False  True  True]

MPC iter 13 Eval ------- 
Success rate:  0.7
{'success': array([ True, False,  True,  True, False,  True,  True, False,  True,
        True]), 'state_dist': array([ 57.620052, 123.60781 ,  89.19922 ,  16.796625, 192.42017 ,
        61.68496 ,  79.783   , 115.934456,  65.86743 , 162.90614 ],
      dtype=float32)}
self.is_success:  [ True False  True  True False  True  True False  True  True]

MPC iter 14 Eval ------- 
Success rate:  0.7
{'success': array([ True, False,  True,  True, False,  True,  True, False,  True,
        True]), 'state_dist': array([ 57.620052, 125.679756,  89.19922 ,  16.796625, 189.87067 ,
        61.68496 ,  79.783   , 116.122894,  65.86743 , 162.90614 ],
      dtype=float32)}
self.is_success:  [ True False  True  True False  True  True False  True  True]

MPC iter 15 Eval ------- 
Success rate:  0.7
{'success': array([ True, False,  True,  True, False,  True,  True, False,  True,
        True]), 'state_dist': array([ 57.620052, 124.38979 ,  89.19922 ,  16.796625, 214.51926 ,
        61.68496 ,  79.783   , 115.82595 ,  65.86743 , 162.90614 ],
      dtype=float32)}
self.is_success:  [ True False  True  True False  True  True False  True  True]

MPC iter 16 Eval ------- 
Success rate:  0.7
{'success': array([ True, False,  True,  True, False,  True,  True, False,  True,
        True]), 'state_dist': array([ 57.620052, 125.75119 ,  89.19922 ,  16.796625, 191.80792 ,
        61.68496 ,  79.783   , 115.98284 ,  65.86743 , 162.90614 ],
      dtype=float32)}
self.is_success:  [ True False  True  True False  True  True False  True  True]

MPC iter 17 Eval ------- 
Success rate:  0.7
{'success': array([ True, False,  True,  True, False,  True,  True, False,  True,
        True]), 'state_dist': array([ 57.620052, 124.42812 ,  89.19922 ,  16.796625, 217.92387 ,
        61.68496 ,  79.783   , 115.9825  ,  65.86743 , 162.90614 ],
      dtype=float32)}
self.is_success:  [ True False  True  True False  True  True False  True  True]

MPC iter 18 Eval ------- 
Success rate:  0.7
{'success': array([ True, False,  True,  True, False,  True,  True, False,  True,
        True]), 'state_dist': array([ 57.620052, 128.7899  ,  89.19922 ,  16.796625, 210.64825 ,
        61.68496 ,  79.783   , 115.98604 ,  65.86743 , 162.90614 ],
      dtype=float32)}
self.is_success:  [ True False  True  True False  True  True False  True  True]

MPC iter 19 Eval ------- 
Success rate:  0.7
{'success': array([ True, False,  True,  True, False,  True,  True, False,  True,
        True]), 'state_dist': array([ 57.620052, 127.349335,  89.19922 ,  16.796625, 199.98639 ,
        61.68496 ,  79.783   , 115.900154,  65.86743 , 162.90614 ],
      dtype=float32)}
self.is_success:  [ True False  True  True False  True  True False  True  True]
Success rate:  0.7
{'success': array([ True, False,  True,  True, False,  True,  True, False,  True,
        True]), 'state_dist': array([ 57.620052, 127.349335,  89.19922 ,  16.796625, 199.98639 ,
        61.68496 ,  79.783   , 115.900154,  65.86743 , 162.90614 ],
      dtype=float32)}
[timing] perform_planning_s=450.541
[timing] total_planning_main_s=458.367
===== channel_off mpc seed 300 chunk 20 (n_evals=10) =====
/home/jupyter-deuk-c4e4/.conda/envs/ts310/lib/python3.10/site-packages/wandb/sdk/internal/internal_api.py:30: UserWarning: pkg_resources is deprecated as an API. See https://setuptools.pypa.io/en/latest/pkg_resources.html. The pkg_resources package is slated for removal as early as 2025-11-30. Refrain from using this package or pin to Setuptools<81.
  from pkg_resources import parse_version
/home/jupyter-deuk-c4e4/.conda/envs/ts310/lib/python3.10/site-packages/pkg_resources/__init__.py:3148: DeprecationWarning: Deprecated call to `pkg_resources.declare_namespace('mpl_toolkits')`.
Implementing implicit namespace packages (as specified in PEP 420) is preferred to `pkg_resources.declare_namespace`. See https://setuptools.pypa.io/en/latest/references/keywords.html#keyword-namespace-packages
  declare_namespace(pkg)
/home/jupyter-deuk-c4e4/.conda/envs/ts310/lib/python3.10/site-packages/pkg_resources/__init__.py:3148: DeprecationWarning: Deprecated call to `pkg_resources.declare_namespace('google')`.
Implementing implicit namespace packages (as specified in PEP 420) is preferred to `pkg_resources.declare_namespace`. See https://setuptools.pypa.io/en/latest/references/keywords.html#keyword-namespace-packages
  declare_namespace(pkg)
/home/jupyter-deuk-c4e4/.conda/envs/ts310/lib/python3.10/site-packages/Cython/Distutils/old_build_ext.py:15: DeprecationWarning: dep_util is Deprecated. Use functions from setuptools instead.
  from distutils.dep_util import newer, newer_group
<frozen importlib._bootstrap>:283: DeprecationWarning: the load_module() method is deprecated and slated for removal in Python 3.12; use exec_module() instead
Warning: Mujoco-based envs failed to import. Set the environment variable D4RL_SUPPRESS_IMPORT_ERROR=1 to suppress this message.
No module named 'mjrl'
Warning: Flow failed to import. Set the environment variable D4RL_SUPPRESS_IMPORT_ERROR=1 to suppress this message.
No module named 'flow'
Warning: CARLA failed to import. Set the environment variable D4RL_SUPPRESS_IMPORT_ERROR=1 to suppress this message.
No module named 'carla'
pybullet build time: Jan 29 2025 23:16:28
/home/jupyter-deuk-c4e4/.conda/envs/ts310/lib/python3.10/site-packages/gym/envs/registration.py:595: UserWarning: [33mWARN: Overriding environment maze2d-open-v0[0m
  logger.warn(f"Overriding environment {id}")
/home/jupyter-deuk-c4e4/.conda/envs/ts310/lib/python3.10/site-packages/gym/envs/registration.py:595: UserWarning: [33mWARN: Overriding environment maze2d-umaze-v0[0m
  logger.warn(f"Overriding environment {id}")
/home/jupyter-deuk-c4e4/.conda/envs/ts310/lib/python3.10/site-packages/gym/envs/registration.py:595: UserWarning: [33mWARN: Overriding environment maze2d-medium-v0[0m
  logger.warn(f"Overriding environment {id}")
/home/jupyter-deuk-c4e4/.conda/envs/ts310/lib/python3.10/site-packages/gym/envs/registration.py:595: UserWarning: [33mWARN: Overriding environment maze2d-large-v0[0m
  logger.warn(f"Overriding environment {id}")
/home/jupyter-deuk-c4e4/.conda/envs/ts310/lib/python3.10/site-packages/gym/envs/registration.py:595: UserWarning: [33mWARN: Overriding environment maze2d-umaze-v1[0m
  logger.warn(f"Overriding environment {id}")
/home/jupyter-deuk-c4e4/.conda/envs/ts310/lib/python3.10/site-packages/gym/envs/registration.py:595: UserWarning: [33mWARN: Overriding environment maze2d-medium-v1[0m
  logger.warn(f"Overriding environment {id}")
/home/jupyter-deuk-c4e4/.conda/envs/ts310/lib/python3.10/site-packages/gym/envs/registration.py:595: UserWarning: [33mWARN: Overriding environment maze2d-large-v1[0m
  logger.warn(f"Overriding environment {id}")
/home/jupyter-deuk-c4e4/.conda/envs/ts310/lib/python3.10/site-packages/gym/envs/registration.py:595: UserWarning: [33mWARN: Overriding environment maze2d-eval-umaze-v1[0m
  logger.warn(f"Overriding environment {id}")
/home/jupyter-deuk-c4e4/.conda/envs/ts310/lib/python3.10/site-packages/gym/envs/registration.py:595: UserWarning: [33mWARN: Overriding environment maze2d-eval-medium-v1[0m
  logger.warn(f"Overriding environment {id}")
/home/jupyter-deuk-c4e4/.conda/envs/ts310/lib/python3.10/site-packages/gym/envs/registration.py:595: UserWarning: [33mWARN: Overriding environment maze2d-eval-large-v1[0m
  logger.warn(f"Overriding environment {id}")
/home/jupyter-deuk-c4e4/.conda/envs/ts310/lib/python3.10/site-packages/gym/envs/registration.py:595: UserWarning: [33mWARN: Overriding environment maze2d-open-dense-v0[0m
  logger.warn(f"Overriding environment {id}")
/home/jupyter-deuk-c4e4/.conda/envs/ts310/lib/python3.10/site-packages/gym/envs/registration.py:595: UserWarning: [33mWARN: Overriding environment maze2d-umaze-dense-v0[0m
  logger.warn(f"Overriding environment {id}")
/home/jupyter-deuk-c4e4/.conda/envs/ts310/lib/python3.10/site-packages/gym/envs/registration.py:595: UserWarning: [33mWARN: Overriding environment maze2d-medium-dense-v0[0m
  logger.warn(f"Overriding environment {id}")
/home/jupyter-deuk-c4e4/.conda/envs/ts310/lib/python3.10/site-packages/gym/envs/registration.py:595: UserWarning: [33mWARN: Overriding environment maze2d-large-dense-v0[0m
  logger.warn(f"Overriding environment {id}")
/home/jupyter-deuk-c4e4/.conda/envs/ts310/lib/python3.10/site-packages/gym/envs/registration.py:595: UserWarning: [33mWARN: Overriding environment maze2d-umaze-dense-v1[0m
  logger.warn(f"Overriding environment {id}")
/home/jupyter-deuk-c4e4/.conda/envs/ts310/lib/python3.10/site-packages/gym/envs/registration.py:595: UserWarning: [33mWARN: Overriding environment maze2d-medium-dense-v1[0m
  logger.warn(f"Overriding environment {id}")
/home/jupyter-deuk-c4e4/.conda/envs/ts310/lib/python3.10/site-packages/gym/envs/registration.py:595: UserWarning: [33mWARN: Overriding environment maze2d-large-dense-v1[0m
  logger.warn(f"Overriding environment {id}")
/home/jupyter-deuk-c4e4/.conda/envs/ts310/lib/python3.10/site-packages/gym/envs/registration.py:595: UserWarning: [33mWARN: Overriding environment maze2d-eval-umaze-dense-v1[0m
  logger.warn(f"Overriding environment {id}")
/home/jupyter-deuk-c4e4/.conda/envs/ts310/lib/python3.10/site-packages/gym/envs/registration.py:595: UserWarning: [33mWARN: Overriding environment maze2d-eval-medium-dense-v1[0m
  logger.warn(f"Overriding environment {id}")
/home/jupyter-deuk-c4e4/.conda/envs/ts310/lib/python3.10/site-packages/gym/envs/registration.py:595: UserWarning: [33mWARN: Overriding environment maze2d-eval-large-dense-v1[0m
  logger.warn(f"Overriding environment {id}")
/opt/dlami/nvme/home/jupyter-deuk-c4e4/temporal-straightening/custom_resolvers.py:4: UserWarning: 
The version_base parameter is not specified.
Please specify a compatability version level, or None.
Will assume defaults for version 1.1
  @hydra.main(config_path=None)
[2026-07-25 16:41:03,792][__main__][INFO] - Planning result saved dir: /opt/dlami/nvme/home/jupyter-deuk-c4e4/pusht-reproduction/patchproj_reproduction/plan/mpc_seed_300/chunk_20
/home/jupyter-deuk-c4e4/.conda/envs/ts310/lib/python3.10/site-packages/wandb/sdk/internal/internal_api.py:30: UserWarning: pkg_resources is deprecated as an API. See https://setuptools.pypa.io/en/latest/pkg_resources.html. The pkg_resources package is slated for removal as early as 2025-11-30. Refrain from using this package or pin to Setuptools<81.
  from pkg_resources import parse_version
Using cache found in /home/jupyter-deuk-c4e4/.cache/torch/hub/facebookresearch_dinov2_81b2b6419385
Loaded 18685 rollouts
Loaded 21 rollouts
[2026-07-25 16:41:06,231][dinov2][INFO] - using MLP layer as FFN
[2026-07-25 16:41:06,738][models.dino][WARNING] - Unknown projector 'none' for patch tokens; proceeding without projector.
Resuming from epoch 2: /home/jupyter-deuk-c4e4/pusht-reproduction/patchproj_reproduction/test/pusht_False_agg32_projchannel_dim8_hw14_sgTrue_lr1e-06/checkpoints/model_2.pth
[2026-07-25 16:41:07,085][models.visual_world_model][INFO] - num_action_repeat: 1
[2026-07-25 16:41:07,085][models.visual_world_model][INFO] - num_proprio_repeat: 1
[2026-07-25 16:41:07,085][models.visual_world_model][INFO] - proprio encoder: ProprioceptiveEmbedding(
  (patch_embed): Conv1d(4, 10, kernel_size=(1,), stride=(1,))
  (norm): LayerNorm((10,), eps=1e-05, elementwise_affine=True)
)
[2026-07-25 16:41:07,085][models.visual_world_model][INFO] - action encoder: ProprioceptiveEmbedding(
  (patch_embed): Conv1d(10, 10, kernel_size=(1,), stride=(1,))
  (norm): LayerNorm((10,), eps=1e-05, elementwise_affine=True)
)
[2026-07-25 16:41:07,085][models.visual_world_model][INFO] - proprio_dim: 10, after repeat: 10
[2026-07-25 16:41:07,085][models.visual_world_model][INFO] - action_dim: 10, after repeat: 10
[2026-07-25 16:41:07,085][models.visual_world_model][INFO] - emb_dim: 28
[2026-07-25 16:41:07,085][models.visual_world_model][INFO] - Straightening disabled
[2026-07-25 16:41:07,085][models.visual_world_model][INFO] - Speed constancy disabled
[2026-07-25 16:41:07,085][models.visual_world_model][INFO] - Trajectory penalty disabled
[2026-07-25 16:41:07,085][models.visual_world_model][INFO] - Stop-grad enabled: True
[2026-07-25 16:41:07,085][models.visual_world_model][INFO] - VCReg enabled: False, apply_to=enc, std_coeff=0.0, cov_coeff=0.0
[2026-07-25 16:41:07,085][models.visual_world_model][INFO] - Model emb_dim: 28
[timing] setup_model_s=3.295
eval_seed:  [6001, 6301, 6601, 6901, 7201, 7501, 7801, 8101, 8401, 8701]
Dumped plan targets to /opt/dlami/nvme/home/jupyter-deuk-c4e4/pusht-reproduction/patchproj_reproduction/plan/mpc_seed_300/chunk_20/plan_targets.pkl
[timing] setup_workspace_s=5.389

MPC iter 0 Eval ------- 
Success rate:  0.0
{'success': array([False, False, False, False, False, False, False, False, False,
       False]), 'state_dist': array([ 81.61062 , 240.5394  , 123.86586 , 122.3508  , 195.26442 ,
       165.63855 ,  80.000984, 269.60858 , 161.63719 , 196.17409 ],
      dtype=float32)}
self.is_success:  [False False False False False False False False False False]

MPC iter 1 Eval ------- 
Success rate:  0.0
{'success': array([False, False, False, False, False, False, False, False, False,
       False]), 'state_dist': array([ 79.33824, 196.57625, 203.37743, 148.67383, 149.51326, 126.36491,
        63.74775, 267.52924, 215.38231, 183.03024], dtype=float32)}
self.is_success:  [False False False False False False False False False False]

MPC iter 2 Eval ------- 
Success rate:  0.0
{'success': array([False, False, False, False, False, False, False, False, False,
       False]), 'state_dist': array([157.3712  , 155.81989 , 228.37543 , 138.18925 ,  99.659775,
       188.42336 ,  73.078125, 320.4988  , 221.41638 , 135.79681 ],
      dtype=float32)}
self.is_success:  [False False False False False False False False False False]

MPC iter 3 Eval ------- 
Success rate:  0.0
{'success': array([False, False, False, False, False, False, False, False, False,
       False]), 'state_dist': array([205.87633 , 118.546326, 239.21655 ,  98.6278  ,  79.45238 ,
       167.66959 ,  84.27274 , 346.43845 , 328.4627  , 263.55438 ],
      dtype=float32)}
self.is_success:  [False False False False False False False False False False]

MPC iter 4 Eval ------- 
Success rate:  0.2
{'success': array([False,  True, False, False, False, False,  True, False, False,
       False]), 'state_dist': array([157.60175 , 161.36368 , 144.40985 ,  53.550278,  70.10639 ,
        91.75882 ,  62.442707, 114.54817 , 155.46875 , 434.1416  ],
      dtype=float32)}
self.is_success:  [False  True False False False False  True False False False]

MPC iter 5 Eval ------- 
Success rate:  0.4
{'success': array([False,  True, False, False,  True,  True,  True, False, False,
       False]), 'state_dist': array([157.50957 , 161.36368 ,  71.18984 ,  60.954678,  20.79819 ,
        69.52083 ,  62.442707, 127.68922 , 178.9556  , 116.89259 ],
      dtype=float32)}
self.is_success:  [False  True False False  True  True  True False False False]

MPC iter 6 Eval ------- 
Success rate:  0.7
{'success': array([ True,  True, False,  True,  True,  True,  True, False, False,
        True]), 'state_dist': array([ 90.29865 , 161.36368 ,  98.28395 ,  27.511358,  20.79819 ,
        69.52083 ,  62.442707,  65.59145 , 212.94965 ,  89.15262 ],
      dtype=float32)}
self.is_success:  [ True  True False  True  True  True  True False False  True]

MPC iter 7 Eval ------- 
Success rate:  0.8
{'success': array([ True,  True,  True,  True,  True,  True,  True, False, False,
        True]), 'state_dist': array([ 90.29865 , 161.36368 ,  64.63864 ,  27.511358,  20.79819 ,
        69.52083 ,  62.442707,  50.17982 , 467.55325 ,  89.15262 ],
      dtype=float32)}
self.is_success:  [ True  True  True  True  True  True  True False False  True]

MPC iter 8 Eval ------- 
Success rate:  0.8
{'success': array([ True,  True,  True,  True,  True,  True,  True, False, False,
        True]), 'state_dist': array([ 90.29865 , 161.36368 ,  64.63864 ,  27.511358,  20.79819 ,
        69.52083 ,  62.442707,  47.447163, 290.79025 ,  89.15262 ],
      dtype=float32)}
self.is_success:  [ True  True  True  True  True  True  True False False  True]

MPC iter 9 Eval ------- 
Success rate:  0.8
{'success': array([ True,  True,  True,  True,  True,  True,  True, False, False,
        True]), 'state_dist': array([ 90.29865 , 161.36368 ,  64.63864 ,  27.511358,  20.79819 ,
        69.52083 ,  62.442707,  52.370693, 351.25806 ,  89.15262 ],
      dtype=float32)}
self.is_success:  [ True  True  True  True  True  True  True False False  True]

MPC iter 10 Eval ------- 
Success rate:  0.8
{'success': array([ True,  True,  True,  True,  True,  True,  True, False, False,
        True]), 'state_dist': array([ 90.29865 , 161.36368 ,  64.63864 ,  27.511358,  20.79819 ,
        69.52083 ,  62.442707,  52.203323, 174.11531 ,  89.15262 ],
      dtype=float32)}
self.is_success:  [ True  True  True  True  True  True  True False False  True]

MPC iter 11 Eval ------- 
Success rate:  0.8
{'success': array([ True,  True,  True,  True,  True,  True,  True, False, False,
        True]), 'state_dist': array([ 90.29865 , 161.36368 ,  64.63864 ,  27.511358,  20.79819 ,
        69.52083 ,  62.442707,  53.213856, 137.7167  ,  89.15262 ],
      dtype=float32)}
self.is_success:  [ True  True  True  True  True  True  True False False  True]

MPC iter 12 Eval ------- 
Success rate:  0.8
{'success': array([ True,  True,  True,  True,  True,  True,  True, False, False,
        True]), 'state_dist': array([ 90.29865 , 161.36368 ,  64.63864 ,  27.511358,  20.79819 ,
        69.52083 ,  62.442707,  52.664436, 131.01038 ,  89.15262 ],
      dtype=float32)}
self.is_success:  [ True  True  True  True  True  True  True False False  True]

MPC iter 13 Eval ------- 
Success rate:  0.8
{'success': array([ True,  True,  True,  True,  True,  True,  True, False, False,
        True]), 'state_dist': array([ 90.29865 , 161.36368 ,  64.63864 ,  27.511358,  20.79819 ,
        69.52083 ,  62.442707,  50.777214, 136.56114 ,  89.15262 ],
      dtype=float32)}
self.is_success:  [ True  True  True  True  True  True  True False False  True]

MPC iter 14 Eval ------- 
Success rate:  0.8
{'success': array([ True,  True,  True,  True,  True,  True,  True, False, False,
        True]), 'state_dist': array([ 90.29865 , 161.36368 ,  64.63864 ,  27.511358,  20.79819 ,
        69.52083 ,  62.442707,  50.288025, 131.04681 ,  89.15262 ],
      dtype=float32)}
self.is_success:  [ True  True  True  True  True  True  True False False  True]

MPC iter 15 Eval ------- 
Success rate:  0.8
{'success': array([ True,  True,  True,  True,  True,  True,  True, False, False,
        True]), 'state_dist': array([ 90.29865 , 161.36368 ,  64.63864 ,  27.511358,  20.79819 ,
        69.52083 ,  62.442707,  50.099735, 131.16156 ,  89.15262 ],
      dtype=float32)}
self.is_success:  [ True  True  True  True  True  True  True False False  True]

MPC iter 16 Eval ------- 
Success rate:  0.8
{'success': array([ True,  True,  True,  True,  True,  True,  True, False, False,
        True]), 'state_dist': array([ 90.29865 , 161.36368 ,  64.63864 ,  27.511358,  20.79819 ,
        69.52083 ,  62.442707,  49.977814, 129.55144 ,  89.15262 ],
      dtype=float32)}
self.is_success:  [ True  True  True  True  True  True  True False False  True]

MPC iter 17 Eval ------- 
Success rate:  0.8
{'success': array([ True,  True,  True,  True,  True,  True,  True, False, False,
        True]), 'state_dist': array([ 90.29865 , 161.36368 ,  64.63864 ,  27.511358,  20.79819 ,
        69.52083 ,  62.442707,  49.962433, 174.76677 ,  89.15262 ],
      dtype=float32)}
self.is_success:  [ True  True  True  True  True  True  True False False  True]

MPC iter 18 Eval ------- 
Success rate:  0.8
{'success': array([ True,  True,  True,  True,  True,  True,  True, False, False,
        True]), 'state_dist': array([ 90.29865 , 161.36368 ,  64.63864 ,  27.511358,  20.79819 ,
        69.52083 ,  62.442707,  49.89152 , 156.10605 ,  89.15262 ],
      dtype=float32)}
self.is_success:  [ True  True  True  True  True  True  True False False  True]

MPC iter 19 Eval ------- 
Success rate:  0.8
{'success': array([ True,  True,  True,  True,  True,  True,  True, False, False,
        True]), 'state_dist': array([ 90.29865 , 161.36368 ,  64.63864 ,  27.511358,  20.79819 ,
        69.52083 ,  62.442707,  49.958664, 131.34984 ,  89.15262 ],
      dtype=float32)}
self.is_success:  [ True  True  True  True  True  True  True False False  True]
Success rate:  0.8
{'success': array([ True,  True,  True,  True,  True,  True,  True, False, False,
        True]), 'state_dist': array([ 90.29865 , 161.36368 ,  64.63864 ,  27.511358,  20.79819 ,
        69.52083 ,  62.442707,  49.958664, 131.34984 ,  89.15262 ],
      dtype=float32)}
[timing] perform_planning_s=449.795
[timing] total_planning_main_s=458.479
===== channel_off mpc seed 300 chunk 30 (n_evals=10) =====
/home/jupyter-deuk-c4e4/.conda/envs/ts310/lib/python3.10/site-packages/wandb/sdk/internal/internal_api.py:30: UserWarning: pkg_resources is deprecated as an API. See https://setuptools.pypa.io/en/latest/pkg_resources.html. The pkg_resources package is slated for removal as early as 2025-11-30. Refrain from using this package or pin to Setuptools<81.
  from pkg_resources import parse_version
/home/jupyter-deuk-c4e4/.conda/envs/ts310/lib/python3.10/site-packages/pkg_resources/__init__.py:3148: DeprecationWarning: Deprecated call to `pkg_resources.declare_namespace('mpl_toolkits')`.
Implementing implicit namespace packages (as specified in PEP 420) is preferred to `pkg_resources.declare_namespace`. See https://setuptools.pypa.io/en/latest/references/keywords.html#keyword-namespace-packages
  declare_namespace(pkg)
/home/jupyter-deuk-c4e4/.conda/envs/ts310/lib/python3.10/site-packages/pkg_resources/__init__.py:3148: DeprecationWarning: Deprecated call to `pkg_resources.declare_namespace('google')`.
Implementing implicit namespace packages (as specified in PEP 420) is preferred to `pkg_resources.declare_namespace`. See https://setuptools.pypa.io/en/latest/references/keywords.html#keyword-namespace-packages
  declare_namespace(pkg)
/home/jupyter-deuk-c4e4/.conda/envs/ts310/lib/python3.10/site-packages/Cython/Distutils/old_build_ext.py:15: DeprecationWarning: dep_util is Deprecated. Use functions from setuptools instead.
  from distutils.dep_util import newer, newer_group
<frozen importlib._bootstrap>:283: DeprecationWarning: the load_module() method is deprecated and slated for removal in Python 3.12; use exec_module() instead
Warning: Mujoco-based envs failed to import. Set the environment variable D4RL_SUPPRESS_IMPORT_ERROR=1 to suppress this message.
No module named 'mjrl'
Warning: Flow failed to import. Set the environment variable D4RL_SUPPRESS_IMPORT_ERROR=1 to suppress this message.
No module named 'flow'
Warning: CARLA failed to import. Set the environment variable D4RL_SUPPRESS_IMPORT_ERROR=1 to suppress this message.
No module named 'carla'
pybullet build time: Jan 29 2025 23:16:28
/home/jupyter-deuk-c4e4/.conda/envs/ts310/lib/python3.10/site-packages/gym/envs/registration.py:595: UserWarning: [33mWARN: Overriding environment maze2d-open-v0[0m
  logger.warn(f"Overriding environment {id}")
/home/jupyter-deuk-c4e4/.conda/envs/ts310/lib/python3.10/site-packages/gym/envs/registration.py:595: UserWarning: [33mWARN: Overriding environment maze2d-umaze-v0[0m
  logger.warn(f"Overriding environment {id}")
/home/jupyter-deuk-c4e4/.conda/envs/ts310/lib/python3.10/site-packages/gym/envs/registration.py:595: UserWarning: [33mWARN: Overriding environment maze2d-medium-v0[0m
  logger.warn(f"Overriding environment {id}")
/home/jupyter-deuk-c4e4/.conda/envs/ts310/lib/python3.10/site-packages/gym/envs/registration.py:595: UserWarning: [33mWARN: Overriding environment maze2d-large-v0[0m
  logger.warn(f"Overriding environment {id}")
/home/jupyter-deuk-c4e4/.conda/envs/ts310/lib/python3.10/site-packages/gym/envs/registration.py:595: UserWarning: [33mWARN: Overriding environment maze2d-umaze-v1[0m
  logger.warn(f"Overriding environment {id}")
/home/jupyter-deuk-c4e4/.conda/envs/ts310/lib/python3.10/site-packages/gym/envs/registration.py:595: UserWarning: [33mWARN: Overriding environment maze2d-medium-v1[0m
  logger.warn(f"Overriding environment {id}")
/home/jupyter-deuk-c4e4/.conda/envs/ts310/lib/python3.10/site-packages/gym/envs/registration.py:595: UserWarning: [33mWARN: Overriding environment maze2d-large-v1[0m
  logger.warn(f"Overriding environment {id}")
/home/jupyter-deuk-c4e4/.conda/envs/ts310/lib/python3.10/site-packages/gym/envs/registration.py:595: UserWarning: [33mWARN: Overriding environment maze2d-eval-umaze-v1[0m
  logger.warn(f"Overriding environment {id}")
/home/jupyter-deuk-c4e4/.conda/envs/ts310/lib/python3.10/site-packages/gym/envs/registration.py:595: UserWarning: [33mWARN: Overriding environment maze2d-eval-medium-v1[0m
  logger.warn(f"Overriding environment {id}")
/home/jupyter-deuk-c4e4/.conda/envs/ts310/lib/python3.10/site-packages/gym/envs/registration.py:595: UserWarning: [33mWARN: Overriding environment maze2d-eval-large-v1[0m
  logger.warn(f"Overriding environment {id}")
/home/jupyter-deuk-c4e4/.conda/envs/ts310/lib/python3.10/site-packages/gym/envs/registration.py:595: UserWarning: [33mWARN: Overriding environment maze2d-open-dense-v0[0m
  logger.warn(f"Overriding environment {id}")
/home/jupyter-deuk-c4e4/.conda/envs/ts310/lib/python3.10/site-packages/gym/envs/registration.py:595: UserWarning: [33mWARN: Overriding environment maze2d-umaze-dense-v0[0m
  logger.warn(f"Overriding environment {id}")
/home/jupyter-deuk-c4e4/.conda/envs/ts310/lib/python3.10/site-packages/gym/envs/registration.py:595: UserWarning: [33mWARN: Overriding environment maze2d-medium-dense-v0[0m
  logger.warn(f"Overriding environment {id}")
/home/jupyter-deuk-c4e4/.conda/envs/ts310/lib/python3.10/site-packages/gym/envs/registration.py:595: UserWarning: [33mWARN: Overriding environment maze2d-large-dense-v0[0m
  logger.warn(f"Overriding environment {id}")
/home/jupyter-deuk-c4e4/.conda/envs/ts310/lib/python3.10/site-packages/gym/envs/registration.py:595: UserWarning: [33mWARN: Overriding environment maze2d-umaze-dense-v1[0m
  logger.warn(f"Overriding environment {id}")
/home/jupyter-deuk-c4e4/.conda/envs/ts310/lib/python3.10/site-packages/gym/envs/registration.py:595: UserWarning: [33mWARN: Overriding environment maze2d-medium-dense-v1[0m
  logger.warn(f"Overriding environment {id}")
/home/jupyter-deuk-c4e4/.conda/envs/ts310/lib/python3.10/site-packages/gym/envs/registration.py:595: UserWarning: [33mWARN: Overriding environment maze2d-large-dense-v1[0m
  logger.warn(f"Overriding environment {id}")
/home/jupyter-deuk-c4e4/.conda/envs/ts310/lib/python3.10/site-packages/gym/envs/registration.py:595: UserWarning: [33mWARN: Overriding environment maze2d-eval-umaze-dense-v1[0m
  logger.warn(f"Overriding environment {id}")
/home/jupyter-deuk-c4e4/.conda/envs/ts310/lib/python3.10/site-packages/gym/envs/registration.py:595: UserWarning: [33mWARN: Overriding environment maze2d-eval-medium-dense-v1[0m
  logger.warn(f"Overriding environment {id}")
/home/jupyter-deuk-c4e4/.conda/envs/ts310/lib/python3.10/site-packages/gym/envs/registration.py:595: UserWarning: [33mWARN: Overriding environment maze2d-eval-large-dense-v1[0m
  logger.warn(f"Overriding environment {id}")
/opt/dlami/nvme/home/jupyter-deuk-c4e4/temporal-straightening/custom_resolvers.py:4: UserWarning: 
The version_base parameter is not specified.
Please specify a compatability version level, or None.
Will assume defaults for version 1.1
  @hydra.main(config_path=None)
[2026-07-25 16:48:47,480][__main__][INFO] - Planning result saved dir: /opt/dlami/nvme/home/jupyter-deuk-c4e4/pusht-reproduction/patchproj_reproduction/plan/mpc_seed_300/chunk_30
/home/jupyter-deuk-c4e4/.conda/envs/ts310/lib/python3.10/site-packages/wandb/sdk/internal/internal_api.py:30: UserWarning: pkg_resources is deprecated as an API. See https://setuptools.pypa.io/en/latest/pkg_resources.html. The pkg_resources package is slated for removal as early as 2025-11-30. Refrain from using this package or pin to Setuptools<81.
  from pkg_resources import parse_version
Using cache found in /home/jupyter-deuk-c4e4/.cache/torch/hub/facebookresearch_dinov2_81b2b6419385
Loaded 18685 rollouts
Loaded 21 rollouts
[2026-07-25 16:48:49,943][dinov2][INFO] - using MLP layer as FFN
[2026-07-25 16:48:50,375][models.dino][WARNING] - Unknown projector 'none' for patch tokens; proceeding without projector.
Resuming from epoch 2: /home/jupyter-deuk-c4e4/pusht-reproduction/patchproj_reproduction/test/pusht_False_agg32_projchannel_dim8_hw14_sgTrue_lr1e-06/checkpoints/model_2.pth
[2026-07-25 16:48:50,720][models.visual_world_model][INFO] - num_action_repeat: 1
[2026-07-25 16:48:50,720][models.visual_world_model][INFO] - num_proprio_repeat: 1
[2026-07-25 16:48:50,720][models.visual_world_model][INFO] - proprio encoder: ProprioceptiveEmbedding(
  (patch_embed): Conv1d(4, 10, kernel_size=(1,), stride=(1,))
  (norm): LayerNorm((10,), eps=1e-05, elementwise_affine=True)
)
[2026-07-25 16:48:50,720][models.visual_world_model][INFO] - action encoder: ProprioceptiveEmbedding(
  (patch_embed): Conv1d(10, 10, kernel_size=(1,), stride=(1,))
  (norm): LayerNorm((10,), eps=1e-05, elementwise_affine=True)
)
[2026-07-25 16:48:50,720][models.visual_world_model][INFO] - proprio_dim: 10, after repeat: 10
[2026-07-25 16:48:50,720][models.visual_world_model][INFO] - action_dim: 10, after repeat: 10
[2026-07-25 16:48:50,720][models.visual_world_model][INFO] - emb_dim: 28
[2026-07-25 16:48:50,720][models.visual_world_model][INFO] - Straightening disabled
[2026-07-25 16:48:50,720][models.visual_world_model][INFO] - Speed constancy disabled
[2026-07-25 16:48:50,720][models.visual_world_model][INFO] - Trajectory penalty disabled
[2026-07-25 16:48:50,720][models.visual_world_model][INFO] - Stop-grad enabled: True
[2026-07-25 16:48:50,720][models.visual_world_model][INFO] - VCReg enabled: False, apply_to=enc, std_coeff=0.0, cov_coeff=0.0
[2026-07-25 16:48:50,720][models.visual_world_model][INFO] - Model emb_dim: 28
[timing] setup_model_s=3.243
eval_seed:  [9001, 9301, 9601, 9901, 10201, 10501, 10801, 11101, 11401, 11701]
Dumped plan targets to /opt/dlami/nvme/home/jupyter-deuk-c4e4/pusht-reproduction/patchproj_reproduction/plan/mpc_seed_300/chunk_30/plan_targets.pkl
[timing] setup_workspace_s=5.988

MPC iter 0 Eval ------- 
Success rate:  0.0
{'success': array([False, False, False, False, False, False, False, False, False,
       False]), 'state_dist': array([192.49399 , 188.46333 , 156.63794 , 168.94589 , 120.01181 ,
       262.0502  , 196.6688  , 120.237625, 264.6441  , 121.26664 ],
      dtype=float32)}
self.is_success:  [False False False False False False False False False False]

MPC iter 1 Eval ------- 
Success rate:  0.0
{'success': array([False, False, False, False, False, False, False, False, False,
       False]), 'state_dist': array([170.66116 , 143.39641 , 195.81992 , 144.48709 , 118.89286 ,
       247.77681 , 178.91116 , 121.171936, 266.418   , 114.42924 ],
      dtype=float32)}
self.is_success:  [False False False False False False False False False False]

MPC iter 2 Eval ------- 
Success rate:  0.0
{'success': array([False, False, False, False, False, False, False, False, False,
       False]), 'state_dist': array([194.91896 , 113.18688 , 172.49765 , 168.33003 , 222.66711 ,
       216.66249 , 137.39589 ,  94.08459 , 250.16422 ,  60.765144],
      dtype=float32)}
self.is_success:  [False False False False False False False False False False]

MPC iter 3 Eval ------- 
Success rate:  0.0
{'success': array([False, False, False, False, False, False, False, False, False,
       False]), 'state_dist': array([332.7981 , 137.13449, 171.67429, 210.44353, 166.92181, 216.34238,
       101.94516,  47.75185, 475.6845 ,  70.54504], dtype=float32)}
self.is_success:  [False False False False False False False False False False]

MPC iter 4 Eval ------- 
Success rate:  0.3
{'success': array([False, False, False, False, False, False,  True,  True,  True,
       False]), 'state_dist': array([694.2086  ,  69.47761 , 113.87324 ,  65.45035 , 190.6555  ,
       171.19551 ,  37.907288, 148.92882 , 147.1378  , 125.04019 ],
      dtype=float32)}
self.is_success:  [False False False False False False  True  True  True False]

MPC iter 5 Eval ------- 
Success rate:  0.4
{'success': array([False, False, False,  True, False, False,  True,  True,  True,
       False]), 'state_dist': array([225.124   ,  64.48693 ,  69.845764,  45.46183 , 120.82383 ,
        97.66418 ,  37.907288, 148.92882 , 147.1378  , 153.27419 ],
      dtype=float32)}
self.is_success:  [False False False  True False False  True  True  True False]

MPC iter 6 Eval ------- 
Success rate:  0.7
{'success': array([False,  True, False,  True,  True,  True,  True,  True,  True,
       False]), 'state_dist': array([ 97.23391 ,  90.63111 ,  67.663704,  45.46183 ,  88.4721  ,
        62.634743,  37.907288, 148.92882 , 147.1378  , 110.09439 ],
      dtype=float32)}
self.is_success:  [False  True False  True  True  True  True  True  True False]

MPC iter 7 Eval ------- 
Success rate:  0.9
{'success': array([ True,  True,  True,  True,  True,  True,  True,  True,  True,
       False]), 'state_dist': array([ 67.93475 ,  90.63111 ,  62.11129 ,  45.46183 ,  88.4721  ,
        62.634743,  37.907288, 148.92882 , 147.1378  ,  84.29551 ],
      dtype=float32)}
self.is_success:  [ True  True  True  True  True  True  True  True  True False]

MPC iter 8 Eval ------- 
Success rate:  1.0
{'success': array([ True,  True,  True,  True,  True,  True,  True,  True,  True,
        True]), 'state_dist': array([ 67.93475 ,  90.63111 ,  62.11129 ,  45.46183 ,  88.4721  ,
        62.634743,  37.907288, 148.92882 , 147.1378  ,  79.89985 ],
      dtype=float32)}
self.is_success:  [ True  True  True  True  True  True  True  True  True  True]
Success rate:  1.0
{'success': array([ True,  True,  True,  True,  True,  True,  True,  True,  True,
        True]), 'state_dist': array([ 67.93475 ,  90.63111 ,  62.11129 ,  45.46183 ,  88.4721  ,
        62.634743,  37.907288, 148.92882 , 147.1378  ,  79.89985 ],
      dtype=float32)}
[timing] perform_planning_s=199.684
[timing] total_planning_main_s=208.915
===== channel_off mpc seed 300 chunk 40 (n_evals=10) =====
/home/jupyter-deuk-c4e4/.conda/envs/ts310/lib/python3.10/site-packages/wandb/sdk/internal/internal_api.py:30: UserWarning: pkg_resources is deprecated as an API. See https://setuptools.pypa.io/en/latest/pkg_resources.html. The pkg_resources package is slated for removal as early as 2025-11-30. Refrain from using this package or pin to Setuptools<81.
  from pkg_resources import parse_version
/home/jupyter-deuk-c4e4/.conda/envs/ts310/lib/python3.10/site-packages/pkg_resources/__init__.py:3148: DeprecationWarning: Deprecated call to `pkg_resources.declare_namespace('mpl_toolkits')`.
Implementing implicit namespace packages (as specified in PEP 420) is preferred to `pkg_resources.declare_namespace`. See https://setuptools.pypa.io/en/latest/references/keywords.html#keyword-namespace-packages
  declare_namespace(pkg)
/home/jupyter-deuk-c4e4/.conda/envs/ts310/lib/python3.10/site-packages/pkg_resources/__init__.py:3148: DeprecationWarning: Deprecated call to `pkg_resources.declare_namespace('google')`.
Implementing implicit namespace packages (as specified in PEP 420) is preferred to `pkg_resources.declare_namespace`. See https://setuptools.pypa.io/en/latest/references/keywords.html#keyword-namespace-packages
  declare_namespace(pkg)
/home/jupyter-deuk-c4e4/.conda/envs/ts310/lib/python3.10/site-packages/Cython/Distutils/old_build_ext.py:15: DeprecationWarning: dep_util is Deprecated. Use functions from setuptools instead.
  from distutils.dep_util import newer, newer_group
<frozen importlib._bootstrap>:283: DeprecationWarning: the load_module() method is deprecated and slated for removal in Python 3.12; use exec_module() instead
Warning: Mujoco-based envs failed to import. Set the environment variable D4RL_SUPPRESS_IMPORT_ERROR=1 to suppress this message.
No module named 'mjrl'
Warning: Flow failed to import. Set the environment variable D4RL_SUPPRESS_IMPORT_ERROR=1 to suppress this message.
No module named 'flow'
Warning: CARLA failed to import. Set the environment variable D4RL_SUPPRESS_IMPORT_ERROR=1 to suppress this message.
No module named 'carla'
pybullet build time: Jan 29 2025 23:16:28
/home/jupyter-deuk-c4e4/.conda/envs/ts310/lib/python3.10/site-packages/gym/envs/registration.py:595: UserWarning: [33mWARN: Overriding environment maze2d-open-v0[0m
  logger.warn(f"Overriding environment {id}")
/home/jupyter-deuk-c4e4/.conda/envs/ts310/lib/python3.10/site-packages/gym/envs/registration.py:595: UserWarning: [33mWARN: Overriding environment maze2d-umaze-v0[0m
  logger.warn(f"Overriding environment {id}")
/home/jupyter-deuk-c4e4/.conda/envs/ts310/lib/python3.10/site-packages/gym/envs/registration.py:595: UserWarning: [33mWARN: Overriding environment maze2d-medium-v0[0m
  logger.warn(f"Overriding environment {id}")
/home/jupyter-deuk-c4e4/.conda/envs/ts310/lib/python3.10/site-packages/gym/envs/registration.py:595: UserWarning: [33mWARN: Overriding environment maze2d-large-v0[0m
  logger.warn(f"Overriding environment {id}")
/home/jupyter-deuk-c4e4/.conda/envs/ts310/lib/python3.10/site-packages/gym/envs/registration.py:595: UserWarning: [33mWARN: Overriding environment maze2d-umaze-v1[0m
  logger.warn(f"Overriding environment {id}")
/home/jupyter-deuk-c4e4/.conda/envs/ts310/lib/python3.10/site-packages/gym/envs/registration.py:595: UserWarning: [33mWARN: Overriding environment maze2d-medium-v1[0m
  logger.warn(f"Overriding environment {id}")
/home/jupyter-deuk-c4e4/.conda/envs/ts310/lib/python3.10/site-packages/gym/envs/registration.py:595: UserWarning: [33mWARN: Overriding environment maze2d-large-v1[0m
  logger.warn(f"Overriding environment {id}")
/home/jupyter-deuk-c4e4/.conda/envs/ts310/lib/python3.10/site-packages/gym/envs/registration.py:595: UserWarning: [33mWARN: Overriding environment maze2d-eval-umaze-v1[0m
  logger.warn(f"Overriding environment {id}")
/home/jupyter-deuk-c4e4/.conda/envs/ts310/lib/python3.10/site-packages/gym/envs/registration.py:595: UserWarning: [33mWARN: Overriding environment maze2d-eval-medium-v1[0m
  logger.warn(f"Overriding environment {id}")
/home/jupyter-deuk-c4e4/.conda/envs/ts310/lib/python3.10/site-packages/gym/envs/registration.py:595: UserWarning: [33mWARN: Overriding environment maze2d-eval-large-v1[0m
  logger.warn(f"Overriding environment {id}")
/home/jupyter-deuk-c4e4/.conda/envs/ts310/lib/python3.10/site-packages/gym/envs/registration.py:595: UserWarning: [33mWARN: Overriding environment maze2d-open-dense-v0[0m
  logger.warn(f"Overriding environment {id}")
/home/jupyter-deuk-c4e4/.conda/envs/ts310/lib/python3.10/site-packages/gym/envs/registration.py:595: UserWarning: [33mWARN: Overriding environment maze2d-umaze-dense-v0[0m
  logger.warn(f"Overriding environment {id}")
/home/jupyter-deuk-c4e4/.conda/envs/ts310/lib/python3.10/site-packages/gym/envs/registration.py:595: UserWarning: [33mWARN: Overriding environment maze2d-medium-dense-v0[0m
  logger.warn(f"Overriding environment {id}")
/home/jupyter-deuk-c4e4/.conda/envs/ts310/lib/python3.10/site-packages/gym/envs/registration.py:595: UserWarning: [33mWARN: Overriding environment maze2d-large-dense-v0[0m
  logger.warn(f"Overriding environment {id}")
/home/jupyter-deuk-c4e4/.conda/envs/ts310/lib/python3.10/site-packages/gym/envs/registration.py:595: UserWarning: [33mWARN: Overriding environment maze2d-umaze-dense-v1[0m
  logger.warn(f"Overriding environment {id}")
/home/jupyter-deuk-c4e4/.conda/envs/ts310/lib/python3.10/site-packages/gym/envs/registration.py:595: UserWarning: [33mWARN: Overriding environment maze2d-medium-dense-v1[0m
  logger.warn(f"Overriding environment {id}")
/home/jupyter-deuk-c4e4/.conda/envs/ts310/lib/python3.10/site-packages/gym/envs/registration.py:595: UserWarning: [33mWARN: Overriding environment maze2d-large-dense-v1[0m
  logger.warn(f"Overriding environment {id}")
/home/jupyter-deuk-c4e4/.conda/envs/ts310/lib/python3.10/site-packages/gym/envs/registration.py:595: UserWarning: [33mWARN: Overriding environment maze2d-eval-umaze-dense-v1[0m
  logger.warn(f"Overriding environment {id}")
/home/jupyter-deuk-c4e4/.conda/envs/ts310/lib/python3.10/site-packages/gym/envs/registration.py:595: UserWarning: [33mWARN: Overriding environment maze2d-eval-medium-dense-v1[0m
  logger.warn(f"Overriding environment {id}")
/home/jupyter-deuk-c4e4/.conda/envs/ts310/lib/python3.10/site-packages/gym/envs/registration.py:595: UserWarning: [33mWARN: Overriding environment maze2d-eval-large-dense-v1[0m
  logger.warn(f"Overriding environment {id}")
/opt/dlami/nvme/home/jupyter-deuk-c4e4/temporal-straightening/custom_resolvers.py:4: UserWarning: 
The version_base parameter is not specified.
Please specify a compatability version level, or None.
Will assume defaults for version 1.1
  @hydra.main(config_path=None)
[2026-07-25 16:52:21,605][__main__][INFO] - Planning result saved dir: /opt/dlami/nvme/home/jupyter-deuk-c4e4/pusht-reproduction/patchproj_reproduction/plan/mpc_seed_300/chunk_40
/home/jupyter-deuk-c4e4/.conda/envs/ts310/lib/python3.10/site-packages/wandb/sdk/internal/internal_api.py:30: UserWarning: pkg_resources is deprecated as an API. See https://setuptools.pypa.io/en/latest/pkg_resources.html. The pkg_resources package is slated for removal as early as 2025-11-30. Refrain from using this package or pin to Setuptools<81.
  from pkg_resources import parse_version
Using cache found in /home/jupyter-deuk-c4e4/.cache/torch/hub/facebookresearch_dinov2_81b2b6419385
Loaded 18685 rollouts
Loaded 21 rollouts
[2026-07-25 16:52:24,042][dinov2][INFO] - using MLP layer as FFN
[2026-07-25 16:52:24,440][models.dino][WARNING] - Unknown projector 'none' for patch tokens; proceeding without projector.
Resuming from epoch 2: /home/jupyter-deuk-c4e4/pusht-reproduction/patchproj_reproduction/test/pusht_False_agg32_projchannel_dim8_hw14_sgTrue_lr1e-06/checkpoints/model_2.pth
[2026-07-25 16:52:24,780][models.visual_world_model][INFO] - num_action_repeat: 1
[2026-07-25 16:52:24,781][models.visual_world_model][INFO] - num_proprio_repeat: 1
[2026-07-25 16:52:24,781][models.visual_world_model][INFO] - proprio encoder: ProprioceptiveEmbedding(
  (patch_embed): Conv1d(4, 10, kernel_size=(1,), stride=(1,))
  (norm): LayerNorm((10,), eps=1e-05, elementwise_affine=True)
)
[2026-07-25 16:52:24,781][models.visual_world_model][INFO] - action encoder: ProprioceptiveEmbedding(
  (patch_embed): Conv1d(10, 10, kernel_size=(1,), stride=(1,))
  (norm): LayerNorm((10,), eps=1e-05, elementwise_affine=True)
)
[2026-07-25 16:52:24,781][models.visual_world_model][INFO] - proprio_dim: 10, after repeat: 10
[2026-07-25 16:52:24,781][models.visual_world_model][INFO] - action_dim: 10, after repeat: 10
[2026-07-25 16:52:24,781][models.visual_world_model][INFO] - emb_dim: 28
[2026-07-25 16:52:24,781][models.visual_world_model][INFO] - Straightening disabled
[2026-07-25 16:52:24,781][models.visual_world_model][INFO] - Speed constancy disabled
[2026-07-25 16:52:24,781][models.visual_world_model][INFO] - Trajectory penalty disabled
[2026-07-25 16:52:24,781][models.visual_world_model][INFO] - Stop-grad enabled: True
[2026-07-25 16:52:24,781][models.visual_world_model][INFO] - VCReg enabled: False, apply_to=enc, std_coeff=0.0, cov_coeff=0.0
[2026-07-25 16:52:24,781][models.visual_world_model][INFO] - Model emb_dim: 28
[timing] setup_model_s=3.178
eval_seed:  [12001, 12301, 12601, 12901, 13201, 13501, 13801, 14101, 14401, 14701]
Dumped plan targets to /opt/dlami/nvme/home/jupyter-deuk-c4e4/pusht-reproduction/patchproj_reproduction/plan/mpc_seed_300/chunk_40/plan_targets.pkl
[timing] setup_workspace_s=6.427

MPC iter 0 Eval ------- 
Success rate:  0.0
{'success': array([False, False, False, False, False, False, False, False, False,
       False]), 'state_dist': array([ 98.79433, 252.67413, 310.50314, 241.75862,  71.6222 , 259.2438 ,
       187.15804, 374.00793, 257.53665, 284.46817], dtype=float32)}
self.is_success:  [False False False False False False False False False False]

MPC iter 1 Eval ------- 
Success rate:  0.0
{'success': array([False, False, False, False, False, False, False, False, False,
       False]), 'state_dist': array([ 88.21163 , 246.73015 , 202.48145 , 173.23244 ,  75.154205,
       215.91818 , 198.93437 , 311.40186 , 225.9217  , 321.37476 ],
      dtype=float32)}
self.is_success:  [False False False False False False False False False False]

MPC iter 2 Eval ------- 
Success rate:  0.0
{'success': array([False, False, False, False, False, False, False, False, False,
       False]), 'state_dist': array([105.82806 , 213.82828 , 178.83534 , 132.33911 ,  81.521385,
       190.54628 , 313.07437 , 349.05975 , 253.16281 , 206.60136 ],
      dtype=float32)}
self.is_success:  [False False False False False False False False False False]

MPC iter 3 Eval ------- 
Success rate:  0.0
{'success': array([False, False, False, False, False, False, False, False, False,
       False]), 'state_dist': array([354.5459  , 198.36296 , 152.65506 , 472.55753 ,  86.645226,
       138.9131  , 309.88165 , 285.68536 , 337.6565  , 149.78235 ],
      dtype=float32)}
self.is_success:  [False False False False False False False False False False]

MPC iter 4 Eval ------- 
Success rate:  0.0
{'success': array([False, False, False, False, False, False, False, False, False,
       False]), 'state_dist': array([276.39163 , 130.78233 , 180.078   , 269.61243 ,  36.86328 ,
       106.983665, 191.63647 , 112.56672 , 248.11157 ,  71.09728 ],
      dtype=float32)}
self.is_success:  [False False False False False False False False False False]

MPC iter 5 Eval ------- 
Success rate:  0.6
{'success': array([False, False,  True, False,  True,  True,  True,  True, False,
        True]), 'state_dist': array([267.1311  ,  76.6149  , 128.38919 , 113.7366  ,  43.07798 ,
        39.334476,  19.687183,  54.49262 , 161.20598 ,  41.397087],
      dtype=float32)}
self.is_success:  [False False  True False  True  True  True  True False  True]

MPC iter 6 Eval ------- 
Success rate:  0.8
{'success': array([False, False,  True,  True,  True,  True,  True,  True,  True,
        True]), 'state_dist': array([159.60663 ,  75.29097 , 128.38919 ,  49.797344,  43.07798 ,
        39.334476,  19.687183,  54.49262 ,  72.808426,  41.397087],
      dtype=float32)}
self.is_success:  [False False  True  True  True  True  True  True  True  True]

MPC iter 7 Eval ------- 
Success rate:  0.8
{'success': array([False, False,  True,  True,  True,  True,  True,  True,  True,
        True]), 'state_dist': array([132.35938 ,  98.41721 , 128.38919 ,  49.797344,  43.07798 ,
        39.334476,  19.687183,  54.49262 ,  72.808426,  41.397087],
      dtype=float32)}
self.is_success:  [False False  True  True  True  True  True  True  True  True]

MPC iter 8 Eval ------- 
Success rate:  0.8
{'success': array([False, False,  True,  True,  True,  True,  True,  True,  True,
        True]), 'state_dist': array([117.36729 , 102.85787 , 128.38919 ,  49.797344,  43.07798 ,
        39.334476,  19.687183,  54.49262 ,  72.808426,  41.397087],
      dtype=float32)}
self.is_success:  [False False  True  True  True  True  True  True  True  True]

MPC iter 9 Eval ------- 
Success rate:  0.9
{'success': array([False,  True,  True,  True,  True,  True,  True,  True,  True,
        True]), 'state_dist': array([129.67677 , 187.22343 , 128.38919 ,  49.797344,  43.07798 ,
        39.334476,  19.687183,  54.49262 ,  72.808426,  41.397087],
      dtype=float32)}
self.is_success:  [False  True  True  True  True  True  True  True  True  True]

MPC iter 10 Eval ------- 
Success rate:  0.9
{'success': array([False,  True,  True,  True,  True,  True,  True,  True,  True,
        True]), 'state_dist': array([111.688034, 187.22343 , 128.38919 ,  49.797344,  43.07798 ,
        39.334476,  19.687183,  54.49262 ,  72.808426,  41.397087],
      dtype=float32)}
self.is_success:  [False  True  True  True  True  True  True  True  True  True]

MPC iter 11 Eval ------- 
Success rate:  0.9
{'success': array([False,  True,  True,  True,  True,  True,  True,  True,  True,
        True]), 'state_dist': array([129.46228 , 187.22343 , 128.38919 ,  49.797344,  43.07798 ,
        39.334476,  19.687183,  54.49262 ,  72.808426,  41.397087],
      dtype=float32)}
self.is_success:  [False  True  True  True  True  True  True  True  True  True]

MPC iter 12 Eval ------- 
Success rate:  0.9
{'success': array([False,  True,  True,  True,  True,  True,  True,  True,  True,
        True]), 'state_dist': array([110.399376, 187.22343 , 128.38919 ,  49.797344,  43.07798 ,
        39.334476,  19.687183,  54.49262 ,  72.808426,  41.397087],
      dtype=float32)}
self.is_success:  [False  True  True  True  True  True  True  True  True  True]

MPC iter 13 Eval ------- 
Success rate:  0.9
{'success': array([False,  True,  True,  True,  True,  True,  True,  True,  True,
        True]), 'state_dist': array([124.085144, 187.22343 , 128.38919 ,  49.797344,  43.07798 ,
        39.334476,  19.687183,  54.49262 ,  72.808426,  41.397087],
      dtype=float32)}
self.is_success:  [False  True  True  True  True  True  True  True  True  True]

MPC iter 14 Eval ------- 
Success rate:  0.9
{'success': array([False,  True,  True,  True,  True,  True,  True,  True,  True,
        True]), 'state_dist': array([116.705635, 187.22343 , 128.38919 ,  49.797344,  43.07798 ,
        39.334476,  19.687183,  54.49262 ,  72.808426,  41.397087],
      dtype=float32)}
self.is_success:  [False  True  True  True  True  True  True  True  True  True]

MPC iter 15 Eval ------- 
Success rate:  0.9
{'success': array([False,  True,  True,  True,  True,  True,  True,  True,  True,
        True]), 'state_dist': array([121.408264, 187.22343 , 128.38919 ,  49.797344,  43.07798 ,
        39.334476,  19.687183,  54.49262 ,  72.808426,  41.397087],
      dtype=float32)}
self.is_success:  [False  True  True  True  True  True  True  True  True  True]

MPC iter 16 Eval ------- 
Success rate:  0.9
{'success': array([False,  True,  True,  True,  True,  True,  True,  True,  True,
        True]), 'state_dist': array([119.39474 , 187.22343 , 128.38919 ,  49.797344,  43.07798 ,
        39.334476,  19.687183,  54.49262 ,  72.808426,  41.397087],
      dtype=float32)}
self.is_success:  [False  True  True  True  True  True  True  True  True  True]

MPC iter 17 Eval ------- 
Success rate:  0.9
{'success': array([False,  True,  True,  True,  True,  True,  True,  True,  True,
        True]), 'state_dist': array([122.25884 , 187.22343 , 128.38919 ,  49.797344,  43.07798 ,
        39.334476,  19.687183,  54.49262 ,  72.808426,  41.397087],
      dtype=float32)}
self.is_success:  [False  True  True  True  True  True  True  True  True  True]

MPC iter 18 Eval ------- 
Success rate:  0.9
{'success': array([False,  True,  True,  True,  True,  True,  True,  True,  True,
        True]), 'state_dist': array([118.35242 , 187.22343 , 128.38919 ,  49.797344,  43.07798 ,
        39.334476,  19.687183,  54.49262 ,  72.808426,  41.397087],
      dtype=float32)}
self.is_success:  [False  True  True  True  True  True  True  True  True  True]

MPC iter 19 Eval ------- 
Success rate:  0.9
{'success': array([False,  True,  True,  True,  True,  True,  True,  True,  True,
        True]), 'state_dist': array([122.149345, 187.22343 , 128.38919 ,  49.797344,  43.07798 ,
        39.334476,  19.687183,  54.49262 ,  72.808426,  41.397087],
      dtype=float32)}
self.is_success:  [False  True  True  True  True  True  True  True  True  True]
Success rate:  0.9
{'success': array([False,  True,  True,  True,  True,  True,  True,  True,  True,
        True]), 'state_dist': array([122.149345, 187.22343 , 128.38919 ,  49.797344,  43.07798 ,
        39.334476,  19.687183,  54.49262 ,  72.808426,  41.397087],
      dtype=float32)}
[timing] perform_planning_s=449.569
[timing] total_planning_main_s=459.173
PLAN_DONE cond=channel_off
