[config] set data_path=/home/jupyter-deuk-c4e4/data/pusht_noise in /home/jupyter-deuk-c4e4/pusht-reproduction/straightening_reproduction/test/pusht_aggmlpcos1e-1_agg32_projchannel_dim8_hw14_sgTrue_lr1e-05/hydra.yaml
===== channel_on gd seed 100 chunk 00 (n_evals=10) =====
/home/jupyter-deuk-c4e4/.conda/envs/ts310/lib/python3.10/site-packages/wandb/sdk/internal/internal_api.py:30: UserWarning: pkg_resources is deprecated as an API. See https://setuptools.pypa.io/en/latest/pkg_resources.html. The pkg_resources package is slated for removal as early as 2025-11-30. Refrain from using this package or pin to Setuptools<81.
  from pkg_resources import parse_version
/home/jupyter-deuk-c4e4/.conda/envs/ts310/lib/python3.10/site-packages/pkg_resources/__init__.py:3148: DeprecationWarning: Deprecated call to `pkg_resources.declare_namespace('mpl_toolkits')`.
Implementing implicit namespace packages (as specified in PEP 420) is preferred to `pkg_resources.declare_namespace`. See https://setuptools.pypa.io/en/latest/references/keywords.html#keyword-namespace-packages
  declare_namespace(pkg)
/home/jupyter-deuk-c4e4/.conda/envs/ts310/lib/python3.10/site-packages/pkg_resources/__init__.py:3148: DeprecationWarning: Deprecated call to `pkg_resources.declare_namespace('google')`.
Implementing implicit namespace packages (as specified in PEP 420) is preferred to `pkg_resources.declare_namespace`. See https://setuptools.pypa.io/en/latest/references/keywords.html#keyword-namespace-packages
  declare_namespace(pkg)
/home/jupyter-deuk-c4e4/.conda/envs/ts310/lib/python3.10/site-packages/Cython/Distutils/old_build_ext.py:15: DeprecationWarning: dep_util is Deprecated. Use functions from setuptools instead.
  from distutils.dep_util import newer, newer_group
<frozen importlib._bootstrap>:283: DeprecationWarning: the load_module() method is deprecated and slated for removal in Python 3.12; use exec_module() instead
Warning: Mujoco-based envs failed to import. Set the environment variable D4RL_SUPPRESS_IMPORT_ERROR=1 to suppress this message.
No module named 'mjrl'
Warning: Flow failed to import. Set the environment variable D4RL_SUPPRESS_IMPORT_ERROR=1 to suppress this message.
No module named 'flow'
Warning: CARLA failed to import. Set the environment variable D4RL_SUPPRESS_IMPORT_ERROR=1 to suppress this message.
No module named 'carla'
pybullet build time: Jan 29 2025 23:16:28
/home/jupyter-deuk-c4e4/.conda/envs/ts310/lib/python3.10/site-packages/gym/envs/registration.py:595: UserWarning: [33mWARN: Overriding environment maze2d-open-v0[0m
  logger.warn(f"Overriding environment {id}")
/home/jupyter-deuk-c4e4/.conda/envs/ts310/lib/python3.10/site-packages/gym/envs/registration.py:595: UserWarning: [33mWARN: Overriding environment maze2d-umaze-v0[0m
  logger.warn(f"Overriding environment {id}")
/home/jupyter-deuk-c4e4/.conda/envs/ts310/lib/python3.10/site-packages/gym/envs/registration.py:595: UserWarning: [33mWARN: Overriding environment maze2d-medium-v0[0m
  logger.warn(f"Overriding environment {id}")
/home/jupyter-deuk-c4e4/.conda/envs/ts310/lib/python3.10/site-packages/gym/envs/registration.py:595: UserWarning: [33mWARN: Overriding environment maze2d-large-v0[0m
  logger.warn(f"Overriding environment {id}")
/home/jupyter-deuk-c4e4/.conda/envs/ts310/lib/python3.10/site-packages/gym/envs/registration.py:595: UserWarning: [33mWARN: Overriding environment maze2d-umaze-v1[0m
  logger.warn(f"Overriding environment {id}")
/home/jupyter-deuk-c4e4/.conda/envs/ts310/lib/python3.10/site-packages/gym/envs/registration.py:595: UserWarning: [33mWARN: Overriding environment maze2d-medium-v1[0m
  logger.warn(f"Overriding environment {id}")
/home/jupyter-deuk-c4e4/.conda/envs/ts310/lib/python3.10/site-packages/gym/envs/registration.py:595: UserWarning: [33mWARN: Overriding environment maze2d-large-v1[0m
  logger.warn(f"Overriding environment {id}")
/home/jupyter-deuk-c4e4/.conda/envs/ts310/lib/python3.10/site-packages/gym/envs/registration.py:595: UserWarning: [33mWARN: Overriding environment maze2d-eval-umaze-v1[0m
  logger.warn(f"Overriding environment {id}")
/home/jupyter-deuk-c4e4/.conda/envs/ts310/lib/python3.10/site-packages/gym/envs/registration.py:595: UserWarning: [33mWARN: Overriding environment maze2d-eval-medium-v1[0m
  logger.warn(f"Overriding environment {id}")
/home/jupyter-deuk-c4e4/.conda/envs/ts310/lib/python3.10/site-packages/gym/envs/registration.py:595: UserWarning: [33mWARN: Overriding environment maze2d-eval-large-v1[0m
  logger.warn(f"Overriding environment {id}")
/home/jupyter-deuk-c4e4/.conda/envs/ts310/lib/python3.10/site-packages/gym/envs/registration.py:595: UserWarning: [33mWARN: Overriding environment maze2d-open-dense-v0[0m
  logger.warn(f"Overriding environment {id}")
/home/jupyter-deuk-c4e4/.conda/envs/ts310/lib/python3.10/site-packages/gym/envs/registration.py:595: UserWarning: [33mWARN: Overriding environment maze2d-umaze-dense-v0[0m
  logger.warn(f"Overriding environment {id}")
/home/jupyter-deuk-c4e4/.conda/envs/ts310/lib/python3.10/site-packages/gym/envs/registration.py:595: UserWarning: [33mWARN: Overriding environment maze2d-medium-dense-v0[0m
  logger.warn(f"Overriding environment {id}")
/home/jupyter-deuk-c4e4/.conda/envs/ts310/lib/python3.10/site-packages/gym/envs/registration.py:595: UserWarning: [33mWARN: Overriding environment maze2d-large-dense-v0[0m
  logger.warn(f"Overriding environment {id}")
/home/jupyter-deuk-c4e4/.conda/envs/ts310/lib/python3.10/site-packages/gym/envs/registration.py:595: UserWarning: [33mWARN: Overriding environment maze2d-umaze-dense-v1[0m
  logger.warn(f"Overriding environment {id}")
/home/jupyter-deuk-c4e4/.conda/envs/ts310/lib/python3.10/site-packages/gym/envs/registration.py:595: UserWarning: [33mWARN: Overriding environment maze2d-medium-dense-v1[0m
  logger.warn(f"Overriding environment {id}")
/home/jupyter-deuk-c4e4/.conda/envs/ts310/lib/python3.10/site-packages/gym/envs/registration.py:595: UserWarning: [33mWARN: Overriding environment maze2d-large-dense-v1[0m
  logger.warn(f"Overriding environment {id}")
/home/jupyter-deuk-c4e4/.conda/envs/ts310/lib/python3.10/site-packages/gym/envs/registration.py:595: UserWarning: [33mWARN: Overriding environment maze2d-eval-umaze-dense-v1[0m
  logger.warn(f"Overriding environment {id}")
/home/jupyter-deuk-c4e4/.conda/envs/ts310/lib/python3.10/site-packages/gym/envs/registration.py:595: UserWarning: [33mWARN: Overriding environment maze2d-eval-medium-dense-v1[0m
  logger.warn(f"Overriding environment {id}")
/home/jupyter-deuk-c4e4/.conda/envs/ts310/lib/python3.10/site-packages/gym/envs/registration.py:595: UserWarning: [33mWARN: Overriding environment maze2d-eval-large-dense-v1[0m
  logger.warn(f"Overriding environment {id}")
/opt/dlami/nvme/home/jupyter-deuk-c4e4/temporal-straightening/custom_resolvers.py:4: UserWarning: 
The version_base parameter is not specified.
Please specify a compatability version level, or None.
Will assume defaults for version 1.1
  @hydra.main(config_path=None)
[2026-07-25 15:02:32,463][__main__][INFO] - Planning result saved dir: /opt/dlami/nvme/home/jupyter-deuk-c4e4/pusht-reproduction/straightening_reproduction/plan/gd_seed_100/chunk_00
/home/jupyter-deuk-c4e4/.conda/envs/ts310/lib/python3.10/site-packages/wandb/sdk/internal/internal_api.py:30: UserWarning: pkg_resources is deprecated as an API. See https://setuptools.pypa.io/en/latest/pkg_resources.html. The pkg_resources package is slated for removal as early as 2025-11-30. Refrain from using this package or pin to Setuptools<81.
  from pkg_resources import parse_version
Using cache found in /home/jupyter-deuk-c4e4/.cache/torch/hub/facebookresearch_dinov2_81b2b6419385
Loaded 18685 rollouts
Loaded 21 rollouts
[2026-07-25 15:02:35,187][dinov2][INFO] - using MLP layer as FFN
[2026-07-25 15:02:38,804][models.dino][WARNING] - Unknown projector 'none' for patch tokens; proceeding without projector.
Resuming from epoch 2: /home/jupyter-deuk-c4e4/pusht-reproduction/straightening_reproduction/test/pusht_aggmlpcos1e-1_agg32_projchannel_dim8_hw14_sgTrue_lr1e-05/checkpoints/model_2.pth
[2026-07-25 15:02:39,287][models.visual_world_model][INFO] - num_action_repeat: 1
[2026-07-25 15:02:39,287][models.visual_world_model][INFO] - num_proprio_repeat: 1
[2026-07-25 15:02:39,287][models.visual_world_model][INFO] - proprio encoder: ProprioceptiveEmbedding(
  (patch_embed): Conv1d(4, 10, kernel_size=(1,), stride=(1,))
  (norm): LayerNorm((10,), eps=1e-05, elementwise_affine=True)
)
[2026-07-25 15:02:39,288][models.visual_world_model][INFO] - action encoder: ProprioceptiveEmbedding(
  (patch_embed): Conv1d(10, 10, kernel_size=(1,), stride=(1,))
  (norm): LayerNorm((10,), eps=1e-05, elementwise_affine=True)
)
[2026-07-25 15:02:39,288][models.visual_world_model][INFO] - proprio_dim: 10, after repeat: 10
[2026-07-25 15:02:39,288][models.visual_world_model][INFO] - action_dim: 10, after repeat: 10
[2026-07-25 15:02:39,288][models.visual_world_model][INFO] - emb_dim: 28
[2026-07-25 15:02:39,288][models.visual_world_model][INFO] - Straightening disabled
[2026-07-25 15:02:39,288][models.visual_world_model][INFO] - Speed constancy disabled
[2026-07-25 15:02:39,288][models.visual_world_model][INFO] - Trajectory penalty disabled
[2026-07-25 15:02:39,288][models.visual_world_model][INFO] - Stop-grad enabled: True
[2026-07-25 15:02:39,288][models.visual_world_model][INFO] - VCReg enabled: False, apply_to=enc, std_coeff=0.0, cov_coeff=0.0
[2026-07-25 15:02:39,288][models.visual_world_model][INFO] - Model emb_dim: 28
[timing] setup_model_s=6.827
eval_seed:  [1, 101, 201, 301, 401, 501, 601, 701, 801, 901]
Dumped plan targets to /opt/dlami/nvme/home/jupyter-deuk-c4e4/pusht-reproduction/straightening_reproduction/plan/gd_seed_100/chunk_00/plan_targets.pkl
[timing] setup_workspace_s=6.341

MPC iter 0 Eval ------- 
Success rate:  0.8
{'success': array([ True,  True,  True,  True,  True, False,  True,  True, False,
        True]), 'state_dist': array([25.953423 , 27.35809  , 44.737835 , 34.48139  , 14.103702 ,
       82.8426   , 15.838142 , 18.480227 , 32.244415 ,  7.1557593],
      dtype=float32)}
self.is_success:  [ True  True  True  True  True False  True  True False  True]
Success rate:  0.8
{'success': array([ True,  True,  True,  True,  True, False,  True,  True, False,
        True]), 'state_dist': array([25.953423 , 27.35809  , 44.737835 , 34.48139  , 14.103702 ,
       82.8426   , 15.838142 , 18.480227 , 32.244415 ,  7.1557593],
      dtype=float32)}
[timing] perform_planning_s=22.845
[timing] total_planning_main_s=36.013
===== channel_on gd seed 100 chunk 10 (n_evals=10) =====
/home/jupyter-deuk-c4e4/.conda/envs/ts310/lib/python3.10/site-packages/wandb/sdk/internal/internal_api.py:30: UserWarning: pkg_resources is deprecated as an API. See https://setuptools.pypa.io/en/latest/pkg_resources.html. The pkg_resources package is slated for removal as early as 2025-11-30. Refrain from using this package or pin to Setuptools<81.
  from pkg_resources import parse_version
/home/jupyter-deuk-c4e4/.conda/envs/ts310/lib/python3.10/site-packages/pkg_resources/__init__.py:3148: DeprecationWarning: Deprecated call to `pkg_resources.declare_namespace('mpl_toolkits')`.
Implementing implicit namespace packages (as specified in PEP 420) is preferred to `pkg_resources.declare_namespace`. See https://setuptools.pypa.io/en/latest/references/keywords.html#keyword-namespace-packages
  declare_namespace(pkg)
/home/jupyter-deuk-c4e4/.conda/envs/ts310/lib/python3.10/site-packages/pkg_resources/__init__.py:3148: DeprecationWarning: Deprecated call to `pkg_resources.declare_namespace('google')`.
Implementing implicit namespace packages (as specified in PEP 420) is preferred to `pkg_resources.declare_namespace`. See https://setuptools.pypa.io/en/latest/references/keywords.html#keyword-namespace-packages
  declare_namespace(pkg)
/home/jupyter-deuk-c4e4/.conda/envs/ts310/lib/python3.10/site-packages/Cython/Distutils/old_build_ext.py:15: DeprecationWarning: dep_util is Deprecated. Use functions from setuptools instead.
  from distutils.dep_util import newer, newer_group
<frozen importlib._bootstrap>:283: DeprecationWarning: the load_module() method is deprecated and slated for removal in Python 3.12; use exec_module() instead
Warning: Mujoco-based envs failed to import. Set the environment variable D4RL_SUPPRESS_IMPORT_ERROR=1 to suppress this message.
No module named 'mjrl'
Warning: Flow failed to import. Set the environment variable D4RL_SUPPRESS_IMPORT_ERROR=1 to suppress this message.
No module named 'flow'
Warning: CARLA failed to import. Set the environment variable D4RL_SUPPRESS_IMPORT_ERROR=1 to suppress this message.
No module named 'carla'
pybullet build time: Jan 29 2025 23:16:28
/home/jupyter-deuk-c4e4/.conda/envs/ts310/lib/python3.10/site-packages/gym/envs/registration.py:595: UserWarning: [33mWARN: Overriding environment maze2d-open-v0[0m
  logger.warn(f"Overriding environment {id}")
/home/jupyter-deuk-c4e4/.conda/envs/ts310/lib/python3.10/site-packages/gym/envs/registration.py:595: UserWarning: [33mWARN: Overriding environment maze2d-umaze-v0[0m
  logger.warn(f"Overriding environment {id}")
/home/jupyter-deuk-c4e4/.conda/envs/ts310/lib/python3.10/site-packages/gym/envs/registration.py:595: UserWarning: [33mWARN: Overriding environment maze2d-medium-v0[0m
  logger.warn(f"Overriding environment {id}")
/home/jupyter-deuk-c4e4/.conda/envs/ts310/lib/python3.10/site-packages/gym/envs/registration.py:595: UserWarning: [33mWARN: Overriding environment maze2d-large-v0[0m
  logger.warn(f"Overriding environment {id}")
/home/jupyter-deuk-c4e4/.conda/envs/ts310/lib/python3.10/site-packages/gym/envs/registration.py:595: UserWarning: [33mWARN: Overriding environment maze2d-umaze-v1[0m
  logger.warn(f"Overriding environment {id}")
/home/jupyter-deuk-c4e4/.conda/envs/ts310/lib/python3.10/site-packages/gym/envs/registration.py:595: UserWarning: [33mWARN: Overriding environment maze2d-medium-v1[0m
  logger.warn(f"Overriding environment {id}")
/home/jupyter-deuk-c4e4/.conda/envs/ts310/lib/python3.10/site-packages/gym/envs/registration.py:595: UserWarning: [33mWARN: Overriding environment maze2d-large-v1[0m
  logger.warn(f"Overriding environment {id}")
/home/jupyter-deuk-c4e4/.conda/envs/ts310/lib/python3.10/site-packages/gym/envs/registration.py:595: UserWarning: [33mWARN: Overriding environment maze2d-eval-umaze-v1[0m
  logger.warn(f"Overriding environment {id}")
/home/jupyter-deuk-c4e4/.conda/envs/ts310/lib/python3.10/site-packages/gym/envs/registration.py:595: UserWarning: [33mWARN: Overriding environment maze2d-eval-medium-v1[0m
  logger.warn(f"Overriding environment {id}")
/home/jupyter-deuk-c4e4/.conda/envs/ts310/lib/python3.10/site-packages/gym/envs/registration.py:595: UserWarning: [33mWARN: Overriding environment maze2d-eval-large-v1[0m
  logger.warn(f"Overriding environment {id}")
/home/jupyter-deuk-c4e4/.conda/envs/ts310/lib/python3.10/site-packages/gym/envs/registration.py:595: UserWarning: [33mWARN: Overriding environment maze2d-open-dense-v0[0m
  logger.warn(f"Overriding environment {id}")
/home/jupyter-deuk-c4e4/.conda/envs/ts310/lib/python3.10/site-packages/gym/envs/registration.py:595: UserWarning: [33mWARN: Overriding environment maze2d-umaze-dense-v0[0m
  logger.warn(f"Overriding environment {id}")
/home/jupyter-deuk-c4e4/.conda/envs/ts310/lib/python3.10/site-packages/gym/envs/registration.py:595: UserWarning: [33mWARN: Overriding environment maze2d-medium-dense-v0[0m
  logger.warn(f"Overriding environment {id}")
/home/jupyter-deuk-c4e4/.conda/envs/ts310/lib/python3.10/site-packages/gym/envs/registration.py:595: UserWarning: [33mWARN: Overriding environment maze2d-large-dense-v0[0m
  logger.warn(f"Overriding environment {id}")
/home/jupyter-deuk-c4e4/.conda/envs/ts310/lib/python3.10/site-packages/gym/envs/registration.py:595: UserWarning: [33mWARN: Overriding environment maze2d-umaze-dense-v1[0m
  logger.warn(f"Overriding environment {id}")
/home/jupyter-deuk-c4e4/.conda/envs/ts310/lib/python3.10/site-packages/gym/envs/registration.py:595: UserWarning: [33mWARN: Overriding environment maze2d-medium-dense-v1[0m
  logger.warn(f"Overriding environment {id}")
/home/jupyter-deuk-c4e4/.conda/envs/ts310/lib/python3.10/site-packages/gym/envs/registration.py:595: UserWarning: [33mWARN: Overriding environment maze2d-large-dense-v1[0m
  logger.warn(f"Overriding environment {id}")
/home/jupyter-deuk-c4e4/.conda/envs/ts310/lib/python3.10/site-packages/gym/envs/registration.py:595: UserWarning: [33mWARN: Overriding environment maze2d-eval-umaze-dense-v1[0m
  logger.warn(f"Overriding environment {id}")
/home/jupyter-deuk-c4e4/.conda/envs/ts310/lib/python3.10/site-packages/gym/envs/registration.py:595: UserWarning: [33mWARN: Overriding environment maze2d-eval-medium-dense-v1[0m
  logger.warn(f"Overriding environment {id}")
/home/jupyter-deuk-c4e4/.conda/envs/ts310/lib/python3.10/site-packages/gym/envs/registration.py:595: UserWarning: [33mWARN: Overriding environment maze2d-eval-large-dense-v1[0m
  logger.warn(f"Overriding environment {id}")
/opt/dlami/nvme/home/jupyter-deuk-c4e4/temporal-straightening/custom_resolvers.py:4: UserWarning: 
The version_base parameter is not specified.
Please specify a compatability version level, or None.
Will assume defaults for version 1.1
  @hydra.main(config_path=None)
[2026-07-25 15:03:13,750][__main__][INFO] - Planning result saved dir: /opt/dlami/nvme/home/jupyter-deuk-c4e4/pusht-reproduction/straightening_reproduction/plan/gd_seed_100/chunk_10
/home/jupyter-deuk-c4e4/.conda/envs/ts310/lib/python3.10/site-packages/wandb/sdk/internal/internal_api.py:30: UserWarning: pkg_resources is deprecated as an API. See https://setuptools.pypa.io/en/latest/pkg_resources.html. The pkg_resources package is slated for removal as early as 2025-11-30. Refrain from using this package or pin to Setuptools<81.
  from pkg_resources import parse_version
Using cache found in /home/jupyter-deuk-c4e4/.cache/torch/hub/facebookresearch_dinov2_81b2b6419385
Loaded 18685 rollouts
Loaded 21 rollouts
[2026-07-25 15:03:16,236][dinov2][INFO] - using MLP layer as FFN
[2026-07-25 15:03:17,186][models.dino][WARNING] - Unknown projector 'none' for patch tokens; proceeding without projector.
Resuming from epoch 2: /home/jupyter-deuk-c4e4/pusht-reproduction/straightening_reproduction/test/pusht_aggmlpcos1e-1_agg32_projchannel_dim8_hw14_sgTrue_lr1e-05/checkpoints/model_2.pth
[2026-07-25 15:03:17,606][models.visual_world_model][INFO] - num_action_repeat: 1
[2026-07-25 15:03:17,606][models.visual_world_model][INFO] - num_proprio_repeat: 1
[2026-07-25 15:03:17,606][models.visual_world_model][INFO] - proprio encoder: ProprioceptiveEmbedding(
  (patch_embed): Conv1d(4, 10, kernel_size=(1,), stride=(1,))
  (norm): LayerNorm((10,), eps=1e-05, elementwise_affine=True)
)
[2026-07-25 15:03:17,606][models.visual_world_model][INFO] - action encoder: ProprioceptiveEmbedding(
  (patch_embed): Conv1d(10, 10, kernel_size=(1,), stride=(1,))
  (norm): LayerNorm((10,), eps=1e-05, elementwise_affine=True)
)
[2026-07-25 15:03:17,606][models.visual_world_model][INFO] - proprio_dim: 10, after repeat: 10
[2026-07-25 15:03:17,606][models.visual_world_model][INFO] - action_dim: 10, after repeat: 10
[2026-07-25 15:03:17,606][models.visual_world_model][INFO] - emb_dim: 28
[2026-07-25 15:03:17,606][models.visual_world_model][INFO] - Straightening disabled
[2026-07-25 15:03:17,606][models.visual_world_model][INFO] - Speed constancy disabled
[2026-07-25 15:03:17,607][models.visual_world_model][INFO] - Trajectory penalty disabled
[2026-07-25 15:03:17,607][models.visual_world_model][INFO] - Stop-grad enabled: True
[2026-07-25 15:03:17,607][models.visual_world_model][INFO] - VCReg enabled: False, apply_to=enc, std_coeff=0.0, cov_coeff=0.0
[2026-07-25 15:03:17,607][models.visual_world_model][INFO] - Model emb_dim: 28
[timing] setup_model_s=3.859
eval_seed:  [1001, 1101, 1201, 1301, 1401, 1501, 1601, 1701, 1801, 1901]
Dumped plan targets to /opt/dlami/nvme/home/jupyter-deuk-c4e4/pusht-reproduction/straightening_reproduction/plan/gd_seed_100/chunk_10/plan_targets.pkl
[timing] setup_workspace_s=6.190

MPC iter 0 Eval ------- 
Success rate:  0.9
{'success': array([ True,  True, False,  True,  True,  True,  True,  True,  True,
        True]), 'state_dist': array([  9.007165,  27.104362, 168.0108  ,   5.644505,  39.732895,
        13.761941,  19.944294,  87.86174 ,  43.280617,  19.125652],
      dtype=float32)}
self.is_success:  [ True  True False  True  True  True  True  True  True  True]
Success rate:  0.9
{'success': array([ True,  True, False,  True,  True,  True,  True,  True,  True,
        True]), 'state_dist': array([  9.007165,  27.104362, 168.0108  ,   5.644505,  39.732895,
        13.761941,  19.944294,  87.86174 ,  43.280617,  19.125652],
      dtype=float32)}
[timing] perform_planning_s=23.090
[timing] total_planning_main_s=33.139
===== channel_on gd seed 100 chunk 20 (n_evals=10) =====
/home/jupyter-deuk-c4e4/.conda/envs/ts310/lib/python3.10/site-packages/wandb/sdk/internal/internal_api.py:30: UserWarning: pkg_resources is deprecated as an API. See https://setuptools.pypa.io/en/latest/pkg_resources.html. The pkg_resources package is slated for removal as early as 2025-11-30. Refrain from using this package or pin to Setuptools<81.
  from pkg_resources import parse_version
/home/jupyter-deuk-c4e4/.conda/envs/ts310/lib/python3.10/site-packages/pkg_resources/__init__.py:3148: DeprecationWarning: Deprecated call to `pkg_resources.declare_namespace('mpl_toolkits')`.
Implementing implicit namespace packages (as specified in PEP 420) is preferred to `pkg_resources.declare_namespace`. See https://setuptools.pypa.io/en/latest/references/keywords.html#keyword-namespace-packages
  declare_namespace(pkg)
/home/jupyter-deuk-c4e4/.conda/envs/ts310/lib/python3.10/site-packages/pkg_resources/__init__.py:3148: DeprecationWarning: Deprecated call to `pkg_resources.declare_namespace('google')`.
Implementing implicit namespace packages (as specified in PEP 420) is preferred to `pkg_resources.declare_namespace`. See https://setuptools.pypa.io/en/latest/references/keywords.html#keyword-namespace-packages
  declare_namespace(pkg)
/home/jupyter-deuk-c4e4/.conda/envs/ts310/lib/python3.10/site-packages/Cython/Distutils/old_build_ext.py:15: DeprecationWarning: dep_util is Deprecated. Use functions from setuptools instead.
  from distutils.dep_util import newer, newer_group
<frozen importlib._bootstrap>:283: DeprecationWarning: the load_module() method is deprecated and slated for removal in Python 3.12; use exec_module() instead
Warning: Mujoco-based envs failed to import. Set the environment variable D4RL_SUPPRESS_IMPORT_ERROR=1 to suppress this message.
No module named 'mjrl'
Warning: Flow failed to import. Set the environment variable D4RL_SUPPRESS_IMPORT_ERROR=1 to suppress this message.
No module named 'flow'
Warning: CARLA failed to import. Set the environment variable D4RL_SUPPRESS_IMPORT_ERROR=1 to suppress this message.
No module named 'carla'
pybullet build time: Jan 29 2025 23:16:28
/home/jupyter-deuk-c4e4/.conda/envs/ts310/lib/python3.10/site-packages/gym/envs/registration.py:595: UserWarning: [33mWARN: Overriding environment maze2d-open-v0[0m
  logger.warn(f"Overriding environment {id}")
/home/jupyter-deuk-c4e4/.conda/envs/ts310/lib/python3.10/site-packages/gym/envs/registration.py:595: UserWarning: [33mWARN: Overriding environment maze2d-umaze-v0[0m
  logger.warn(f"Overriding environment {id}")
/home/jupyter-deuk-c4e4/.conda/envs/ts310/lib/python3.10/site-packages/gym/envs/registration.py:595: UserWarning: [33mWARN: Overriding environment maze2d-medium-v0[0m
  logger.warn(f"Overriding environment {id}")
/home/jupyter-deuk-c4e4/.conda/envs/ts310/lib/python3.10/site-packages/gym/envs/registration.py:595: UserWarning: [33mWARN: Overriding environment maze2d-large-v0[0m
  logger.warn(f"Overriding environment {id}")
/home/jupyter-deuk-c4e4/.conda/envs/ts310/lib/python3.10/site-packages/gym/envs/registration.py:595: UserWarning: [33mWARN: Overriding environment maze2d-umaze-v1[0m
  logger.warn(f"Overriding environment {id}")
/home/jupyter-deuk-c4e4/.conda/envs/ts310/lib/python3.10/site-packages/gym/envs/registration.py:595: UserWarning: [33mWARN: Overriding environment maze2d-medium-v1[0m
  logger.warn(f"Overriding environment {id}")
/home/jupyter-deuk-c4e4/.conda/envs/ts310/lib/python3.10/site-packages/gym/envs/registration.py:595: UserWarning: [33mWARN: Overriding environment maze2d-large-v1[0m
  logger.warn(f"Overriding environment {id}")
/home/jupyter-deuk-c4e4/.conda/envs/ts310/lib/python3.10/site-packages/gym/envs/registration.py:595: UserWarning: [33mWARN: Overriding environment maze2d-eval-umaze-v1[0m
  logger.warn(f"Overriding environment {id}")
/home/jupyter-deuk-c4e4/.conda/envs/ts310/lib/python3.10/site-packages/gym/envs/registration.py:595: UserWarning: [33mWARN: Overriding environment maze2d-eval-medium-v1[0m
  logger.warn(f"Overriding environment {id}")
/home/jupyter-deuk-c4e4/.conda/envs/ts310/lib/python3.10/site-packages/gym/envs/registration.py:595: UserWarning: [33mWARN: Overriding environment maze2d-eval-large-v1[0m
  logger.warn(f"Overriding environment {id}")
/home/jupyter-deuk-c4e4/.conda/envs/ts310/lib/python3.10/site-packages/gym/envs/registration.py:595: UserWarning: [33mWARN: Overriding environment maze2d-open-dense-v0[0m
  logger.warn(f"Overriding environment {id}")
/home/jupyter-deuk-c4e4/.conda/envs/ts310/lib/python3.10/site-packages/gym/envs/registration.py:595: UserWarning: [33mWARN: Overriding environment maze2d-umaze-dense-v0[0m
  logger.warn(f"Overriding environment {id}")
/home/jupyter-deuk-c4e4/.conda/envs/ts310/lib/python3.10/site-packages/gym/envs/registration.py:595: UserWarning: [33mWARN: Overriding environment maze2d-medium-dense-v0[0m
  logger.warn(f"Overriding environment {id}")
/home/jupyter-deuk-c4e4/.conda/envs/ts310/lib/python3.10/site-packages/gym/envs/registration.py:595: UserWarning: [33mWARN: Overriding environment maze2d-large-dense-v0[0m
  logger.warn(f"Overriding environment {id}")
/home/jupyter-deuk-c4e4/.conda/envs/ts310/lib/python3.10/site-packages/gym/envs/registration.py:595: UserWarning: [33mWARN: Overriding environment maze2d-umaze-dense-v1[0m
  logger.warn(f"Overriding environment {id}")
/home/jupyter-deuk-c4e4/.conda/envs/ts310/lib/python3.10/site-packages/gym/envs/registration.py:595: UserWarning: [33mWARN: Overriding environment maze2d-medium-dense-v1[0m
  logger.warn(f"Overriding environment {id}")
/home/jupyter-deuk-c4e4/.conda/envs/ts310/lib/python3.10/site-packages/gym/envs/registration.py:595: UserWarning: [33mWARN: Overriding environment maze2d-large-dense-v1[0m
  logger.warn(f"Overriding environment {id}")
/home/jupyter-deuk-c4e4/.conda/envs/ts310/lib/python3.10/site-packages/gym/envs/registration.py:595: UserWarning: [33mWARN: Overriding environment maze2d-eval-umaze-dense-v1[0m
  logger.warn(f"Overriding environment {id}")
/home/jupyter-deuk-c4e4/.conda/envs/ts310/lib/python3.10/site-packages/gym/envs/registration.py:595: UserWarning: [33mWARN: Overriding environment maze2d-eval-medium-dense-v1[0m
  logger.warn(f"Overriding environment {id}")
/home/jupyter-deuk-c4e4/.conda/envs/ts310/lib/python3.10/site-packages/gym/envs/registration.py:595: UserWarning: [33mWARN: Overriding environment maze2d-eval-large-dense-v1[0m
  logger.warn(f"Overriding environment {id}")
/opt/dlami/nvme/home/jupyter-deuk-c4e4/temporal-straightening/custom_resolvers.py:4: UserWarning: 
The version_base parameter is not specified.
Please specify a compatability version level, or None.
Will assume defaults for version 1.1
  @hydra.main(config_path=None)
[2026-07-25 15:03:52,708][__main__][INFO] - Planning result saved dir: /opt/dlami/nvme/home/jupyter-deuk-c4e4/pusht-reproduction/straightening_reproduction/plan/gd_seed_100/chunk_20
/home/jupyter-deuk-c4e4/.conda/envs/ts310/lib/python3.10/site-packages/wandb/sdk/internal/internal_api.py:30: UserWarning: pkg_resources is deprecated as an API. See https://setuptools.pypa.io/en/latest/pkg_resources.html. The pkg_resources package is slated for removal as early as 2025-11-30. Refrain from using this package or pin to Setuptools<81.
  from pkg_resources import parse_version
Using cache found in /home/jupyter-deuk-c4e4/.cache/torch/hub/facebookresearch_dinov2_81b2b6419385
Loaded 18685 rollouts
Loaded 21 rollouts
[2026-07-25 15:03:55,296][dinov2][INFO] - using MLP layer as FFN
[2026-07-25 15:03:55,840][models.dino][WARNING] - Unknown projector 'none' for patch tokens; proceeding without projector.
Resuming from epoch 2: /home/jupyter-deuk-c4e4/pusht-reproduction/straightening_reproduction/test/pusht_aggmlpcos1e-1_agg32_projchannel_dim8_hw14_sgTrue_lr1e-05/checkpoints/model_2.pth
[2026-07-25 15:03:56,194][models.visual_world_model][INFO] - num_action_repeat: 1
[2026-07-25 15:03:56,194][models.visual_world_model][INFO] - num_proprio_repeat: 1
[2026-07-25 15:03:56,194][models.visual_world_model][INFO] - proprio encoder: ProprioceptiveEmbedding(
  (patch_embed): Conv1d(4, 10, kernel_size=(1,), stride=(1,))
  (norm): LayerNorm((10,), eps=1e-05, elementwise_affine=True)
)
[2026-07-25 15:03:56,194][models.visual_world_model][INFO] - action encoder: ProprioceptiveEmbedding(
  (patch_embed): Conv1d(10, 10, kernel_size=(1,), stride=(1,))
  (norm): LayerNorm((10,), eps=1e-05, elementwise_affine=True)
)
[2026-07-25 15:03:56,194][models.visual_world_model][INFO] - proprio_dim: 10, after repeat: 10
[2026-07-25 15:03:56,194][models.visual_world_model][INFO] - action_dim: 10, after repeat: 10
[2026-07-25 15:03:56,194][models.visual_world_model][INFO] - emb_dim: 28
[2026-07-25 15:03:56,194][models.visual_world_model][INFO] - Straightening disabled
[2026-07-25 15:03:56,194][models.visual_world_model][INFO] - Speed constancy disabled
[2026-07-25 15:03:56,194][models.visual_world_model][INFO] - Trajectory penalty disabled
[2026-07-25 15:03:56,194][models.visual_world_model][INFO] - Stop-grad enabled: True
[2026-07-25 15:03:56,195][models.visual_world_model][INFO] - VCReg enabled: False, apply_to=enc, std_coeff=0.0, cov_coeff=0.0
[2026-07-25 15:03:56,195][models.visual_world_model][INFO] - Model emb_dim: 28
[timing] setup_model_s=3.489
eval_seed:  [2001, 2101, 2201, 2301, 2401, 2501, 2601, 2701, 2801, 2901]
Dumped plan targets to /opt/dlami/nvme/home/jupyter-deuk-c4e4/pusht-reproduction/straightening_reproduction/plan/gd_seed_100/chunk_20/plan_targets.pkl
[timing] setup_workspace_s=6.635

MPC iter 0 Eval ------- 
Success rate:  0.9
{'success': array([ True,  True,  True,  True,  True, False,  True,  True,  True,
        True]), 'state_dist': array([ 10.353314 ,  13.186429 ,  34.8251   ,  54.657307 ,  16.240274 ,
       177.14085  ,  18.90912  ,  10.480796 ,  17.313906 ,  10.3252735],
      dtype=float32)}
self.is_success:  [ True  True  True  True  True False  True  True  True  True]
Success rate:  0.9
{'success': array([ True,  True,  True,  True,  True, False,  True,  True,  True,
        True]), 'state_dist': array([ 10.353314 ,  13.186429 ,  34.8251   ,  54.657307 ,  16.240274 ,
       177.14085  ,  18.90912  ,  10.480796 ,  17.313906 ,  10.3252735],
      dtype=float32)}
[timing] perform_planning_s=22.871
[timing] total_planning_main_s=32.995
===== channel_on gd seed 100 chunk 30 (n_evals=10) =====
/home/jupyter-deuk-c4e4/.conda/envs/ts310/lib/python3.10/site-packages/wandb/sdk/internal/internal_api.py:30: UserWarning: pkg_resources is deprecated as an API. See https://setuptools.pypa.io/en/latest/pkg_resources.html. The pkg_resources package is slated for removal as early as 2025-11-30. Refrain from using this package or pin to Setuptools<81.
  from pkg_resources import parse_version
/home/jupyter-deuk-c4e4/.conda/envs/ts310/lib/python3.10/site-packages/pkg_resources/__init__.py:3148: DeprecationWarning: Deprecated call to `pkg_resources.declare_namespace('mpl_toolkits')`.
Implementing implicit namespace packages (as specified in PEP 420) is preferred to `pkg_resources.declare_namespace`. See https://setuptools.pypa.io/en/latest/references/keywords.html#keyword-namespace-packages
  declare_namespace(pkg)
/home/jupyter-deuk-c4e4/.conda/envs/ts310/lib/python3.10/site-packages/pkg_resources/__init__.py:3148: DeprecationWarning: Deprecated call to `pkg_resources.declare_namespace('google')`.
Implementing implicit namespace packages (as specified in PEP 420) is preferred to `pkg_resources.declare_namespace`. See https://setuptools.pypa.io/en/latest/references/keywords.html#keyword-namespace-packages
  declare_namespace(pkg)
/home/jupyter-deuk-c4e4/.conda/envs/ts310/lib/python3.10/site-packages/Cython/Distutils/old_build_ext.py:15: DeprecationWarning: dep_util is Deprecated. Use functions from setuptools instead.
  from distutils.dep_util import newer, newer_group
<frozen importlib._bootstrap>:283: DeprecationWarning: the load_module() method is deprecated and slated for removal in Python 3.12; use exec_module() instead
Warning: Mujoco-based envs failed to import. Set the environment variable D4RL_SUPPRESS_IMPORT_ERROR=1 to suppress this message.
No module named 'mjrl'
Warning: Flow failed to import. Set the environment variable D4RL_SUPPRESS_IMPORT_ERROR=1 to suppress this message.
No module named 'flow'
Warning: CARLA failed to import. Set the environment variable D4RL_SUPPRESS_IMPORT_ERROR=1 to suppress this message.
No module named 'carla'
pybullet build time: Jan 29 2025 23:16:28
/home/jupyter-deuk-c4e4/.conda/envs/ts310/lib/python3.10/site-packages/gym/envs/registration.py:595: UserWarning: [33mWARN: Overriding environment maze2d-open-v0[0m
  logger.warn(f"Overriding environment {id}")
/home/jupyter-deuk-c4e4/.conda/envs/ts310/lib/python3.10/site-packages/gym/envs/registration.py:595: UserWarning: [33mWARN: Overriding environment maze2d-umaze-v0[0m
  logger.warn(f"Overriding environment {id}")
/home/jupyter-deuk-c4e4/.conda/envs/ts310/lib/python3.10/site-packages/gym/envs/registration.py:595: UserWarning: [33mWARN: Overriding environment maze2d-medium-v0[0m
  logger.warn(f"Overriding environment {id}")
/home/jupyter-deuk-c4e4/.conda/envs/ts310/lib/python3.10/site-packages/gym/envs/registration.py:595: UserWarning: [33mWARN: Overriding environment maze2d-large-v0[0m
  logger.warn(f"Overriding environment {id}")
/home/jupyter-deuk-c4e4/.conda/envs/ts310/lib/python3.10/site-packages/gym/envs/registration.py:595: UserWarning: [33mWARN: Overriding environment maze2d-umaze-v1[0m
  logger.warn(f"Overriding environment {id}")
/home/jupyter-deuk-c4e4/.conda/envs/ts310/lib/python3.10/site-packages/gym/envs/registration.py:595: UserWarning: [33mWARN: Overriding environment maze2d-medium-v1[0m
  logger.warn(f"Overriding environment {id}")
/home/jupyter-deuk-c4e4/.conda/envs/ts310/lib/python3.10/site-packages/gym/envs/registration.py:595: UserWarning: [33mWARN: Overriding environment maze2d-large-v1[0m
  logger.warn(f"Overriding environment {id}")
/home/jupyter-deuk-c4e4/.conda/envs/ts310/lib/python3.10/site-packages/gym/envs/registration.py:595: UserWarning: [33mWARN: Overriding environment maze2d-eval-umaze-v1[0m
  logger.warn(f"Overriding environment {id}")
/home/jupyter-deuk-c4e4/.conda/envs/ts310/lib/python3.10/site-packages/gym/envs/registration.py:595: UserWarning: [33mWARN: Overriding environment maze2d-eval-medium-v1[0m
  logger.warn(f"Overriding environment {id}")
/home/jupyter-deuk-c4e4/.conda/envs/ts310/lib/python3.10/site-packages/gym/envs/registration.py:595: UserWarning: [33mWARN: Overriding environment maze2d-eval-large-v1[0m
  logger.warn(f"Overriding environment {id}")
/home/jupyter-deuk-c4e4/.conda/envs/ts310/lib/python3.10/site-packages/gym/envs/registration.py:595: UserWarning: [33mWARN: Overriding environment maze2d-open-dense-v0[0m
  logger.warn(f"Overriding environment {id}")
/home/jupyter-deuk-c4e4/.conda/envs/ts310/lib/python3.10/site-packages/gym/envs/registration.py:595: UserWarning: [33mWARN: Overriding environment maze2d-umaze-dense-v0[0m
  logger.warn(f"Overriding environment {id}")
/home/jupyter-deuk-c4e4/.conda/envs/ts310/lib/python3.10/site-packages/gym/envs/registration.py:595: UserWarning: [33mWARN: Overriding environment maze2d-medium-dense-v0[0m
  logger.warn(f"Overriding environment {id}")
/home/jupyter-deuk-c4e4/.conda/envs/ts310/lib/python3.10/site-packages/gym/envs/registration.py:595: UserWarning: [33mWARN: Overriding environment maze2d-large-dense-v0[0m
  logger.warn(f"Overriding environment {id}")
/home/jupyter-deuk-c4e4/.conda/envs/ts310/lib/python3.10/site-packages/gym/envs/registration.py:595: UserWarning: [33mWARN: Overriding environment maze2d-umaze-dense-v1[0m
  logger.warn(f"Overriding environment {id}")
/home/jupyter-deuk-c4e4/.conda/envs/ts310/lib/python3.10/site-packages/gym/envs/registration.py:595: UserWarning: [33mWARN: Overriding environment maze2d-medium-dense-v1[0m
  logger.warn(f"Overriding environment {id}")
/home/jupyter-deuk-c4e4/.conda/envs/ts310/lib/python3.10/site-packages/gym/envs/registration.py:595: UserWarning: [33mWARN: Overriding environment maze2d-large-dense-v1[0m
  logger.warn(f"Overriding environment {id}")
/home/jupyter-deuk-c4e4/.conda/envs/ts310/lib/python3.10/site-packages/gym/envs/registration.py:595: UserWarning: [33mWARN: Overriding environment maze2d-eval-umaze-dense-v1[0m
  logger.warn(f"Overriding environment {id}")
/home/jupyter-deuk-c4e4/.conda/envs/ts310/lib/python3.10/site-packages/gym/envs/registration.py:595: UserWarning: [33mWARN: Overriding environment maze2d-eval-medium-dense-v1[0m
  logger.warn(f"Overriding environment {id}")
/home/jupyter-deuk-c4e4/.conda/envs/ts310/lib/python3.10/site-packages/gym/envs/registration.py:595: UserWarning: [33mWARN: Overriding environment maze2d-eval-large-dense-v1[0m
  logger.warn(f"Overriding environment {id}")
/opt/dlami/nvme/home/jupyter-deuk-c4e4/temporal-straightening/custom_resolvers.py:4: UserWarning: 
The version_base parameter is not specified.
Please specify a compatability version level, or None.
Will assume defaults for version 1.1
  @hydra.main(config_path=None)
[2026-07-25 15:04:31,492][__main__][INFO] - Planning result saved dir: /opt/dlami/nvme/home/jupyter-deuk-c4e4/pusht-reproduction/straightening_reproduction/plan/gd_seed_100/chunk_30
/home/jupyter-deuk-c4e4/.conda/envs/ts310/lib/python3.10/site-packages/wandb/sdk/internal/internal_api.py:30: UserWarning: pkg_resources is deprecated as an API. See https://setuptools.pypa.io/en/latest/pkg_resources.html. The pkg_resources package is slated for removal as early as 2025-11-30. Refrain from using this package or pin to Setuptools<81.
  from pkg_resources import parse_version
Using cache found in /home/jupyter-deuk-c4e4/.cache/torch/hub/facebookresearch_dinov2_81b2b6419385
Loaded 18685 rollouts
Loaded 21 rollouts
[2026-07-25 15:04:34,031][dinov2][INFO] - using MLP layer as FFN
[2026-07-25 15:04:34,772][models.dino][WARNING] - Unknown projector 'none' for patch tokens; proceeding without projector.
Resuming from epoch 2: /home/jupyter-deuk-c4e4/pusht-reproduction/straightening_reproduction/test/pusht_aggmlpcos1e-1_agg32_projchannel_dim8_hw14_sgTrue_lr1e-05/checkpoints/model_2.pth
[2026-07-25 15:04:35,181][models.visual_world_model][INFO] - num_action_repeat: 1
[2026-07-25 15:04:35,181][models.visual_world_model][INFO] - num_proprio_repeat: 1
[2026-07-25 15:04:35,181][models.visual_world_model][INFO] - proprio encoder: ProprioceptiveEmbedding(
  (patch_embed): Conv1d(4, 10, kernel_size=(1,), stride=(1,))
  (norm): LayerNorm((10,), eps=1e-05, elementwise_affine=True)
)
[2026-07-25 15:04:35,182][models.visual_world_model][INFO] - action encoder: ProprioceptiveEmbedding(
  (patch_embed): Conv1d(10, 10, kernel_size=(1,), stride=(1,))
  (norm): LayerNorm((10,), eps=1e-05, elementwise_affine=True)
)
[2026-07-25 15:04:35,182][models.visual_world_model][INFO] - proprio_dim: 10, after repeat: 10
[2026-07-25 15:04:35,182][models.visual_world_model][INFO] - action_dim: 10, after repeat: 10
[2026-07-25 15:04:35,182][models.visual_world_model][INFO] - emb_dim: 28
[2026-07-25 15:04:35,182][models.visual_world_model][INFO] - Straightening disabled
[2026-07-25 15:04:35,182][models.visual_world_model][INFO] - Speed constancy disabled
[2026-07-25 15:04:35,182][models.visual_world_model][INFO] - Trajectory penalty disabled
[2026-07-25 15:04:35,182][models.visual_world_model][INFO] - Stop-grad enabled: True
[2026-07-25 15:04:35,182][models.visual_world_model][INFO] - VCReg enabled: False, apply_to=enc, std_coeff=0.0, cov_coeff=0.0
[2026-07-25 15:04:35,182][models.visual_world_model][INFO] - Model emb_dim: 28
[timing] setup_model_s=3.692
eval_seed:  [3001, 3101, 3201, 3301, 3401, 3501, 3601, 3701, 3801, 3901]
Dumped plan targets to /opt/dlami/nvme/home/jupyter-deuk-c4e4/pusht-reproduction/straightening_reproduction/plan/gd_seed_100/chunk_30/plan_targets.pkl
[timing] setup_workspace_s=6.832

MPC iter 0 Eval ------- 
Success rate:  0.7
{'success': array([ True,  True,  True,  True,  True,  True, False,  True, False,
       False]), 'state_dist': array([ 79.37482  ,   6.287226 ,  16.272568 ,  32.296547 ,  12.266531 ,
         7.6423573, 191.68942  ,  26.87099  ,  58.737465 ,  54.94372  ],
      dtype=float32)}
self.is_success:  [ True  True  True  True  True  True False  True False False]
Success rate:  0.7
{'success': array([ True,  True,  True,  True,  True,  True, False,  True, False,
       False]), 'state_dist': array([ 79.37482  ,   6.287226 ,  16.272568 ,  32.296547 ,  12.266531 ,
         7.6423573, 191.68942  ,  26.87099  ,  58.737465 ,  54.94372  ],
      dtype=float32)}
[timing] perform_planning_s=22.924
[timing] total_planning_main_s=33.447
===== channel_on gd seed 100 chunk 40 (n_evals=10) =====
/home/jupyter-deuk-c4e4/.conda/envs/ts310/lib/python3.10/site-packages/wandb/sdk/internal/internal_api.py:30: UserWarning: pkg_resources is deprecated as an API. See https://setuptools.pypa.io/en/latest/pkg_resources.html. The pkg_resources package is slated for removal as early as 2025-11-30. Refrain from using this package or pin to Setuptools<81.
  from pkg_resources import parse_version
/home/jupyter-deuk-c4e4/.conda/envs/ts310/lib/python3.10/site-packages/pkg_resources/__init__.py:3148: DeprecationWarning: Deprecated call to `pkg_resources.declare_namespace('mpl_toolkits')`.
Implementing implicit namespace packages (as specified in PEP 420) is preferred to `pkg_resources.declare_namespace`. See https://setuptools.pypa.io/en/latest/references/keywords.html#keyword-namespace-packages
  declare_namespace(pkg)
/home/jupyter-deuk-c4e4/.conda/envs/ts310/lib/python3.10/site-packages/pkg_resources/__init__.py:3148: DeprecationWarning: Deprecated call to `pkg_resources.declare_namespace('google')`.
Implementing implicit namespace packages (as specified in PEP 420) is preferred to `pkg_resources.declare_namespace`. See https://setuptools.pypa.io/en/latest/references/keywords.html#keyword-namespace-packages
  declare_namespace(pkg)
/home/jupyter-deuk-c4e4/.conda/envs/ts310/lib/python3.10/site-packages/Cython/Distutils/old_build_ext.py:15: DeprecationWarning: dep_util is Deprecated. Use functions from setuptools instead.
  from distutils.dep_util import newer, newer_group
<frozen importlib._bootstrap>:283: DeprecationWarning: the load_module() method is deprecated and slated for removal in Python 3.12; use exec_module() instead
Warning: Mujoco-based envs failed to import. Set the environment variable D4RL_SUPPRESS_IMPORT_ERROR=1 to suppress this message.
No module named 'mjrl'
Warning: Flow failed to import. Set the environment variable D4RL_SUPPRESS_IMPORT_ERROR=1 to suppress this message.
No module named 'flow'
Warning: CARLA failed to import. Set the environment variable D4RL_SUPPRESS_IMPORT_ERROR=1 to suppress this message.
No module named 'carla'
pybullet build time: Jan 29 2025 23:16:28
/home/jupyter-deuk-c4e4/.conda/envs/ts310/lib/python3.10/site-packages/gym/envs/registration.py:595: UserWarning: [33mWARN: Overriding environment maze2d-open-v0[0m
  logger.warn(f"Overriding environment {id}")
/home/jupyter-deuk-c4e4/.conda/envs/ts310/lib/python3.10/site-packages/gym/envs/registration.py:595: UserWarning: [33mWARN: Overriding environment maze2d-umaze-v0[0m
  logger.warn(f"Overriding environment {id}")
/home/jupyter-deuk-c4e4/.conda/envs/ts310/lib/python3.10/site-packages/gym/envs/registration.py:595: UserWarning: [33mWARN: Overriding environment maze2d-medium-v0[0m
  logger.warn(f"Overriding environment {id}")
/home/jupyter-deuk-c4e4/.conda/envs/ts310/lib/python3.10/site-packages/gym/envs/registration.py:595: UserWarning: [33mWARN: Overriding environment maze2d-large-v0[0m
  logger.warn(f"Overriding environment {id}")
/home/jupyter-deuk-c4e4/.conda/envs/ts310/lib/python3.10/site-packages/gym/envs/registration.py:595: UserWarning: [33mWARN: Overriding environment maze2d-umaze-v1[0m
  logger.warn(f"Overriding environment {id}")
/home/jupyter-deuk-c4e4/.conda/envs/ts310/lib/python3.10/site-packages/gym/envs/registration.py:595: UserWarning: [33mWARN: Overriding environment maze2d-medium-v1[0m
  logger.warn(f"Overriding environment {id}")
/home/jupyter-deuk-c4e4/.conda/envs/ts310/lib/python3.10/site-packages/gym/envs/registration.py:595: UserWarning: [33mWARN: Overriding environment maze2d-large-v1[0m
  logger.warn(f"Overriding environment {id}")
/home/jupyter-deuk-c4e4/.conda/envs/ts310/lib/python3.10/site-packages/gym/envs/registration.py:595: UserWarning: [33mWARN: Overriding environment maze2d-eval-umaze-v1[0m
  logger.warn(f"Overriding environment {id}")
/home/jupyter-deuk-c4e4/.conda/envs/ts310/lib/python3.10/site-packages/gym/envs/registration.py:595: UserWarning: [33mWARN: Overriding environment maze2d-eval-medium-v1[0m
  logger.warn(f"Overriding environment {id}")
/home/jupyter-deuk-c4e4/.conda/envs/ts310/lib/python3.10/site-packages/gym/envs/registration.py:595: UserWarning: [33mWARN: Overriding environment maze2d-eval-large-v1[0m
  logger.warn(f"Overriding environment {id}")
/home/jupyter-deuk-c4e4/.conda/envs/ts310/lib/python3.10/site-packages/gym/envs/registration.py:595: UserWarning: [33mWARN: Overriding environment maze2d-open-dense-v0[0m
  logger.warn(f"Overriding environment {id}")
/home/jupyter-deuk-c4e4/.conda/envs/ts310/lib/python3.10/site-packages/gym/envs/registration.py:595: UserWarning: [33mWARN: Overriding environment maze2d-umaze-dense-v0[0m
  logger.warn(f"Overriding environment {id}")
/home/jupyter-deuk-c4e4/.conda/envs/ts310/lib/python3.10/site-packages/gym/envs/registration.py:595: UserWarning: [33mWARN: Overriding environment maze2d-medium-dense-v0[0m
  logger.warn(f"Overriding environment {id}")
/home/jupyter-deuk-c4e4/.conda/envs/ts310/lib/python3.10/site-packages/gym/envs/registration.py:595: UserWarning: [33mWARN: Overriding environment maze2d-large-dense-v0[0m
  logger.warn(f"Overriding environment {id}")
/home/jupyter-deuk-c4e4/.conda/envs/ts310/lib/python3.10/site-packages/gym/envs/registration.py:595: UserWarning: [33mWARN: Overriding environment maze2d-umaze-dense-v1[0m
  logger.warn(f"Overriding environment {id}")
/home/jupyter-deuk-c4e4/.conda/envs/ts310/lib/python3.10/site-packages/gym/envs/registration.py:595: UserWarning: [33mWARN: Overriding environment maze2d-medium-dense-v1[0m
  logger.warn(f"Overriding environment {id}")
/home/jupyter-deuk-c4e4/.conda/envs/ts310/lib/python3.10/site-packages/gym/envs/registration.py:595: UserWarning: [33mWARN: Overriding environment maze2d-large-dense-v1[0m
  logger.warn(f"Overriding environment {id}")
/home/jupyter-deuk-c4e4/.conda/envs/ts310/lib/python3.10/site-packages/gym/envs/registration.py:595: UserWarning: [33mWARN: Overriding environment maze2d-eval-umaze-dense-v1[0m
  logger.warn(f"Overriding environment {id}")
/home/jupyter-deuk-c4e4/.conda/envs/ts310/lib/python3.10/site-packages/gym/envs/registration.py:595: UserWarning: [33mWARN: Overriding environment maze2d-eval-medium-dense-v1[0m
  logger.warn(f"Overriding environment {id}")
/home/jupyter-deuk-c4e4/.conda/envs/ts310/lib/python3.10/site-packages/gym/envs/registration.py:595: UserWarning: [33mWARN: Overriding environment maze2d-eval-large-dense-v1[0m
  logger.warn(f"Overriding environment {id}")
/opt/dlami/nvme/home/jupyter-deuk-c4e4/temporal-straightening/custom_resolvers.py:4: UserWarning: 
The version_base parameter is not specified.
Please specify a compatability version level, or None.
Will assume defaults for version 1.1
  @hydra.main(config_path=None)
[2026-07-25 15:05:10,835][__main__][INFO] - Planning result saved dir: /opt/dlami/nvme/home/jupyter-deuk-c4e4/pusht-reproduction/straightening_reproduction/plan/gd_seed_100/chunk_40
/home/jupyter-deuk-c4e4/.conda/envs/ts310/lib/python3.10/site-packages/wandb/sdk/internal/internal_api.py:30: UserWarning: pkg_resources is deprecated as an API. See https://setuptools.pypa.io/en/latest/pkg_resources.html. The pkg_resources package is slated for removal as early as 2025-11-30. Refrain from using this package or pin to Setuptools<81.
  from pkg_resources import parse_version
Using cache found in /home/jupyter-deuk-c4e4/.cache/torch/hub/facebookresearch_dinov2_81b2b6419385
Loaded 18685 rollouts
Loaded 21 rollouts
[2026-07-25 15:05:13,423][dinov2][INFO] - using MLP layer as FFN
[2026-07-25 15:05:15,282][models.dino][WARNING] - Unknown projector 'none' for patch tokens; proceeding without projector.
Resuming from epoch 2: /home/jupyter-deuk-c4e4/pusht-reproduction/straightening_reproduction/test/pusht_aggmlpcos1e-1_agg32_projchannel_dim8_hw14_sgTrue_lr1e-05/checkpoints/model_2.pth
[2026-07-25 15:05:15,748][models.visual_world_model][INFO] - num_action_repeat: 1
[2026-07-25 15:05:15,748][models.visual_world_model][INFO] - num_proprio_repeat: 1
[2026-07-25 15:05:15,748][models.visual_world_model][INFO] - proprio encoder: ProprioceptiveEmbedding(
  (patch_embed): Conv1d(4, 10, kernel_size=(1,), stride=(1,))
  (norm): LayerNorm((10,), eps=1e-05, elementwise_affine=True)
)
[2026-07-25 15:05:15,748][models.visual_world_model][INFO] - action encoder: ProprioceptiveEmbedding(
  (patch_embed): Conv1d(10, 10, kernel_size=(1,), stride=(1,))
  (norm): LayerNorm((10,), eps=1e-05, elementwise_affine=True)
)
[2026-07-25 15:05:15,748][models.visual_world_model][INFO] - proprio_dim: 10, after repeat: 10
[2026-07-25 15:05:15,749][models.visual_world_model][INFO] - action_dim: 10, after repeat: 10
[2026-07-25 15:05:15,749][models.visual_world_model][INFO] - emb_dim: 28
[2026-07-25 15:05:15,749][models.visual_world_model][INFO] - Straightening disabled
[2026-07-25 15:05:15,749][models.visual_world_model][INFO] - Speed constancy disabled
[2026-07-25 15:05:15,749][models.visual_world_model][INFO] - Trajectory penalty disabled
[2026-07-25 15:05:15,749][models.visual_world_model][INFO] - Stop-grad enabled: True
[2026-07-25 15:05:15,749][models.visual_world_model][INFO] - VCReg enabled: False, apply_to=enc, std_coeff=0.0, cov_coeff=0.0
[2026-07-25 15:05:15,749][models.visual_world_model][INFO] - Model emb_dim: 28
[timing] setup_model_s=4.917
eval_seed:  [4001, 4101, 4201, 4301, 4401, 4501, 4601, 4701, 4801, 4901]
Dumped plan targets to /opt/dlami/nvme/home/jupyter-deuk-c4e4/pusht-reproduction/straightening_reproduction/plan/gd_seed_100/chunk_40/plan_targets.pkl
[timing] setup_workspace_s=8.219

MPC iter 0 Eval ------- 
Success rate:  0.8
{'success': array([ True,  True,  True,  True,  True, False, False,  True,  True,
        True]), 'state_dist': array([ 14.670475,  40.752132,  48.215607,  14.955647,  11.728471,
       131.14305 ,  80.94696 ,  14.673294,  21.71184 ,  19.56933 ],
      dtype=float32)}
self.is_success:  [ True  True  True  True  True False False  True  True  True]
Success rate:  0.8
{'success': array([ True,  True,  True,  True,  True, False, False,  True,  True,
        True]), 'state_dist': array([ 14.670475,  40.752132,  48.215607,  14.955647,  11.728471,
       131.14305 ,  80.94696 ,  14.673294,  21.71184 ,  19.56933 ],
      dtype=float32)}
[timing] perform_planning_s=22.903
[timing] total_planning_main_s=36.039
===== channel_on gd seed 200 chunk 00 (n_evals=10) =====
/home/jupyter-deuk-c4e4/.conda/envs/ts310/lib/python3.10/site-packages/wandb/sdk/internal/internal_api.py:30: UserWarning: pkg_resources is deprecated as an API. See https://setuptools.pypa.io/en/latest/pkg_resources.html. The pkg_resources package is slated for removal as early as 2025-11-30. Refrain from using this package or pin to Setuptools<81.
  from pkg_resources import parse_version
/home/jupyter-deuk-c4e4/.conda/envs/ts310/lib/python3.10/site-packages/pkg_resources/__init__.py:3148: DeprecationWarning: Deprecated call to `pkg_resources.declare_namespace('mpl_toolkits')`.
Implementing implicit namespace packages (as specified in PEP 420) is preferred to `pkg_resources.declare_namespace`. See https://setuptools.pypa.io/en/latest/references/keywords.html#keyword-namespace-packages
  declare_namespace(pkg)
/home/jupyter-deuk-c4e4/.conda/envs/ts310/lib/python3.10/site-packages/pkg_resources/__init__.py:3148: DeprecationWarning: Deprecated call to `pkg_resources.declare_namespace('google')`.
Implementing implicit namespace packages (as specified in PEP 420) is preferred to `pkg_resources.declare_namespace`. See https://setuptools.pypa.io/en/latest/references/keywords.html#keyword-namespace-packages
  declare_namespace(pkg)
/home/jupyter-deuk-c4e4/.conda/envs/ts310/lib/python3.10/site-packages/Cython/Distutils/old_build_ext.py:15: DeprecationWarning: dep_util is Deprecated. Use functions from setuptools instead.
  from distutils.dep_util import newer, newer_group
<frozen importlib._bootstrap>:283: DeprecationWarning: the load_module() method is deprecated and slated for removal in Python 3.12; use exec_module() instead
Warning: Mujoco-based envs failed to import. Set the environment variable D4RL_SUPPRESS_IMPORT_ERROR=1 to suppress this message.
No module named 'mjrl'
Warning: Flow failed to import. Set the environment variable D4RL_SUPPRESS_IMPORT_ERROR=1 to suppress this message.
No module named 'flow'
Warning: CARLA failed to import. Set the environment variable D4RL_SUPPRESS_IMPORT_ERROR=1 to suppress this message.
No module named 'carla'
pybullet build time: Jan 29 2025 23:16:28
/home/jupyter-deuk-c4e4/.conda/envs/ts310/lib/python3.10/site-packages/gym/envs/registration.py:595: UserWarning: [33mWARN: Overriding environment maze2d-open-v0[0m
  logger.warn(f"Overriding environment {id}")
/home/jupyter-deuk-c4e4/.conda/envs/ts310/lib/python3.10/site-packages/gym/envs/registration.py:595: UserWarning: [33mWARN: Overriding environment maze2d-umaze-v0[0m
  logger.warn(f"Overriding environment {id}")
/home/jupyter-deuk-c4e4/.conda/envs/ts310/lib/python3.10/site-packages/gym/envs/registration.py:595: UserWarning: [33mWARN: Overriding environment maze2d-medium-v0[0m
  logger.warn(f"Overriding environment {id}")
/home/jupyter-deuk-c4e4/.conda/envs/ts310/lib/python3.10/site-packages/gym/envs/registration.py:595: UserWarning: [33mWARN: Overriding environment maze2d-large-v0[0m
  logger.warn(f"Overriding environment {id}")
/home/jupyter-deuk-c4e4/.conda/envs/ts310/lib/python3.10/site-packages/gym/envs/registration.py:595: UserWarning: [33mWARN: Overriding environment maze2d-umaze-v1[0m
  logger.warn(f"Overriding environment {id}")
/home/jupyter-deuk-c4e4/.conda/envs/ts310/lib/python3.10/site-packages/gym/envs/registration.py:595: UserWarning: [33mWARN: Overriding environment maze2d-medium-v1[0m
  logger.warn(f"Overriding environment {id}")
/home/jupyter-deuk-c4e4/.conda/envs/ts310/lib/python3.10/site-packages/gym/envs/registration.py:595: UserWarning: [33mWARN: Overriding environment maze2d-large-v1[0m
  logger.warn(f"Overriding environment {id}")
/home/jupyter-deuk-c4e4/.conda/envs/ts310/lib/python3.10/site-packages/gym/envs/registration.py:595: UserWarning: [33mWARN: Overriding environment maze2d-eval-umaze-v1[0m
  logger.warn(f"Overriding environment {id}")
/home/jupyter-deuk-c4e4/.conda/envs/ts310/lib/python3.10/site-packages/gym/envs/registration.py:595: UserWarning: [33mWARN: Overriding environment maze2d-eval-medium-v1[0m
  logger.warn(f"Overriding environment {id}")
/home/jupyter-deuk-c4e4/.conda/envs/ts310/lib/python3.10/site-packages/gym/envs/registration.py:595: UserWarning: [33mWARN: Overriding environment maze2d-eval-large-v1[0m
  logger.warn(f"Overriding environment {id}")
/home/jupyter-deuk-c4e4/.conda/envs/ts310/lib/python3.10/site-packages/gym/envs/registration.py:595: UserWarning: [33mWARN: Overriding environment maze2d-open-dense-v0[0m
  logger.warn(f"Overriding environment {id}")
/home/jupyter-deuk-c4e4/.conda/envs/ts310/lib/python3.10/site-packages/gym/envs/registration.py:595: UserWarning: [33mWARN: Overriding environment maze2d-umaze-dense-v0[0m
  logger.warn(f"Overriding environment {id}")
/home/jupyter-deuk-c4e4/.conda/envs/ts310/lib/python3.10/site-packages/gym/envs/registration.py:595: UserWarning: [33mWARN: Overriding environment maze2d-medium-dense-v0[0m
  logger.warn(f"Overriding environment {id}")
/home/jupyter-deuk-c4e4/.conda/envs/ts310/lib/python3.10/site-packages/gym/envs/registration.py:595: UserWarning: [33mWARN: Overriding environment maze2d-large-dense-v0[0m
  logger.warn(f"Overriding environment {id}")
/home/jupyter-deuk-c4e4/.conda/envs/ts310/lib/python3.10/site-packages/gym/envs/registration.py:595: UserWarning: [33mWARN: Overriding environment maze2d-umaze-dense-v1[0m
  logger.warn(f"Overriding environment {id}")
/home/jupyter-deuk-c4e4/.conda/envs/ts310/lib/python3.10/site-packages/gym/envs/registration.py:595: UserWarning: [33mWARN: Overriding environment maze2d-medium-dense-v1[0m
  logger.warn(f"Overriding environment {id}")
/home/jupyter-deuk-c4e4/.conda/envs/ts310/lib/python3.10/site-packages/gym/envs/registration.py:595: UserWarning: [33mWARN: Overriding environment maze2d-large-dense-v1[0m
  logger.warn(f"Overriding environment {id}")
/home/jupyter-deuk-c4e4/.conda/envs/ts310/lib/python3.10/site-packages/gym/envs/registration.py:595: UserWarning: [33mWARN: Overriding environment maze2d-eval-umaze-dense-v1[0m
  logger.warn(f"Overriding environment {id}")
/home/jupyter-deuk-c4e4/.conda/envs/ts310/lib/python3.10/site-packages/gym/envs/registration.py:595: UserWarning: [33mWARN: Overriding environment maze2d-eval-medium-dense-v1[0m
  logger.warn(f"Overriding environment {id}")
/home/jupyter-deuk-c4e4/.conda/envs/ts310/lib/python3.10/site-packages/gym/envs/registration.py:595: UserWarning: [33mWARN: Overriding environment maze2d-eval-large-dense-v1[0m
  logger.warn(f"Overriding environment {id}")
/opt/dlami/nvme/home/jupyter-deuk-c4e4/temporal-straightening/custom_resolvers.py:4: UserWarning: 
The version_base parameter is not specified.
Please specify a compatability version level, or None.
Will assume defaults for version 1.1
  @hydra.main(config_path=None)
[2026-07-25 15:05:53,125][__main__][INFO] - Planning result saved dir: /opt/dlami/nvme/home/jupyter-deuk-c4e4/pusht-reproduction/straightening_reproduction/plan/gd_seed_200/chunk_00
/home/jupyter-deuk-c4e4/.conda/envs/ts310/lib/python3.10/site-packages/wandb/sdk/internal/internal_api.py:30: UserWarning: pkg_resources is deprecated as an API. See https://setuptools.pypa.io/en/latest/pkg_resources.html. The pkg_resources package is slated for removal as early as 2025-11-30. Refrain from using this package or pin to Setuptools<81.
  from pkg_resources import parse_version
Using cache found in /home/jupyter-deuk-c4e4/.cache/torch/hub/facebookresearch_dinov2_81b2b6419385
Loaded 18685 rollouts
Loaded 21 rollouts
[2026-07-25 15:05:55,846][dinov2][INFO] - using MLP layer as FFN
[2026-07-25 15:05:56,958][models.dino][WARNING] - Unknown projector 'none' for patch tokens; proceeding without projector.
Resuming from epoch 2: /home/jupyter-deuk-c4e4/pusht-reproduction/straightening_reproduction/test/pusht_aggmlpcos1e-1_agg32_projchannel_dim8_hw14_sgTrue_lr1e-05/checkpoints/model_2.pth
[2026-07-25 15:05:57,373][models.visual_world_model][INFO] - num_action_repeat: 1
[2026-07-25 15:05:57,373][models.visual_world_model][INFO] - num_proprio_repeat: 1
[2026-07-25 15:05:57,373][models.visual_world_model][INFO] - proprio encoder: ProprioceptiveEmbedding(
  (patch_embed): Conv1d(4, 10, kernel_size=(1,), stride=(1,))
  (norm): LayerNorm((10,), eps=1e-05, elementwise_affine=True)
)
[2026-07-25 15:05:57,373][models.visual_world_model][INFO] - action encoder: ProprioceptiveEmbedding(
  (patch_embed): Conv1d(10, 10, kernel_size=(1,), stride=(1,))
  (norm): LayerNorm((10,), eps=1e-05, elementwise_affine=True)
)
[2026-07-25 15:05:57,373][models.visual_world_model][INFO] - proprio_dim: 10, after repeat: 10
[2026-07-25 15:05:57,373][models.visual_world_model][INFO] - action_dim: 10, after repeat: 10
[2026-07-25 15:05:57,374][models.visual_world_model][INFO] - emb_dim: 28
[2026-07-25 15:05:57,374][models.visual_world_model][INFO] - Straightening disabled
[2026-07-25 15:05:57,374][models.visual_world_model][INFO] - Speed constancy disabled
[2026-07-25 15:05:57,374][models.visual_world_model][INFO] - Trajectory penalty disabled
[2026-07-25 15:05:57,374][models.visual_world_model][INFO] - Stop-grad enabled: True
[2026-07-25 15:05:57,374][models.visual_world_model][INFO] - VCReg enabled: False, apply_to=enc, std_coeff=0.0, cov_coeff=0.0
[2026-07-25 15:05:57,374][models.visual_world_model][INFO] - Model emb_dim: 28
[timing] setup_model_s=4.251
eval_seed:  [1, 201, 401, 601, 801, 1001, 1201, 1401, 1601, 1801]
Dumped plan targets to /opt/dlami/nvme/home/jupyter-deuk-c4e4/pusht-reproduction/straightening_reproduction/plan/gd_seed_200/chunk_00/plan_targets.pkl
[timing] setup_workspace_s=5.202

MPC iter 0 Eval ------- 
Success rate:  0.8
{'success': array([ True, False,  True,  True,  True,  True,  True, False,  True,
        True]), 'state_dist': array([130.7867  ,  27.575535,  21.091778,  14.23323 ,  27.7008  ,
        15.544874,   8.095108,  34.896713,  60.262863,   8.647638],
      dtype=float32)}
self.is_success:  [ True False  True  True  True  True  True False  True  True]
Success rate:  0.8
{'success': array([ True, False,  True,  True,  True,  True,  True, False,  True,
        True]), 'state_dist': array([130.7867  ,  27.575535,  21.091778,  14.23323 ,  27.7008  ,
        15.544874,   8.095108,  34.896713,  60.262863,   8.647638],
      dtype=float32)}
[timing] perform_planning_s=22.841
[timing] total_planning_main_s=32.294
===== channel_on gd seed 200 chunk 10 (n_evals=10) =====
/home/jupyter-deuk-c4e4/.conda/envs/ts310/lib/python3.10/site-packages/wandb/sdk/internal/internal_api.py:30: UserWarning: pkg_resources is deprecated as an API. See https://setuptools.pypa.io/en/latest/pkg_resources.html. The pkg_resources package is slated for removal as early as 2025-11-30. Refrain from using this package or pin to Setuptools<81.
  from pkg_resources import parse_version
/home/jupyter-deuk-c4e4/.conda/envs/ts310/lib/python3.10/site-packages/pkg_resources/__init__.py:3148: DeprecationWarning: Deprecated call to `pkg_resources.declare_namespace('mpl_toolkits')`.
Implementing implicit namespace packages (as specified in PEP 420) is preferred to `pkg_resources.declare_namespace`. See https://setuptools.pypa.io/en/latest/references/keywords.html#keyword-namespace-packages
  declare_namespace(pkg)
/home/jupyter-deuk-c4e4/.conda/envs/ts310/lib/python3.10/site-packages/pkg_resources/__init__.py:3148: DeprecationWarning: Deprecated call to `pkg_resources.declare_namespace('google')`.
Implementing implicit namespace packages (as specified in PEP 420) is preferred to `pkg_resources.declare_namespace`. See https://setuptools.pypa.io/en/latest/references/keywords.html#keyword-namespace-packages
  declare_namespace(pkg)
/home/jupyter-deuk-c4e4/.conda/envs/ts310/lib/python3.10/site-packages/Cython/Distutils/old_build_ext.py:15: DeprecationWarning: dep_util is Deprecated. Use functions from setuptools instead.
  from distutils.dep_util import newer, newer_group
<frozen importlib._bootstrap>:283: DeprecationWarning: the load_module() method is deprecated and slated for removal in Python 3.12; use exec_module() instead
Warning: Mujoco-based envs failed to import. Set the environment variable D4RL_SUPPRESS_IMPORT_ERROR=1 to suppress this message.
No module named 'mjrl'
Warning: Flow failed to import. Set the environment variable D4RL_SUPPRESS_IMPORT_ERROR=1 to suppress this message.
No module named 'flow'
Warning: CARLA failed to import. Set the environment variable D4RL_SUPPRESS_IMPORT_ERROR=1 to suppress this message.
No module named 'carla'
pybullet build time: Jan 29 2025 23:16:28
/home/jupyter-deuk-c4e4/.conda/envs/ts310/lib/python3.10/site-packages/gym/envs/registration.py:595: UserWarning: [33mWARN: Overriding environment maze2d-open-v0[0m
  logger.warn(f"Overriding environment {id}")
/home/jupyter-deuk-c4e4/.conda/envs/ts310/lib/python3.10/site-packages/gym/envs/registration.py:595: UserWarning: [33mWARN: Overriding environment maze2d-umaze-v0[0m
  logger.warn(f"Overriding environment {id}")
/home/jupyter-deuk-c4e4/.conda/envs/ts310/lib/python3.10/site-packages/gym/envs/registration.py:595: UserWarning: [33mWARN: Overriding environment maze2d-medium-v0[0m
  logger.warn(f"Overriding environment {id}")
/home/jupyter-deuk-c4e4/.conda/envs/ts310/lib/python3.10/site-packages/gym/envs/registration.py:595: UserWarning: [33mWARN: Overriding environment maze2d-large-v0[0m
  logger.warn(f"Overriding environment {id}")
/home/jupyter-deuk-c4e4/.conda/envs/ts310/lib/python3.10/site-packages/gym/envs/registration.py:595: UserWarning: [33mWARN: Overriding environment maze2d-umaze-v1[0m
  logger.warn(f"Overriding environment {id}")
/home/jupyter-deuk-c4e4/.conda/envs/ts310/lib/python3.10/site-packages/gym/envs/registration.py:595: UserWarning: [33mWARN: Overriding environment maze2d-medium-v1[0m
  logger.warn(f"Overriding environment {id}")
/home/jupyter-deuk-c4e4/.conda/envs/ts310/lib/python3.10/site-packages/gym/envs/registration.py:595: UserWarning: [33mWARN: Overriding environment maze2d-large-v1[0m
  logger.warn(f"Overriding environment {id}")
/home/jupyter-deuk-c4e4/.conda/envs/ts310/lib/python3.10/site-packages/gym/envs/registration.py:595: UserWarning: [33mWARN: Overriding environment maze2d-eval-umaze-v1[0m
  logger.warn(f"Overriding environment {id}")
/home/jupyter-deuk-c4e4/.conda/envs/ts310/lib/python3.10/site-packages/gym/envs/registration.py:595: UserWarning: [33mWARN: Overriding environment maze2d-eval-medium-v1[0m
  logger.warn(f"Overriding environment {id}")
/home/jupyter-deuk-c4e4/.conda/envs/ts310/lib/python3.10/site-packages/gym/envs/registration.py:595: UserWarning: [33mWARN: Overriding environment maze2d-eval-large-v1[0m
  logger.warn(f"Overriding environment {id}")
/home/jupyter-deuk-c4e4/.conda/envs/ts310/lib/python3.10/site-packages/gym/envs/registration.py:595: UserWarning: [33mWARN: Overriding environment maze2d-open-dense-v0[0m
  logger.warn(f"Overriding environment {id}")
/home/jupyter-deuk-c4e4/.conda/envs/ts310/lib/python3.10/site-packages/gym/envs/registration.py:595: UserWarning: [33mWARN: Overriding environment maze2d-umaze-dense-v0[0m
  logger.warn(f"Overriding environment {id}")
/home/jupyter-deuk-c4e4/.conda/envs/ts310/lib/python3.10/site-packages/gym/envs/registration.py:595: UserWarning: [33mWARN: Overriding environment maze2d-medium-dense-v0[0m
  logger.warn(f"Overriding environment {id}")
/home/jupyter-deuk-c4e4/.conda/envs/ts310/lib/python3.10/site-packages/gym/envs/registration.py:595: UserWarning: [33mWARN: Overriding environment maze2d-large-dense-v0[0m
  logger.warn(f"Overriding environment {id}")
/home/jupyter-deuk-c4e4/.conda/envs/ts310/lib/python3.10/site-packages/gym/envs/registration.py:595: UserWarning: [33mWARN: Overriding environment maze2d-umaze-dense-v1[0m
  logger.warn(f"Overriding environment {id}")
/home/jupyter-deuk-c4e4/.conda/envs/ts310/lib/python3.10/site-packages/gym/envs/registration.py:595: UserWarning: [33mWARN: Overriding environment maze2d-medium-dense-v1[0m
  logger.warn(f"Overriding environment {id}")
/home/jupyter-deuk-c4e4/.conda/envs/ts310/lib/python3.10/site-packages/gym/envs/registration.py:595: UserWarning: [33mWARN: Overriding environment maze2d-large-dense-v1[0m
  logger.warn(f"Overriding environment {id}")
/home/jupyter-deuk-c4e4/.conda/envs/ts310/lib/python3.10/site-packages/gym/envs/registration.py:595: UserWarning: [33mWARN: Overriding environment maze2d-eval-umaze-dense-v1[0m
  logger.warn(f"Overriding environment {id}")
/home/jupyter-deuk-c4e4/.conda/envs/ts310/lib/python3.10/site-packages/gym/envs/registration.py:595: UserWarning: [33mWARN: Overriding environment maze2d-eval-medium-dense-v1[0m
  logger.warn(f"Overriding environment {id}")
/home/jupyter-deuk-c4e4/.conda/envs/ts310/lib/python3.10/site-packages/gym/envs/registration.py:595: UserWarning: [33mWARN: Overriding environment maze2d-eval-large-dense-v1[0m
  logger.warn(f"Overriding environment {id}")
/opt/dlami/nvme/home/jupyter-deuk-c4e4/temporal-straightening/custom_resolvers.py:4: UserWarning: 
The version_base parameter is not specified.
Please specify a compatability version level, or None.
Will assume defaults for version 1.1
  @hydra.main(config_path=None)
[2026-07-25 15:06:30,914][__main__][INFO] - Planning result saved dir: /opt/dlami/nvme/home/jupyter-deuk-c4e4/pusht-reproduction/straightening_reproduction/plan/gd_seed_200/chunk_10
/home/jupyter-deuk-c4e4/.conda/envs/ts310/lib/python3.10/site-packages/wandb/sdk/internal/internal_api.py:30: UserWarning: pkg_resources is deprecated as an API. See https://setuptools.pypa.io/en/latest/pkg_resources.html. The pkg_resources package is slated for removal as early as 2025-11-30. Refrain from using this package or pin to Setuptools<81.
  from pkg_resources import parse_version
Using cache found in /home/jupyter-deuk-c4e4/.cache/torch/hub/facebookresearch_dinov2_81b2b6419385
Loaded 18685 rollouts
Loaded 21 rollouts
[2026-07-25 15:06:33,725][dinov2][INFO] - using MLP layer as FFN
[2026-07-25 15:06:34,750][models.dino][WARNING] - Unknown projector 'none' for patch tokens; proceeding without projector.
Resuming from epoch 2: /home/jupyter-deuk-c4e4/pusht-reproduction/straightening_reproduction/test/pusht_aggmlpcos1e-1_agg32_projchannel_dim8_hw14_sgTrue_lr1e-05/checkpoints/model_2.pth
[2026-07-25 15:06:35,141][models.visual_world_model][INFO] - num_action_repeat: 1
[2026-07-25 15:06:35,141][models.visual_world_model][INFO] - num_proprio_repeat: 1
[2026-07-25 15:06:35,141][models.visual_world_model][INFO] - proprio encoder: ProprioceptiveEmbedding(
  (patch_embed): Conv1d(4, 10, kernel_size=(1,), stride=(1,))
  (norm): LayerNorm((10,), eps=1e-05, elementwise_affine=True)
)
[2026-07-25 15:06:35,141][models.visual_world_model][INFO] - action encoder: ProprioceptiveEmbedding(
  (patch_embed): Conv1d(10, 10, kernel_size=(1,), stride=(1,))
  (norm): LayerNorm((10,), eps=1e-05, elementwise_affine=True)
)
[2026-07-25 15:06:35,141][models.visual_world_model][INFO] - proprio_dim: 10, after repeat: 10
[2026-07-25 15:06:35,141][models.visual_world_model][INFO] - action_dim: 10, after repeat: 10
[2026-07-25 15:06:35,141][models.visual_world_model][INFO] - emb_dim: 28
[2026-07-25 15:06:35,141][models.visual_world_model][INFO] - Straightening disabled
[2026-07-25 15:06:35,141][models.visual_world_model][INFO] - Speed constancy disabled
[2026-07-25 15:06:35,141][models.visual_world_model][INFO] - Trajectory penalty disabled
[2026-07-25 15:06:35,141][models.visual_world_model][INFO] - Stop-grad enabled: True
[2026-07-25 15:06:35,142][models.visual_world_model][INFO] - VCReg enabled: False, apply_to=enc, std_coeff=0.0, cov_coeff=0.0
[2026-07-25 15:06:35,142][models.visual_world_model][INFO] - Model emb_dim: 28
[timing] setup_model_s=4.230
eval_seed:  [2001, 2201, 2401, 2601, 2801, 3001, 3201, 3401, 3601, 3801]
Dumped plan targets to /opt/dlami/nvme/home/jupyter-deuk-c4e4/pusht-reproduction/straightening_reproduction/plan/gd_seed_200/chunk_10/plan_targets.pkl
[timing] setup_workspace_s=5.666

MPC iter 0 Eval ------- 
Success rate:  0.9
{'success': array([ True,  True, False,  True,  True,  True,  True,  True,  True,
        True]), 'state_dist': array([ 44.737835 ,  60.825188 , 149.65196  ,  10.31891  ,  17.725351 ,
        43.280617 ,  11.193496 ,  59.66927  ,  27.591879 ,  13.9141655],
      dtype=float32)}
self.is_success:  [ True  True False  True  True  True  True  True  True  True]
Success rate:  0.9
{'success': array([ True,  True, False,  True,  True,  True,  True,  True,  True,
        True]), 'state_dist': array([ 44.737835 ,  60.825188 , 149.65196  ,  10.31891  ,  17.725351 ,
        43.280617 ,  11.193496 ,  59.66927  ,  27.591879 ,  13.9141655],
      dtype=float32)}
[timing] perform_planning_s=23.147
[timing] total_planning_main_s=33.042
===== channel_on gd seed 200 chunk 20 (n_evals=10) =====
/home/jupyter-deuk-c4e4/.conda/envs/ts310/lib/python3.10/site-packages/wandb/sdk/internal/internal_api.py:30: UserWarning: pkg_resources is deprecated as an API. See https://setuptools.pypa.io/en/latest/pkg_resources.html. The pkg_resources package is slated for removal as early as 2025-11-30. Refrain from using this package or pin to Setuptools<81.
  from pkg_resources import parse_version
/home/jupyter-deuk-c4e4/.conda/envs/ts310/lib/python3.10/site-packages/pkg_resources/__init__.py:3148: DeprecationWarning: Deprecated call to `pkg_resources.declare_namespace('mpl_toolkits')`.
Implementing implicit namespace packages (as specified in PEP 420) is preferred to `pkg_resources.declare_namespace`. See https://setuptools.pypa.io/en/latest/references/keywords.html#keyword-namespace-packages
  declare_namespace(pkg)
/home/jupyter-deuk-c4e4/.conda/envs/ts310/lib/python3.10/site-packages/pkg_resources/__init__.py:3148: DeprecationWarning: Deprecated call to `pkg_resources.declare_namespace('google')`.
Implementing implicit namespace packages (as specified in PEP 420) is preferred to `pkg_resources.declare_namespace`. See https://setuptools.pypa.io/en/latest/references/keywords.html#keyword-namespace-packages
  declare_namespace(pkg)
/home/jupyter-deuk-c4e4/.conda/envs/ts310/lib/python3.10/site-packages/Cython/Distutils/old_build_ext.py:15: DeprecationWarning: dep_util is Deprecated. Use functions from setuptools instead.
  from distutils.dep_util import newer, newer_group
<frozen importlib._bootstrap>:283: DeprecationWarning: the load_module() method is deprecated and slated for removal in Python 3.12; use exec_module() instead
Warning: Mujoco-based envs failed to import. Set the environment variable D4RL_SUPPRESS_IMPORT_ERROR=1 to suppress this message.
No module named 'mjrl'
Warning: Flow failed to import. Set the environment variable D4RL_SUPPRESS_IMPORT_ERROR=1 to suppress this message.
No module named 'flow'
Warning: CARLA failed to import. Set the environment variable D4RL_SUPPRESS_IMPORT_ERROR=1 to suppress this message.
No module named 'carla'
pybullet build time: Jan 29 2025 23:16:28
/home/jupyter-deuk-c4e4/.conda/envs/ts310/lib/python3.10/site-packages/gym/envs/registration.py:595: UserWarning: [33mWARN: Overriding environment maze2d-open-v0[0m
  logger.warn(f"Overriding environment {id}")
/home/jupyter-deuk-c4e4/.conda/envs/ts310/lib/python3.10/site-packages/gym/envs/registration.py:595: UserWarning: [33mWARN: Overriding environment maze2d-umaze-v0[0m
  logger.warn(f"Overriding environment {id}")
/home/jupyter-deuk-c4e4/.conda/envs/ts310/lib/python3.10/site-packages/gym/envs/registration.py:595: UserWarning: [33mWARN: Overriding environment maze2d-medium-v0[0m
  logger.warn(f"Overriding environment {id}")
/home/jupyter-deuk-c4e4/.conda/envs/ts310/lib/python3.10/site-packages/gym/envs/registration.py:595: UserWarning: [33mWARN: Overriding environment maze2d-large-v0[0m
  logger.warn(f"Overriding environment {id}")
/home/jupyter-deuk-c4e4/.conda/envs/ts310/lib/python3.10/site-packages/gym/envs/registration.py:595: UserWarning: [33mWARN: Overriding environment maze2d-umaze-v1[0m
  logger.warn(f"Overriding environment {id}")
/home/jupyter-deuk-c4e4/.conda/envs/ts310/lib/python3.10/site-packages/gym/envs/registration.py:595: UserWarning: [33mWARN: Overriding environment maze2d-medium-v1[0m
  logger.warn(f"Overriding environment {id}")
/home/jupyter-deuk-c4e4/.conda/envs/ts310/lib/python3.10/site-packages/gym/envs/registration.py:595: UserWarning: [33mWARN: Overriding environment maze2d-large-v1[0m
  logger.warn(f"Overriding environment {id}")
/home/jupyter-deuk-c4e4/.conda/envs/ts310/lib/python3.10/site-packages/gym/envs/registration.py:595: UserWarning: [33mWARN: Overriding environment maze2d-eval-umaze-v1[0m
  logger.warn(f"Overriding environment {id}")
/home/jupyter-deuk-c4e4/.conda/envs/ts310/lib/python3.10/site-packages/gym/envs/registration.py:595: UserWarning: [33mWARN: Overriding environment maze2d-eval-medium-v1[0m
  logger.warn(f"Overriding environment {id}")
/home/jupyter-deuk-c4e4/.conda/envs/ts310/lib/python3.10/site-packages/gym/envs/registration.py:595: UserWarning: [33mWARN: Overriding environment maze2d-eval-large-v1[0m
  logger.warn(f"Overriding environment {id}")
/home/jupyter-deuk-c4e4/.conda/envs/ts310/lib/python3.10/site-packages/gym/envs/registration.py:595: UserWarning: [33mWARN: Overriding environment maze2d-open-dense-v0[0m
  logger.warn(f"Overriding environment {id}")
/home/jupyter-deuk-c4e4/.conda/envs/ts310/lib/python3.10/site-packages/gym/envs/registration.py:595: UserWarning: [33mWARN: Overriding environment maze2d-umaze-dense-v0[0m
  logger.warn(f"Overriding environment {id}")
/home/jupyter-deuk-c4e4/.conda/envs/ts310/lib/python3.10/site-packages/gym/envs/registration.py:595: UserWarning: [33mWARN: Overriding environment maze2d-medium-dense-v0[0m
  logger.warn(f"Overriding environment {id}")
/home/jupyter-deuk-c4e4/.conda/envs/ts310/lib/python3.10/site-packages/gym/envs/registration.py:595: UserWarning: [33mWARN: Overriding environment maze2d-large-dense-v0[0m
  logger.warn(f"Overriding environment {id}")
/home/jupyter-deuk-c4e4/.conda/envs/ts310/lib/python3.10/site-packages/gym/envs/registration.py:595: UserWarning: [33mWARN: Overriding environment maze2d-umaze-dense-v1[0m
  logger.warn(f"Overriding environment {id}")
/home/jupyter-deuk-c4e4/.conda/envs/ts310/lib/python3.10/site-packages/gym/envs/registration.py:595: UserWarning: [33mWARN: Overriding environment maze2d-medium-dense-v1[0m
  logger.warn(f"Overriding environment {id}")
/home/jupyter-deuk-c4e4/.conda/envs/ts310/lib/python3.10/site-packages/gym/envs/registration.py:595: UserWarning: [33mWARN: Overriding environment maze2d-large-dense-v1[0m
  logger.warn(f"Overriding environment {id}")
/home/jupyter-deuk-c4e4/.conda/envs/ts310/lib/python3.10/site-packages/gym/envs/registration.py:595: UserWarning: [33mWARN: Overriding environment maze2d-eval-umaze-dense-v1[0m
  logger.warn(f"Overriding environment {id}")
/home/jupyter-deuk-c4e4/.conda/envs/ts310/lib/python3.10/site-packages/gym/envs/registration.py:595: UserWarning: [33mWARN: Overriding environment maze2d-eval-medium-dense-v1[0m
  logger.warn(f"Overriding environment {id}")
/home/jupyter-deuk-c4e4/.conda/envs/ts310/lib/python3.10/site-packages/gym/envs/registration.py:595: UserWarning: [33mWARN: Overriding environment maze2d-eval-large-dense-v1[0m
  logger.warn(f"Overriding environment {id}")
/opt/dlami/nvme/home/jupyter-deuk-c4e4/temporal-straightening/custom_resolvers.py:4: UserWarning: 
The version_base parameter is not specified.
Please specify a compatability version level, or None.
Will assume defaults for version 1.1
  @hydra.main(config_path=None)
[2026-07-25 15:07:09,974][__main__][INFO] - Planning result saved dir: /opt/dlami/nvme/home/jupyter-deuk-c4e4/pusht-reproduction/straightening_reproduction/plan/gd_seed_200/chunk_20
/home/jupyter-deuk-c4e4/.conda/envs/ts310/lib/python3.10/site-packages/wandb/sdk/internal/internal_api.py:30: UserWarning: pkg_resources is deprecated as an API. See https://setuptools.pypa.io/en/latest/pkg_resources.html. The pkg_resources package is slated for removal as early as 2025-11-30. Refrain from using this package or pin to Setuptools<81.
  from pkg_resources import parse_version
Using cache found in /home/jupyter-deuk-c4e4/.cache/torch/hub/facebookresearch_dinov2_81b2b6419385
Loaded 18685 rollouts
Loaded 21 rollouts
[2026-07-25 15:07:12,449][dinov2][INFO] - using MLP layer as FFN
[2026-07-25 15:07:13,261][models.dino][WARNING] - Unknown projector 'none' for patch tokens; proceeding without projector.
Resuming from epoch 2: /home/jupyter-deuk-c4e4/pusht-reproduction/straightening_reproduction/test/pusht_aggmlpcos1e-1_agg32_projchannel_dim8_hw14_sgTrue_lr1e-05/checkpoints/model_2.pth
[2026-07-25 15:07:13,622][models.visual_world_model][INFO] - num_action_repeat: 1
[2026-07-25 15:07:13,622][models.visual_world_model][INFO] - num_proprio_repeat: 1
[2026-07-25 15:07:13,622][models.visual_world_model][INFO] - proprio encoder: ProprioceptiveEmbedding(
  (patch_embed): Conv1d(4, 10, kernel_size=(1,), stride=(1,))
  (norm): LayerNorm((10,), eps=1e-05, elementwise_affine=True)
)
[2026-07-25 15:07:13,623][models.visual_world_model][INFO] - action encoder: ProprioceptiveEmbedding(
  (patch_embed): Conv1d(10, 10, kernel_size=(1,), stride=(1,))
  (norm): LayerNorm((10,), eps=1e-05, elementwise_affine=True)
)
[2026-07-25 15:07:13,623][models.visual_world_model][INFO] - proprio_dim: 10, after repeat: 10
[2026-07-25 15:07:13,623][models.visual_world_model][INFO] - action_dim: 10, after repeat: 10
[2026-07-25 15:07:13,623][models.visual_world_model][INFO] - emb_dim: 28
[2026-07-25 15:07:13,623][models.visual_world_model][INFO] - Straightening disabled
[2026-07-25 15:07:13,623][models.visual_world_model][INFO] - Speed constancy disabled
[2026-07-25 15:07:13,623][models.visual_world_model][INFO] - Trajectory penalty disabled
[2026-07-25 15:07:13,623][models.visual_world_model][INFO] - Stop-grad enabled: True
[2026-07-25 15:07:13,623][models.visual_world_model][INFO] - VCReg enabled: False, apply_to=enc, std_coeff=0.0, cov_coeff=0.0
[2026-07-25 15:07:13,623][models.visual_world_model][INFO] - Model emb_dim: 28
[timing] setup_model_s=3.651
eval_seed:  [4001, 4201, 4401, 4601, 4801, 5001, 5201, 5401, 5601, 5801]
Dumped plan targets to /opt/dlami/nvme/home/jupyter-deuk-c4e4/pusht-reproduction/straightening_reproduction/plan/gd_seed_200/chunk_20/plan_targets.pkl
[timing] setup_workspace_s=6.120

MPC iter 0 Eval ------- 
Success rate:  1.0
{'success': array([ True,  True,  True,  True,  True,  True,  True,  True,  True,
        True]), 'state_dist': array([12.60533 , 11.970692,  6.055425, 58.31422 , 25.837162, 15.647649,
       13.359457, 14.955647, 43.603184, 12.632812], dtype=float32)}
self.is_success:  [ True  True  True  True  True  True  True  True  True  True]
Success rate:  1.0
{'success': array([ True,  True,  True,  True,  True,  True,  True,  True,  True,
        True]), 'state_dist': array([12.60533 , 11.970692,  6.055425, 58.31422 , 25.837162, 15.647649,
       13.359457, 14.955647, 43.603184, 12.632812], dtype=float32)}
[timing] perform_planning_s=22.870
[timing] total_planning_main_s=32.641
===== channel_on gd seed 200 chunk 30 (n_evals=10) =====
/home/jupyter-deuk-c4e4/.conda/envs/ts310/lib/python3.10/site-packages/wandb/sdk/internal/internal_api.py:30: UserWarning: pkg_resources is deprecated as an API. See https://setuptools.pypa.io/en/latest/pkg_resources.html. The pkg_resources package is slated for removal as early as 2025-11-30. Refrain from using this package or pin to Setuptools<81.
  from pkg_resources import parse_version
/home/jupyter-deuk-c4e4/.conda/envs/ts310/lib/python3.10/site-packages/pkg_resources/__init__.py:3148: DeprecationWarning: Deprecated call to `pkg_resources.declare_namespace('mpl_toolkits')`.
Implementing implicit namespace packages (as specified in PEP 420) is preferred to `pkg_resources.declare_namespace`. See https://setuptools.pypa.io/en/latest/references/keywords.html#keyword-namespace-packages
  declare_namespace(pkg)
/home/jupyter-deuk-c4e4/.conda/envs/ts310/lib/python3.10/site-packages/pkg_resources/__init__.py:3148: DeprecationWarning: Deprecated call to `pkg_resources.declare_namespace('google')`.
Implementing implicit namespace packages (as specified in PEP 420) is preferred to `pkg_resources.declare_namespace`. See https://setuptools.pypa.io/en/latest/references/keywords.html#keyword-namespace-packages
  declare_namespace(pkg)
/home/jupyter-deuk-c4e4/.conda/envs/ts310/lib/python3.10/site-packages/Cython/Distutils/old_build_ext.py:15: DeprecationWarning: dep_util is Deprecated. Use functions from setuptools instead.
  from distutils.dep_util import newer, newer_group
<frozen importlib._bootstrap>:283: DeprecationWarning: the load_module() method is deprecated and slated for removal in Python 3.12; use exec_module() instead
Warning: Mujoco-based envs failed to import. Set the environment variable D4RL_SUPPRESS_IMPORT_ERROR=1 to suppress this message.
No module named 'mjrl'
Warning: Flow failed to import. Set the environment variable D4RL_SUPPRESS_IMPORT_ERROR=1 to suppress this message.
No module named 'flow'
Warning: CARLA failed to import. Set the environment variable D4RL_SUPPRESS_IMPORT_ERROR=1 to suppress this message.
No module named 'carla'
pybullet build time: Jan 29 2025 23:16:28
/home/jupyter-deuk-c4e4/.conda/envs/ts310/lib/python3.10/site-packages/gym/envs/registration.py:595: UserWarning: [33mWARN: Overriding environment maze2d-open-v0[0m
  logger.warn(f"Overriding environment {id}")
/home/jupyter-deuk-c4e4/.conda/envs/ts310/lib/python3.10/site-packages/gym/envs/registration.py:595: UserWarning: [33mWARN: Overriding environment maze2d-umaze-v0[0m
  logger.warn(f"Overriding environment {id}")
/home/jupyter-deuk-c4e4/.conda/envs/ts310/lib/python3.10/site-packages/gym/envs/registration.py:595: UserWarning: [33mWARN: Overriding environment maze2d-medium-v0[0m
  logger.warn(f"Overriding environment {id}")
/home/jupyter-deuk-c4e4/.conda/envs/ts310/lib/python3.10/site-packages/gym/envs/registration.py:595: UserWarning: [33mWARN: Overriding environment maze2d-large-v0[0m
  logger.warn(f"Overriding environment {id}")
/home/jupyter-deuk-c4e4/.conda/envs/ts310/lib/python3.10/site-packages/gym/envs/registration.py:595: UserWarning: [33mWARN: Overriding environment maze2d-umaze-v1[0m
  logger.warn(f"Overriding environment {id}")
/home/jupyter-deuk-c4e4/.conda/envs/ts310/lib/python3.10/site-packages/gym/envs/registration.py:595: UserWarning: [33mWARN: Overriding environment maze2d-medium-v1[0m
  logger.warn(f"Overriding environment {id}")
/home/jupyter-deuk-c4e4/.conda/envs/ts310/lib/python3.10/site-packages/gym/envs/registration.py:595: UserWarning: [33mWARN: Overriding environment maze2d-large-v1[0m
  logger.warn(f"Overriding environment {id}")
/home/jupyter-deuk-c4e4/.conda/envs/ts310/lib/python3.10/site-packages/gym/envs/registration.py:595: UserWarning: [33mWARN: Overriding environment maze2d-eval-umaze-v1[0m
  logger.warn(f"Overriding environment {id}")
/home/jupyter-deuk-c4e4/.conda/envs/ts310/lib/python3.10/site-packages/gym/envs/registration.py:595: UserWarning: [33mWARN: Overriding environment maze2d-eval-medium-v1[0m
  logger.warn(f"Overriding environment {id}")
/home/jupyter-deuk-c4e4/.conda/envs/ts310/lib/python3.10/site-packages/gym/envs/registration.py:595: UserWarning: [33mWARN: Overriding environment maze2d-eval-large-v1[0m
  logger.warn(f"Overriding environment {id}")
/home/jupyter-deuk-c4e4/.conda/envs/ts310/lib/python3.10/site-packages/gym/envs/registration.py:595: UserWarning: [33mWARN: Overriding environment maze2d-open-dense-v0[0m
  logger.warn(f"Overriding environment {id}")
/home/jupyter-deuk-c4e4/.conda/envs/ts310/lib/python3.10/site-packages/gym/envs/registration.py:595: UserWarning: [33mWARN: Overriding environment maze2d-umaze-dense-v0[0m
  logger.warn(f"Overriding environment {id}")
/home/jupyter-deuk-c4e4/.conda/envs/ts310/lib/python3.10/site-packages/gym/envs/registration.py:595: UserWarning: [33mWARN: Overriding environment maze2d-medium-dense-v0[0m
  logger.warn(f"Overriding environment {id}")
/home/jupyter-deuk-c4e4/.conda/envs/ts310/lib/python3.10/site-packages/gym/envs/registration.py:595: UserWarning: [33mWARN: Overriding environment maze2d-large-dense-v0[0m
  logger.warn(f"Overriding environment {id}")
/home/jupyter-deuk-c4e4/.conda/envs/ts310/lib/python3.10/site-packages/gym/envs/registration.py:595: UserWarning: [33mWARN: Overriding environment maze2d-umaze-dense-v1[0m
  logger.warn(f"Overriding environment {id}")
/home/jupyter-deuk-c4e4/.conda/envs/ts310/lib/python3.10/site-packages/gym/envs/registration.py:595: UserWarning: [33mWARN: Overriding environment maze2d-medium-dense-v1[0m
  logger.warn(f"Overriding environment {id}")
/home/jupyter-deuk-c4e4/.conda/envs/ts310/lib/python3.10/site-packages/gym/envs/registration.py:595: UserWarning: [33mWARN: Overriding environment maze2d-large-dense-v1[0m
  logger.warn(f"Overriding environment {id}")
/home/jupyter-deuk-c4e4/.conda/envs/ts310/lib/python3.10/site-packages/gym/envs/registration.py:595: UserWarning: [33mWARN: Overriding environment maze2d-eval-umaze-dense-v1[0m
  logger.warn(f"Overriding environment {id}")
/home/jupyter-deuk-c4e4/.conda/envs/ts310/lib/python3.10/site-packages/gym/envs/registration.py:595: UserWarning: [33mWARN: Overriding environment maze2d-eval-medium-dense-v1[0m
  logger.warn(f"Overriding environment {id}")
/home/jupyter-deuk-c4e4/.conda/envs/ts310/lib/python3.10/site-packages/gym/envs/registration.py:595: UserWarning: [33mWARN: Overriding environment maze2d-eval-large-dense-v1[0m
  logger.warn(f"Overriding environment {id}")
/opt/dlami/nvme/home/jupyter-deuk-c4e4/temporal-straightening/custom_resolvers.py:4: UserWarning: 
The version_base parameter is not specified.
Please specify a compatability version level, or None.
Will assume defaults for version 1.1
  @hydra.main(config_path=None)
[2026-07-25 15:07:48,008][__main__][INFO] - Planning result saved dir: /opt/dlami/nvme/home/jupyter-deuk-c4e4/pusht-reproduction/straightening_reproduction/plan/gd_seed_200/chunk_30
/home/jupyter-deuk-c4e4/.conda/envs/ts310/lib/python3.10/site-packages/wandb/sdk/internal/internal_api.py:30: UserWarning: pkg_resources is deprecated as an API. See https://setuptools.pypa.io/en/latest/pkg_resources.html. The pkg_resources package is slated for removal as early as 2025-11-30. Refrain from using this package or pin to Setuptools<81.
  from pkg_resources import parse_version
Using cache found in /home/jupyter-deuk-c4e4/.cache/torch/hub/facebookresearch_dinov2_81b2b6419385
Loaded 18685 rollouts
Loaded 21 rollouts
[2026-07-25 15:07:50,538][dinov2][INFO] - using MLP layer as FFN
[2026-07-25 15:07:51,429][models.dino][WARNING] - Unknown projector 'none' for patch tokens; proceeding without projector.
Resuming from epoch 2: /home/jupyter-deuk-c4e4/pusht-reproduction/straightening_reproduction/test/pusht_aggmlpcos1e-1_agg32_projchannel_dim8_hw14_sgTrue_lr1e-05/checkpoints/model_2.pth
[2026-07-25 15:07:51,812][models.visual_world_model][INFO] - num_action_repeat: 1
[2026-07-25 15:07:51,812][models.visual_world_model][INFO] - num_proprio_repeat: 1
[2026-07-25 15:07:51,812][models.visual_world_model][INFO] - proprio encoder: ProprioceptiveEmbedding(
  (patch_embed): Conv1d(4, 10, kernel_size=(1,), stride=(1,))
  (norm): LayerNorm((10,), eps=1e-05, elementwise_affine=True)
)
[2026-07-25 15:07:51,812][models.visual_world_model][INFO] - action encoder: ProprioceptiveEmbedding(
  (patch_embed): Conv1d(10, 10, kernel_size=(1,), stride=(1,))
  (norm): LayerNorm((10,), eps=1e-05, elementwise_affine=True)
)
[2026-07-25 15:07:51,813][models.visual_world_model][INFO] - proprio_dim: 10, after repeat: 10
[2026-07-25 15:07:51,813][models.visual_world_model][INFO] - action_dim: 10, after repeat: 10
[2026-07-25 15:07:51,813][models.visual_world_model][INFO] - emb_dim: 28
[2026-07-25 15:07:51,813][models.visual_world_model][INFO] - Straightening disabled
[2026-07-25 15:07:51,813][models.visual_world_model][INFO] - Speed constancy disabled
[2026-07-25 15:07:51,813][models.visual_world_model][INFO] - Trajectory penalty disabled
[2026-07-25 15:07:51,813][models.visual_world_model][INFO] - Stop-grad enabled: True
[2026-07-25 15:07:51,813][models.visual_world_model][INFO] - VCReg enabled: False, apply_to=enc, std_coeff=0.0, cov_coeff=0.0
[2026-07-25 15:07:51,813][models.visual_world_model][INFO] - Model emb_dim: 28
[timing] setup_model_s=3.807
eval_seed:  [6001, 6201, 6401, 6601, 6801, 7001, 7201, 7401, 7601, 7801]
Dumped plan targets to /opt/dlami/nvme/home/jupyter-deuk-c4e4/pusht-reproduction/straightening_reproduction/plan/gd_seed_200/chunk_30/plan_targets.pkl
[timing] setup_workspace_s=6.999

MPC iter 0 Eval ------- 
Success rate:  0.7
{'success': array([ True, False, False,  True,  True,  True,  True,  True,  True,
       False]), 'state_dist': array([23.58425  , 44.45895  , 34.0094   , 22.035421 , 10.593536 ,
        6.0593762, 32.62511  , 18.288467 , 12.227978 , 28.173376 ],
      dtype=float32)}
self.is_success:  [ True False False  True  True  True  True  True  True False]
Success rate:  0.7
{'success': array([ True, False, False,  True,  True,  True,  True,  True,  True,
       False]), 'state_dist': array([23.58425  , 44.45895  , 34.0094   , 22.035421 , 10.593536 ,
        6.0593762, 32.62511  , 18.288467 , 12.227978 , 28.173376 ],
      dtype=float32)}
[timing] perform_planning_s=22.948
[timing] total_planning_main_s=33.754
===== channel_on gd seed 200 chunk 40 (n_evals=10) =====
/home/jupyter-deuk-c4e4/.conda/envs/ts310/lib/python3.10/site-packages/wandb/sdk/internal/internal_api.py:30: UserWarning: pkg_resources is deprecated as an API. See https://setuptools.pypa.io/en/latest/pkg_resources.html. The pkg_resources package is slated for removal as early as 2025-11-30. Refrain from using this package or pin to Setuptools<81.
  from pkg_resources import parse_version
/home/jupyter-deuk-c4e4/.conda/envs/ts310/lib/python3.10/site-packages/pkg_resources/__init__.py:3148: DeprecationWarning: Deprecated call to `pkg_resources.declare_namespace('mpl_toolkits')`.
Implementing implicit namespace packages (as specified in PEP 420) is preferred to `pkg_resources.declare_namespace`. See https://setuptools.pypa.io/en/latest/references/keywords.html#keyword-namespace-packages
  declare_namespace(pkg)
/home/jupyter-deuk-c4e4/.conda/envs/ts310/lib/python3.10/site-packages/pkg_resources/__init__.py:3148: DeprecationWarning: Deprecated call to `pkg_resources.declare_namespace('google')`.
Implementing implicit namespace packages (as specified in PEP 420) is preferred to `pkg_resources.declare_namespace`. See https://setuptools.pypa.io/en/latest/references/keywords.html#keyword-namespace-packages
  declare_namespace(pkg)
/home/jupyter-deuk-c4e4/.conda/envs/ts310/lib/python3.10/site-packages/Cython/Distutils/old_build_ext.py:15: DeprecationWarning: dep_util is Deprecated. Use functions from setuptools instead.
  from distutils.dep_util import newer, newer_group
<frozen importlib._bootstrap>:283: DeprecationWarning: the load_module() method is deprecated and slated for removal in Python 3.12; use exec_module() instead
Warning: Mujoco-based envs failed to import. Set the environment variable D4RL_SUPPRESS_IMPORT_ERROR=1 to suppress this message.
No module named 'mjrl'
Warning: Flow failed to import. Set the environment variable D4RL_SUPPRESS_IMPORT_ERROR=1 to suppress this message.
No module named 'flow'
Warning: CARLA failed to import. Set the environment variable D4RL_SUPPRESS_IMPORT_ERROR=1 to suppress this message.
No module named 'carla'
pybullet build time: Jan 29 2025 23:16:28
/home/jupyter-deuk-c4e4/.conda/envs/ts310/lib/python3.10/site-packages/gym/envs/registration.py:595: UserWarning: [33mWARN: Overriding environment maze2d-open-v0[0m
  logger.warn(f"Overriding environment {id}")
/home/jupyter-deuk-c4e4/.conda/envs/ts310/lib/python3.10/site-packages/gym/envs/registration.py:595: UserWarning: [33mWARN: Overriding environment maze2d-umaze-v0[0m
  logger.warn(f"Overriding environment {id}")
/home/jupyter-deuk-c4e4/.conda/envs/ts310/lib/python3.10/site-packages/gym/envs/registration.py:595: UserWarning: [33mWARN: Overriding environment maze2d-medium-v0[0m
  logger.warn(f"Overriding environment {id}")
/home/jupyter-deuk-c4e4/.conda/envs/ts310/lib/python3.10/site-packages/gym/envs/registration.py:595: UserWarning: [33mWARN: Overriding environment maze2d-large-v0[0m
  logger.warn(f"Overriding environment {id}")
/home/jupyter-deuk-c4e4/.conda/envs/ts310/lib/python3.10/site-packages/gym/envs/registration.py:595: UserWarning: [33mWARN: Overriding environment maze2d-umaze-v1[0m
  logger.warn(f"Overriding environment {id}")
/home/jupyter-deuk-c4e4/.conda/envs/ts310/lib/python3.10/site-packages/gym/envs/registration.py:595: UserWarning: [33mWARN: Overriding environment maze2d-medium-v1[0m
  logger.warn(f"Overriding environment {id}")
/home/jupyter-deuk-c4e4/.conda/envs/ts310/lib/python3.10/site-packages/gym/envs/registration.py:595: UserWarning: [33mWARN: Overriding environment maze2d-large-v1[0m
  logger.warn(f"Overriding environment {id}")
/home/jupyter-deuk-c4e4/.conda/envs/ts310/lib/python3.10/site-packages/gym/envs/registration.py:595: UserWarning: [33mWARN: Overriding environment maze2d-eval-umaze-v1[0m
  logger.warn(f"Overriding environment {id}")
/home/jupyter-deuk-c4e4/.conda/envs/ts310/lib/python3.10/site-packages/gym/envs/registration.py:595: UserWarning: [33mWARN: Overriding environment maze2d-eval-medium-v1[0m
  logger.warn(f"Overriding environment {id}")
/home/jupyter-deuk-c4e4/.conda/envs/ts310/lib/python3.10/site-packages/gym/envs/registration.py:595: UserWarning: [33mWARN: Overriding environment maze2d-eval-large-v1[0m
  logger.warn(f"Overriding environment {id}")
/home/jupyter-deuk-c4e4/.conda/envs/ts310/lib/python3.10/site-packages/gym/envs/registration.py:595: UserWarning: [33mWARN: Overriding environment maze2d-open-dense-v0[0m
  logger.warn(f"Overriding environment {id}")
/home/jupyter-deuk-c4e4/.conda/envs/ts310/lib/python3.10/site-packages/gym/envs/registration.py:595: UserWarning: [33mWARN: Overriding environment maze2d-umaze-dense-v0[0m
  logger.warn(f"Overriding environment {id}")
/home/jupyter-deuk-c4e4/.conda/envs/ts310/lib/python3.10/site-packages/gym/envs/registration.py:595: UserWarning: [33mWARN: Overriding environment maze2d-medium-dense-v0[0m
  logger.warn(f"Overriding environment {id}")
/home/jupyter-deuk-c4e4/.conda/envs/ts310/lib/python3.10/site-packages/gym/envs/registration.py:595: UserWarning: [33mWARN: Overriding environment maze2d-large-dense-v0[0m
  logger.warn(f"Overriding environment {id}")
/home/jupyter-deuk-c4e4/.conda/envs/ts310/lib/python3.10/site-packages/gym/envs/registration.py:595: UserWarning: [33mWARN: Overriding environment maze2d-umaze-dense-v1[0m
  logger.warn(f"Overriding environment {id}")
/home/jupyter-deuk-c4e4/.conda/envs/ts310/lib/python3.10/site-packages/gym/envs/registration.py:595: UserWarning: [33mWARN: Overriding environment maze2d-medium-dense-v1[0m
  logger.warn(f"Overriding environment {id}")
/home/jupyter-deuk-c4e4/.conda/envs/ts310/lib/python3.10/site-packages/gym/envs/registration.py:595: UserWarning: [33mWARN: Overriding environment maze2d-large-dense-v1[0m
  logger.warn(f"Overriding environment {id}")
/home/jupyter-deuk-c4e4/.conda/envs/ts310/lib/python3.10/site-packages/gym/envs/registration.py:595: UserWarning: [33mWARN: Overriding environment maze2d-eval-umaze-dense-v1[0m
  logger.warn(f"Overriding environment {id}")
/home/jupyter-deuk-c4e4/.conda/envs/ts310/lib/python3.10/site-packages/gym/envs/registration.py:595: UserWarning: [33mWARN: Overriding environment maze2d-eval-medium-dense-v1[0m
  logger.warn(f"Overriding environment {id}")
/home/jupyter-deuk-c4e4/.conda/envs/ts310/lib/python3.10/site-packages/gym/envs/registration.py:595: UserWarning: [33mWARN: Overriding environment maze2d-eval-large-dense-v1[0m
  logger.warn(f"Overriding environment {id}")
/opt/dlami/nvme/home/jupyter-deuk-c4e4/temporal-straightening/custom_resolvers.py:4: UserWarning: 
The version_base parameter is not specified.
Please specify a compatability version level, or None.
Will assume defaults for version 1.1
  @hydra.main(config_path=None)
[2026-07-25 15:08:27,151][__main__][INFO] - Planning result saved dir: /opt/dlami/nvme/home/jupyter-deuk-c4e4/pusht-reproduction/straightening_reproduction/plan/gd_seed_200/chunk_40
/home/jupyter-deuk-c4e4/.conda/envs/ts310/lib/python3.10/site-packages/wandb/sdk/internal/internal_api.py:30: UserWarning: pkg_resources is deprecated as an API. See https://setuptools.pypa.io/en/latest/pkg_resources.html. The pkg_resources package is slated for removal as early as 2025-11-30. Refrain from using this package or pin to Setuptools<81.
  from pkg_resources import parse_version
Using cache found in /home/jupyter-deuk-c4e4/.cache/torch/hub/facebookresearch_dinov2_81b2b6419385
Loaded 18685 rollouts
Loaded 21 rollouts
[2026-07-25 15:08:29,619][dinov2][INFO] - using MLP layer as FFN
[2026-07-25 15:08:30,024][models.dino][WARNING] - Unknown projector 'none' for patch tokens; proceeding without projector.
Resuming from epoch 2: /home/jupyter-deuk-c4e4/pusht-reproduction/straightening_reproduction/test/pusht_aggmlpcos1e-1_agg32_projchannel_dim8_hw14_sgTrue_lr1e-05/checkpoints/model_2.pth
[2026-07-25 15:08:30,387][models.visual_world_model][INFO] - num_action_repeat: 1
[2026-07-25 15:08:30,387][models.visual_world_model][INFO] - num_proprio_repeat: 1
[2026-07-25 15:08:30,387][models.visual_world_model][INFO] - proprio encoder: ProprioceptiveEmbedding(
  (patch_embed): Conv1d(4, 10, kernel_size=(1,), stride=(1,))
  (norm): LayerNorm((10,), eps=1e-05, elementwise_affine=True)
)
[2026-07-25 15:08:30,388][models.visual_world_model][INFO] - action encoder: ProprioceptiveEmbedding(
  (patch_embed): Conv1d(10, 10, kernel_size=(1,), stride=(1,))
  (norm): LayerNorm((10,), eps=1e-05, elementwise_affine=True)
)
[2026-07-25 15:08:30,388][models.visual_world_model][INFO] - proprio_dim: 10, after repeat: 10
[2026-07-25 15:08:30,388][models.visual_world_model][INFO] - action_dim: 10, after repeat: 10
[2026-07-25 15:08:30,388][models.visual_world_model][INFO] - emb_dim: 28
[2026-07-25 15:08:30,388][models.visual_world_model][INFO] - Straightening disabled
[2026-07-25 15:08:30,388][models.visual_world_model][INFO] - Speed constancy disabled
[2026-07-25 15:08:30,388][models.visual_world_model][INFO] - Trajectory penalty disabled
[2026-07-25 15:08:30,388][models.visual_world_model][INFO] - Stop-grad enabled: True
[2026-07-25 15:08:30,388][models.visual_world_model][INFO] - VCReg enabled: False, apply_to=enc, std_coeff=0.0, cov_coeff=0.0
[2026-07-25 15:08:30,388][models.visual_world_model][INFO] - Model emb_dim: 28
[timing] setup_model_s=3.239
eval_seed:  [8001, 8201, 8401, 8601, 8801, 9001, 9201, 9401, 9601, 9801]
Dumped plan targets to /opt/dlami/nvme/home/jupyter-deuk-c4e4/pusht-reproduction/straightening_reproduction/plan/gd_seed_200/chunk_40/plan_targets.pkl
[timing] setup_workspace_s=7.963

MPC iter 0 Eval ------- 
Success rate:  0.7
{'success': array([ True,  True,  True,  True,  True,  True,  True, False, False,
       False]), 'state_dist': array([ 18.194624,   8.647638,  67.55819 ,  14.202826,  36.85817 ,
        23.119543,  18.90201 , 103.577965, 104.36925 , 117.84115 ],
      dtype=float32)}
self.is_success:  [ True  True  True  True  True  True  True False False False]
Success rate:  0.7
{'success': array([ True,  True,  True,  True,  True,  True,  True, False, False,
       False]), 'state_dist': array([ 18.194624,   8.647638,  67.55819 ,  14.202826,  36.85817 ,
        23.119543,  18.90201 , 103.577965, 104.36925 , 117.84115 ],
      dtype=float32)}
[timing] perform_planning_s=22.737
[timing] total_planning_main_s=33.939
===== channel_on gd seed 300 chunk 00 (n_evals=10) =====
/home/jupyter-deuk-c4e4/.conda/envs/ts310/lib/python3.10/site-packages/wandb/sdk/internal/internal_api.py:30: UserWarning: pkg_resources is deprecated as an API. See https://setuptools.pypa.io/en/latest/pkg_resources.html. The pkg_resources package is slated for removal as early as 2025-11-30. Refrain from using this package or pin to Setuptools<81.
  from pkg_resources import parse_version
/home/jupyter-deuk-c4e4/.conda/envs/ts310/lib/python3.10/site-packages/pkg_resources/__init__.py:3148: DeprecationWarning: Deprecated call to `pkg_resources.declare_namespace('mpl_toolkits')`.
Implementing implicit namespace packages (as specified in PEP 420) is preferred to `pkg_resources.declare_namespace`. See https://setuptools.pypa.io/en/latest/references/keywords.html#keyword-namespace-packages
  declare_namespace(pkg)
/home/jupyter-deuk-c4e4/.conda/envs/ts310/lib/python3.10/site-packages/pkg_resources/__init__.py:3148: DeprecationWarning: Deprecated call to `pkg_resources.declare_namespace('google')`.
Implementing implicit namespace packages (as specified in PEP 420) is preferred to `pkg_resources.declare_namespace`. See https://setuptools.pypa.io/en/latest/references/keywords.html#keyword-namespace-packages
  declare_namespace(pkg)
/home/jupyter-deuk-c4e4/.conda/envs/ts310/lib/python3.10/site-packages/Cython/Distutils/old_build_ext.py:15: DeprecationWarning: dep_util is Deprecated. Use functions from setuptools instead.
  from distutils.dep_util import newer, newer_group
<frozen importlib._bootstrap>:283: DeprecationWarning: the load_module() method is deprecated and slated for removal in Python 3.12; use exec_module() instead
Warning: Mujoco-based envs failed to import. Set the environment variable D4RL_SUPPRESS_IMPORT_ERROR=1 to suppress this message.
No module named 'mjrl'
Warning: Flow failed to import. Set the environment variable D4RL_SUPPRESS_IMPORT_ERROR=1 to suppress this message.
No module named 'flow'
Warning: CARLA failed to import. Set the environment variable D4RL_SUPPRESS_IMPORT_ERROR=1 to suppress this message.
No module named 'carla'
pybullet build time: Jan 29 2025 23:16:28
/home/jupyter-deuk-c4e4/.conda/envs/ts310/lib/python3.10/site-packages/gym/envs/registration.py:595: UserWarning: [33mWARN: Overriding environment maze2d-open-v0[0m
  logger.warn(f"Overriding environment {id}")
/home/jupyter-deuk-c4e4/.conda/envs/ts310/lib/python3.10/site-packages/gym/envs/registration.py:595: UserWarning: [33mWARN: Overriding environment maze2d-umaze-v0[0m
  logger.warn(f"Overriding environment {id}")
/home/jupyter-deuk-c4e4/.conda/envs/ts310/lib/python3.10/site-packages/gym/envs/registration.py:595: UserWarning: [33mWARN: Overriding environment maze2d-medium-v0[0m
  logger.warn(f"Overriding environment {id}")
/home/jupyter-deuk-c4e4/.conda/envs/ts310/lib/python3.10/site-packages/gym/envs/registration.py:595: UserWarning: [33mWARN: Overriding environment maze2d-large-v0[0m
  logger.warn(f"Overriding environment {id}")
/home/jupyter-deuk-c4e4/.conda/envs/ts310/lib/python3.10/site-packages/gym/envs/registration.py:595: UserWarning: [33mWARN: Overriding environment maze2d-umaze-v1[0m
  logger.warn(f"Overriding environment {id}")
/home/jupyter-deuk-c4e4/.conda/envs/ts310/lib/python3.10/site-packages/gym/envs/registration.py:595: UserWarning: [33mWARN: Overriding environment maze2d-medium-v1[0m
  logger.warn(f"Overriding environment {id}")
/home/jupyter-deuk-c4e4/.conda/envs/ts310/lib/python3.10/site-packages/gym/envs/registration.py:595: UserWarning: [33mWARN: Overriding environment maze2d-large-v1[0m
  logger.warn(f"Overriding environment {id}")
/home/jupyter-deuk-c4e4/.conda/envs/ts310/lib/python3.10/site-packages/gym/envs/registration.py:595: UserWarning: [33mWARN: Overriding environment maze2d-eval-umaze-v1[0m
  logger.warn(f"Overriding environment {id}")
/home/jupyter-deuk-c4e4/.conda/envs/ts310/lib/python3.10/site-packages/gym/envs/registration.py:595: UserWarning: [33mWARN: Overriding environment maze2d-eval-medium-v1[0m
  logger.warn(f"Overriding environment {id}")
/home/jupyter-deuk-c4e4/.conda/envs/ts310/lib/python3.10/site-packages/gym/envs/registration.py:595: UserWarning: [33mWARN: Overriding environment maze2d-eval-large-v1[0m
  logger.warn(f"Overriding environment {id}")
/home/jupyter-deuk-c4e4/.conda/envs/ts310/lib/python3.10/site-packages/gym/envs/registration.py:595: UserWarning: [33mWARN: Overriding environment maze2d-open-dense-v0[0m
  logger.warn(f"Overriding environment {id}")
/home/jupyter-deuk-c4e4/.conda/envs/ts310/lib/python3.10/site-packages/gym/envs/registration.py:595: UserWarning: [33mWARN: Overriding environment maze2d-umaze-dense-v0[0m
  logger.warn(f"Overriding environment {id}")
/home/jupyter-deuk-c4e4/.conda/envs/ts310/lib/python3.10/site-packages/gym/envs/registration.py:595: UserWarning: [33mWARN: Overriding environment maze2d-medium-dense-v0[0m
  logger.warn(f"Overriding environment {id}")
/home/jupyter-deuk-c4e4/.conda/envs/ts310/lib/python3.10/site-packages/gym/envs/registration.py:595: UserWarning: [33mWARN: Overriding environment maze2d-large-dense-v0[0m
  logger.warn(f"Overriding environment {id}")
/home/jupyter-deuk-c4e4/.conda/envs/ts310/lib/python3.10/site-packages/gym/envs/registration.py:595: UserWarning: [33mWARN: Overriding environment maze2d-umaze-dense-v1[0m
  logger.warn(f"Overriding environment {id}")
/home/jupyter-deuk-c4e4/.conda/envs/ts310/lib/python3.10/site-packages/gym/envs/registration.py:595: UserWarning: [33mWARN: Overriding environment maze2d-medium-dense-v1[0m
  logger.warn(f"Overriding environment {id}")
/home/jupyter-deuk-c4e4/.conda/envs/ts310/lib/python3.10/site-packages/gym/envs/registration.py:595: UserWarning: [33mWARN: Overriding environment maze2d-large-dense-v1[0m
  logger.warn(f"Overriding environment {id}")
/home/jupyter-deuk-c4e4/.conda/envs/ts310/lib/python3.10/site-packages/gym/envs/registration.py:595: UserWarning: [33mWARN: Overriding environment maze2d-eval-umaze-dense-v1[0m
  logger.warn(f"Overriding environment {id}")
/home/jupyter-deuk-c4e4/.conda/envs/ts310/lib/python3.10/site-packages/gym/envs/registration.py:595: UserWarning: [33mWARN: Overriding environment maze2d-eval-medium-dense-v1[0m
  logger.warn(f"Overriding environment {id}")
/home/jupyter-deuk-c4e4/.conda/envs/ts310/lib/python3.10/site-packages/gym/envs/registration.py:595: UserWarning: [33mWARN: Overriding environment maze2d-eval-large-dense-v1[0m
  logger.warn(f"Overriding environment {id}")
/opt/dlami/nvme/home/jupyter-deuk-c4e4/temporal-straightening/custom_resolvers.py:4: UserWarning: 
The version_base parameter is not specified.
Please specify a compatability version level, or None.
Will assume defaults for version 1.1
  @hydra.main(config_path=None)
[2026-07-25 15:09:07,121][__main__][INFO] - Planning result saved dir: /opt/dlami/nvme/home/jupyter-deuk-c4e4/pusht-reproduction/straightening_reproduction/plan/gd_seed_300/chunk_00
/home/jupyter-deuk-c4e4/.conda/envs/ts310/lib/python3.10/site-packages/wandb/sdk/internal/internal_api.py:30: UserWarning: pkg_resources is deprecated as an API. See https://setuptools.pypa.io/en/latest/pkg_resources.html. The pkg_resources package is slated for removal as early as 2025-11-30. Refrain from using this package or pin to Setuptools<81.
  from pkg_resources import parse_version
Using cache found in /home/jupyter-deuk-c4e4/.cache/torch/hub/facebookresearch_dinov2_81b2b6419385
Loaded 18685 rollouts
Loaded 21 rollouts
[2026-07-25 15:09:09,628][dinov2][INFO] - using MLP layer as FFN
[2026-07-25 15:09:10,036][models.dino][WARNING] - Unknown projector 'none' for patch tokens; proceeding without projector.
Resuming from epoch 2: /home/jupyter-deuk-c4e4/pusht-reproduction/straightening_reproduction/test/pusht_aggmlpcos1e-1_agg32_projchannel_dim8_hw14_sgTrue_lr1e-05/checkpoints/model_2.pth
[2026-07-25 15:09:10,401][models.visual_world_model][INFO] - num_action_repeat: 1
[2026-07-25 15:09:10,401][models.visual_world_model][INFO] - num_proprio_repeat: 1
[2026-07-25 15:09:10,401][models.visual_world_model][INFO] - proprio encoder: ProprioceptiveEmbedding(
  (patch_embed): Conv1d(4, 10, kernel_size=(1,), stride=(1,))
  (norm): LayerNorm((10,), eps=1e-05, elementwise_affine=True)
)
[2026-07-25 15:09:10,401][models.visual_world_model][INFO] - action encoder: ProprioceptiveEmbedding(
  (patch_embed): Conv1d(10, 10, kernel_size=(1,), stride=(1,))
  (norm): LayerNorm((10,), eps=1e-05, elementwise_affine=True)
)
[2026-07-25 15:09:10,401][models.visual_world_model][INFO] - proprio_dim: 10, after repeat: 10
[2026-07-25 15:09:10,402][models.visual_world_model][INFO] - action_dim: 10, after repeat: 10
[2026-07-25 15:09:10,402][models.visual_world_model][INFO] - emb_dim: 28
[2026-07-25 15:09:10,402][models.visual_world_model][INFO] - Straightening disabled
[2026-07-25 15:09:10,402][models.visual_world_model][INFO] - Speed constancy disabled
[2026-07-25 15:09:10,402][models.visual_world_model][INFO] - Trajectory penalty disabled
[2026-07-25 15:09:10,402][models.visual_world_model][INFO] - Stop-grad enabled: True
[2026-07-25 15:09:10,402][models.visual_world_model][INFO] - VCReg enabled: False, apply_to=enc, std_coeff=0.0, cov_coeff=0.0
[2026-07-25 15:09:10,402][models.visual_world_model][INFO] - Model emb_dim: 28
[timing] setup_model_s=3.285
eval_seed:  [1, 301, 601, 901, 1201, 1501, 1801, 2101, 2401, 2701]
Dumped plan targets to /opt/dlami/nvme/home/jupyter-deuk-c4e4/pusht-reproduction/straightening_reproduction/plan/gd_seed_300/chunk_00/plan_targets.pkl
[timing] setup_workspace_s=4.888

MPC iter 0 Eval ------- 
Success rate:  1.0
{'success': array([ True,  True,  True,  True,  True,  True,  True,  True,  True,
        True]), 'state_dist': array([10.813972 , 14.137856 , 12.812636 , 34.39597  , 17.574759 ,
       46.802    , 28.645103 ,  4.7156634, 28.933853 , 44.12155  ],
      dtype=float32)}
self.is_success:  [ True  True  True  True  True  True  True  True  True  True]
Success rate:  1.0
{'success': array([ True,  True,  True,  True,  True,  True,  True,  True,  True,
        True]), 'state_dist': array([10.813972 , 14.137856 , 12.812636 , 34.39597  , 17.574759 ,
       46.802    , 28.645103 ,  4.7156634, 28.933853 , 44.12155  ],
      dtype=float32)}
[timing] perform_planning_s=22.801
[timing] total_planning_main_s=30.974
===== channel_on gd seed 300 chunk 10 (n_evals=10) =====
/home/jupyter-deuk-c4e4/.conda/envs/ts310/lib/python3.10/site-packages/wandb/sdk/internal/internal_api.py:30: UserWarning: pkg_resources is deprecated as an API. See https://setuptools.pypa.io/en/latest/pkg_resources.html. The pkg_resources package is slated for removal as early as 2025-11-30. Refrain from using this package or pin to Setuptools<81.
  from pkg_resources import parse_version
/home/jupyter-deuk-c4e4/.conda/envs/ts310/lib/python3.10/site-packages/pkg_resources/__init__.py:3148: DeprecationWarning: Deprecated call to `pkg_resources.declare_namespace('mpl_toolkits')`.
Implementing implicit namespace packages (as specified in PEP 420) is preferred to `pkg_resources.declare_namespace`. See https://setuptools.pypa.io/en/latest/references/keywords.html#keyword-namespace-packages
  declare_namespace(pkg)
/home/jupyter-deuk-c4e4/.conda/envs/ts310/lib/python3.10/site-packages/pkg_resources/__init__.py:3148: DeprecationWarning: Deprecated call to `pkg_resources.declare_namespace('google')`.
Implementing implicit namespace packages (as specified in PEP 420) is preferred to `pkg_resources.declare_namespace`. See https://setuptools.pypa.io/en/latest/references/keywords.html#keyword-namespace-packages
  declare_namespace(pkg)
/home/jupyter-deuk-c4e4/.conda/envs/ts310/lib/python3.10/site-packages/Cython/Distutils/old_build_ext.py:15: DeprecationWarning: dep_util is Deprecated. Use functions from setuptools instead.
  from distutils.dep_util import newer, newer_group
<frozen importlib._bootstrap>:283: DeprecationWarning: the load_module() method is deprecated and slated for removal in Python 3.12; use exec_module() instead
Warning: Mujoco-based envs failed to import. Set the environment variable D4RL_SUPPRESS_IMPORT_ERROR=1 to suppress this message.
No module named 'mjrl'
Warning: Flow failed to import. Set the environment variable D4RL_SUPPRESS_IMPORT_ERROR=1 to suppress this message.
No module named 'flow'
Warning: CARLA failed to import. Set the environment variable D4RL_SUPPRESS_IMPORT_ERROR=1 to suppress this message.
No module named 'carla'
pybullet build time: Jan 29 2025 23:16:28
/home/jupyter-deuk-c4e4/.conda/envs/ts310/lib/python3.10/site-packages/gym/envs/registration.py:595: UserWarning: [33mWARN: Overriding environment maze2d-open-v0[0m
  logger.warn(f"Overriding environment {id}")
/home/jupyter-deuk-c4e4/.conda/envs/ts310/lib/python3.10/site-packages/gym/envs/registration.py:595: UserWarning: [33mWARN: Overriding environment maze2d-umaze-v0[0m
  logger.warn(f"Overriding environment {id}")
/home/jupyter-deuk-c4e4/.conda/envs/ts310/lib/python3.10/site-packages/gym/envs/registration.py:595: UserWarning: [33mWARN: Overriding environment maze2d-medium-v0[0m
  logger.warn(f"Overriding environment {id}")
/home/jupyter-deuk-c4e4/.conda/envs/ts310/lib/python3.10/site-packages/gym/envs/registration.py:595: UserWarning: [33mWARN: Overriding environment maze2d-large-v0[0m
  logger.warn(f"Overriding environment {id}")
/home/jupyter-deuk-c4e4/.conda/envs/ts310/lib/python3.10/site-packages/gym/envs/registration.py:595: UserWarning: [33mWARN: Overriding environment maze2d-umaze-v1[0m
  logger.warn(f"Overriding environment {id}")
/home/jupyter-deuk-c4e4/.conda/envs/ts310/lib/python3.10/site-packages/gym/envs/registration.py:595: UserWarning: [33mWARN: Overriding environment maze2d-medium-v1[0m
  logger.warn(f"Overriding environment {id}")
/home/jupyter-deuk-c4e4/.conda/envs/ts310/lib/python3.10/site-packages/gym/envs/registration.py:595: UserWarning: [33mWARN: Overriding environment maze2d-large-v1[0m
  logger.warn(f"Overriding environment {id}")
/home/jupyter-deuk-c4e4/.conda/envs/ts310/lib/python3.10/site-packages/gym/envs/registration.py:595: UserWarning: [33mWARN: Overriding environment maze2d-eval-umaze-v1[0m
  logger.warn(f"Overriding environment {id}")
/home/jupyter-deuk-c4e4/.conda/envs/ts310/lib/python3.10/site-packages/gym/envs/registration.py:595: UserWarning: [33mWARN: Overriding environment maze2d-eval-medium-v1[0m
  logger.warn(f"Overriding environment {id}")
/home/jupyter-deuk-c4e4/.conda/envs/ts310/lib/python3.10/site-packages/gym/envs/registration.py:595: UserWarning: [33mWARN: Overriding environment maze2d-eval-large-v1[0m
  logger.warn(f"Overriding environment {id}")
/home/jupyter-deuk-c4e4/.conda/envs/ts310/lib/python3.10/site-packages/gym/envs/registration.py:595: UserWarning: [33mWARN: Overriding environment maze2d-open-dense-v0[0m
  logger.warn(f"Overriding environment {id}")
/home/jupyter-deuk-c4e4/.conda/envs/ts310/lib/python3.10/site-packages/gym/envs/registration.py:595: UserWarning: [33mWARN: Overriding environment maze2d-umaze-dense-v0[0m
  logger.warn(f"Overriding environment {id}")
/home/jupyter-deuk-c4e4/.conda/envs/ts310/lib/python3.10/site-packages/gym/envs/registration.py:595: UserWarning: [33mWARN: Overriding environment maze2d-medium-dense-v0[0m
  logger.warn(f"Overriding environment {id}")
/home/jupyter-deuk-c4e4/.conda/envs/ts310/lib/python3.10/site-packages/gym/envs/registration.py:595: UserWarning: [33mWARN: Overriding environment maze2d-large-dense-v0[0m
  logger.warn(f"Overriding environment {id}")
/home/jupyter-deuk-c4e4/.conda/envs/ts310/lib/python3.10/site-packages/gym/envs/registration.py:595: UserWarning: [33mWARN: Overriding environment maze2d-umaze-dense-v1[0m
  logger.warn(f"Overriding environment {id}")
/home/jupyter-deuk-c4e4/.conda/envs/ts310/lib/python3.10/site-packages/gym/envs/registration.py:595: UserWarning: [33mWARN: Overriding environment maze2d-medium-dense-v1[0m
  logger.warn(f"Overriding environment {id}")
/home/jupyter-deuk-c4e4/.conda/envs/ts310/lib/python3.10/site-packages/gym/envs/registration.py:595: UserWarning: [33mWARN: Overriding environment maze2d-large-dense-v1[0m
  logger.warn(f"Overriding environment {id}")
/home/jupyter-deuk-c4e4/.conda/envs/ts310/lib/python3.10/site-packages/gym/envs/registration.py:595: UserWarning: [33mWARN: Overriding environment maze2d-eval-umaze-dense-v1[0m
  logger.warn(f"Overriding environment {id}")
/home/jupyter-deuk-c4e4/.conda/envs/ts310/lib/python3.10/site-packages/gym/envs/registration.py:595: UserWarning: [33mWARN: Overriding environment maze2d-eval-medium-dense-v1[0m
  logger.warn(f"Overriding environment {id}")
/home/jupyter-deuk-c4e4/.conda/envs/ts310/lib/python3.10/site-packages/gym/envs/registration.py:595: UserWarning: [33mWARN: Overriding environment maze2d-eval-large-dense-v1[0m
  logger.warn(f"Overriding environment {id}")
/opt/dlami/nvme/home/jupyter-deuk-c4e4/temporal-straightening/custom_resolvers.py:4: UserWarning: 
The version_base parameter is not specified.
Please specify a compatability version level, or None.
Will assume defaults for version 1.1
  @hydra.main(config_path=None)
[2026-07-25 15:09:43,510][__main__][INFO] - Planning result saved dir: /opt/dlami/nvme/home/jupyter-deuk-c4e4/pusht-reproduction/straightening_reproduction/plan/gd_seed_300/chunk_10
/home/jupyter-deuk-c4e4/.conda/envs/ts310/lib/python3.10/site-packages/wandb/sdk/internal/internal_api.py:30: UserWarning: pkg_resources is deprecated as an API. See https://setuptools.pypa.io/en/latest/pkg_resources.html. The pkg_resources package is slated for removal as early as 2025-11-30. Refrain from using this package or pin to Setuptools<81.
  from pkg_resources import parse_version
Using cache found in /home/jupyter-deuk-c4e4/.cache/torch/hub/facebookresearch_dinov2_81b2b6419385
Loaded 18685 rollouts
Loaded 21 rollouts
[2026-07-25 15:09:46,016][dinov2][INFO] - using MLP layer as FFN
[2026-07-25 15:09:46,428][models.dino][WARNING] - Unknown projector 'none' for patch tokens; proceeding without projector.
Resuming from epoch 2: /home/jupyter-deuk-c4e4/pusht-reproduction/straightening_reproduction/test/pusht_aggmlpcos1e-1_agg32_projchannel_dim8_hw14_sgTrue_lr1e-05/checkpoints/model_2.pth
[2026-07-25 15:09:46,884][models.visual_world_model][INFO] - num_action_repeat: 1
[2026-07-25 15:09:46,884][models.visual_world_model][INFO] - num_proprio_repeat: 1
[2026-07-25 15:09:46,884][models.visual_world_model][INFO] - proprio encoder: ProprioceptiveEmbedding(
  (patch_embed): Conv1d(4, 10, kernel_size=(1,), stride=(1,))
  (norm): LayerNorm((10,), eps=1e-05, elementwise_affine=True)
)
[2026-07-25 15:09:46,884][models.visual_world_model][INFO] - action encoder: ProprioceptiveEmbedding(
  (patch_embed): Conv1d(10, 10, kernel_size=(1,), stride=(1,))
  (norm): LayerNorm((10,), eps=1e-05, elementwise_affine=True)
)
[2026-07-25 15:09:46,884][models.visual_world_model][INFO] - proprio_dim: 10, after repeat: 10
[2026-07-25 15:09:46,884][models.visual_world_model][INFO] - action_dim: 10, after repeat: 10
[2026-07-25 15:09:46,884][models.visual_world_model][INFO] - emb_dim: 28
[2026-07-25 15:09:46,884][models.visual_world_model][INFO] - Straightening disabled
[2026-07-25 15:09:46,884][models.visual_world_model][INFO] - Speed constancy disabled
[2026-07-25 15:09:46,884][models.visual_world_model][INFO] - Trajectory penalty disabled
[2026-07-25 15:09:46,884][models.visual_world_model][INFO] - Stop-grad enabled: True
[2026-07-25 15:09:46,884][models.visual_world_model][INFO] - VCReg enabled: False, apply_to=enc, std_coeff=0.0, cov_coeff=0.0
[2026-07-25 15:09:46,885][models.visual_world_model][INFO] - Model emb_dim: 28
[timing] setup_model_s=3.377
eval_seed:  [3001, 3301, 3601, 3901, 4201, 4501, 4801, 5101, 5401, 5701]
Dumped plan targets to /opt/dlami/nvme/home/jupyter-deuk-c4e4/pusht-reproduction/straightening_reproduction/plan/gd_seed_300/chunk_10/plan_targets.pkl
[timing] setup_workspace_s=6.319

MPC iter 0 Eval ------- 
Success rate:  0.6
{'success': array([ True, False, False, False,  True,  True,  True, False,  True,
        True]), 'state_dist': array([14.429623, 85.19505 , 76.66499 , 58.218414, 51.66118 ,  9.26688 ,
       12.488554, 63.129536, 26.425734, 75.681046], dtype=float32)}
self.is_success:  [ True False False False  True  True  True False  True  True]
Success rate:  0.6
{'success': array([ True, False, False, False,  True,  True,  True, False,  True,
        True]), 'state_dist': array([14.429623, 85.19505 , 76.66499 , 58.218414, 51.66118 ,  9.26688 ,
       12.488554, 63.129536, 26.425734, 75.681046], dtype=float32)}
[timing] perform_planning_s=22.795
[timing] total_planning_main_s=32.492
===== channel_on gd seed 300 chunk 20 (n_evals=10) =====
/home/jupyter-deuk-c4e4/.conda/envs/ts310/lib/python3.10/site-packages/wandb/sdk/internal/internal_api.py:30: UserWarning: pkg_resources is deprecated as an API. See https://setuptools.pypa.io/en/latest/pkg_resources.html. The pkg_resources package is slated for removal as early as 2025-11-30. Refrain from using this package or pin to Setuptools<81.
  from pkg_resources import parse_version
/home/jupyter-deuk-c4e4/.conda/envs/ts310/lib/python3.10/site-packages/pkg_resources/__init__.py:3148: DeprecationWarning: Deprecated call to `pkg_resources.declare_namespace('mpl_toolkits')`.
Implementing implicit namespace packages (as specified in PEP 420) is preferred to `pkg_resources.declare_namespace`. See https://setuptools.pypa.io/en/latest/references/keywords.html#keyword-namespace-packages
  declare_namespace(pkg)
/home/jupyter-deuk-c4e4/.conda/envs/ts310/lib/python3.10/site-packages/pkg_resources/__init__.py:3148: DeprecationWarning: Deprecated call to `pkg_resources.declare_namespace('google')`.
Implementing implicit namespace packages (as specified in PEP 420) is preferred to `pkg_resources.declare_namespace`. See https://setuptools.pypa.io/en/latest/references/keywords.html#keyword-namespace-packages
  declare_namespace(pkg)
/home/jupyter-deuk-c4e4/.conda/envs/ts310/lib/python3.10/site-packages/Cython/Distutils/old_build_ext.py:15: DeprecationWarning: dep_util is Deprecated. Use functions from setuptools instead.
  from distutils.dep_util import newer, newer_group
<frozen importlib._bootstrap>:283: DeprecationWarning: the load_module() method is deprecated and slated for removal in Python 3.12; use exec_module() instead
Warning: Mujoco-based envs failed to import. Set the environment variable D4RL_SUPPRESS_IMPORT_ERROR=1 to suppress this message.
No module named 'mjrl'
Warning: Flow failed to import. Set the environment variable D4RL_SUPPRESS_IMPORT_ERROR=1 to suppress this message.
No module named 'flow'
Warning: CARLA failed to import. Set the environment variable D4RL_SUPPRESS_IMPORT_ERROR=1 to suppress this message.
No module named 'carla'
pybullet build time: Jan 29 2025 23:16:28
/home/jupyter-deuk-c4e4/.conda/envs/ts310/lib/python3.10/site-packages/gym/envs/registration.py:595: UserWarning: [33mWARN: Overriding environment maze2d-open-v0[0m
  logger.warn(f"Overriding environment {id}")
/home/jupyter-deuk-c4e4/.conda/envs/ts310/lib/python3.10/site-packages/gym/envs/registration.py:595: UserWarning: [33mWARN: Overriding environment maze2d-umaze-v0[0m
  logger.warn(f"Overriding environment {id}")
/home/jupyter-deuk-c4e4/.conda/envs/ts310/lib/python3.10/site-packages/gym/envs/registration.py:595: UserWarning: [33mWARN: Overriding environment maze2d-medium-v0[0m
  logger.warn(f"Overriding environment {id}")
/home/jupyter-deuk-c4e4/.conda/envs/ts310/lib/python3.10/site-packages/gym/envs/registration.py:595: UserWarning: [33mWARN: Overriding environment maze2d-large-v0[0m
  logger.warn(f"Overriding environment {id}")
/home/jupyter-deuk-c4e4/.conda/envs/ts310/lib/python3.10/site-packages/gym/envs/registration.py:595: UserWarning: [33mWARN: Overriding environment maze2d-umaze-v1[0m
  logger.warn(f"Overriding environment {id}")
/home/jupyter-deuk-c4e4/.conda/envs/ts310/lib/python3.10/site-packages/gym/envs/registration.py:595: UserWarning: [33mWARN: Overriding environment maze2d-medium-v1[0m
  logger.warn(f"Overriding environment {id}")
/home/jupyter-deuk-c4e4/.conda/envs/ts310/lib/python3.10/site-packages/gym/envs/registration.py:595: UserWarning: [33mWARN: Overriding environment maze2d-large-v1[0m
  logger.warn(f"Overriding environment {id}")
/home/jupyter-deuk-c4e4/.conda/envs/ts310/lib/python3.10/site-packages/gym/envs/registration.py:595: UserWarning: [33mWARN: Overriding environment maze2d-eval-umaze-v1[0m
  logger.warn(f"Overriding environment {id}")
/home/jupyter-deuk-c4e4/.conda/envs/ts310/lib/python3.10/site-packages/gym/envs/registration.py:595: UserWarning: [33mWARN: Overriding environment maze2d-eval-medium-v1[0m
  logger.warn(f"Overriding environment {id}")
/home/jupyter-deuk-c4e4/.conda/envs/ts310/lib/python3.10/site-packages/gym/envs/registration.py:595: UserWarning: [33mWARN: Overriding environment maze2d-eval-large-v1[0m
  logger.warn(f"Overriding environment {id}")
/home/jupyter-deuk-c4e4/.conda/envs/ts310/lib/python3.10/site-packages/gym/envs/registration.py:595: UserWarning: [33mWARN: Overriding environment maze2d-open-dense-v0[0m
  logger.warn(f"Overriding environment {id}")
/home/jupyter-deuk-c4e4/.conda/envs/ts310/lib/python3.10/site-packages/gym/envs/registration.py:595: UserWarning: [33mWARN: Overriding environment maze2d-umaze-dense-v0[0m
  logger.warn(f"Overriding environment {id}")
/home/jupyter-deuk-c4e4/.conda/envs/ts310/lib/python3.10/site-packages/gym/envs/registration.py:595: UserWarning: [33mWARN: Overriding environment maze2d-medium-dense-v0[0m
  logger.warn(f"Overriding environment {id}")
/home/jupyter-deuk-c4e4/.conda/envs/ts310/lib/python3.10/site-packages/gym/envs/registration.py:595: UserWarning: [33mWARN: Overriding environment maze2d-large-dense-v0[0m
  logger.warn(f"Overriding environment {id}")
/home/jupyter-deuk-c4e4/.conda/envs/ts310/lib/python3.10/site-packages/gym/envs/registration.py:595: UserWarning: [33mWARN: Overriding environment maze2d-umaze-dense-v1[0m
  logger.warn(f"Overriding environment {id}")
/home/jupyter-deuk-c4e4/.conda/envs/ts310/lib/python3.10/site-packages/gym/envs/registration.py:595: UserWarning: [33mWARN: Overriding environment maze2d-medium-dense-v1[0m
  logger.warn(f"Overriding environment {id}")
/home/jupyter-deuk-c4e4/.conda/envs/ts310/lib/python3.10/site-packages/gym/envs/registration.py:595: UserWarning: [33mWARN: Overriding environment maze2d-large-dense-v1[0m
  logger.warn(f"Overriding environment {id}")
/home/jupyter-deuk-c4e4/.conda/envs/ts310/lib/python3.10/site-packages/gym/envs/registration.py:595: UserWarning: [33mWARN: Overriding environment maze2d-eval-umaze-dense-v1[0m
  logger.warn(f"Overriding environment {id}")
/home/jupyter-deuk-c4e4/.conda/envs/ts310/lib/python3.10/site-packages/gym/envs/registration.py:595: UserWarning: [33mWARN: Overriding environment maze2d-eval-medium-dense-v1[0m
  logger.warn(f"Overriding environment {id}")
/home/jupyter-deuk-c4e4/.conda/envs/ts310/lib/python3.10/site-packages/gym/envs/registration.py:595: UserWarning: [33mWARN: Overriding environment maze2d-eval-large-dense-v1[0m
  logger.warn(f"Overriding environment {id}")
/opt/dlami/nvme/home/jupyter-deuk-c4e4/temporal-straightening/custom_resolvers.py:4: UserWarning: 
The version_base parameter is not specified.
Please specify a compatability version level, or None.
Will assume defaults for version 1.1
  @hydra.main(config_path=None)
[2026-07-25 15:10:21,350][__main__][INFO] - Planning result saved dir: /opt/dlami/nvme/home/jupyter-deuk-c4e4/pusht-reproduction/straightening_reproduction/plan/gd_seed_300/chunk_20
/home/jupyter-deuk-c4e4/.conda/envs/ts310/lib/python3.10/site-packages/wandb/sdk/internal/internal_api.py:30: UserWarning: pkg_resources is deprecated as an API. See https://setuptools.pypa.io/en/latest/pkg_resources.html. The pkg_resources package is slated for removal as early as 2025-11-30. Refrain from using this package or pin to Setuptools<81.
  from pkg_resources import parse_version
Using cache found in /home/jupyter-deuk-c4e4/.cache/torch/hub/facebookresearch_dinov2_81b2b6419385
Loaded 18685 rollouts
Loaded 21 rollouts
[2026-07-25 15:10:23,857][dinov2][INFO] - using MLP layer as FFN
[2026-07-25 15:10:25,094][models.dino][WARNING] - Unknown projector 'none' for patch tokens; proceeding without projector.
Resuming from epoch 2: /home/jupyter-deuk-c4e4/pusht-reproduction/straightening_reproduction/test/pusht_aggmlpcos1e-1_agg32_projchannel_dim8_hw14_sgTrue_lr1e-05/checkpoints/model_2.pth
[2026-07-25 15:10:25,491][models.visual_world_model][INFO] - num_action_repeat: 1
[2026-07-25 15:10:25,491][models.visual_world_model][INFO] - num_proprio_repeat: 1
[2026-07-25 15:10:25,491][models.visual_world_model][INFO] - proprio encoder: ProprioceptiveEmbedding(
  (patch_embed): Conv1d(4, 10, kernel_size=(1,), stride=(1,))
  (norm): LayerNorm((10,), eps=1e-05, elementwise_affine=True)
)
[2026-07-25 15:10:25,491][models.visual_world_model][INFO] - action encoder: ProprioceptiveEmbedding(
  (patch_embed): Conv1d(10, 10, kernel_size=(1,), stride=(1,))
  (norm): LayerNorm((10,), eps=1e-05, elementwise_affine=True)
)
[2026-07-25 15:10:25,491][models.visual_world_model][INFO] - proprio_dim: 10, after repeat: 10
[2026-07-25 15:10:25,491][models.visual_world_model][INFO] - action_dim: 10, after repeat: 10
[2026-07-25 15:10:25,491][models.visual_world_model][INFO] - emb_dim: 28
[2026-07-25 15:10:25,491][models.visual_world_model][INFO] - Straightening disabled
[2026-07-25 15:10:25,491][models.visual_world_model][INFO] - Speed constancy disabled
[2026-07-25 15:10:25,491][models.visual_world_model][INFO] - Trajectory penalty disabled
[2026-07-25 15:10:25,491][models.visual_world_model][INFO] - Stop-grad enabled: True
[2026-07-25 15:10:25,491][models.visual_world_model][INFO] - VCReg enabled: False, apply_to=enc, std_coeff=0.0, cov_coeff=0.0
[2026-07-25 15:10:25,492][models.visual_world_model][INFO] - Model emb_dim: 28
[timing] setup_model_s=4.143
eval_seed:  [6001, 6301, 6601, 6901, 7201, 7501, 7801, 8101, 8401, 8701]
Dumped plan targets to /opt/dlami/nvme/home/jupyter-deuk-c4e4/pusht-reproduction/straightening_reproduction/plan/gd_seed_300/chunk_20/plan_targets.pkl
[timing] setup_workspace_s=6.949

MPC iter 0 Eval ------- 
Success rate:  1.0
{'success': array([ True,  True,  True,  True,  True,  True,  True,  True,  True,
        True]), 'state_dist': array([15.982247, 40.22694 , 17.929546, 16.607038, 27.700834, 46.460407,
       10.783076, 19.028473, 48.215607,  8.819472], dtype=float32)}
self.is_success:  [ True  True  True  True  True  True  True  True  True  True]
Success rate:  1.0
{'success': array([ True,  True,  True,  True,  True,  True,  True,  True,  True,
        True]), 'state_dist': array([15.982247, 40.22694 , 17.929546, 16.607038, 27.700834, 46.460407,
       10.783076, 19.028473, 48.215607,  8.819472], dtype=float32)}
[timing] perform_planning_s=22.985
[timing] total_planning_main_s=34.077
===== channel_on gd seed 300 chunk 30 (n_evals=10) =====
/home/jupyter-deuk-c4e4/.conda/envs/ts310/lib/python3.10/site-packages/wandb/sdk/internal/internal_api.py:30: UserWarning: pkg_resources is deprecated as an API. See https://setuptools.pypa.io/en/latest/pkg_resources.html. The pkg_resources package is slated for removal as early as 2025-11-30. Refrain from using this package or pin to Setuptools<81.
  from pkg_resources import parse_version
/home/jupyter-deuk-c4e4/.conda/envs/ts310/lib/python3.10/site-packages/pkg_resources/__init__.py:3148: DeprecationWarning: Deprecated call to `pkg_resources.declare_namespace('mpl_toolkits')`.
Implementing implicit namespace packages (as specified in PEP 420) is preferred to `pkg_resources.declare_namespace`. See https://setuptools.pypa.io/en/latest/references/keywords.html#keyword-namespace-packages
  declare_namespace(pkg)
/home/jupyter-deuk-c4e4/.conda/envs/ts310/lib/python3.10/site-packages/pkg_resources/__init__.py:3148: DeprecationWarning: Deprecated call to `pkg_resources.declare_namespace('google')`.
Implementing implicit namespace packages (as specified in PEP 420) is preferred to `pkg_resources.declare_namespace`. See https://setuptools.pypa.io/en/latest/references/keywords.html#keyword-namespace-packages
  declare_namespace(pkg)
/home/jupyter-deuk-c4e4/.conda/envs/ts310/lib/python3.10/site-packages/Cython/Distutils/old_build_ext.py:15: DeprecationWarning: dep_util is Deprecated. Use functions from setuptools instead.
  from distutils.dep_util import newer, newer_group
<frozen importlib._bootstrap>:283: DeprecationWarning: the load_module() method is deprecated and slated for removal in Python 3.12; use exec_module() instead
Warning: Mujoco-based envs failed to import. Set the environment variable D4RL_SUPPRESS_IMPORT_ERROR=1 to suppress this message.
No module named 'mjrl'
Warning: Flow failed to import. Set the environment variable D4RL_SUPPRESS_IMPORT_ERROR=1 to suppress this message.
No module named 'flow'
Warning: CARLA failed to import. Set the environment variable D4RL_SUPPRESS_IMPORT_ERROR=1 to suppress this message.
No module named 'carla'
pybullet build time: Jan 29 2025 23:16:28
/home/jupyter-deuk-c4e4/.conda/envs/ts310/lib/python3.10/site-packages/gym/envs/registration.py:595: UserWarning: [33mWARN: Overriding environment maze2d-open-v0[0m
  logger.warn(f"Overriding environment {id}")
/home/jupyter-deuk-c4e4/.conda/envs/ts310/lib/python3.10/site-packages/gym/envs/registration.py:595: UserWarning: [33mWARN: Overriding environment maze2d-umaze-v0[0m
  logger.warn(f"Overriding environment {id}")
/home/jupyter-deuk-c4e4/.conda/envs/ts310/lib/python3.10/site-packages/gym/envs/registration.py:595: UserWarning: [33mWARN: Overriding environment maze2d-medium-v0[0m
  logger.warn(f"Overriding environment {id}")
/home/jupyter-deuk-c4e4/.conda/envs/ts310/lib/python3.10/site-packages/gym/envs/registration.py:595: UserWarning: [33mWARN: Overriding environment maze2d-large-v0[0m
  logger.warn(f"Overriding environment {id}")
/home/jupyter-deuk-c4e4/.conda/envs/ts310/lib/python3.10/site-packages/gym/envs/registration.py:595: UserWarning: [33mWARN: Overriding environment maze2d-umaze-v1[0m
  logger.warn(f"Overriding environment {id}")
/home/jupyter-deuk-c4e4/.conda/envs/ts310/lib/python3.10/site-packages/gym/envs/registration.py:595: UserWarning: [33mWARN: Overriding environment maze2d-medium-v1[0m
  logger.warn(f"Overriding environment {id}")
/home/jupyter-deuk-c4e4/.conda/envs/ts310/lib/python3.10/site-packages/gym/envs/registration.py:595: UserWarning: [33mWARN: Overriding environment maze2d-large-v1[0m
  logger.warn(f"Overriding environment {id}")
/home/jupyter-deuk-c4e4/.conda/envs/ts310/lib/python3.10/site-packages/gym/envs/registration.py:595: UserWarning: [33mWARN: Overriding environment maze2d-eval-umaze-v1[0m
  logger.warn(f"Overriding environment {id}")
/home/jupyter-deuk-c4e4/.conda/envs/ts310/lib/python3.10/site-packages/gym/envs/registration.py:595: UserWarning: [33mWARN: Overriding environment maze2d-eval-medium-v1[0m
  logger.warn(f"Overriding environment {id}")
/home/jupyter-deuk-c4e4/.conda/envs/ts310/lib/python3.10/site-packages/gym/envs/registration.py:595: UserWarning: [33mWARN: Overriding environment maze2d-eval-large-v1[0m
  logger.warn(f"Overriding environment {id}")
/home/jupyter-deuk-c4e4/.conda/envs/ts310/lib/python3.10/site-packages/gym/envs/registration.py:595: UserWarning: [33mWARN: Overriding environment maze2d-open-dense-v0[0m
  logger.warn(f"Overriding environment {id}")
/home/jupyter-deuk-c4e4/.conda/envs/ts310/lib/python3.10/site-packages/gym/envs/registration.py:595: UserWarning: [33mWARN: Overriding environment maze2d-umaze-dense-v0[0m
  logger.warn(f"Overriding environment {id}")
/home/jupyter-deuk-c4e4/.conda/envs/ts310/lib/python3.10/site-packages/gym/envs/registration.py:595: UserWarning: [33mWARN: Overriding environment maze2d-medium-dense-v0[0m
  logger.warn(f"Overriding environment {id}")
/home/jupyter-deuk-c4e4/.conda/envs/ts310/lib/python3.10/site-packages/gym/envs/registration.py:595: UserWarning: [33mWARN: Overriding environment maze2d-large-dense-v0[0m
  logger.warn(f"Overriding environment {id}")
/home/jupyter-deuk-c4e4/.conda/envs/ts310/lib/python3.10/site-packages/gym/envs/registration.py:595: UserWarning: [33mWARN: Overriding environment maze2d-umaze-dense-v1[0m
  logger.warn(f"Overriding environment {id}")
/home/jupyter-deuk-c4e4/.conda/envs/ts310/lib/python3.10/site-packages/gym/envs/registration.py:595: UserWarning: [33mWARN: Overriding environment maze2d-medium-dense-v1[0m
  logger.warn(f"Overriding environment {id}")
/home/jupyter-deuk-c4e4/.conda/envs/ts310/lib/python3.10/site-packages/gym/envs/registration.py:595: UserWarning: [33mWARN: Overriding environment maze2d-large-dense-v1[0m
  logger.warn(f"Overriding environment {id}")
/home/jupyter-deuk-c4e4/.conda/envs/ts310/lib/python3.10/site-packages/gym/envs/registration.py:595: UserWarning: [33mWARN: Overriding environment maze2d-eval-umaze-dense-v1[0m
  logger.warn(f"Overriding environment {id}")
/home/jupyter-deuk-c4e4/.conda/envs/ts310/lib/python3.10/site-packages/gym/envs/registration.py:595: UserWarning: [33mWARN: Overriding environment maze2d-eval-medium-dense-v1[0m
  logger.warn(f"Overriding environment {id}")
/home/jupyter-deuk-c4e4/.conda/envs/ts310/lib/python3.10/site-packages/gym/envs/registration.py:595: UserWarning: [33mWARN: Overriding environment maze2d-eval-large-dense-v1[0m
  logger.warn(f"Overriding environment {id}")
/opt/dlami/nvme/home/jupyter-deuk-c4e4/temporal-straightening/custom_resolvers.py:4: UserWarning: 
The version_base parameter is not specified.
Please specify a compatability version level, or None.
Will assume defaults for version 1.1
  @hydra.main(config_path=None)
[2026-07-25 15:11:00,934][__main__][INFO] - Planning result saved dir: /opt/dlami/nvme/home/jupyter-deuk-c4e4/pusht-reproduction/straightening_reproduction/plan/gd_seed_300/chunk_30
/home/jupyter-deuk-c4e4/.conda/envs/ts310/lib/python3.10/site-packages/wandb/sdk/internal/internal_api.py:30: UserWarning: pkg_resources is deprecated as an API. See https://setuptools.pypa.io/en/latest/pkg_resources.html. The pkg_resources package is slated for removal as early as 2025-11-30. Refrain from using this package or pin to Setuptools<81.
  from pkg_resources import parse_version
Using cache found in /home/jupyter-deuk-c4e4/.cache/torch/hub/facebookresearch_dinov2_81b2b6419385
Loaded 18685 rollouts
Loaded 21 rollouts
[2026-07-25 15:11:03,477][dinov2][INFO] - using MLP layer as FFN
[2026-07-25 15:11:03,859][models.dino][WARNING] - Unknown projector 'none' for patch tokens; proceeding without projector.
Resuming from epoch 2: /home/jupyter-deuk-c4e4/pusht-reproduction/straightening_reproduction/test/pusht_aggmlpcos1e-1_agg32_projchannel_dim8_hw14_sgTrue_lr1e-05/checkpoints/model_2.pth
[2026-07-25 15:11:04,215][models.visual_world_model][INFO] - num_action_repeat: 1
[2026-07-25 15:11:04,215][models.visual_world_model][INFO] - num_proprio_repeat: 1
[2026-07-25 15:11:04,215][models.visual_world_model][INFO] - proprio encoder: ProprioceptiveEmbedding(
  (patch_embed): Conv1d(4, 10, kernel_size=(1,), stride=(1,))
  (norm): LayerNorm((10,), eps=1e-05, elementwise_affine=True)
)
[2026-07-25 15:11:04,216][models.visual_world_model][INFO] - action encoder: ProprioceptiveEmbedding(
  (patch_embed): Conv1d(10, 10, kernel_size=(1,), stride=(1,))
  (norm): LayerNorm((10,), eps=1e-05, elementwise_affine=True)
)
[2026-07-25 15:11:04,216][models.visual_world_model][INFO] - proprio_dim: 10, after repeat: 10
[2026-07-25 15:11:04,216][models.visual_world_model][INFO] - action_dim: 10, after repeat: 10
[2026-07-25 15:11:04,216][models.visual_world_model][INFO] - emb_dim: 28
[2026-07-25 15:11:04,216][models.visual_world_model][INFO] - Straightening disabled
[2026-07-25 15:11:04,216][models.visual_world_model][INFO] - Speed constancy disabled
[2026-07-25 15:11:04,216][models.visual_world_model][INFO] - Trajectory penalty disabled
[2026-07-25 15:11:04,216][models.visual_world_model][INFO] - Stop-grad enabled: True
[2026-07-25 15:11:04,216][models.visual_world_model][INFO] - VCReg enabled: False, apply_to=enc, std_coeff=0.0, cov_coeff=0.0
[2026-07-25 15:11:04,216][models.visual_world_model][INFO] - Model emb_dim: 28
[timing] setup_model_s=3.286
eval_seed:  [9001, 9301, 9601, 9901, 10201, 10501, 10801, 11101, 11401, 11701]
Dumped plan targets to /opt/dlami/nvme/home/jupyter-deuk-c4e4/pusht-reproduction/straightening_reproduction/plan/gd_seed_300/chunk_30/plan_targets.pkl
[timing] setup_workspace_s=7.178

MPC iter 0 Eval ------- 
Success rate:  0.8
{'success': array([False,  True,  True,  True,  True,  True,  True,  True, False,
        True]), 'state_dist': array([137.68639  ,  21.811897 ,  32.789707 ,  48.046722 ,   6.806306 ,
        73.93774  ,  15.1189165,  22.41059  , 144.15054  ,  22.28424  ],
      dtype=float32)}
self.is_success:  [False  True  True  True  True  True  True  True False  True]
Success rate:  0.8
{'success': array([False,  True,  True,  True,  True,  True,  True,  True, False,
        True]), 'state_dist': array([137.68639  ,  21.811897 ,  32.789707 ,  48.046722 ,   6.806306 ,
        73.93774  ,  15.1189165,  22.41059  , 144.15054  ,  22.28424  ],
      dtype=float32)}
[timing] perform_planning_s=22.833
[timing] total_planning_main_s=33.297
===== channel_on gd seed 300 chunk 40 (n_evals=10) =====
/home/jupyter-deuk-c4e4/.conda/envs/ts310/lib/python3.10/site-packages/wandb/sdk/internal/internal_api.py:30: UserWarning: pkg_resources is deprecated as an API. See https://setuptools.pypa.io/en/latest/pkg_resources.html. The pkg_resources package is slated for removal as early as 2025-11-30. Refrain from using this package or pin to Setuptools<81.
  from pkg_resources import parse_version
/home/jupyter-deuk-c4e4/.conda/envs/ts310/lib/python3.10/site-packages/pkg_resources/__init__.py:3148: DeprecationWarning: Deprecated call to `pkg_resources.declare_namespace('mpl_toolkits')`.
Implementing implicit namespace packages (as specified in PEP 420) is preferred to `pkg_resources.declare_namespace`. See https://setuptools.pypa.io/en/latest/references/keywords.html#keyword-namespace-packages
  declare_namespace(pkg)
/home/jupyter-deuk-c4e4/.conda/envs/ts310/lib/python3.10/site-packages/pkg_resources/__init__.py:3148: DeprecationWarning: Deprecated call to `pkg_resources.declare_namespace('google')`.
Implementing implicit namespace packages (as specified in PEP 420) is preferred to `pkg_resources.declare_namespace`. See https://setuptools.pypa.io/en/latest/references/keywords.html#keyword-namespace-packages
  declare_namespace(pkg)
/home/jupyter-deuk-c4e4/.conda/envs/ts310/lib/python3.10/site-packages/Cython/Distutils/old_build_ext.py:15: DeprecationWarning: dep_util is Deprecated. Use functions from setuptools instead.
  from distutils.dep_util import newer, newer_group
<frozen importlib._bootstrap>:283: DeprecationWarning: the load_module() method is deprecated and slated for removal in Python 3.12; use exec_module() instead
Warning: Mujoco-based envs failed to import. Set the environment variable D4RL_SUPPRESS_IMPORT_ERROR=1 to suppress this message.
No module named 'mjrl'
Warning: Flow failed to import. Set the environment variable D4RL_SUPPRESS_IMPORT_ERROR=1 to suppress this message.
No module named 'flow'
Warning: CARLA failed to import. Set the environment variable D4RL_SUPPRESS_IMPORT_ERROR=1 to suppress this message.
No module named 'carla'
pybullet build time: Jan 29 2025 23:16:28
/home/jupyter-deuk-c4e4/.conda/envs/ts310/lib/python3.10/site-packages/gym/envs/registration.py:595: UserWarning: [33mWARN: Overriding environment maze2d-open-v0[0m
  logger.warn(f"Overriding environment {id}")
/home/jupyter-deuk-c4e4/.conda/envs/ts310/lib/python3.10/site-packages/gym/envs/registration.py:595: UserWarning: [33mWARN: Overriding environment maze2d-umaze-v0[0m
  logger.warn(f"Overriding environment {id}")
/home/jupyter-deuk-c4e4/.conda/envs/ts310/lib/python3.10/site-packages/gym/envs/registration.py:595: UserWarning: [33mWARN: Overriding environment maze2d-medium-v0[0m
  logger.warn(f"Overriding environment {id}")
/home/jupyter-deuk-c4e4/.conda/envs/ts310/lib/python3.10/site-packages/gym/envs/registration.py:595: UserWarning: [33mWARN: Overriding environment maze2d-large-v0[0m
  logger.warn(f"Overriding environment {id}")
/home/jupyter-deuk-c4e4/.conda/envs/ts310/lib/python3.10/site-packages/gym/envs/registration.py:595: UserWarning: [33mWARN: Overriding environment maze2d-umaze-v1[0m
  logger.warn(f"Overriding environment {id}")
/home/jupyter-deuk-c4e4/.conda/envs/ts310/lib/python3.10/site-packages/gym/envs/registration.py:595: UserWarning: [33mWARN: Overriding environment maze2d-medium-v1[0m
  logger.warn(f"Overriding environment {id}")
/home/jupyter-deuk-c4e4/.conda/envs/ts310/lib/python3.10/site-packages/gym/envs/registration.py:595: UserWarning: [33mWARN: Overriding environment maze2d-large-v1[0m
  logger.warn(f"Overriding environment {id}")
/home/jupyter-deuk-c4e4/.conda/envs/ts310/lib/python3.10/site-packages/gym/envs/registration.py:595: UserWarning: [33mWARN: Overriding environment maze2d-eval-umaze-v1[0m
  logger.warn(f"Overriding environment {id}")
/home/jupyter-deuk-c4e4/.conda/envs/ts310/lib/python3.10/site-packages/gym/envs/registration.py:595: UserWarning: [33mWARN: Overriding environment maze2d-eval-medium-v1[0m
  logger.warn(f"Overriding environment {id}")
/home/jupyter-deuk-c4e4/.conda/envs/ts310/lib/python3.10/site-packages/gym/envs/registration.py:595: UserWarning: [33mWARN: Overriding environment maze2d-eval-large-v1[0m
  logger.warn(f"Overriding environment {id}")
/home/jupyter-deuk-c4e4/.conda/envs/ts310/lib/python3.10/site-packages/gym/envs/registration.py:595: UserWarning: [33mWARN: Overriding environment maze2d-open-dense-v0[0m
  logger.warn(f"Overriding environment {id}")
/home/jupyter-deuk-c4e4/.conda/envs/ts310/lib/python3.10/site-packages/gym/envs/registration.py:595: UserWarning: [33mWARN: Overriding environment maze2d-umaze-dense-v0[0m
  logger.warn(f"Overriding environment {id}")
/home/jupyter-deuk-c4e4/.conda/envs/ts310/lib/python3.10/site-packages/gym/envs/registration.py:595: UserWarning: [33mWARN: Overriding environment maze2d-medium-dense-v0[0m
  logger.warn(f"Overriding environment {id}")
/home/jupyter-deuk-c4e4/.conda/envs/ts310/lib/python3.10/site-packages/gym/envs/registration.py:595: UserWarning: [33mWARN: Overriding environment maze2d-large-dense-v0[0m
  logger.warn(f"Overriding environment {id}")
/home/jupyter-deuk-c4e4/.conda/envs/ts310/lib/python3.10/site-packages/gym/envs/registration.py:595: UserWarning: [33mWARN: Overriding environment maze2d-umaze-dense-v1[0m
  logger.warn(f"Overriding environment {id}")
/home/jupyter-deuk-c4e4/.conda/envs/ts310/lib/python3.10/site-packages/gym/envs/registration.py:595: UserWarning: [33mWARN: Overriding environment maze2d-medium-dense-v1[0m
  logger.warn(f"Overriding environment {id}")
/home/jupyter-deuk-c4e4/.conda/envs/ts310/lib/python3.10/site-packages/gym/envs/registration.py:595: UserWarning: [33mWARN: Overriding environment maze2d-large-dense-v1[0m
  logger.warn(f"Overriding environment {id}")
/home/jupyter-deuk-c4e4/.conda/envs/ts310/lib/python3.10/site-packages/gym/envs/registration.py:595: UserWarning: [33mWARN: Overriding environment maze2d-eval-umaze-dense-v1[0m
  logger.warn(f"Overriding environment {id}")
/home/jupyter-deuk-c4e4/.conda/envs/ts310/lib/python3.10/site-packages/gym/envs/registration.py:595: UserWarning: [33mWARN: Overriding environment maze2d-eval-medium-dense-v1[0m
  logger.warn(f"Overriding environment {id}")
/home/jupyter-deuk-c4e4/.conda/envs/ts310/lib/python3.10/site-packages/gym/envs/registration.py:595: UserWarning: [33mWARN: Overriding environment maze2d-eval-large-dense-v1[0m
  logger.warn(f"Overriding environment {id}")
/opt/dlami/nvme/home/jupyter-deuk-c4e4/temporal-straightening/custom_resolvers.py:4: UserWarning: 
The version_base parameter is not specified.
Please specify a compatability version level, or None.
Will assume defaults for version 1.1
  @hydra.main(config_path=None)
[2026-07-25 15:11:39,577][__main__][INFO] - Planning result saved dir: /opt/dlami/nvme/home/jupyter-deuk-c4e4/pusht-reproduction/straightening_reproduction/plan/gd_seed_300/chunk_40
/home/jupyter-deuk-c4e4/.conda/envs/ts310/lib/python3.10/site-packages/wandb/sdk/internal/internal_api.py:30: UserWarning: pkg_resources is deprecated as an API. See https://setuptools.pypa.io/en/latest/pkg_resources.html. The pkg_resources package is slated for removal as early as 2025-11-30. Refrain from using this package or pin to Setuptools<81.
  from pkg_resources import parse_version
Using cache found in /home/jupyter-deuk-c4e4/.cache/torch/hub/facebookresearch_dinov2_81b2b6419385
Loaded 18685 rollouts
Loaded 21 rollouts
[2026-07-25 15:11:42,098][dinov2][INFO] - using MLP layer as FFN
[2026-07-25 15:11:42,558][models.dino][WARNING] - Unknown projector 'none' for patch tokens; proceeding without projector.
Resuming from epoch 2: /home/jupyter-deuk-c4e4/pusht-reproduction/straightening_reproduction/test/pusht_aggmlpcos1e-1_agg32_projchannel_dim8_hw14_sgTrue_lr1e-05/checkpoints/model_2.pth
[2026-07-25 15:11:42,954][models.visual_world_model][INFO] - num_action_repeat: 1
[2026-07-25 15:11:42,954][models.visual_world_model][INFO] - num_proprio_repeat: 1
[2026-07-25 15:11:42,954][models.visual_world_model][INFO] - proprio encoder: ProprioceptiveEmbedding(
  (patch_embed): Conv1d(4, 10, kernel_size=(1,), stride=(1,))
  (norm): LayerNorm((10,), eps=1e-05, elementwise_affine=True)
)
[2026-07-25 15:11:42,954][models.visual_world_model][INFO] - action encoder: ProprioceptiveEmbedding(
  (patch_embed): Conv1d(10, 10, kernel_size=(1,), stride=(1,))
  (norm): LayerNorm((10,), eps=1e-05, elementwise_affine=True)
)
[2026-07-25 15:11:42,955][models.visual_world_model][INFO] - proprio_dim: 10, after repeat: 10
[2026-07-25 15:11:42,955][models.visual_world_model][INFO] - action_dim: 10, after repeat: 10
[2026-07-25 15:11:42,955][models.visual_world_model][INFO] - emb_dim: 28
[2026-07-25 15:11:42,955][models.visual_world_model][INFO] - Straightening disabled
[2026-07-25 15:11:42,955][models.visual_world_model][INFO] - Speed constancy disabled
[2026-07-25 15:11:42,955][models.visual_world_model][INFO] - Trajectory penalty disabled
[2026-07-25 15:11:42,955][models.visual_world_model][INFO] - Stop-grad enabled: True
[2026-07-25 15:11:42,955][models.visual_world_model][INFO] - VCReg enabled: False, apply_to=enc, std_coeff=0.0, cov_coeff=0.0
[2026-07-25 15:11:42,955][models.visual_world_model][INFO] - Model emb_dim: 28
[timing] setup_model_s=3.380
eval_seed:  [12001, 12301, 12601, 12901, 13201, 13501, 13801, 14101, 14401, 14701]
Dumped plan targets to /opt/dlami/nvme/home/jupyter-deuk-c4e4/pusht-reproduction/straightening_reproduction/plan/gd_seed_300/chunk_40/plan_targets.pkl
[timing] setup_workspace_s=7.834

MPC iter 0 Eval ------- 
Success rate:  0.8
{'success': array([ True, False,  True,  True,  True,  True,  True, False,  True,
        True]), 'state_dist': array([ 18.8952  ,  93.150246,  48.559216,  70.44343 ,   6.590298,
        60.65143 ,  69.65221 , 140.7887  ,   6.440677,  19.959951],
      dtype=float32)}
self.is_success:  [ True False  True  True  True  True  True False  True  True]
Success rate:  0.8
{'success': array([ True, False,  True,  True,  True,  True,  True, False,  True,
        True]), 'state_dist': array([ 18.8952  ,  93.150246,  48.559216,  70.44343 ,   6.590298,
        60.65143 ,  69.65221 , 140.7887  ,   6.440677,  19.959951],
      dtype=float32)}
[timing] perform_planning_s=23.033
[timing] total_planning_main_s=34.246
===== channel_on mpc seed 100 chunk 00 (n_evals=10) =====
/home/jupyter-deuk-c4e4/.conda/envs/ts310/lib/python3.10/site-packages/wandb/sdk/internal/internal_api.py:30: UserWarning: pkg_resources is deprecated as an API. See https://setuptools.pypa.io/en/latest/pkg_resources.html. The pkg_resources package is slated for removal as early as 2025-11-30. Refrain from using this package or pin to Setuptools<81.
  from pkg_resources import parse_version
/home/jupyter-deuk-c4e4/.conda/envs/ts310/lib/python3.10/site-packages/pkg_resources/__init__.py:3148: DeprecationWarning: Deprecated call to `pkg_resources.declare_namespace('mpl_toolkits')`.
Implementing implicit namespace packages (as specified in PEP 420) is preferred to `pkg_resources.declare_namespace`. See https://setuptools.pypa.io/en/latest/references/keywords.html#keyword-namespace-packages
  declare_namespace(pkg)
/home/jupyter-deuk-c4e4/.conda/envs/ts310/lib/python3.10/site-packages/pkg_resources/__init__.py:3148: DeprecationWarning: Deprecated call to `pkg_resources.declare_namespace('google')`.
Implementing implicit namespace packages (as specified in PEP 420) is preferred to `pkg_resources.declare_namespace`. See https://setuptools.pypa.io/en/latest/references/keywords.html#keyword-namespace-packages
  declare_namespace(pkg)
/home/jupyter-deuk-c4e4/.conda/envs/ts310/lib/python3.10/site-packages/Cython/Distutils/old_build_ext.py:15: DeprecationWarning: dep_util is Deprecated. Use functions from setuptools instead.
  from distutils.dep_util import newer, newer_group
<frozen importlib._bootstrap>:283: DeprecationWarning: the load_module() method is deprecated and slated for removal in Python 3.12; use exec_module() instead
Warning: Mujoco-based envs failed to import. Set the environment variable D4RL_SUPPRESS_IMPORT_ERROR=1 to suppress this message.
No module named 'mjrl'
Warning: Flow failed to import. Set the environment variable D4RL_SUPPRESS_IMPORT_ERROR=1 to suppress this message.
No module named 'flow'
Warning: CARLA failed to import. Set the environment variable D4RL_SUPPRESS_IMPORT_ERROR=1 to suppress this message.
No module named 'carla'
pybullet build time: Jan 29 2025 23:16:28
/home/jupyter-deuk-c4e4/.conda/envs/ts310/lib/python3.10/site-packages/gym/envs/registration.py:595: UserWarning: [33mWARN: Overriding environment maze2d-open-v0[0m
  logger.warn(f"Overriding environment {id}")
/home/jupyter-deuk-c4e4/.conda/envs/ts310/lib/python3.10/site-packages/gym/envs/registration.py:595: UserWarning: [33mWARN: Overriding environment maze2d-umaze-v0[0m
  logger.warn(f"Overriding environment {id}")
/home/jupyter-deuk-c4e4/.conda/envs/ts310/lib/python3.10/site-packages/gym/envs/registration.py:595: UserWarning: [33mWARN: Overriding environment maze2d-medium-v0[0m
  logger.warn(f"Overriding environment {id}")
/home/jupyter-deuk-c4e4/.conda/envs/ts310/lib/python3.10/site-packages/gym/envs/registration.py:595: UserWarning: [33mWARN: Overriding environment maze2d-large-v0[0m
  logger.warn(f"Overriding environment {id}")
/home/jupyter-deuk-c4e4/.conda/envs/ts310/lib/python3.10/site-packages/gym/envs/registration.py:595: UserWarning: [33mWARN: Overriding environment maze2d-umaze-v1[0m
  logger.warn(f"Overriding environment {id}")
/home/jupyter-deuk-c4e4/.conda/envs/ts310/lib/python3.10/site-packages/gym/envs/registration.py:595: UserWarning: [33mWARN: Overriding environment maze2d-medium-v1[0m
  logger.warn(f"Overriding environment {id}")
/home/jupyter-deuk-c4e4/.conda/envs/ts310/lib/python3.10/site-packages/gym/envs/registration.py:595: UserWarning: [33mWARN: Overriding environment maze2d-large-v1[0m
  logger.warn(f"Overriding environment {id}")
/home/jupyter-deuk-c4e4/.conda/envs/ts310/lib/python3.10/site-packages/gym/envs/registration.py:595: UserWarning: [33mWARN: Overriding environment maze2d-eval-umaze-v1[0m
  logger.warn(f"Overriding environment {id}")
/home/jupyter-deuk-c4e4/.conda/envs/ts310/lib/python3.10/site-packages/gym/envs/registration.py:595: UserWarning: [33mWARN: Overriding environment maze2d-eval-medium-v1[0m
  logger.warn(f"Overriding environment {id}")
/home/jupyter-deuk-c4e4/.conda/envs/ts310/lib/python3.10/site-packages/gym/envs/registration.py:595: UserWarning: [33mWARN: Overriding environment maze2d-eval-large-v1[0m
  logger.warn(f"Overriding environment {id}")
/home/jupyter-deuk-c4e4/.conda/envs/ts310/lib/python3.10/site-packages/gym/envs/registration.py:595: UserWarning: [33mWARN: Overriding environment maze2d-open-dense-v0[0m
  logger.warn(f"Overriding environment {id}")
/home/jupyter-deuk-c4e4/.conda/envs/ts310/lib/python3.10/site-packages/gym/envs/registration.py:595: UserWarning: [33mWARN: Overriding environment maze2d-umaze-dense-v0[0m
  logger.warn(f"Overriding environment {id}")
/home/jupyter-deuk-c4e4/.conda/envs/ts310/lib/python3.10/site-packages/gym/envs/registration.py:595: UserWarning: [33mWARN: Overriding environment maze2d-medium-dense-v0[0m
  logger.warn(f"Overriding environment {id}")
/home/jupyter-deuk-c4e4/.conda/envs/ts310/lib/python3.10/site-packages/gym/envs/registration.py:595: UserWarning: [33mWARN: Overriding environment maze2d-large-dense-v0[0m
  logger.warn(f"Overriding environment {id}")
/home/jupyter-deuk-c4e4/.conda/envs/ts310/lib/python3.10/site-packages/gym/envs/registration.py:595: UserWarning: [33mWARN: Overriding environment maze2d-umaze-dense-v1[0m
  logger.warn(f"Overriding environment {id}")
/home/jupyter-deuk-c4e4/.conda/envs/ts310/lib/python3.10/site-packages/gym/envs/registration.py:595: UserWarning: [33mWARN: Overriding environment maze2d-medium-dense-v1[0m
  logger.warn(f"Overriding environment {id}")
/home/jupyter-deuk-c4e4/.conda/envs/ts310/lib/python3.10/site-packages/gym/envs/registration.py:595: UserWarning: [33mWARN: Overriding environment maze2d-large-dense-v1[0m
  logger.warn(f"Overriding environment {id}")
/home/jupyter-deuk-c4e4/.conda/envs/ts310/lib/python3.10/site-packages/gym/envs/registration.py:595: UserWarning: [33mWARN: Overriding environment maze2d-eval-umaze-dense-v1[0m
  logger.warn(f"Overriding environment {id}")
/home/jupyter-deuk-c4e4/.conda/envs/ts310/lib/python3.10/site-packages/gym/envs/registration.py:595: UserWarning: [33mWARN: Overriding environment maze2d-eval-medium-dense-v1[0m
  logger.warn(f"Overriding environment {id}")
/home/jupyter-deuk-c4e4/.conda/envs/ts310/lib/python3.10/site-packages/gym/envs/registration.py:595: UserWarning: [33mWARN: Overriding environment maze2d-eval-large-dense-v1[0m
  logger.warn(f"Overriding environment {id}")
/opt/dlami/nvme/home/jupyter-deuk-c4e4/temporal-straightening/custom_resolvers.py:4: UserWarning: 
The version_base parameter is not specified.
Please specify a compatability version level, or None.
Will assume defaults for version 1.1
  @hydra.main(config_path=None)
[2026-07-25 15:12:19,773][__main__][INFO] - Planning result saved dir: /opt/dlami/nvme/home/jupyter-deuk-c4e4/pusht-reproduction/straightening_reproduction/plan/mpc_seed_100/chunk_00
/home/jupyter-deuk-c4e4/.conda/envs/ts310/lib/python3.10/site-packages/wandb/sdk/internal/internal_api.py:30: UserWarning: pkg_resources is deprecated as an API. See https://setuptools.pypa.io/en/latest/pkg_resources.html. The pkg_resources package is slated for removal as early as 2025-11-30. Refrain from using this package or pin to Setuptools<81.
  from pkg_resources import parse_version
Using cache found in /home/jupyter-deuk-c4e4/.cache/torch/hub/facebookresearch_dinov2_81b2b6419385
Loaded 18685 rollouts
Loaded 21 rollouts
[2026-07-25 15:12:22,295][dinov2][INFO] - using MLP layer as FFN
[2026-07-25 15:12:23,205][models.dino][WARNING] - Unknown projector 'none' for patch tokens; proceeding without projector.
Resuming from epoch 2: /home/jupyter-deuk-c4e4/pusht-reproduction/straightening_reproduction/test/pusht_aggmlpcos1e-1_agg32_projchannel_dim8_hw14_sgTrue_lr1e-05/checkpoints/model_2.pth
[2026-07-25 15:12:23,595][models.visual_world_model][INFO] - num_action_repeat: 1
[2026-07-25 15:12:23,595][models.visual_world_model][INFO] - num_proprio_repeat: 1
[2026-07-25 15:12:23,595][models.visual_world_model][INFO] - proprio encoder: ProprioceptiveEmbedding(
  (patch_embed): Conv1d(4, 10, kernel_size=(1,), stride=(1,))
  (norm): LayerNorm((10,), eps=1e-05, elementwise_affine=True)
)
[2026-07-25 15:12:23,596][models.visual_world_model][INFO] - action encoder: ProprioceptiveEmbedding(
  (patch_embed): Conv1d(10, 10, kernel_size=(1,), stride=(1,))
  (norm): LayerNorm((10,), eps=1e-05, elementwise_affine=True)
)
[2026-07-25 15:12:23,596][models.visual_world_model][INFO] - proprio_dim: 10, after repeat: 10
[2026-07-25 15:12:23,596][models.visual_world_model][INFO] - action_dim: 10, after repeat: 10
[2026-07-25 15:12:23,596][models.visual_world_model][INFO] - emb_dim: 28
[2026-07-25 15:12:23,596][models.visual_world_model][INFO] - Straightening disabled
[2026-07-25 15:12:23,596][models.visual_world_model][INFO] - Speed constancy disabled
[2026-07-25 15:12:23,596][models.visual_world_model][INFO] - Trajectory penalty disabled
[2026-07-25 15:12:23,596][models.visual_world_model][INFO] - Stop-grad enabled: True
[2026-07-25 15:12:23,596][models.visual_world_model][INFO] - VCReg enabled: False, apply_to=enc, std_coeff=0.0, cov_coeff=0.0
[2026-07-25 15:12:23,596][models.visual_world_model][INFO] - Model emb_dim: 28
[timing] setup_model_s=3.825
eval_seed:  [1, 101, 201, 301, 401, 501, 601, 701, 801, 901]
Dumped plan targets to /opt/dlami/nvme/home/jupyter-deuk-c4e4/pusht-reproduction/straightening_reproduction/plan/mpc_seed_100/chunk_00/plan_targets.pkl
[timing] setup_workspace_s=4.832

MPC iter 0 Eval ------- 
Success rate:  0.0
{'success': array([False, False, False, False, False, False, False, False, False,
       False]), 'state_dist': array([145.05054 , 210.11856 , 151.47107 , 182.03983 , 121.73351 ,
       150.36159 , 172.00748 , 149.18137 , 125.26632 , 100.123344],
      dtype=float32)}
self.is_success:  [False False False False False False False False False False]

MPC iter 1 Eval ------- 
Success rate:  0.0
{'success': array([False, False, False, False, False, False, False, False, False,
       False]), 'state_dist': array([122.887405, 333.8637  , 337.93915 , 150.79341 ,  81.75191 ,
       452.45792 , 138.18222 , 115.76437 , 304.5678  ,  84.89879 ],
      dtype=float32)}
self.is_success:  [False False False False False False False False False False]

MPC iter 2 Eval ------- 
Success rate:  0.0
{'success': array([False, False, False, False, False, False, False, False, False,
       False]), 'state_dist': array([114.99607 , 382.72137 , 154.80502 , 121.34589 ,  99.28859 ,
       158.2209  , 119.63585 , 117.51623 , 331.3994  ,  82.309845],
      dtype=float32)}
self.is_success:  [False False False False False False False False False False]

MPC iter 3 Eval ------- 
Success rate:  0.0
{'success': array([False, False, False, False, False, False, False, False, False,
       False]), 'state_dist': array([ 94.68092 , 154.57407 ,  98.49671 ,  95.533485,  89.69219 ,
       270.30045 ,  59.77103 , 101.54692 , 345.03732 ,  58.974613],
      dtype=float32)}
self.is_success:  [False False False False False False False False False False]

MPC iter 4 Eval ------- 
Success rate:  0.1
{'success': array([False, False, False, False, False, False,  True, False, False,
       False]), 'state_dist': array([ 92.838905,  81.05301 ,  47.22914 ,  69.91557 ,  81.34876 ,
       181.7873  ,  19.33293 ,  36.055626, 368.26297 ,  53.95903 ],
      dtype=float32)}
self.is_success:  [False False False False False False  True False False False]

MPC iter 5 Eval ------- 
Success rate:  0.5
{'success': array([ True, False,  True,  True, False, False,  True,  True, False,
       False]), 'state_dist': array([ 67.88192 , 110.61791 ,  88.583824,  32.83167 ,  44.57131 ,
       210.94884 ,  19.33293 ,  28.285044, 272.61484 ,  26.033585],
      dtype=float32)}
self.is_success:  [ True False  True  True False False  True  True False False]

MPC iter 6 Eval ------- 
Success rate:  0.8
{'success': array([ True,  True,  True,  True,  True, False,  True,  True, False,
        True]), 'state_dist': array([ 67.88192 , 114.814   ,  88.583824,  32.83167 ,  50.474197,
       181.52608 ,  19.33293 ,  28.285044, 249.2462  ,  14.506179],
      dtype=float32)}
self.is_success:  [ True  True  True  True  True False  True  True False  True]

MPC iter 7 Eval ------- 
Success rate:  0.8
{'success': array([ True,  True,  True,  True,  True, False,  True,  True, False,
        True]), 'state_dist': array([ 67.88192 , 114.814   ,  88.583824,  32.83167 ,  50.474197,
       176.0303  ,  19.33293 ,  28.285044, 105.07862 ,  14.506179],
      dtype=float32)}
self.is_success:  [ True  True  True  True  True False  True  True False  True]

MPC iter 8 Eval ------- 
Success rate:  0.8
{'success': array([ True,  True,  True,  True,  True, False,  True,  True, False,
        True]), 'state_dist': array([ 67.88192 , 114.814   ,  88.583824,  32.83167 ,  50.474197,
       173.70064 ,  19.33293 ,  28.285044, 169.70865 ,  14.506179],
      dtype=float32)}
self.is_success:  [ True  True  True  True  True False  True  True False  True]

MPC iter 9 Eval ------- 
Success rate:  0.8
{'success': array([ True,  True,  True,  True,  True, False,  True,  True, False,
        True]), 'state_dist': array([ 67.88192 , 114.814   ,  88.583824,  32.83167 ,  50.474197,
       173.73666 ,  19.33293 ,  28.285044, 197.9726  ,  14.506179],
      dtype=float32)}
self.is_success:  [ True  True  True  True  True False  True  True False  True]

MPC iter 10 Eval ------- 
Success rate:  0.8
{'success': array([ True,  True,  True,  True,  True, False,  True,  True, False,
        True]), 'state_dist': array([ 67.88192 , 114.814   ,  88.583824,  32.83167 ,  50.474197,
       173.92319 ,  19.33293 ,  28.285044, 206.17525 ,  14.506179],
      dtype=float32)}
self.is_success:  [ True  True  True  True  True False  True  True False  True]

MPC iter 11 Eval ------- 
Success rate:  0.8
{'success': array([ True,  True,  True,  True,  True, False,  True,  True, False,
        True]), 'state_dist': array([ 67.88192 , 114.814   ,  88.583824,  32.83167 ,  50.474197,
       174.16345 ,  19.33293 ,  28.285044, 206.22638 ,  14.506179],
      dtype=float32)}
self.is_success:  [ True  True  True  True  True False  True  True False  True]

MPC iter 12 Eval ------- 
Success rate:  0.8
{'success': array([ True,  True,  True,  True,  True, False,  True,  True, False,
        True]), 'state_dist': array([ 67.88192 , 114.814   ,  88.583824,  32.83167 ,  50.474197,
       174.52562 ,  19.33293 ,  28.285044, 203.38823 ,  14.506179],
      dtype=float32)}
self.is_success:  [ True  True  True  True  True False  True  True False  True]

MPC iter 13 Eval ------- 
Success rate:  0.8
{'success': array([ True,  True,  True,  True,  True, False,  True,  True, False,
        True]), 'state_dist': array([ 67.88192 , 114.814   ,  88.583824,  32.83167 ,  50.474197,
       174.47618 ,  19.33293 ,  28.285044, 202.29286 ,  14.506179],
      dtype=float32)}
self.is_success:  [ True  True  True  True  True False  True  True False  True]

MPC iter 14 Eval ------- 
Success rate:  0.8
{'success': array([ True,  True,  True,  True,  True, False,  True,  True, False,
        True]), 'state_dist': array([ 67.88192 , 114.814   ,  88.583824,  32.83167 ,  50.474197,
       174.5903  ,  19.33293 ,  28.285044, 202.11263 ,  14.506179],
      dtype=float32)}
self.is_success:  [ True  True  True  True  True False  True  True False  True]

MPC iter 15 Eval ------- 
Success rate:  0.8
{'success': array([ True,  True,  True,  True,  True, False,  True,  True, False,
        True]), 'state_dist': array([ 67.88192 , 114.814   ,  88.583824,  32.83167 ,  50.474197,
       175.28802 ,  19.33293 ,  28.285044, 202.78285 ,  14.506179],
      dtype=float32)}
self.is_success:  [ True  True  True  True  True False  True  True False  True]

MPC iter 16 Eval ------- 
Success rate:  0.8
{'success': array([ True,  True,  True,  True,  True, False,  True,  True, False,
        True]), 'state_dist': array([ 67.88192 , 114.814   ,  88.583824,  32.83167 ,  50.474197,
       175.90385 ,  19.33293 ,  28.285044, 202.4254  ,  14.506179],
      dtype=float32)}
self.is_success:  [ True  True  True  True  True False  True  True False  True]

MPC iter 17 Eval ------- 
Success rate:  0.8
{'success': array([ True,  True,  True,  True,  True, False,  True,  True, False,
        True]), 'state_dist': array([ 67.88192 , 114.814   ,  88.583824,  32.83167 ,  50.474197,
       174.49504 ,  19.33293 ,  28.285044, 202.85207 ,  14.506179],
      dtype=float32)}
self.is_success:  [ True  True  True  True  True False  True  True False  True]

MPC iter 18 Eval ------- 
Success rate:  0.8
{'success': array([ True,  True,  True,  True,  True, False,  True,  True, False,
        True]), 'state_dist': array([ 67.88192 , 114.814   ,  88.583824,  32.83167 ,  50.474197,
       174.31061 ,  19.33293 ,  28.285044, 202.39815 ,  14.506179],
      dtype=float32)}
self.is_success:  [ True  True  True  True  True False  True  True False  True]

MPC iter 19 Eval ------- 
Success rate:  0.8
{'success': array([ True,  True,  True,  True,  True, False,  True,  True, False,
        True]), 'state_dist': array([ 67.88192 , 114.814   ,  88.583824,  32.83167 ,  50.474197,
       175.40208 ,  19.33293 ,  28.285044, 202.91948 ,  14.506179],
      dtype=float32)}
self.is_success:  [ True  True  True  True  True False  True  True False  True]
Success rate:  0.8
{'success': array([ True,  True,  True,  True,  True, False,  True,  True, False,
        True]), 'state_dist': array([ 67.88192 , 114.814   ,  88.583824,  32.83167 ,  50.474197,
       175.40208 ,  19.33293 ,  28.285044, 202.91948 ,  14.506179],
      dtype=float32)}
[timing] perform_planning_s=450.143
[timing] total_planning_main_s=458.801
===== channel_on mpc seed 100 chunk 10 (n_evals=10) =====
/home/jupyter-deuk-c4e4/.conda/envs/ts310/lib/python3.10/site-packages/wandb/sdk/internal/internal_api.py:30: UserWarning: pkg_resources is deprecated as an API. See https://setuptools.pypa.io/en/latest/pkg_resources.html. The pkg_resources package is slated for removal as early as 2025-11-30. Refrain from using this package or pin to Setuptools<81.
  from pkg_resources import parse_version
/home/jupyter-deuk-c4e4/.conda/envs/ts310/lib/python3.10/site-packages/pkg_resources/__init__.py:3148: DeprecationWarning: Deprecated call to `pkg_resources.declare_namespace('mpl_toolkits')`.
Implementing implicit namespace packages (as specified in PEP 420) is preferred to `pkg_resources.declare_namespace`. See https://setuptools.pypa.io/en/latest/references/keywords.html#keyword-namespace-packages
  declare_namespace(pkg)
/home/jupyter-deuk-c4e4/.conda/envs/ts310/lib/python3.10/site-packages/pkg_resources/__init__.py:3148: DeprecationWarning: Deprecated call to `pkg_resources.declare_namespace('google')`.
Implementing implicit namespace packages (as specified in PEP 420) is preferred to `pkg_resources.declare_namespace`. See https://setuptools.pypa.io/en/latest/references/keywords.html#keyword-namespace-packages
  declare_namespace(pkg)
/home/jupyter-deuk-c4e4/.conda/envs/ts310/lib/python3.10/site-packages/Cython/Distutils/old_build_ext.py:15: DeprecationWarning: dep_util is Deprecated. Use functions from setuptools instead.
  from distutils.dep_util import newer, newer_group
<frozen importlib._bootstrap>:283: DeprecationWarning: the load_module() method is deprecated and slated for removal in Python 3.12; use exec_module() instead
Warning: Mujoco-based envs failed to import. Set the environment variable D4RL_SUPPRESS_IMPORT_ERROR=1 to suppress this message.
No module named 'mjrl'
Warning: Flow failed to import. Set the environment variable D4RL_SUPPRESS_IMPORT_ERROR=1 to suppress this message.
No module named 'flow'
Warning: CARLA failed to import. Set the environment variable D4RL_SUPPRESS_IMPORT_ERROR=1 to suppress this message.
No module named 'carla'
pybullet build time: Jan 29 2025 23:16:28
/home/jupyter-deuk-c4e4/.conda/envs/ts310/lib/python3.10/site-packages/gym/envs/registration.py:595: UserWarning: [33mWARN: Overriding environment maze2d-open-v0[0m
  logger.warn(f"Overriding environment {id}")
/home/jupyter-deuk-c4e4/.conda/envs/ts310/lib/python3.10/site-packages/gym/envs/registration.py:595: UserWarning: [33mWARN: Overriding environment maze2d-umaze-v0[0m
  logger.warn(f"Overriding environment {id}")
/home/jupyter-deuk-c4e4/.conda/envs/ts310/lib/python3.10/site-packages/gym/envs/registration.py:595: UserWarning: [33mWARN: Overriding environment maze2d-medium-v0[0m
  logger.warn(f"Overriding environment {id}")
/home/jupyter-deuk-c4e4/.conda/envs/ts310/lib/python3.10/site-packages/gym/envs/registration.py:595: UserWarning: [33mWARN: Overriding environment maze2d-large-v0[0m
  logger.warn(f"Overriding environment {id}")
/home/jupyter-deuk-c4e4/.conda/envs/ts310/lib/python3.10/site-packages/gym/envs/registration.py:595: UserWarning: [33mWARN: Overriding environment maze2d-umaze-v1[0m
  logger.warn(f"Overriding environment {id}")
/home/jupyter-deuk-c4e4/.conda/envs/ts310/lib/python3.10/site-packages/gym/envs/registration.py:595: UserWarning: [33mWARN: Overriding environment maze2d-medium-v1[0m
  logger.warn(f"Overriding environment {id}")
/home/jupyter-deuk-c4e4/.conda/envs/ts310/lib/python3.10/site-packages/gym/envs/registration.py:595: UserWarning: [33mWARN: Overriding environment maze2d-large-v1[0m
  logger.warn(f"Overriding environment {id}")
/home/jupyter-deuk-c4e4/.conda/envs/ts310/lib/python3.10/site-packages/gym/envs/registration.py:595: UserWarning: [33mWARN: Overriding environment maze2d-eval-umaze-v1[0m
  logger.warn(f"Overriding environment {id}")
/home/jupyter-deuk-c4e4/.conda/envs/ts310/lib/python3.10/site-packages/gym/envs/registration.py:595: UserWarning: [33mWARN: Overriding environment maze2d-eval-medium-v1[0m
  logger.warn(f"Overriding environment {id}")
/home/jupyter-deuk-c4e4/.conda/envs/ts310/lib/python3.10/site-packages/gym/envs/registration.py:595: UserWarning: [33mWARN: Overriding environment maze2d-eval-large-v1[0m
  logger.warn(f"Overriding environment {id}")
/home/jupyter-deuk-c4e4/.conda/envs/ts310/lib/python3.10/site-packages/gym/envs/registration.py:595: UserWarning: [33mWARN: Overriding environment maze2d-open-dense-v0[0m
  logger.warn(f"Overriding environment {id}")
/home/jupyter-deuk-c4e4/.conda/envs/ts310/lib/python3.10/site-packages/gym/envs/registration.py:595: UserWarning: [33mWARN: Overriding environment maze2d-umaze-dense-v0[0m
  logger.warn(f"Overriding environment {id}")
/home/jupyter-deuk-c4e4/.conda/envs/ts310/lib/python3.10/site-packages/gym/envs/registration.py:595: UserWarning: [33mWARN: Overriding environment maze2d-medium-dense-v0[0m
  logger.warn(f"Overriding environment {id}")
/home/jupyter-deuk-c4e4/.conda/envs/ts310/lib/python3.10/site-packages/gym/envs/registration.py:595: UserWarning: [33mWARN: Overriding environment maze2d-large-dense-v0[0m
  logger.warn(f"Overriding environment {id}")
/home/jupyter-deuk-c4e4/.conda/envs/ts310/lib/python3.10/site-packages/gym/envs/registration.py:595: UserWarning: [33mWARN: Overriding environment maze2d-umaze-dense-v1[0m
  logger.warn(f"Overriding environment {id}")
/home/jupyter-deuk-c4e4/.conda/envs/ts310/lib/python3.10/site-packages/gym/envs/registration.py:595: UserWarning: [33mWARN: Overriding environment maze2d-medium-dense-v1[0m
  logger.warn(f"Overriding environment {id}")
/home/jupyter-deuk-c4e4/.conda/envs/ts310/lib/python3.10/site-packages/gym/envs/registration.py:595: UserWarning: [33mWARN: Overriding environment maze2d-large-dense-v1[0m
  logger.warn(f"Overriding environment {id}")
/home/jupyter-deuk-c4e4/.conda/envs/ts310/lib/python3.10/site-packages/gym/envs/registration.py:595: UserWarning: [33mWARN: Overriding environment maze2d-eval-umaze-dense-v1[0m
  logger.warn(f"Overriding environment {id}")
/home/jupyter-deuk-c4e4/.conda/envs/ts310/lib/python3.10/site-packages/gym/envs/registration.py:595: UserWarning: [33mWARN: Overriding environment maze2d-eval-medium-dense-v1[0m
  logger.warn(f"Overriding environment {id}")
/home/jupyter-deuk-c4e4/.conda/envs/ts310/lib/python3.10/site-packages/gym/envs/registration.py:595: UserWarning: [33mWARN: Overriding environment maze2d-eval-large-dense-v1[0m
  logger.warn(f"Overriding environment {id}")
/opt/dlami/nvme/home/jupyter-deuk-c4e4/temporal-straightening/custom_resolvers.py:4: UserWarning: 
The version_base parameter is not specified.
Please specify a compatability version level, or None.
Will assume defaults for version 1.1
  @hydra.main(config_path=None)
[2026-07-25 15:20:03,968][__main__][INFO] - Planning result saved dir: /opt/dlami/nvme/home/jupyter-deuk-c4e4/pusht-reproduction/straightening_reproduction/plan/mpc_seed_100/chunk_10
/home/jupyter-deuk-c4e4/.conda/envs/ts310/lib/python3.10/site-packages/wandb/sdk/internal/internal_api.py:30: UserWarning: pkg_resources is deprecated as an API. See https://setuptools.pypa.io/en/latest/pkg_resources.html. The pkg_resources package is slated for removal as early as 2025-11-30. Refrain from using this package or pin to Setuptools<81.
  from pkg_resources import parse_version
Using cache found in /home/jupyter-deuk-c4e4/.cache/torch/hub/facebookresearch_dinov2_81b2b6419385
Loaded 18685 rollouts
Loaded 21 rollouts
[2026-07-25 15:20:06,445][dinov2][INFO] - using MLP layer as FFN
[2026-07-25 15:20:06,877][models.dino][WARNING] - Unknown projector 'none' for patch tokens; proceeding without projector.
Resuming from epoch 2: /home/jupyter-deuk-c4e4/pusht-reproduction/straightening_reproduction/test/pusht_aggmlpcos1e-1_agg32_projchannel_dim8_hw14_sgTrue_lr1e-05/checkpoints/model_2.pth
[2026-07-25 15:20:07,214][models.visual_world_model][INFO] - num_action_repeat: 1
[2026-07-25 15:20:07,214][models.visual_world_model][INFO] - num_proprio_repeat: 1
[2026-07-25 15:20:07,214][models.visual_world_model][INFO] - proprio encoder: ProprioceptiveEmbedding(
  (patch_embed): Conv1d(4, 10, kernel_size=(1,), stride=(1,))
  (norm): LayerNorm((10,), eps=1e-05, elementwise_affine=True)
)
[2026-07-25 15:20:07,214][models.visual_world_model][INFO] - action encoder: ProprioceptiveEmbedding(
  (patch_embed): Conv1d(10, 10, kernel_size=(1,), stride=(1,))
  (norm): LayerNorm((10,), eps=1e-05, elementwise_affine=True)
)
[2026-07-25 15:20:07,214][models.visual_world_model][INFO] - proprio_dim: 10, after repeat: 10
[2026-07-25 15:20:07,214][models.visual_world_model][INFO] - action_dim: 10, after repeat: 10
[2026-07-25 15:20:07,214][models.visual_world_model][INFO] - emb_dim: 28
[2026-07-25 15:20:07,214][models.visual_world_model][INFO] - Straightening disabled
[2026-07-25 15:20:07,214][models.visual_world_model][INFO] - Speed constancy disabled
[2026-07-25 15:20:07,214][models.visual_world_model][INFO] - Trajectory penalty disabled
[2026-07-25 15:20:07,215][models.visual_world_model][INFO] - Stop-grad enabled: True
[2026-07-25 15:20:07,215][models.visual_world_model][INFO] - VCReg enabled: False, apply_to=enc, std_coeff=0.0, cov_coeff=0.0
[2026-07-25 15:20:07,215][models.visual_world_model][INFO] - Model emb_dim: 28
[timing] setup_model_s=3.249
eval_seed:  [1001, 1101, 1201, 1301, 1401, 1501, 1601, 1701, 1801, 1901]
Dumped plan targets to /opt/dlami/nvme/home/jupyter-deuk-c4e4/pusht-reproduction/straightening_reproduction/plan/mpc_seed_100/chunk_10/plan_targets.pkl
[timing] setup_workspace_s=5.638

MPC iter 0 Eval ------- 
Success rate:  0.0
{'success': array([False, False, False, False, False, False, False, False, False,
       False]), 'state_dist': array([128.70917, 111.28903, 162.06313, 133.78526, 155.74478, 129.63135,
       151.66728, 146.14336, 239.50471, 261.67136], dtype=float32)}
self.is_success:  [False False False False False False False False False False]

MPC iter 1 Eval ------- 
Success rate:  0.0
{'success': array([False, False, False, False, False, False, False, False, False,
       False]), 'state_dist': array([106.38063 ,  81.92552 , 138.37152 , 104.35401 , 157.98106 ,
       110.033676, 119.3444  , 125.03001 , 221.00258 , 236.33961 ],
      dtype=float32)}
self.is_success:  [False False False False False False False False False False]

MPC iter 2 Eval ------- 
Success rate:  0.0
{'success': array([False, False, False, False, False, False, False, False, False,
       False]), 'state_dist': array([ 73.96809, 152.31328, 156.15372,  80.31209, 196.11377,  90.25694,
        82.55981, 141.33737, 328.5443 , 168.29758], dtype=float32)}
self.is_success:  [False False False False False False False False False False]

MPC iter 3 Eval ------- 
Success rate:  0.0
{'success': array([False, False, False, False, False, False, False, False, False,
       False]), 'state_dist': array([ 59.07628 ,  93.843   , 169.79433 ,  59.382137, 191.96442 ,
        93.83123 ,  86.31862 , 174.96802 , 279.63867 , 109.51296 ],
      dtype=float32)}
self.is_success:  [False False False False False False False False False False]

MPC iter 4 Eval ------- 
Success rate:  0.1
{'success': array([False, False, False,  True, False, False, False, False, False,
       False]), 'state_dist': array([ 47.442833,  88.21298 , 330.03665 ,  42.07733 ,  82.093605,
       111.43596 ,  80.712265, 111.75547 ,  80.75592 , 104.73568 ],
      dtype=float32)}
self.is_success:  [False False False  True False False False False False False]

MPC iter 5 Eval ------- 
Success rate:  0.4
{'success': array([ True, False, False,  True, False, False, False, False,  True,
        True]), 'state_dist': array([ 33.52984 , 297.27106 , 224.32677 ,  42.07733 ,  47.587906,
        52.99337 ,  39.074566,  36.49433 ,  63.126404,  52.83758 ],
      dtype=float32)}
self.is_success:  [ True False False  True False False False False  True  True]

MPC iter 6 Eval ------- 
Success rate:  0.8
{'success': array([ True, False, False,  True,  True,  True,  True,  True,  True,
        True]), 'state_dist': array([ 33.52984 ,  75.477   , 200.60883 ,  42.07733 ,  24.091694,
        12.208682,  36.546066,  43.02178 ,  63.126404,  52.83758 ],
      dtype=float32)}
self.is_success:  [ True False False  True  True  True  True  True  True  True]

MPC iter 7 Eval ------- 
Success rate:  0.8
{'success': array([ True, False, False,  True,  True,  True,  True,  True,  True,
        True]), 'state_dist': array([ 33.52984 ,  94.900024, 120.36034 ,  42.07733 ,  24.091694,
        12.208682,  36.546066,  43.02178 ,  63.126404,  52.83758 ],
      dtype=float32)}
self.is_success:  [ True False False  True  True  True  True  True  True  True]

MPC iter 8 Eval ------- 
Success rate:  0.8
{'success': array([ True, False, False,  True,  True,  True,  True,  True,  True,
        True]), 'state_dist': array([ 33.52984 ,  71.18858 , 128.13264 ,  42.07733 ,  24.091694,
        12.208682,  36.546066,  43.02178 ,  63.126404,  52.83758 ],
      dtype=float32)}
self.is_success:  [ True False False  True  True  True  True  True  True  True]

MPC iter 9 Eval ------- 
Success rate:  0.8
{'success': array([ True, False, False,  True,  True,  True,  True,  True,  True,
        True]), 'state_dist': array([ 33.52984 ,  71.58081 , 137.75333 ,  42.07733 ,  24.091694,
        12.208682,  36.546066,  43.02178 ,  63.126404,  52.83758 ],
      dtype=float32)}
self.is_success:  [ True False False  True  True  True  True  True  True  True]

MPC iter 10 Eval ------- 
Success rate:  0.8
{'success': array([ True, False, False,  True,  True,  True,  True,  True,  True,
        True]), 'state_dist': array([33.52984 , 70.89437 , 87.32747 , 42.07733 , 24.091694, 12.208682,
       36.546066, 43.02178 , 63.126404, 52.83758 ], dtype=float32)}
self.is_success:  [ True False False  True  True  True  True  True  True  True]

MPC iter 11 Eval ------- 
Success rate:  0.8
{'success': array([ True, False, False,  True,  True,  True,  True,  True,  True,
        True]), 'state_dist': array([33.52984 , 70.41487 , 86.62147 , 42.07733 , 24.091694, 12.208682,
       36.546066, 43.02178 , 63.126404, 52.83758 ], dtype=float32)}
self.is_success:  [ True False False  True  True  True  True  True  True  True]

MPC iter 12 Eval ------- 
Success rate:  0.8
{'success': array([ True, False, False,  True,  True,  True,  True,  True,  True,
        True]), 'state_dist': array([33.52984 , 71.64994 , 75.346535, 42.07733 , 24.091694, 12.208682,
       36.546066, 43.02178 , 63.126404, 52.83758 ], dtype=float32)}
self.is_success:  [ True False False  True  True  True  True  True  True  True]

MPC iter 13 Eval ------- 
Success rate:  0.8
{'success': array([ True, False, False,  True,  True,  True,  True,  True,  True,
        True]), 'state_dist': array([33.52984 , 71.70198 , 85.866394, 42.07733 , 24.091694, 12.208682,
       36.546066, 43.02178 , 63.126404, 52.83758 ], dtype=float32)}
self.is_success:  [ True False False  True  True  True  True  True  True  True]

MPC iter 14 Eval ------- 
Success rate:  0.8
{'success': array([ True, False, False,  True,  True,  True,  True,  True,  True,
        True]), 'state_dist': array([33.52984 , 71.73463 , 83.37606 , 42.07733 , 24.091694, 12.208682,
       36.546066, 43.02178 , 63.126404, 52.83758 ], dtype=float32)}
self.is_success:  [ True False False  True  True  True  True  True  True  True]

MPC iter 15 Eval ------- 
Success rate:  0.8
{'success': array([ True, False, False,  True,  True,  True,  True,  True,  True,
        True]), 'state_dist': array([33.52984 , 71.937675, 88.9534  , 42.07733 , 24.091694, 12.208682,
       36.546066, 43.02178 , 63.126404, 52.83758 ], dtype=float32)}
self.is_success:  [ True False False  True  True  True  True  True  True  True]

MPC iter 16 Eval ------- 
Success rate:  0.8
{'success': array([ True, False, False,  True,  True,  True,  True,  True,  True,
        True]), 'state_dist': array([33.52984 , 71.95551 , 81.33886 , 42.07733 , 24.091694, 12.208682,
       36.546066, 43.02178 , 63.126404, 52.83758 ], dtype=float32)}
self.is_success:  [ True False False  True  True  True  True  True  True  True]

MPC iter 17 Eval ------- 
Success rate:  0.8
{'success': array([ True, False, False,  True,  True,  True,  True,  True,  True,
        True]), 'state_dist': array([33.52984 , 71.65556 , 88.53556 , 42.07733 , 24.091694, 12.208682,
       36.546066, 43.02178 , 63.126404, 52.83758 ], dtype=float32)}
self.is_success:  [ True False False  True  True  True  True  True  True  True]

MPC iter 18 Eval ------- 
Success rate:  0.8
{'success': array([ True, False, False,  True,  True,  True,  True,  True,  True,
        True]), 'state_dist': array([33.52984 , 71.762405, 82.75654 , 42.07733 , 24.091694, 12.208682,
       36.546066, 43.02178 , 63.126404, 52.83758 ], dtype=float32)}
self.is_success:  [ True False False  True  True  True  True  True  True  True]

MPC iter 19 Eval ------- 
Success rate:  0.8
{'success': array([ True, False, False,  True,  True,  True,  True,  True,  True,
        True]), 'state_dist': array([33.52984 , 71.5007  , 81.25414 , 42.07733 , 24.091694, 12.208682,
       36.546066, 43.02178 , 63.126404, 52.83758 ], dtype=float32)}
self.is_success:  [ True False False  True  True  True  True  True  True  True]
Success rate:  0.8
{'success': array([ True, False, False,  True,  True,  True,  True,  True,  True,
        True]), 'state_dist': array([33.52984 , 71.5007  , 81.25414 , 42.07733 , 24.091694, 12.208682,
       36.546066, 43.02178 , 63.126404, 52.83758 ], dtype=float32)}
[timing] perform_planning_s=450.082
[timing] total_planning_main_s=458.969
===== channel_on mpc seed 100 chunk 20 (n_evals=10) =====
/home/jupyter-deuk-c4e4/.conda/envs/ts310/lib/python3.10/site-packages/wandb/sdk/internal/internal_api.py:30: UserWarning: pkg_resources is deprecated as an API. See https://setuptools.pypa.io/en/latest/pkg_resources.html. The pkg_resources package is slated for removal as early as 2025-11-30. Refrain from using this package or pin to Setuptools<81.
  from pkg_resources import parse_version
/home/jupyter-deuk-c4e4/.conda/envs/ts310/lib/python3.10/site-packages/pkg_resources/__init__.py:3148: DeprecationWarning: Deprecated call to `pkg_resources.declare_namespace('mpl_toolkits')`.
Implementing implicit namespace packages (as specified in PEP 420) is preferred to `pkg_resources.declare_namespace`. See https://setuptools.pypa.io/en/latest/references/keywords.html#keyword-namespace-packages
  declare_namespace(pkg)
/home/jupyter-deuk-c4e4/.conda/envs/ts310/lib/python3.10/site-packages/pkg_resources/__init__.py:3148: DeprecationWarning: Deprecated call to `pkg_resources.declare_namespace('google')`.
Implementing implicit namespace packages (as specified in PEP 420) is preferred to `pkg_resources.declare_namespace`. See https://setuptools.pypa.io/en/latest/references/keywords.html#keyword-namespace-packages
  declare_namespace(pkg)
/home/jupyter-deuk-c4e4/.conda/envs/ts310/lib/python3.10/site-packages/Cython/Distutils/old_build_ext.py:15: DeprecationWarning: dep_util is Deprecated. Use functions from setuptools instead.
  from distutils.dep_util import newer, newer_group
<frozen importlib._bootstrap>:283: DeprecationWarning: the load_module() method is deprecated and slated for removal in Python 3.12; use exec_module() instead
Warning: Mujoco-based envs failed to import. Set the environment variable D4RL_SUPPRESS_IMPORT_ERROR=1 to suppress this message.
No module named 'mjrl'
Warning: Flow failed to import. Set the environment variable D4RL_SUPPRESS_IMPORT_ERROR=1 to suppress this message.
No module named 'flow'
Warning: CARLA failed to import. Set the environment variable D4RL_SUPPRESS_IMPORT_ERROR=1 to suppress this message.
No module named 'carla'
pybullet build time: Jan 29 2025 23:16:28
/home/jupyter-deuk-c4e4/.conda/envs/ts310/lib/python3.10/site-packages/gym/envs/registration.py:595: UserWarning: [33mWARN: Overriding environment maze2d-open-v0[0m
  logger.warn(f"Overriding environment {id}")
/home/jupyter-deuk-c4e4/.conda/envs/ts310/lib/python3.10/site-packages/gym/envs/registration.py:595: UserWarning: [33mWARN: Overriding environment maze2d-umaze-v0[0m
  logger.warn(f"Overriding environment {id}")
/home/jupyter-deuk-c4e4/.conda/envs/ts310/lib/python3.10/site-packages/gym/envs/registration.py:595: UserWarning: [33mWARN: Overriding environment maze2d-medium-v0[0m
  logger.warn(f"Overriding environment {id}")
/home/jupyter-deuk-c4e4/.conda/envs/ts310/lib/python3.10/site-packages/gym/envs/registration.py:595: UserWarning: [33mWARN: Overriding environment maze2d-large-v0[0m
  logger.warn(f"Overriding environment {id}")
/home/jupyter-deuk-c4e4/.conda/envs/ts310/lib/python3.10/site-packages/gym/envs/registration.py:595: UserWarning: [33mWARN: Overriding environment maze2d-umaze-v1[0m
  logger.warn(f"Overriding environment {id}")
/home/jupyter-deuk-c4e4/.conda/envs/ts310/lib/python3.10/site-packages/gym/envs/registration.py:595: UserWarning: [33mWARN: Overriding environment maze2d-medium-v1[0m
  logger.warn(f"Overriding environment {id}")
/home/jupyter-deuk-c4e4/.conda/envs/ts310/lib/python3.10/site-packages/gym/envs/registration.py:595: UserWarning: [33mWARN: Overriding environment maze2d-large-v1[0m
  logger.warn(f"Overriding environment {id}")
/home/jupyter-deuk-c4e4/.conda/envs/ts310/lib/python3.10/site-packages/gym/envs/registration.py:595: UserWarning: [33mWARN: Overriding environment maze2d-eval-umaze-v1[0m
  logger.warn(f"Overriding environment {id}")
/home/jupyter-deuk-c4e4/.conda/envs/ts310/lib/python3.10/site-packages/gym/envs/registration.py:595: UserWarning: [33mWARN: Overriding environment maze2d-eval-medium-v1[0m
  logger.warn(f"Overriding environment {id}")
/home/jupyter-deuk-c4e4/.conda/envs/ts310/lib/python3.10/site-packages/gym/envs/registration.py:595: UserWarning: [33mWARN: Overriding environment maze2d-eval-large-v1[0m
  logger.warn(f"Overriding environment {id}")
/home/jupyter-deuk-c4e4/.conda/envs/ts310/lib/python3.10/site-packages/gym/envs/registration.py:595: UserWarning: [33mWARN: Overriding environment maze2d-open-dense-v0[0m
  logger.warn(f"Overriding environment {id}")
/home/jupyter-deuk-c4e4/.conda/envs/ts310/lib/python3.10/site-packages/gym/envs/registration.py:595: UserWarning: [33mWARN: Overriding environment maze2d-umaze-dense-v0[0m
  logger.warn(f"Overriding environment {id}")
/home/jupyter-deuk-c4e4/.conda/envs/ts310/lib/python3.10/site-packages/gym/envs/registration.py:595: UserWarning: [33mWARN: Overriding environment maze2d-medium-dense-v0[0m
  logger.warn(f"Overriding environment {id}")
/home/jupyter-deuk-c4e4/.conda/envs/ts310/lib/python3.10/site-packages/gym/envs/registration.py:595: UserWarning: [33mWARN: Overriding environment maze2d-large-dense-v0[0m
  logger.warn(f"Overriding environment {id}")
/home/jupyter-deuk-c4e4/.conda/envs/ts310/lib/python3.10/site-packages/gym/envs/registration.py:595: UserWarning: [33mWARN: Overriding environment maze2d-umaze-dense-v1[0m
  logger.warn(f"Overriding environment {id}")
/home/jupyter-deuk-c4e4/.conda/envs/ts310/lib/python3.10/site-packages/gym/envs/registration.py:595: UserWarning: [33mWARN: Overriding environment maze2d-medium-dense-v1[0m
  logger.warn(f"Overriding environment {id}")
/home/jupyter-deuk-c4e4/.conda/envs/ts310/lib/python3.10/site-packages/gym/envs/registration.py:595: UserWarning: [33mWARN: Overriding environment maze2d-large-dense-v1[0m
  logger.warn(f"Overriding environment {id}")
/home/jupyter-deuk-c4e4/.conda/envs/ts310/lib/python3.10/site-packages/gym/envs/registration.py:595: UserWarning: [33mWARN: Overriding environment maze2d-eval-umaze-dense-v1[0m
  logger.warn(f"Overriding environment {id}")
/home/jupyter-deuk-c4e4/.conda/envs/ts310/lib/python3.10/site-packages/gym/envs/registration.py:595: UserWarning: [33mWARN: Overriding environment maze2d-eval-medium-dense-v1[0m
  logger.warn(f"Overriding environment {id}")
/home/jupyter-deuk-c4e4/.conda/envs/ts310/lib/python3.10/site-packages/gym/envs/registration.py:595: UserWarning: [33mWARN: Overriding environment maze2d-eval-large-dense-v1[0m
  logger.warn(f"Overriding environment {id}")
/opt/dlami/nvme/home/jupyter-deuk-c4e4/temporal-straightening/custom_resolvers.py:4: UserWarning: 
The version_base parameter is not specified.
Please specify a compatability version level, or None.
Will assume defaults for version 1.1
  @hydra.main(config_path=None)
[2026-07-25 15:27:48,255][__main__][INFO] - Planning result saved dir: /opt/dlami/nvme/home/jupyter-deuk-c4e4/pusht-reproduction/straightening_reproduction/plan/mpc_seed_100/chunk_20
/home/jupyter-deuk-c4e4/.conda/envs/ts310/lib/python3.10/site-packages/wandb/sdk/internal/internal_api.py:30: UserWarning: pkg_resources is deprecated as an API. See https://setuptools.pypa.io/en/latest/pkg_resources.html. The pkg_resources package is slated for removal as early as 2025-11-30. Refrain from using this package or pin to Setuptools<81.
  from pkg_resources import parse_version
Using cache found in /home/jupyter-deuk-c4e4/.cache/torch/hub/facebookresearch_dinov2_81b2b6419385
Loaded 18685 rollouts
Loaded 21 rollouts
[2026-07-25 15:27:50,748][dinov2][INFO] - using MLP layer as FFN
[2026-07-25 15:27:51,286][models.dino][WARNING] - Unknown projector 'none' for patch tokens; proceeding without projector.
Resuming from epoch 2: /home/jupyter-deuk-c4e4/pusht-reproduction/straightening_reproduction/test/pusht_aggmlpcos1e-1_agg32_projchannel_dim8_hw14_sgTrue_lr1e-05/checkpoints/model_2.pth
[2026-07-25 15:27:51,625][models.visual_world_model][INFO] - num_action_repeat: 1
[2026-07-25 15:27:51,625][models.visual_world_model][INFO] - num_proprio_repeat: 1
[2026-07-25 15:27:51,625][models.visual_world_model][INFO] - proprio encoder: ProprioceptiveEmbedding(
  (patch_embed): Conv1d(4, 10, kernel_size=(1,), stride=(1,))
  (norm): LayerNorm((10,), eps=1e-05, elementwise_affine=True)
)
[2026-07-25 15:27:51,625][models.visual_world_model][INFO] - action encoder: ProprioceptiveEmbedding(
  (patch_embed): Conv1d(10, 10, kernel_size=(1,), stride=(1,))
  (norm): LayerNorm((10,), eps=1e-05, elementwise_affine=True)
)
[2026-07-25 15:27:51,625][models.visual_world_model][INFO] - proprio_dim: 10, after repeat: 10
[2026-07-25 15:27:51,625][models.visual_world_model][INFO] - action_dim: 10, after repeat: 10
[2026-07-25 15:27:51,625][models.visual_world_model][INFO] - emb_dim: 28
[2026-07-25 15:27:51,625][models.visual_world_model][INFO] - Straightening disabled
[2026-07-25 15:27:51,625][models.visual_world_model][INFO] - Speed constancy disabled
[2026-07-25 15:27:51,626][models.visual_world_model][INFO] - Trajectory penalty disabled
[2026-07-25 15:27:51,626][models.visual_world_model][INFO] - Stop-grad enabled: True
[2026-07-25 15:27:51,626][models.visual_world_model][INFO] - VCReg enabled: False, apply_to=enc, std_coeff=0.0, cov_coeff=0.0
[2026-07-25 15:27:51,626][models.visual_world_model][INFO] - Model emb_dim: 28
[timing] setup_model_s=3.373
eval_seed:  [2001, 2101, 2201, 2301, 2401, 2501, 2601, 2701, 2801, 2901]
Dumped plan targets to /opt/dlami/nvme/home/jupyter-deuk-c4e4/pusht-reproduction/straightening_reproduction/plan/mpc_seed_100/chunk_20/plan_targets.pkl
[timing] setup_workspace_s=6.187

MPC iter 0 Eval ------- 
Success rate:  0.0
{'success': array([False, False, False, False, False, False, False, False, False,
       False]), 'state_dist': array([226.53673 , 113.86972 , 232.03252 , 136.8421  , 139.48976 ,
       175.23358 ,  69.933876,  81.253845, 103.64065 , 126.13274 ],
      dtype=float32)}
self.is_success:  [False False False False False False False False False False]

MPC iter 1 Eval ------- 
Success rate:  0.0
{'success': array([False, False, False, False, False, False, False, False, False,
       False]), 'state_dist': array([173.56496 ,  94.94745 , 198.13753 ,  82.13879 , 105.75018 ,
       342.314   ,  60.614754,  82.96911 , 112.29002 , 222.83716 ],
      dtype=float32)}
self.is_success:  [False False False False False False False False False False]

MPC iter 2 Eval ------- 
Success rate:  0.1
{'success': array([False, False, False, False, False, False, False, False,  True,
       False]), 'state_dist': array([115.30359, 195.95186, 156.34885, 230.3871 ,  85.00093, 306.80933,
        42.96765,  74.52361, 135.67635, 190.99397], dtype=float32)}
self.is_success:  [False False False False False False False False  True False]

MPC iter 3 Eval ------- 
Success rate:  0.1
{'success': array([False, False, False, False, False, False, False, False,  True,
       False]), 'state_dist': array([ 65.17973 , 157.50002 , 147.56366 , 111.50772 ,  69.55777 ,
       578.8789  ,  28.924896,  62.224197, 135.67635 , 127.838196],
      dtype=float32)}
self.is_success:  [False False False False False False False False  True False]

MPC iter 4 Eval ------- 
Success rate:  0.5
{'success': array([ True,  True, False, False, False, False, False,  True,  True,
        True]), 'state_dist': array([122.94244 ,  73.559044,  53.728043,  94.14273 ,  98.56036 ,
       400.72946 ,  59.596275,  48.319286, 135.67635 ,  24.761257],
      dtype=float32)}
self.is_success:  [ True  True False False False False False  True  True  True]

MPC iter 5 Eval ------- 
Success rate:  0.6
{'success': array([ True,  True, False,  True, False, False, False,  True,  True,
        True]), 'state_dist': array([122.94244 ,  73.559044, 117.18958 , 240.58179 ,  72.58521 ,
       743.9785  ,  40.075104,  48.319286, 135.67635 ,  24.761257],
      dtype=float32)}
self.is_success:  [ True  True False  True False False False  True  True  True]

MPC iter 6 Eval ------- 
Success rate:  0.9
{'success': array([ True,  True,  True,  True,  True, False,  True,  True,  True,
        True]), 'state_dist': array([122.94244 ,  73.559044,  87.29316 , 240.58179 ,  76.71623 ,
       168.01552 ,  28.245827,  48.319286, 135.67635 ,  24.761257],
      dtype=float32)}
self.is_success:  [ True  True  True  True  True False  True  True  True  True]

MPC iter 7 Eval ------- 
Success rate:  0.9
{'success': array([ True,  True,  True,  True,  True, False,  True,  True,  True,
        True]), 'state_dist': array([122.94244 ,  73.559044,  87.29316 , 240.58179 ,  76.71623 ,
       109.56956 ,  28.245827,  48.319286, 135.67635 ,  24.761257],
      dtype=float32)}
self.is_success:  [ True  True  True  True  True False  True  True  True  True]

MPC iter 8 Eval ------- 
Success rate:  0.9
{'success': array([ True,  True,  True,  True,  True, False,  True,  True,  True,
        True]), 'state_dist': array([122.94244 ,  73.559044,  87.29316 , 240.58179 ,  76.71623 ,
        67.51815 ,  28.245827,  48.319286, 135.67635 ,  24.761257],
      dtype=float32)}
self.is_success:  [ True  True  True  True  True False  True  True  True  True]

MPC iter 9 Eval ------- 
Success rate:  0.9
{'success': array([ True,  True,  True,  True,  True, False,  True,  True,  True,
        True]), 'state_dist': array([122.94244 ,  73.559044,  87.29316 , 240.58179 ,  76.71623 ,
        71.59747 ,  28.245827,  48.319286, 135.67635 ,  24.761257],
      dtype=float32)}
self.is_success:  [ True  True  True  True  True False  True  True  True  True]

MPC iter 10 Eval ------- 
Success rate:  0.9
{'success': array([ True,  True,  True,  True,  True, False,  True,  True,  True,
        True]), 'state_dist': array([122.94244 ,  73.559044,  87.29316 , 240.58179 ,  76.71623 ,
        87.724945,  28.245827,  48.319286, 135.67635 ,  24.761257],
      dtype=float32)}
self.is_success:  [ True  True  True  True  True False  True  True  True  True]

MPC iter 11 Eval ------- 
Success rate:  0.9
{'success': array([ True,  True,  True,  True,  True, False,  True,  True,  True,
        True]), 'state_dist': array([122.94244 ,  73.559044,  87.29316 , 240.58179 ,  76.71623 ,
        96.22005 ,  28.245827,  48.319286, 135.67635 ,  24.761257],
      dtype=float32)}
self.is_success:  [ True  True  True  True  True False  True  True  True  True]

MPC iter 12 Eval ------- 
Success rate:  0.9
{'success': array([ True,  True,  True,  True,  True, False,  True,  True,  True,
        True]), 'state_dist': array([122.94244 ,  73.559044,  87.29316 , 240.58179 ,  76.71623 ,
        88.90728 ,  28.245827,  48.319286, 135.67635 ,  24.761257],
      dtype=float32)}
self.is_success:  [ True  True  True  True  True False  True  True  True  True]

MPC iter 13 Eval ------- 
Success rate:  0.9
{'success': array([ True,  True,  True,  True,  True, False,  True,  True,  True,
        True]), 'state_dist': array([122.94244 ,  73.559044,  87.29316 , 240.58179 ,  76.71623 ,
        91.08956 ,  28.245827,  48.319286, 135.67635 ,  24.761257],
      dtype=float32)}
self.is_success:  [ True  True  True  True  True False  True  True  True  True]

MPC iter 14 Eval ------- 
Success rate:  0.9
{'success': array([ True,  True,  True,  True,  True, False,  True,  True,  True,
        True]), 'state_dist': array([122.94244 ,  73.559044,  87.29316 , 240.58179 ,  76.71623 ,
        91.92799 ,  28.245827,  48.319286, 135.67635 ,  24.761257],
      dtype=float32)}
self.is_success:  [ True  True  True  True  True False  True  True  True  True]

MPC iter 15 Eval ------- 
Success rate:  0.9
{'success': array([ True,  True,  True,  True,  True, False,  True,  True,  True,
        True]), 'state_dist': array([122.94244 ,  73.559044,  87.29316 , 240.58179 ,  76.71623 ,
        91.99225 ,  28.245827,  48.319286, 135.67635 ,  24.761257],
      dtype=float32)}
self.is_success:  [ True  True  True  True  True False  True  True  True  True]

MPC iter 16 Eval ------- 
Success rate:  0.9
{'success': array([ True,  True,  True,  True,  True, False,  True,  True,  True,
        True]), 'state_dist': array([122.94244 ,  73.559044,  87.29316 , 240.58179 ,  76.71623 ,
        91.98876 ,  28.245827,  48.319286, 135.67635 ,  24.761257],
      dtype=float32)}
self.is_success:  [ True  True  True  True  True False  True  True  True  True]

MPC iter 17 Eval ------- 
Success rate:  0.9
{'success': array([ True,  True,  True,  True,  True, False,  True,  True,  True,
        True]), 'state_dist': array([122.94244 ,  73.559044,  87.29316 , 240.58179 ,  76.71623 ,
        92.008575,  28.245827,  48.319286, 135.67635 ,  24.761257],
      dtype=float32)}
self.is_success:  [ True  True  True  True  True False  True  True  True  True]

MPC iter 18 Eval ------- 
Success rate:  0.9
{'success': array([ True,  True,  True,  True,  True, False,  True,  True,  True,
        True]), 'state_dist': array([122.94244 ,  73.559044,  87.29316 , 240.58179 ,  76.71623 ,
        92.02466 ,  28.245827,  48.319286, 135.67635 ,  24.761257],
      dtype=float32)}
self.is_success:  [ True  True  True  True  True False  True  True  True  True]

MPC iter 19 Eval ------- 
Success rate:  0.9
{'success': array([ True,  True,  True,  True,  True, False,  True,  True,  True,
        True]), 'state_dist': array([122.94244 ,  73.559044,  87.29316 , 240.58179 ,  76.71623 ,
        92.00615 ,  28.245827,  48.319286, 135.67635 ,  24.761257],
      dtype=float32)}
self.is_success:  [ True  True  True  True  True False  True  True  True  True]
Success rate:  0.9
{'success': array([ True,  True,  True,  True,  True, False,  True,  True,  True,
        True]), 'state_dist': array([122.94244 ,  73.559044,  87.29316 , 240.58179 ,  76.71623 ,
        92.00615 ,  28.245827,  48.319286, 135.67635 ,  24.761257],
      dtype=float32)}
[timing] perform_planning_s=449.360
[timing] total_planning_main_s=458.919
===== channel_on mpc seed 100 chunk 30 (n_evals=10) =====
/home/jupyter-deuk-c4e4/.conda/envs/ts310/lib/python3.10/site-packages/wandb/sdk/internal/internal_api.py:30: UserWarning: pkg_resources is deprecated as an API. See https://setuptools.pypa.io/en/latest/pkg_resources.html. The pkg_resources package is slated for removal as early as 2025-11-30. Refrain from using this package or pin to Setuptools<81.
  from pkg_resources import parse_version
/home/jupyter-deuk-c4e4/.conda/envs/ts310/lib/python3.10/site-packages/pkg_resources/__init__.py:3148: DeprecationWarning: Deprecated call to `pkg_resources.declare_namespace('mpl_toolkits')`.
Implementing implicit namespace packages (as specified in PEP 420) is preferred to `pkg_resources.declare_namespace`. See https://setuptools.pypa.io/en/latest/references/keywords.html#keyword-namespace-packages
  declare_namespace(pkg)
/home/jupyter-deuk-c4e4/.conda/envs/ts310/lib/python3.10/site-packages/pkg_resources/__init__.py:3148: DeprecationWarning: Deprecated call to `pkg_resources.declare_namespace('google')`.
Implementing implicit namespace packages (as specified in PEP 420) is preferred to `pkg_resources.declare_namespace`. See https://setuptools.pypa.io/en/latest/references/keywords.html#keyword-namespace-packages
  declare_namespace(pkg)
/home/jupyter-deuk-c4e4/.conda/envs/ts310/lib/python3.10/site-packages/Cython/Distutils/old_build_ext.py:15: DeprecationWarning: dep_util is Deprecated. Use functions from setuptools instead.
  from distutils.dep_util import newer, newer_group
<frozen importlib._bootstrap>:283: DeprecationWarning: the load_module() method is deprecated and slated for removal in Python 3.12; use exec_module() instead
Warning: Mujoco-based envs failed to import. Set the environment variable D4RL_SUPPRESS_IMPORT_ERROR=1 to suppress this message.
No module named 'mjrl'
Warning: Flow failed to import. Set the environment variable D4RL_SUPPRESS_IMPORT_ERROR=1 to suppress this message.
No module named 'flow'
Warning: CARLA failed to import. Set the environment variable D4RL_SUPPRESS_IMPORT_ERROR=1 to suppress this message.
No module named 'carla'
pybullet build time: Jan 29 2025 23:16:28
/home/jupyter-deuk-c4e4/.conda/envs/ts310/lib/python3.10/site-packages/gym/envs/registration.py:595: UserWarning: [33mWARN: Overriding environment maze2d-open-v0[0m
  logger.warn(f"Overriding environment {id}")
/home/jupyter-deuk-c4e4/.conda/envs/ts310/lib/python3.10/site-packages/gym/envs/registration.py:595: UserWarning: [33mWARN: Overriding environment maze2d-umaze-v0[0m
  logger.warn(f"Overriding environment {id}")
/home/jupyter-deuk-c4e4/.conda/envs/ts310/lib/python3.10/site-packages/gym/envs/registration.py:595: UserWarning: [33mWARN: Overriding environment maze2d-medium-v0[0m
  logger.warn(f"Overriding environment {id}")
/home/jupyter-deuk-c4e4/.conda/envs/ts310/lib/python3.10/site-packages/gym/envs/registration.py:595: UserWarning: [33mWARN: Overriding environment maze2d-large-v0[0m
  logger.warn(f"Overriding environment {id}")
/home/jupyter-deuk-c4e4/.conda/envs/ts310/lib/python3.10/site-packages/gym/envs/registration.py:595: UserWarning: [33mWARN: Overriding environment maze2d-umaze-v1[0m
  logger.warn(f"Overriding environment {id}")
/home/jupyter-deuk-c4e4/.conda/envs/ts310/lib/python3.10/site-packages/gym/envs/registration.py:595: UserWarning: [33mWARN: Overriding environment maze2d-medium-v1[0m
  logger.warn(f"Overriding environment {id}")
/home/jupyter-deuk-c4e4/.conda/envs/ts310/lib/python3.10/site-packages/gym/envs/registration.py:595: UserWarning: [33mWARN: Overriding environment maze2d-large-v1[0m
  logger.warn(f"Overriding environment {id}")
/home/jupyter-deuk-c4e4/.conda/envs/ts310/lib/python3.10/site-packages/gym/envs/registration.py:595: UserWarning: [33mWARN: Overriding environment maze2d-eval-umaze-v1[0m
  logger.warn(f"Overriding environment {id}")
/home/jupyter-deuk-c4e4/.conda/envs/ts310/lib/python3.10/site-packages/gym/envs/registration.py:595: UserWarning: [33mWARN: Overriding environment maze2d-eval-medium-v1[0m
  logger.warn(f"Overriding environment {id}")
/home/jupyter-deuk-c4e4/.conda/envs/ts310/lib/python3.10/site-packages/gym/envs/registration.py:595: UserWarning: [33mWARN: Overriding environment maze2d-eval-large-v1[0m
  logger.warn(f"Overriding environment {id}")
/home/jupyter-deuk-c4e4/.conda/envs/ts310/lib/python3.10/site-packages/gym/envs/registration.py:595: UserWarning: [33mWARN: Overriding environment maze2d-open-dense-v0[0m
  logger.warn(f"Overriding environment {id}")
/home/jupyter-deuk-c4e4/.conda/envs/ts310/lib/python3.10/site-packages/gym/envs/registration.py:595: UserWarning: [33mWARN: Overriding environment maze2d-umaze-dense-v0[0m
  logger.warn(f"Overriding environment {id}")
/home/jupyter-deuk-c4e4/.conda/envs/ts310/lib/python3.10/site-packages/gym/envs/registration.py:595: UserWarning: [33mWARN: Overriding environment maze2d-medium-dense-v0[0m
  logger.warn(f"Overriding environment {id}")
/home/jupyter-deuk-c4e4/.conda/envs/ts310/lib/python3.10/site-packages/gym/envs/registration.py:595: UserWarning: [33mWARN: Overriding environment maze2d-large-dense-v0[0m
  logger.warn(f"Overriding environment {id}")
/home/jupyter-deuk-c4e4/.conda/envs/ts310/lib/python3.10/site-packages/gym/envs/registration.py:595: UserWarning: [33mWARN: Overriding environment maze2d-umaze-dense-v1[0m
  logger.warn(f"Overriding environment {id}")
/home/jupyter-deuk-c4e4/.conda/envs/ts310/lib/python3.10/site-packages/gym/envs/registration.py:595: UserWarning: [33mWARN: Overriding environment maze2d-medium-dense-v1[0m
  logger.warn(f"Overriding environment {id}")
/home/jupyter-deuk-c4e4/.conda/envs/ts310/lib/python3.10/site-packages/gym/envs/registration.py:595: UserWarning: [33mWARN: Overriding environment maze2d-large-dense-v1[0m
  logger.warn(f"Overriding environment {id}")
/home/jupyter-deuk-c4e4/.conda/envs/ts310/lib/python3.10/site-packages/gym/envs/registration.py:595: UserWarning: [33mWARN: Overriding environment maze2d-eval-umaze-dense-v1[0m
  logger.warn(f"Overriding environment {id}")
/home/jupyter-deuk-c4e4/.conda/envs/ts310/lib/python3.10/site-packages/gym/envs/registration.py:595: UserWarning: [33mWARN: Overriding environment maze2d-eval-medium-dense-v1[0m
  logger.warn(f"Overriding environment {id}")
/home/jupyter-deuk-c4e4/.conda/envs/ts310/lib/python3.10/site-packages/gym/envs/registration.py:595: UserWarning: [33mWARN: Overriding environment maze2d-eval-large-dense-v1[0m
  logger.warn(f"Overriding environment {id}")
/opt/dlami/nvme/home/jupyter-deuk-c4e4/temporal-straightening/custom_resolvers.py:4: UserWarning: 
The version_base parameter is not specified.
Please specify a compatability version level, or None.
Will assume defaults for version 1.1
  @hydra.main(config_path=None)
[2026-07-25 15:35:32,494][__main__][INFO] - Planning result saved dir: /opt/dlami/nvme/home/jupyter-deuk-c4e4/pusht-reproduction/straightening_reproduction/plan/mpc_seed_100/chunk_30
/home/jupyter-deuk-c4e4/.conda/envs/ts310/lib/python3.10/site-packages/wandb/sdk/internal/internal_api.py:30: UserWarning: pkg_resources is deprecated as an API. See https://setuptools.pypa.io/en/latest/pkg_resources.html. The pkg_resources package is slated for removal as early as 2025-11-30. Refrain from using this package or pin to Setuptools<81.
  from pkg_resources import parse_version
Using cache found in /home/jupyter-deuk-c4e4/.cache/torch/hub/facebookresearch_dinov2_81b2b6419385
Loaded 18685 rollouts
Loaded 21 rollouts
[2026-07-25 15:35:35,251][dinov2][INFO] - using MLP layer as FFN
[2026-07-25 15:35:35,746][models.dino][WARNING] - Unknown projector 'none' for patch tokens; proceeding without projector.
Resuming from epoch 2: /home/jupyter-deuk-c4e4/pusht-reproduction/straightening_reproduction/test/pusht_aggmlpcos1e-1_agg32_projchannel_dim8_hw14_sgTrue_lr1e-05/checkpoints/model_2.pth
[2026-07-25 15:35:36,152][models.visual_world_model][INFO] - num_action_repeat: 1
[2026-07-25 15:35:36,152][models.visual_world_model][INFO] - num_proprio_repeat: 1
[2026-07-25 15:35:36,152][models.visual_world_model][INFO] - proprio encoder: ProprioceptiveEmbedding(
  (patch_embed): Conv1d(4, 10, kernel_size=(1,), stride=(1,))
  (norm): LayerNorm((10,), eps=1e-05, elementwise_affine=True)
)
[2026-07-25 15:35:36,153][models.visual_world_model][INFO] - action encoder: ProprioceptiveEmbedding(
  (patch_embed): Conv1d(10, 10, kernel_size=(1,), stride=(1,))
  (norm): LayerNorm((10,), eps=1e-05, elementwise_affine=True)
)
[2026-07-25 15:35:36,153][models.visual_world_model][INFO] - proprio_dim: 10, after repeat: 10
[2026-07-25 15:35:36,153][models.visual_world_model][INFO] - action_dim: 10, after repeat: 10
[2026-07-25 15:35:36,153][models.visual_world_model][INFO] - emb_dim: 28
[2026-07-25 15:35:36,153][models.visual_world_model][INFO] - Straightening disabled
[2026-07-25 15:35:36,153][models.visual_world_model][INFO] - Speed constancy disabled
[2026-07-25 15:35:36,153][models.visual_world_model][INFO] - Trajectory penalty disabled
[2026-07-25 15:35:36,153][models.visual_world_model][INFO] - Stop-grad enabled: True
[2026-07-25 15:35:36,153][models.visual_world_model][INFO] - VCReg enabled: False, apply_to=enc, std_coeff=0.0, cov_coeff=0.0
[2026-07-25 15:35:36,153][models.visual_world_model][INFO] - Model emb_dim: 28
[timing] setup_model_s=3.661
eval_seed:  [3001, 3101, 3201, 3301, 3401, 3501, 3601, 3701, 3801, 3901]
Dumped plan targets to /opt/dlami/nvme/home/jupyter-deuk-c4e4/pusht-reproduction/straightening_reproduction/plan/mpc_seed_100/chunk_30/plan_targets.pkl
[timing] setup_workspace_s=7.331

MPC iter 0 Eval ------- 
Success rate:  0.0
{'success': array([False, False, False, False, False, False, False, False, False,
       False]), 'state_dist': array([239.28386 , 132.91107 , 122.03963 , 263.3573  ,  50.047596,
        76.03033 , 222.32605 , 243.1131  , 140.59602 , 140.90567 ],
      dtype=float32)}
self.is_success:  [False False False False False False False False False False]

MPC iter 1 Eval ------- 
Success rate:  0.0
{'success': array([False, False, False, False, False, False, False, False, False,
       False]), 'state_dist': array([176.25906, 109.37006, 103.87089, 256.0601 ,  53.24594,  84.78602,
       164.4566 , 231.86865, 127.95717, 103.96979], dtype=float32)}
self.is_success:  [False False False False False False False False False False]

MPC iter 2 Eval ------- 
Success rate:  0.0
{'success': array([False, False, False, False, False, False, False, False, False,
       False]), 'state_dist': array([129.94734 ,  88.62803 ,  86.08459 , 262.78656 ,  58.671204,
        65.636665, 221.81847 , 198.99678 , 113.456436,  85.56628 ],
      dtype=float32)}
self.is_success:  [False False False False False False False False False False]

MPC iter 3 Eval ------- 
Success rate:  0.0
{'success': array([False, False, False, False, False, False, False, False, False,
       False]), 'state_dist': array([116.39684 ,  64.199234,  62.22196 , 226.56096 ,  59.750984,
        49.515553, 327.58566 , 149.15771 , 129.21643 , 115.571884],
      dtype=float32)}
self.is_success:  [False False False False False False False False False False]

MPC iter 4 Eval ------- 
Success rate:  0.0
{'success': array([False, False, False, False, False, False, False, False, False,
       False]), 'state_dist': array([138.31255 ,  52.430706,  85.76554 ,  79.34928 ,  36.408077,
        66.21026 , 135.68503 ,  66.63804 , 105.12675 ,  74.006256],
      dtype=float32)}
self.is_success:  [False False False False False False False False False False]

MPC iter 5 Eval ------- 
Success rate:  0.3
{'success': array([False, False,  True,  True,  True, False, False, False, False,
       False]), 'state_dist': array([134.91603 ,  27.140545,  21.489256,  24.7502  ,  50.61761 ,
        89.08397 , 114.757805, 154.79512 ,  74.60561 ,  68.827034],
      dtype=float32)}
self.is_success:  [False False  True  True  True False False False False False]

MPC iter 6 Eval ------- 
Success rate:  0.6
{'success': array([False,  True,  True,  True,  True,  True, False,  True, False,
       False]), 'state_dist': array([72.29317 , 18.138773, 21.489256, 24.7502  , 50.61761 , 79.19921 ,
       85.31305 , 99.11931 , 70.05009 , 35.382072], dtype=float32)}
self.is_success:  [False  True  True  True  True  True False  True False False]

MPC iter 7 Eval ------- 
Success rate:  0.7
{'success': array([False,  True,  True,  True,  True,  True, False,  True, False,
        True]), 'state_dist': array([138.99374 ,  18.138773,  21.489256,  24.7502  ,  50.61761 ,
        79.19921 ,  90.5854  ,  99.11931 , 134.79445 ,  10.689871],
      dtype=float32)}
self.is_success:  [False  True  True  True  True  True False  True False  True]

MPC iter 8 Eval ------- 
Success rate:  0.7
{'success': array([False,  True,  True,  True,  True,  True, False,  True, False,
        True]), 'state_dist': array([176.76959 ,  18.138773,  21.489256,  24.7502  ,  50.61761 ,
        79.19921 ,  88.6258  ,  99.11931 , 128.89197 ,  10.689871],
      dtype=float32)}
self.is_success:  [False  True  True  True  True  True False  True False  True]

MPC iter 9 Eval ------- 
Success rate:  0.8
{'success': array([ True,  True,  True,  True,  True,  True, False,  True, False,
        True]), 'state_dist': array([148.90352 ,  18.138773,  21.489256,  24.7502  ,  50.61761 ,
        79.19921 ,  88.56225 ,  99.11931 , 213.9227  ,  10.689871],
      dtype=float32)}
self.is_success:  [ True  True  True  True  True  True False  True False  True]

MPC iter 10 Eval ------- 
Success rate:  0.8
{'success': array([ True,  True,  True,  True,  True,  True, False,  True, False,
        True]), 'state_dist': array([148.90352 ,  18.138773,  21.489256,  24.7502  ,  50.61761 ,
        79.19921 ,  87.37178 ,  99.11931 , 183.44464 ,  10.689871],
      dtype=float32)}
self.is_success:  [ True  True  True  True  True  True False  True False  True]

MPC iter 11 Eval ------- 
Success rate:  0.8
{'success': array([ True,  True,  True,  True,  True,  True, False,  True, False,
        True]), 'state_dist': array([148.90352 ,  18.138773,  21.489256,  24.7502  ,  50.61761 ,
        79.19921 ,  89.87504 ,  99.11931 ,  85.688225,  10.689871],
      dtype=float32)}
self.is_success:  [ True  True  True  True  True  True False  True False  True]

MPC iter 12 Eval ------- 
Success rate:  0.8
{'success': array([ True,  True,  True,  True,  True,  True, False,  True, False,
        True]), 'state_dist': array([148.90352 ,  18.138773,  21.489256,  24.7502  ,  50.61761 ,
        79.19921 ,  88.79009 ,  99.11931 , 318.42117 ,  10.689871],
      dtype=float32)}
self.is_success:  [ True  True  True  True  True  True False  True False  True]

MPC iter 13 Eval ------- 
Success rate:  0.8
{'success': array([ True,  True,  True,  True,  True,  True, False,  True, False,
        True]), 'state_dist': array([148.90352 ,  18.138773,  21.489256,  24.7502  ,  50.61761 ,
        79.19921 ,  87.885544,  99.11931 , 458.22977 ,  10.689871],
      dtype=float32)}
self.is_success:  [ True  True  True  True  True  True False  True False  True]

MPC iter 14 Eval ------- 
Success rate:  0.8
{'success': array([ True,  True,  True,  True,  True,  True, False,  True, False,
        True]), 'state_dist': array([148.90352 ,  18.138773,  21.489256,  24.7502  ,  50.61761 ,
        79.19921 ,  87.877594,  99.11931 , 419.96213 ,  10.689871],
      dtype=float32)}
self.is_success:  [ True  True  True  True  True  True False  True False  True]

MPC iter 15 Eval ------- 
Success rate:  0.8
{'success': array([ True,  True,  True,  True,  True,  True, False,  True, False,
        True]), 'state_dist': array([148.90352 ,  18.138773,  21.489256,  24.7502  ,  50.61761 ,
        79.19921 ,  87.142746,  99.11931 , 241.7401  ,  10.689871],
      dtype=float32)}
self.is_success:  [ True  True  True  True  True  True False  True False  True]

MPC iter 16 Eval ------- 
Success rate:  0.8
{'success': array([ True,  True,  True,  True,  True,  True, False,  True, False,
        True]), 'state_dist': array([148.90352 ,  18.138773,  21.489256,  24.7502  ,  50.61761 ,
        79.19921 ,  88.08157 ,  99.11931 , 324.0887  ,  10.689871],
      dtype=float32)}
self.is_success:  [ True  True  True  True  True  True False  True False  True]

MPC iter 17 Eval ------- 
Success rate:  0.8
{'success': array([ True,  True,  True,  True,  True,  True, False,  True, False,
        True]), 'state_dist': array([148.90352 ,  18.138773,  21.489256,  24.7502  ,  50.61761 ,
        79.19921 ,  87.97943 ,  99.11931 , 477.75568 ,  10.689871],
      dtype=float32)}
self.is_success:  [ True  True  True  True  True  True False  True False  True]

MPC iter 18 Eval ------- 
Success rate:  0.8
{'success': array([ True,  True,  True,  True,  True,  True, False,  True, False,
        True]), 'state_dist': array([148.90352 ,  18.138773,  21.489256,  24.7502  ,  50.61761 ,
        79.19921 ,  87.15377 ,  99.11931 , 518.6906  ,  10.689871],
      dtype=float32)}
self.is_success:  [ True  True  True  True  True  True False  True False  True]

MPC iter 19 Eval ------- 
Success rate:  0.8
{'success': array([ True,  True,  True,  True,  True,  True, False,  True, False,
        True]), 'state_dist': array([148.90352 ,  18.138773,  21.489256,  24.7502  ,  50.61761 ,
        79.19921 ,  88.08024 ,  99.11931 , 454.8761  ,  10.689871],
      dtype=float32)}
self.is_success:  [ True  True  True  True  True  True False  True False  True]
Success rate:  0.8
{'success': array([ True,  True,  True,  True,  True,  True, False,  True, False,
        True]), 'state_dist': array([148.90352 ,  18.138773,  21.489256,  24.7502  ,  50.61761 ,
        79.19921 ,  88.08024 ,  99.11931 , 454.8761  ,  10.689871],
      dtype=float32)}
[timing] perform_planning_s=450.109
[timing] total_planning_main_s=461.101
===== channel_on mpc seed 100 chunk 40 (n_evals=10) =====
/home/jupyter-deuk-c4e4/.conda/envs/ts310/lib/python3.10/site-packages/wandb/sdk/internal/internal_api.py:30: UserWarning: pkg_resources is deprecated as an API. See https://setuptools.pypa.io/en/latest/pkg_resources.html. The pkg_resources package is slated for removal as early as 2025-11-30. Refrain from using this package or pin to Setuptools<81.
  from pkg_resources import parse_version
/home/jupyter-deuk-c4e4/.conda/envs/ts310/lib/python3.10/site-packages/pkg_resources/__init__.py:3148: DeprecationWarning: Deprecated call to `pkg_resources.declare_namespace('mpl_toolkits')`.
Implementing implicit namespace packages (as specified in PEP 420) is preferred to `pkg_resources.declare_namespace`. See https://setuptools.pypa.io/en/latest/references/keywords.html#keyword-namespace-packages
  declare_namespace(pkg)
/home/jupyter-deuk-c4e4/.conda/envs/ts310/lib/python3.10/site-packages/pkg_resources/__init__.py:3148: DeprecationWarning: Deprecated call to `pkg_resources.declare_namespace('google')`.
Implementing implicit namespace packages (as specified in PEP 420) is preferred to `pkg_resources.declare_namespace`. See https://setuptools.pypa.io/en/latest/references/keywords.html#keyword-namespace-packages
  declare_namespace(pkg)
/home/jupyter-deuk-c4e4/.conda/envs/ts310/lib/python3.10/site-packages/Cython/Distutils/old_build_ext.py:15: DeprecationWarning: dep_util is Deprecated. Use functions from setuptools instead.
  from distutils.dep_util import newer, newer_group
<frozen importlib._bootstrap>:283: DeprecationWarning: the load_module() method is deprecated and slated for removal in Python 3.12; use exec_module() instead
Warning: Mujoco-based envs failed to import. Set the environment variable D4RL_SUPPRESS_IMPORT_ERROR=1 to suppress this message.
No module named 'mjrl'
Warning: Flow failed to import. Set the environment variable D4RL_SUPPRESS_IMPORT_ERROR=1 to suppress this message.
No module named 'flow'
Warning: CARLA failed to import. Set the environment variable D4RL_SUPPRESS_IMPORT_ERROR=1 to suppress this message.
No module named 'carla'
pybullet build time: Jan 29 2025 23:16:28
/home/jupyter-deuk-c4e4/.conda/envs/ts310/lib/python3.10/site-packages/gym/envs/registration.py:595: UserWarning: [33mWARN: Overriding environment maze2d-open-v0[0m
  logger.warn(f"Overriding environment {id}")
/home/jupyter-deuk-c4e4/.conda/envs/ts310/lib/python3.10/site-packages/gym/envs/registration.py:595: UserWarning: [33mWARN: Overriding environment maze2d-umaze-v0[0m
  logger.warn(f"Overriding environment {id}")
/home/jupyter-deuk-c4e4/.conda/envs/ts310/lib/python3.10/site-packages/gym/envs/registration.py:595: UserWarning: [33mWARN: Overriding environment maze2d-medium-v0[0m
  logger.warn(f"Overriding environment {id}")
/home/jupyter-deuk-c4e4/.conda/envs/ts310/lib/python3.10/site-packages/gym/envs/registration.py:595: UserWarning: [33mWARN: Overriding environment maze2d-large-v0[0m
  logger.warn(f"Overriding environment {id}")
/home/jupyter-deuk-c4e4/.conda/envs/ts310/lib/python3.10/site-packages/gym/envs/registration.py:595: UserWarning: [33mWARN: Overriding environment maze2d-umaze-v1[0m
  logger.warn(f"Overriding environment {id}")
/home/jupyter-deuk-c4e4/.conda/envs/ts310/lib/python3.10/site-packages/gym/envs/registration.py:595: UserWarning: [33mWARN: Overriding environment maze2d-medium-v1[0m
  logger.warn(f"Overriding environment {id}")
/home/jupyter-deuk-c4e4/.conda/envs/ts310/lib/python3.10/site-packages/gym/envs/registration.py:595: UserWarning: [33mWARN: Overriding environment maze2d-large-v1[0m
  logger.warn(f"Overriding environment {id}")
/home/jupyter-deuk-c4e4/.conda/envs/ts310/lib/python3.10/site-packages/gym/envs/registration.py:595: UserWarning: [33mWARN: Overriding environment maze2d-eval-umaze-v1[0m
  logger.warn(f"Overriding environment {id}")
/home/jupyter-deuk-c4e4/.conda/envs/ts310/lib/python3.10/site-packages/gym/envs/registration.py:595: UserWarning: [33mWARN: Overriding environment maze2d-eval-medium-v1[0m
  logger.warn(f"Overriding environment {id}")
/home/jupyter-deuk-c4e4/.conda/envs/ts310/lib/python3.10/site-packages/gym/envs/registration.py:595: UserWarning: [33mWARN: Overriding environment maze2d-eval-large-v1[0m
  logger.warn(f"Overriding environment {id}")
/home/jupyter-deuk-c4e4/.conda/envs/ts310/lib/python3.10/site-packages/gym/envs/registration.py:595: UserWarning: [33mWARN: Overriding environment maze2d-open-dense-v0[0m
  logger.warn(f"Overriding environment {id}")
/home/jupyter-deuk-c4e4/.conda/envs/ts310/lib/python3.10/site-packages/gym/envs/registration.py:595: UserWarning: [33mWARN: Overriding environment maze2d-umaze-dense-v0[0m
  logger.warn(f"Overriding environment {id}")
/home/jupyter-deuk-c4e4/.conda/envs/ts310/lib/python3.10/site-packages/gym/envs/registration.py:595: UserWarning: [33mWARN: Overriding environment maze2d-medium-dense-v0[0m
  logger.warn(f"Overriding environment {id}")
/home/jupyter-deuk-c4e4/.conda/envs/ts310/lib/python3.10/site-packages/gym/envs/registration.py:595: UserWarning: [33mWARN: Overriding environment maze2d-large-dense-v0[0m
  logger.warn(f"Overriding environment {id}")
/home/jupyter-deuk-c4e4/.conda/envs/ts310/lib/python3.10/site-packages/gym/envs/registration.py:595: UserWarning: [33mWARN: Overriding environment maze2d-umaze-dense-v1[0m
  logger.warn(f"Overriding environment {id}")
/home/jupyter-deuk-c4e4/.conda/envs/ts310/lib/python3.10/site-packages/gym/envs/registration.py:595: UserWarning: [33mWARN: Overriding environment maze2d-medium-dense-v1[0m
  logger.warn(f"Overriding environment {id}")
/home/jupyter-deuk-c4e4/.conda/envs/ts310/lib/python3.10/site-packages/gym/envs/registration.py:595: UserWarning: [33mWARN: Overriding environment maze2d-large-dense-v1[0m
  logger.warn(f"Overriding environment {id}")
/home/jupyter-deuk-c4e4/.conda/envs/ts310/lib/python3.10/site-packages/gym/envs/registration.py:595: UserWarning: [33mWARN: Overriding environment maze2d-eval-umaze-dense-v1[0m
  logger.warn(f"Overriding environment {id}")
/home/jupyter-deuk-c4e4/.conda/envs/ts310/lib/python3.10/site-packages/gym/envs/registration.py:595: UserWarning: [33mWARN: Overriding environment maze2d-eval-medium-dense-v1[0m
  logger.warn(f"Overriding environment {id}")
/home/jupyter-deuk-c4e4/.conda/envs/ts310/lib/python3.10/site-packages/gym/envs/registration.py:595: UserWarning: [33mWARN: Overriding environment maze2d-eval-large-dense-v1[0m
  logger.warn(f"Overriding environment {id}")
/opt/dlami/nvme/home/jupyter-deuk-c4e4/temporal-straightening/custom_resolvers.py:4: UserWarning: 
The version_base parameter is not specified.
Please specify a compatability version level, or None.
Will assume defaults for version 1.1
  @hydra.main(config_path=None)
[2026-07-25 15:43:18,940][__main__][INFO] - Planning result saved dir: /opt/dlami/nvme/home/jupyter-deuk-c4e4/pusht-reproduction/straightening_reproduction/plan/mpc_seed_100/chunk_40
/home/jupyter-deuk-c4e4/.conda/envs/ts310/lib/python3.10/site-packages/wandb/sdk/internal/internal_api.py:30: UserWarning: pkg_resources is deprecated as an API. See https://setuptools.pypa.io/en/latest/pkg_resources.html. The pkg_resources package is slated for removal as early as 2025-11-30. Refrain from using this package or pin to Setuptools<81.
  from pkg_resources import parse_version
Using cache found in /home/jupyter-deuk-c4e4/.cache/torch/hub/facebookresearch_dinov2_81b2b6419385
Loaded 18685 rollouts
Loaded 21 rollouts
[2026-07-25 15:43:21,392][dinov2][INFO] - using MLP layer as FFN
[2026-07-25 15:43:21,854][models.dino][WARNING] - Unknown projector 'none' for patch tokens; proceeding without projector.
Resuming from epoch 2: /home/jupyter-deuk-c4e4/pusht-reproduction/straightening_reproduction/test/pusht_aggmlpcos1e-1_agg32_projchannel_dim8_hw14_sgTrue_lr1e-05/checkpoints/model_2.pth
[2026-07-25 15:43:22,210][models.visual_world_model][INFO] - num_action_repeat: 1
[2026-07-25 15:43:22,210][models.visual_world_model][INFO] - num_proprio_repeat: 1
[2026-07-25 15:43:22,210][models.visual_world_model][INFO] - proprio encoder: ProprioceptiveEmbedding(
  (patch_embed): Conv1d(4, 10, kernel_size=(1,), stride=(1,))
  (norm): LayerNorm((10,), eps=1e-05, elementwise_affine=True)
)
[2026-07-25 15:43:22,210][models.visual_world_model][INFO] - action encoder: ProprioceptiveEmbedding(
  (patch_embed): Conv1d(10, 10, kernel_size=(1,), stride=(1,))
  (norm): LayerNorm((10,), eps=1e-05, elementwise_affine=True)
)
[2026-07-25 15:43:22,210][models.visual_world_model][INFO] - proprio_dim: 10, after repeat: 10
[2026-07-25 15:43:22,210][models.visual_world_model][INFO] - action_dim: 10, after repeat: 10
[2026-07-25 15:43:22,210][models.visual_world_model][INFO] - emb_dim: 28
[2026-07-25 15:43:22,210][models.visual_world_model][INFO] - Straightening disabled
[2026-07-25 15:43:22,210][models.visual_world_model][INFO] - Speed constancy disabled
[2026-07-25 15:43:22,211][models.visual_world_model][INFO] - Trajectory penalty disabled
[2026-07-25 15:43:22,211][models.visual_world_model][INFO] - Stop-grad enabled: True
[2026-07-25 15:43:22,211][models.visual_world_model][INFO] - VCReg enabled: False, apply_to=enc, std_coeff=0.0, cov_coeff=0.0
[2026-07-25 15:43:22,211][models.visual_world_model][INFO] - Model emb_dim: 28
[timing] setup_model_s=3.272
eval_seed:  [4001, 4101, 4201, 4301, 4401, 4501, 4601, 4701, 4801, 4901]
Dumped plan targets to /opt/dlami/nvme/home/jupyter-deuk-c4e4/pusht-reproduction/straightening_reproduction/plan/mpc_seed_100/chunk_40/plan_targets.pkl
[timing] setup_workspace_s=7.271

MPC iter 0 Eval ------- 
Success rate:  0.0
{'success': array([False, False, False, False, False, False, False, False, False,
       False]), 'state_dist': array([176.29353, 181.63098, 212.30156,  53.53275, 142.6009 , 261.58353,
       235.0308 , 147.76001, 246.06909, 131.68982], dtype=float32)}
self.is_success:  [False False False False False False False False False False]

MPC iter 1 Eval ------- 
Success rate:  0.0
{'success': array([False, False, False, False, False, False, False, False, False,
       False]), 'state_dist': array([153.442  , 193.58002, 157.88461,  57.96835, 127.53775, 227.96037,
       246.83458, 130.88809, 214.90347, 127.99603], dtype=float32)}
self.is_success:  [False False False False False False False False False False]

MPC iter 2 Eval ------- 
Success rate:  0.0
{'success': array([False, False, False, False, False, False, False, False, False,
       False]), 'state_dist': array([117.63813 , 164.74446 , 129.20209 , 125.258286, 101.45786 ,
       190.17659 , 244.77144 , 133.34908 , 186.37392 , 129.7624  ],
      dtype=float32)}
self.is_success:  [False False False False False False False False False False]

MPC iter 3 Eval ------- 
Success rate:  0.1
{'success': array([False, False, False,  True, False, False, False, False, False,
       False]), 'state_dist': array([ 78.6571  , 150.41418 , 210.45291 , 137.54095 ,  88.13325 ,
        96.364426, 153.15918 , 155.14462 , 334.47983 , 127.80168 ],
      dtype=float32)}
self.is_success:  [False False False  True False False False False False False]

MPC iter 4 Eval ------- 
Success rate:  0.3
{'success': array([False, False,  True,  True, False, False,  True, False, False,
       False]), 'state_dist': array([ 65.94234 ,  79.99721 ,  49.05351 , 137.54095 ,  85.25834 ,
        61.839947, 106.85681 , 157.03204 , 182.34348 , 115.83719 ],
      dtype=float32)}
self.is_success:  [False False  True  True False False  True False False False]

MPC iter 5 Eval ------- 
Success rate:  0.4
{'success': array([False, False,  True,  True, False,  True,  True, False, False,
       False]), 'state_dist': array([ 45.2952  ,  97.57336 ,  49.05351 , 137.54095 ,  57.733883,
        84.17319 , 106.85681 ,  39.63774 , 158.89168 ,  97.22391 ],
      dtype=float32)}
self.is_success:  [False False  True  True False  True  True False False False]

MPC iter 6 Eval ------- 
Success rate:  0.9
{'success': array([ True,  True,  True,  True,  True,  True,  True, False,  True,
        True]), 'state_dist': array([ 24.161104,  46.52951 ,  49.05351 , 137.54095 ,  18.651878,
        84.17319 , 106.85681 , 133.78313 ,  92.64581 ,  83.78704 ],
      dtype=float32)}
self.is_success:  [ True  True  True  True  True  True  True False  True  True]

MPC iter 7 Eval ------- 
Success rate:  0.9
{'success': array([ True,  True,  True,  True,  True,  True,  True, False,  True,
        True]), 'state_dist': array([ 24.161104,  46.52951 ,  49.05351 , 137.54095 ,  18.651878,
        84.17319 , 106.85681 , 110.99499 ,  92.64581 ,  83.78704 ],
      dtype=float32)}
self.is_success:  [ True  True  True  True  True  True  True False  True  True]

MPC iter 8 Eval ------- 
Success rate:  0.9
{'success': array([ True,  True,  True,  True,  True,  True,  True, False,  True,
        True]), 'state_dist': array([ 24.161104,  46.52951 ,  49.05351 , 137.54095 ,  18.651878,
        84.17319 , 106.85681 , 139.03033 ,  92.64581 ,  83.78704 ],
      dtype=float32)}
self.is_success:  [ True  True  True  True  True  True  True False  True  True]

MPC iter 9 Eval ------- 
Success rate:  0.9
{'success': array([ True,  True,  True,  True,  True,  True,  True, False,  True,
        True]), 'state_dist': array([ 24.161104,  46.52951 ,  49.05351 , 137.54095 ,  18.651878,
        84.17319 , 106.85681 ,  38.243084,  92.64581 ,  83.78704 ],
      dtype=float32)}
self.is_success:  [ True  True  True  True  True  True  True False  True  True]

MPC iter 10 Eval ------- 
Success rate:  0.9
{'success': array([ True,  True,  True,  True,  True,  True,  True, False,  True,
        True]), 'state_dist': array([ 24.161104,  46.52951 ,  49.05351 , 137.54095 ,  18.651878,
        84.17319 , 106.85681 ,  47.826035,  92.64581 ,  83.78704 ],
      dtype=float32)}
self.is_success:  [ True  True  True  True  True  True  True False  True  True]

MPC iter 11 Eval ------- 
Success rate:  0.9
{'success': array([ True,  True,  True,  True,  True,  True,  True, False,  True,
        True]), 'state_dist': array([ 24.161104,  46.52951 ,  49.05351 , 137.54095 ,  18.651878,
        84.17319 , 106.85681 ,  32.30881 ,  92.64581 ,  83.78704 ],
      dtype=float32)}
self.is_success:  [ True  True  True  True  True  True  True False  True  True]

MPC iter 12 Eval ------- 
Success rate:  0.9
{'success': array([ True,  True,  True,  True,  True,  True,  True, False,  True,
        True]), 'state_dist': array([ 24.161104,  46.52951 ,  49.05351 , 137.54095 ,  18.651878,
        84.17319 , 106.85681 ,  36.476906,  92.64581 ,  83.78704 ],
      dtype=float32)}
self.is_success:  [ True  True  True  True  True  True  True False  True  True]

MPC iter 13 Eval ------- 
Success rate:  0.9
{'success': array([ True,  True,  True,  True,  True,  True,  True, False,  True,
        True]), 'state_dist': array([ 24.161104,  46.52951 ,  49.05351 , 137.54095 ,  18.651878,
        84.17319 , 106.85681 ,  55.33557 ,  92.64581 ,  83.78704 ],
      dtype=float32)}
self.is_success:  [ True  True  True  True  True  True  True False  True  True]

MPC iter 14 Eval ------- 
Success rate:  0.9
{'success': array([ True,  True,  True,  True,  True,  True,  True, False,  True,
        True]), 'state_dist': array([ 24.161104,  46.52951 ,  49.05351 , 137.54095 ,  18.651878,
        84.17319 , 106.85681 ,  40.73551 ,  92.64581 ,  83.78704 ],
      dtype=float32)}
self.is_success:  [ True  True  True  True  True  True  True False  True  True]

MPC iter 15 Eval ------- 
Success rate:  0.9
{'success': array([ True,  True,  True,  True,  True,  True,  True, False,  True,
        True]), 'state_dist': array([ 24.161104,  46.52951 ,  49.05351 , 137.54095 ,  18.651878,
        84.17319 , 106.85681 ,  46.161026,  92.64581 ,  83.78704 ],
      dtype=float32)}
self.is_success:  [ True  True  True  True  True  True  True False  True  True]

MPC iter 16 Eval ------- 
Success rate:  0.9
{'success': array([ True,  True,  True,  True,  True,  True,  True, False,  True,
        True]), 'state_dist': array([ 24.161104,  46.52951 ,  49.05351 , 137.54095 ,  18.651878,
        84.17319 , 106.85681 ,  45.416466,  92.64581 ,  83.78704 ],
      dtype=float32)}
self.is_success:  [ True  True  True  True  True  True  True False  True  True]

MPC iter 17 Eval ------- 
Success rate:  0.9
{'success': array([ True,  True,  True,  True,  True,  True,  True, False,  True,
        True]), 'state_dist': array([ 24.161104,  46.52951 ,  49.05351 , 137.54095 ,  18.651878,
        84.17319 , 106.85681 ,  51.481403,  92.64581 ,  83.78704 ],
      dtype=float32)}
self.is_success:  [ True  True  True  True  True  True  True False  True  True]

MPC iter 18 Eval ------- 
Success rate:  0.9
{'success': array([ True,  True,  True,  True,  True,  True,  True, False,  True,
        True]), 'state_dist': array([ 24.161104,  46.52951 ,  49.05351 , 137.54095 ,  18.651878,
        84.17319 , 106.85681 ,  69.142426,  92.64581 ,  83.78704 ],
      dtype=float32)}
self.is_success:  [ True  True  True  True  True  True  True False  True  True]

MPC iter 19 Eval ------- 
Success rate:  0.9
{'success': array([ True,  True,  True,  True,  True,  True,  True, False,  True,
        True]), 'state_dist': array([ 24.161104,  46.52951 ,  49.05351 , 137.54095 ,  18.651878,
        84.17319 , 106.85681 ,  55.755783,  92.64581 ,  83.78704 ],
      dtype=float32)}
self.is_success:  [ True  True  True  True  True  True  True False  True  True]
Success rate:  0.9
{'success': array([ True,  True,  True,  True,  True,  True,  True, False,  True,
        True]), 'state_dist': array([ 24.161104,  46.52951 ,  49.05351 , 137.54095 ,  18.651878,
        84.17319 , 106.85681 ,  55.755783,  92.64581 ,  83.78704 ],
      dtype=float32)}
[timing] perform_planning_s=448.974
[timing] total_planning_main_s=459.517
===== channel_on mpc seed 200 chunk 00 (n_evals=10) =====
/home/jupyter-deuk-c4e4/.conda/envs/ts310/lib/python3.10/site-packages/wandb/sdk/internal/internal_api.py:30: UserWarning: pkg_resources is deprecated as an API. See https://setuptools.pypa.io/en/latest/pkg_resources.html. The pkg_resources package is slated for removal as early as 2025-11-30. Refrain from using this package or pin to Setuptools<81.
  from pkg_resources import parse_version
/home/jupyter-deuk-c4e4/.conda/envs/ts310/lib/python3.10/site-packages/pkg_resources/__init__.py:3148: DeprecationWarning: Deprecated call to `pkg_resources.declare_namespace('mpl_toolkits')`.
Implementing implicit namespace packages (as specified in PEP 420) is preferred to `pkg_resources.declare_namespace`. See https://setuptools.pypa.io/en/latest/references/keywords.html#keyword-namespace-packages
  declare_namespace(pkg)
/home/jupyter-deuk-c4e4/.conda/envs/ts310/lib/python3.10/site-packages/pkg_resources/__init__.py:3148: DeprecationWarning: Deprecated call to `pkg_resources.declare_namespace('google')`.
Implementing implicit namespace packages (as specified in PEP 420) is preferred to `pkg_resources.declare_namespace`. See https://setuptools.pypa.io/en/latest/references/keywords.html#keyword-namespace-packages
  declare_namespace(pkg)
/home/jupyter-deuk-c4e4/.conda/envs/ts310/lib/python3.10/site-packages/Cython/Distutils/old_build_ext.py:15: DeprecationWarning: dep_util is Deprecated. Use functions from setuptools instead.
  from distutils.dep_util import newer, newer_group
<frozen importlib._bootstrap>:283: DeprecationWarning: the load_module() method is deprecated and slated for removal in Python 3.12; use exec_module() instead
Warning: Mujoco-based envs failed to import. Set the environment variable D4RL_SUPPRESS_IMPORT_ERROR=1 to suppress this message.
No module named 'mjrl'
Warning: Flow failed to import. Set the environment variable D4RL_SUPPRESS_IMPORT_ERROR=1 to suppress this message.
No module named 'flow'
Warning: CARLA failed to import. Set the environment variable D4RL_SUPPRESS_IMPORT_ERROR=1 to suppress this message.
No module named 'carla'
pybullet build time: Jan 29 2025 23:16:28
/home/jupyter-deuk-c4e4/.conda/envs/ts310/lib/python3.10/site-packages/gym/envs/registration.py:595: UserWarning: [33mWARN: Overriding environment maze2d-open-v0[0m
  logger.warn(f"Overriding environment {id}")
/home/jupyter-deuk-c4e4/.conda/envs/ts310/lib/python3.10/site-packages/gym/envs/registration.py:595: UserWarning: [33mWARN: Overriding environment maze2d-umaze-v0[0m
  logger.warn(f"Overriding environment {id}")
/home/jupyter-deuk-c4e4/.conda/envs/ts310/lib/python3.10/site-packages/gym/envs/registration.py:595: UserWarning: [33mWARN: Overriding environment maze2d-medium-v0[0m
  logger.warn(f"Overriding environment {id}")
/home/jupyter-deuk-c4e4/.conda/envs/ts310/lib/python3.10/site-packages/gym/envs/registration.py:595: UserWarning: [33mWARN: Overriding environment maze2d-large-v0[0m
  logger.warn(f"Overriding environment {id}")
/home/jupyter-deuk-c4e4/.conda/envs/ts310/lib/python3.10/site-packages/gym/envs/registration.py:595: UserWarning: [33mWARN: Overriding environment maze2d-umaze-v1[0m
  logger.warn(f"Overriding environment {id}")
/home/jupyter-deuk-c4e4/.conda/envs/ts310/lib/python3.10/site-packages/gym/envs/registration.py:595: UserWarning: [33mWARN: Overriding environment maze2d-medium-v1[0m
  logger.warn(f"Overriding environment {id}")
/home/jupyter-deuk-c4e4/.conda/envs/ts310/lib/python3.10/site-packages/gym/envs/registration.py:595: UserWarning: [33mWARN: Overriding environment maze2d-large-v1[0m
  logger.warn(f"Overriding environment {id}")
/home/jupyter-deuk-c4e4/.conda/envs/ts310/lib/python3.10/site-packages/gym/envs/registration.py:595: UserWarning: [33mWARN: Overriding environment maze2d-eval-umaze-v1[0m
  logger.warn(f"Overriding environment {id}")
/home/jupyter-deuk-c4e4/.conda/envs/ts310/lib/python3.10/site-packages/gym/envs/registration.py:595: UserWarning: [33mWARN: Overriding environment maze2d-eval-medium-v1[0m
  logger.warn(f"Overriding environment {id}")
/home/jupyter-deuk-c4e4/.conda/envs/ts310/lib/python3.10/site-packages/gym/envs/registration.py:595: UserWarning: [33mWARN: Overriding environment maze2d-eval-large-v1[0m
  logger.warn(f"Overriding environment {id}")
/home/jupyter-deuk-c4e4/.conda/envs/ts310/lib/python3.10/site-packages/gym/envs/registration.py:595: UserWarning: [33mWARN: Overriding environment maze2d-open-dense-v0[0m
  logger.warn(f"Overriding environment {id}")
/home/jupyter-deuk-c4e4/.conda/envs/ts310/lib/python3.10/site-packages/gym/envs/registration.py:595: UserWarning: [33mWARN: Overriding environment maze2d-umaze-dense-v0[0m
  logger.warn(f"Overriding environment {id}")
/home/jupyter-deuk-c4e4/.conda/envs/ts310/lib/python3.10/site-packages/gym/envs/registration.py:595: UserWarning: [33mWARN: Overriding environment maze2d-medium-dense-v0[0m
  logger.warn(f"Overriding environment {id}")
/home/jupyter-deuk-c4e4/.conda/envs/ts310/lib/python3.10/site-packages/gym/envs/registration.py:595: UserWarning: [33mWARN: Overriding environment maze2d-large-dense-v0[0m
  logger.warn(f"Overriding environment {id}")
/home/jupyter-deuk-c4e4/.conda/envs/ts310/lib/python3.10/site-packages/gym/envs/registration.py:595: UserWarning: [33mWARN: Overriding environment maze2d-umaze-dense-v1[0m
  logger.warn(f"Overriding environment {id}")
/home/jupyter-deuk-c4e4/.conda/envs/ts310/lib/python3.10/site-packages/gym/envs/registration.py:595: UserWarning: [33mWARN: Overriding environment maze2d-medium-dense-v1[0m
  logger.warn(f"Overriding environment {id}")
/home/jupyter-deuk-c4e4/.conda/envs/ts310/lib/python3.10/site-packages/gym/envs/registration.py:595: UserWarning: [33mWARN: Overriding environment maze2d-large-dense-v1[0m
  logger.warn(f"Overriding environment {id}")
/home/jupyter-deuk-c4e4/.conda/envs/ts310/lib/python3.10/site-packages/gym/envs/registration.py:595: UserWarning: [33mWARN: Overriding environment maze2d-eval-umaze-dense-v1[0m
  logger.warn(f"Overriding environment {id}")
/home/jupyter-deuk-c4e4/.conda/envs/ts310/lib/python3.10/site-packages/gym/envs/registration.py:595: UserWarning: [33mWARN: Overriding environment maze2d-eval-medium-dense-v1[0m
  logger.warn(f"Overriding environment {id}")
/home/jupyter-deuk-c4e4/.conda/envs/ts310/lib/python3.10/site-packages/gym/envs/registration.py:595: UserWarning: [33mWARN: Overriding environment maze2d-eval-large-dense-v1[0m
  logger.warn(f"Overriding environment {id}")
/opt/dlami/nvme/home/jupyter-deuk-c4e4/temporal-straightening/custom_resolvers.py:4: UserWarning: 
The version_base parameter is not specified.
Please specify a compatability version level, or None.
Will assume defaults for version 1.1
  @hydra.main(config_path=None)
[2026-07-25 15:51:03,674][__main__][INFO] - Planning result saved dir: /opt/dlami/nvme/home/jupyter-deuk-c4e4/pusht-reproduction/straightening_reproduction/plan/mpc_seed_200/chunk_00
/home/jupyter-deuk-c4e4/.conda/envs/ts310/lib/python3.10/site-packages/wandb/sdk/internal/internal_api.py:30: UserWarning: pkg_resources is deprecated as an API. See https://setuptools.pypa.io/en/latest/pkg_resources.html. The pkg_resources package is slated for removal as early as 2025-11-30. Refrain from using this package or pin to Setuptools<81.
  from pkg_resources import parse_version
Using cache found in /home/jupyter-deuk-c4e4/.cache/torch/hub/facebookresearch_dinov2_81b2b6419385
Loaded 18685 rollouts
Loaded 21 rollouts
[2026-07-25 15:51:06,140][dinov2][INFO] - using MLP layer as FFN
[2026-07-25 15:51:06,549][models.dino][WARNING] - Unknown projector 'none' for patch tokens; proceeding without projector.
Resuming from epoch 2: /home/jupyter-deuk-c4e4/pusht-reproduction/straightening_reproduction/test/pusht_aggmlpcos1e-1_agg32_projchannel_dim8_hw14_sgTrue_lr1e-05/checkpoints/model_2.pth
[2026-07-25 15:51:06,890][models.visual_world_model][INFO] - num_action_repeat: 1
[2026-07-25 15:51:06,890][models.visual_world_model][INFO] - num_proprio_repeat: 1
[2026-07-25 15:51:06,891][models.visual_world_model][INFO] - proprio encoder: ProprioceptiveEmbedding(
  (patch_embed): Conv1d(4, 10, kernel_size=(1,), stride=(1,))
  (norm): LayerNorm((10,), eps=1e-05, elementwise_affine=True)
)
[2026-07-25 15:51:06,891][models.visual_world_model][INFO] - action encoder: ProprioceptiveEmbedding(
  (patch_embed): Conv1d(10, 10, kernel_size=(1,), stride=(1,))
  (norm): LayerNorm((10,), eps=1e-05, elementwise_affine=True)
)
[2026-07-25 15:51:06,891][models.visual_world_model][INFO] - proprio_dim: 10, after repeat: 10
[2026-07-25 15:51:06,891][models.visual_world_model][INFO] - action_dim: 10, after repeat: 10
[2026-07-25 15:51:06,891][models.visual_world_model][INFO] - emb_dim: 28
[2026-07-25 15:51:06,891][models.visual_world_model][INFO] - Straightening disabled
[2026-07-25 15:51:06,891][models.visual_world_model][INFO] - Speed constancy disabled
[2026-07-25 15:51:06,891][models.visual_world_model][INFO] - Trajectory penalty disabled
[2026-07-25 15:51:06,891][models.visual_world_model][INFO] - Stop-grad enabled: True
[2026-07-25 15:51:06,891][models.visual_world_model][INFO] - VCReg enabled: False, apply_to=enc, std_coeff=0.0, cov_coeff=0.0
[2026-07-25 15:51:06,891][models.visual_world_model][INFO] - Model emb_dim: 28
[timing] setup_model_s=3.219
eval_seed:  [1, 201, 401, 601, 801, 1001, 1201, 1401, 1601, 1801]
Dumped plan targets to /opt/dlami/nvme/home/jupyter-deuk-c4e4/pusht-reproduction/straightening_reproduction/plan/mpc_seed_200/chunk_00/plan_targets.pkl
[timing] setup_workspace_s=4.275

MPC iter 0 Eval ------- 
Success rate:  0.0
{'success': array([False, False, False, False, False, False, False, False, False,
       False]), 'state_dist': array([364.61517, 305.06433, 209.53401, 283.77402, 283.10895, 152.77927,
       150.2364 , 184.3452 , 236.83823, 133.20612], dtype=float32)}
self.is_success:  [False False False False False False False False False False]

MPC iter 1 Eval ------- 
Success rate:  0.0
{'success': array([False, False, False, False, False, False, False, False, False,
       False]), 'state_dist': array([288.65842, 300.33395, 151.48259, 312.6121 , 247.38403, 118.06003,
       158.23827, 371.30933, 185.8897 , 114.16055], dtype=float32)}
self.is_success:  [False False False False False False False False False False]

MPC iter 2 Eval ------- 
Success rate:  0.0
{'success': array([False, False, False, False, False, False, False, False, False,
       False]), 'state_dist': array([278.12094 , 406.4807  , 113.43115 , 310.53836 , 164.94405 ,
        92.19341 , 169.80186 , 176.76225 , 255.53313 ,  98.101974],
      dtype=float32)}
self.is_success:  [False False False False False False False False False False]

MPC iter 3 Eval ------- 
Success rate:  0.0
{'success': array([False, False, False, False, False, False, False, False, False,
       False]), 'state_dist': array([340.9612  , 184.90492 ,  95.30548 , 274.56778 , 109.160866,
        77.02311 , 136.88829 ,  96.60757 , 179.2423  ,  98.1965  ],
      dtype=float32)}
self.is_success:  [False False False False False False False False False False]

MPC iter 4 Eval ------- 
Success rate:  0.0
{'success': array([False, False, False, False, False, False, False, False, False,
       False]), 'state_dist': array([265.3452  , 335.39008 ,  74.264565, 125.41566 , 111.602   ,
        99.45073 ,  55.39395 ,  97.080124, 115.368286,  60.56959 ],
      dtype=float32)}
self.is_success:  [False False False False False False False False False False]

MPC iter 5 Eval ------- 
Success rate:  0.3
{'success': array([ True, False,  True, False, False, False, False, False, False,
        True]), 'state_dist': array([ 53.79445 , 214.7354  ,  20.050007,  64.47912 , 114.99255 ,
        39.693985,  29.72172 ,  88.62892 ,  90.8826  ,  25.118319],
      dtype=float32)}
self.is_success:  [ True False  True False False False False False False  True]

MPC iter 6 Eval ------- 
Success rate:  0.8
{'success': array([ True, False,  True,  True,  True,  True,  True, False,  True,
        True]), 'state_dist': array([ 53.79445 , 262.0441  ,  20.050007, 107.92518 , 199.38301 ,
        38.96484 ,  20.392136,  68.01946 ,  81.93537 ,  25.118319],
      dtype=float32)}
self.is_success:  [ True False  True  True  True  True  True False  True  True]

MPC iter 7 Eval ------- 
Success rate:  0.8
{'success': array([ True, False,  True,  True,  True,  True,  True, False,  True,
        True]), 'state_dist': array([ 53.79445 , 222.78444 ,  20.050007, 107.92518 , 199.38301 ,
        38.96484 ,  20.392136, 105.25192 ,  81.93537 ,  25.118319],
      dtype=float32)}
self.is_success:  [ True False  True  True  True  True  True False  True  True]

MPC iter 8 Eval ------- 
Success rate:  0.8
{'success': array([ True, False,  True,  True,  True,  True,  True, False,  True,
        True]), 'state_dist': array([ 53.79445 , 231.90173 ,  20.050007, 107.92518 , 199.38301 ,
        38.96484 ,  20.392136, 145.19994 ,  81.93537 ,  25.118319],
      dtype=float32)}
self.is_success:  [ True False  True  True  True  True  True False  True  True]

MPC iter 9 Eval ------- 
Success rate:  0.8
{'success': array([ True, False,  True,  True,  True,  True,  True, False,  True,
        True]), 'state_dist': array([ 53.79445 , 233.12299 ,  20.050007, 107.92518 , 199.38301 ,
        38.96484 ,  20.392136,  65.56592 ,  81.93537 ,  25.118319],
      dtype=float32)}
self.is_success:  [ True False  True  True  True  True  True False  True  True]

MPC iter 10 Eval ------- 
Success rate:  0.8
{'success': array([ True, False,  True,  True,  True,  True,  True, False,  True,
        True]), 'state_dist': array([ 53.79445 , 238.26184 ,  20.050007, 107.92518 , 199.38301 ,
        38.96484 ,  20.392136,  43.16518 ,  81.93537 ,  25.118319],
      dtype=float32)}
self.is_success:  [ True False  True  True  True  True  True False  True  True]

MPC iter 11 Eval ------- 
Success rate:  0.8
{'success': array([ True, False,  True,  True,  True,  True,  True, False,  True,
        True]), 'state_dist': array([ 53.79445 , 227.24112 ,  20.050007, 107.92518 , 199.38301 ,
        38.96484 ,  20.392136,  49.252777,  81.93537 ,  25.118319],
      dtype=float32)}
self.is_success:  [ True False  True  True  True  True  True False  True  True]

MPC iter 12 Eval ------- 
Success rate:  0.8
{'success': array([ True, False,  True,  True,  True,  True,  True, False,  True,
        True]), 'state_dist': array([ 53.79445 , 237.38535 ,  20.050007, 107.92518 , 199.38301 ,
        38.96484 ,  20.392136,  53.864418,  81.93537 ,  25.118319],
      dtype=float32)}
self.is_success:  [ True False  True  True  True  True  True False  True  True]

MPC iter 13 Eval ------- 
Success rate:  0.8
{'success': array([ True, False,  True,  True,  True,  True,  True, False,  True,
        True]), 'state_dist': array([ 53.79445 , 225.90388 ,  20.050007, 107.92518 , 199.38301 ,
        38.96484 ,  20.392136,  55.45005 ,  81.93537 ,  25.118319],
      dtype=float32)}
self.is_success:  [ True False  True  True  True  True  True False  True  True]

MPC iter 14 Eval ------- 
Success rate:  0.8
{'success': array([ True, False,  True,  True,  True,  True,  True, False,  True,
        True]), 'state_dist': array([ 53.79445 , 235.26189 ,  20.050007, 107.92518 , 199.38301 ,
        38.96484 ,  20.392136,  56.6938  ,  81.93537 ,  25.118319],
      dtype=float32)}
self.is_success:  [ True False  True  True  True  True  True False  True  True]

MPC iter 15 Eval ------- 
Success rate:  0.8
{'success': array([ True, False,  True,  True,  True,  True,  True, False,  True,
        True]), 'state_dist': array([ 53.79445 , 238.42198 ,  20.050007, 107.92518 , 199.38301 ,
        38.96484 ,  20.392136,  49.86549 ,  81.93537 ,  25.118319],
      dtype=float32)}
self.is_success:  [ True False  True  True  True  True  True False  True  True]

MPC iter 16 Eval ------- 
Success rate:  0.8
{'success': array([ True, False,  True,  True,  True,  True,  True, False,  True,
        True]), 'state_dist': array([ 53.79445 , 227.98392 ,  20.050007, 107.92518 , 199.38301 ,
        38.96484 ,  20.392136,  49.66173 ,  81.93537 ,  25.118319],
      dtype=float32)}
self.is_success:  [ True False  True  True  True  True  True False  True  True]

MPC iter 17 Eval ------- 
Success rate:  0.8
{'success': array([ True, False,  True,  True,  True,  True,  True, False,  True,
        True]), 'state_dist': array([ 53.79445 , 236.98091 ,  20.050007, 107.92518 , 199.38301 ,
        38.96484 ,  20.392136,  52.54483 ,  81.93537 ,  25.118319],
      dtype=float32)}
self.is_success:  [ True False  True  True  True  True  True False  True  True]

MPC iter 18 Eval ------- 
Success rate:  0.8
{'success': array([ True, False,  True,  True,  True,  True,  True, False,  True,
        True]), 'state_dist': array([ 53.79445 , 228.5909  ,  20.050007, 107.92518 , 199.38301 ,
        38.96484 ,  20.392136,  55.35049 ,  81.93537 ,  25.118319],
      dtype=float32)}
self.is_success:  [ True False  True  True  True  True  True False  True  True]

MPC iter 19 Eval ------- 
Success rate:  0.8
{'success': array([ True, False,  True,  True,  True,  True,  True, False,  True,
        True]), 'state_dist': array([ 53.79445 , 232.80151 ,  20.050007, 107.92518 , 199.38301 ,
        38.96484 ,  20.392136,  56.140358,  81.93537 ,  25.118319],
      dtype=float32)}
self.is_success:  [ True False  True  True  True  True  True False  True  True]
Success rate:  0.8
{'success': array([ True, False,  True,  True,  True,  True,  True, False,  True,
        True]), 'state_dist': array([ 53.79445 , 232.80151 ,  20.050007, 107.92518 , 199.38301 ,
        38.96484 ,  20.392136,  56.140358,  81.93537 ,  25.118319],
      dtype=float32)}
[timing] perform_planning_s=449.606
[timing] total_planning_main_s=457.101
===== channel_on mpc seed 200 chunk 10 (n_evals=10) =====
/home/jupyter-deuk-c4e4/.conda/envs/ts310/lib/python3.10/site-packages/wandb/sdk/internal/internal_api.py:30: UserWarning: pkg_resources is deprecated as an API. See https://setuptools.pypa.io/en/latest/pkg_resources.html. The pkg_resources package is slated for removal as early as 2025-11-30. Refrain from using this package or pin to Setuptools<81.
  from pkg_resources import parse_version
/home/jupyter-deuk-c4e4/.conda/envs/ts310/lib/python3.10/site-packages/pkg_resources/__init__.py:3148: DeprecationWarning: Deprecated call to `pkg_resources.declare_namespace('mpl_toolkits')`.
Implementing implicit namespace packages (as specified in PEP 420) is preferred to `pkg_resources.declare_namespace`. See https://setuptools.pypa.io/en/latest/references/keywords.html#keyword-namespace-packages
  declare_namespace(pkg)
/home/jupyter-deuk-c4e4/.conda/envs/ts310/lib/python3.10/site-packages/pkg_resources/__init__.py:3148: DeprecationWarning: Deprecated call to `pkg_resources.declare_namespace('google')`.
Implementing implicit namespace packages (as specified in PEP 420) is preferred to `pkg_resources.declare_namespace`. See https://setuptools.pypa.io/en/latest/references/keywords.html#keyword-namespace-packages
  declare_namespace(pkg)
/home/jupyter-deuk-c4e4/.conda/envs/ts310/lib/python3.10/site-packages/Cython/Distutils/old_build_ext.py:15: DeprecationWarning: dep_util is Deprecated. Use functions from setuptools instead.
  from distutils.dep_util import newer, newer_group
<frozen importlib._bootstrap>:283: DeprecationWarning: the load_module() method is deprecated and slated for removal in Python 3.12; use exec_module() instead
Warning: Mujoco-based envs failed to import. Set the environment variable D4RL_SUPPRESS_IMPORT_ERROR=1 to suppress this message.
No module named 'mjrl'
Warning: Flow failed to import. Set the environment variable D4RL_SUPPRESS_IMPORT_ERROR=1 to suppress this message.
No module named 'flow'
Warning: CARLA failed to import. Set the environment variable D4RL_SUPPRESS_IMPORT_ERROR=1 to suppress this message.
No module named 'carla'
pybullet build time: Jan 29 2025 23:16:28
/home/jupyter-deuk-c4e4/.conda/envs/ts310/lib/python3.10/site-packages/gym/envs/registration.py:595: UserWarning: [33mWARN: Overriding environment maze2d-open-v0[0m
  logger.warn(f"Overriding environment {id}")
/home/jupyter-deuk-c4e4/.conda/envs/ts310/lib/python3.10/site-packages/gym/envs/registration.py:595: UserWarning: [33mWARN: Overriding environment maze2d-umaze-v0[0m
  logger.warn(f"Overriding environment {id}")
/home/jupyter-deuk-c4e4/.conda/envs/ts310/lib/python3.10/site-packages/gym/envs/registration.py:595: UserWarning: [33mWARN: Overriding environment maze2d-medium-v0[0m
  logger.warn(f"Overriding environment {id}")
/home/jupyter-deuk-c4e4/.conda/envs/ts310/lib/python3.10/site-packages/gym/envs/registration.py:595: UserWarning: [33mWARN: Overriding environment maze2d-large-v0[0m
  logger.warn(f"Overriding environment {id}")
/home/jupyter-deuk-c4e4/.conda/envs/ts310/lib/python3.10/site-packages/gym/envs/registration.py:595: UserWarning: [33mWARN: Overriding environment maze2d-umaze-v1[0m
  logger.warn(f"Overriding environment {id}")
/home/jupyter-deuk-c4e4/.conda/envs/ts310/lib/python3.10/site-packages/gym/envs/registration.py:595: UserWarning: [33mWARN: Overriding environment maze2d-medium-v1[0m
  logger.warn(f"Overriding environment {id}")
/home/jupyter-deuk-c4e4/.conda/envs/ts310/lib/python3.10/site-packages/gym/envs/registration.py:595: UserWarning: [33mWARN: Overriding environment maze2d-large-v1[0m
  logger.warn(f"Overriding environment {id}")
/home/jupyter-deuk-c4e4/.conda/envs/ts310/lib/python3.10/site-packages/gym/envs/registration.py:595: UserWarning: [33mWARN: Overriding environment maze2d-eval-umaze-v1[0m
  logger.warn(f"Overriding environment {id}")
/home/jupyter-deuk-c4e4/.conda/envs/ts310/lib/python3.10/site-packages/gym/envs/registration.py:595: UserWarning: [33mWARN: Overriding environment maze2d-eval-medium-v1[0m
  logger.warn(f"Overriding environment {id}")
/home/jupyter-deuk-c4e4/.conda/envs/ts310/lib/python3.10/site-packages/gym/envs/registration.py:595: UserWarning: [33mWARN: Overriding environment maze2d-eval-large-v1[0m
  logger.warn(f"Overriding environment {id}")
/home/jupyter-deuk-c4e4/.conda/envs/ts310/lib/python3.10/site-packages/gym/envs/registration.py:595: UserWarning: [33mWARN: Overriding environment maze2d-open-dense-v0[0m
  logger.warn(f"Overriding environment {id}")
/home/jupyter-deuk-c4e4/.conda/envs/ts310/lib/python3.10/site-packages/gym/envs/registration.py:595: UserWarning: [33mWARN: Overriding environment maze2d-umaze-dense-v0[0m
  logger.warn(f"Overriding environment {id}")
/home/jupyter-deuk-c4e4/.conda/envs/ts310/lib/python3.10/site-packages/gym/envs/registration.py:595: UserWarning: [33mWARN: Overriding environment maze2d-medium-dense-v0[0m
  logger.warn(f"Overriding environment {id}")
/home/jupyter-deuk-c4e4/.conda/envs/ts310/lib/python3.10/site-packages/gym/envs/registration.py:595: UserWarning: [33mWARN: Overriding environment maze2d-large-dense-v0[0m
  logger.warn(f"Overriding environment {id}")
/home/jupyter-deuk-c4e4/.conda/envs/ts310/lib/python3.10/site-packages/gym/envs/registration.py:595: UserWarning: [33mWARN: Overriding environment maze2d-umaze-dense-v1[0m
  logger.warn(f"Overriding environment {id}")
/home/jupyter-deuk-c4e4/.conda/envs/ts310/lib/python3.10/site-packages/gym/envs/registration.py:595: UserWarning: [33mWARN: Overriding environment maze2d-medium-dense-v1[0m
  logger.warn(f"Overriding environment {id}")
/home/jupyter-deuk-c4e4/.conda/envs/ts310/lib/python3.10/site-packages/gym/envs/registration.py:595: UserWarning: [33mWARN: Overriding environment maze2d-large-dense-v1[0m
  logger.warn(f"Overriding environment {id}")
/home/jupyter-deuk-c4e4/.conda/envs/ts310/lib/python3.10/site-packages/gym/envs/registration.py:595: UserWarning: [33mWARN: Overriding environment maze2d-eval-umaze-dense-v1[0m
  logger.warn(f"Overriding environment {id}")
/home/jupyter-deuk-c4e4/.conda/envs/ts310/lib/python3.10/site-packages/gym/envs/registration.py:595: UserWarning: [33mWARN: Overriding environment maze2d-eval-medium-dense-v1[0m
  logger.warn(f"Overriding environment {id}")
/home/jupyter-deuk-c4e4/.conda/envs/ts310/lib/python3.10/site-packages/gym/envs/registration.py:595: UserWarning: [33mWARN: Overriding environment maze2d-eval-large-dense-v1[0m
  logger.warn(f"Overriding environment {id}")
/opt/dlami/nvme/home/jupyter-deuk-c4e4/temporal-straightening/custom_resolvers.py:4: UserWarning: 
The version_base parameter is not specified.
Please specify a compatability version level, or None.
Will assume defaults for version 1.1
  @hydra.main(config_path=None)
[2026-07-25 15:58:46,153][__main__][INFO] - Planning result saved dir: /opt/dlami/nvme/home/jupyter-deuk-c4e4/pusht-reproduction/straightening_reproduction/plan/mpc_seed_200/chunk_10
/home/jupyter-deuk-c4e4/.conda/envs/ts310/lib/python3.10/site-packages/wandb/sdk/internal/internal_api.py:30: UserWarning: pkg_resources is deprecated as an API. See https://setuptools.pypa.io/en/latest/pkg_resources.html. The pkg_resources package is slated for removal as early as 2025-11-30. Refrain from using this package or pin to Setuptools<81.
  from pkg_resources import parse_version
Using cache found in /home/jupyter-deuk-c4e4/.cache/torch/hub/facebookresearch_dinov2_81b2b6419385
Loaded 18685 rollouts
Loaded 21 rollouts
[2026-07-25 15:58:48,700][dinov2][INFO] - using MLP layer as FFN
[2026-07-25 15:58:49,338][models.dino][WARNING] - Unknown projector 'none' for patch tokens; proceeding without projector.
Resuming from epoch 2: /home/jupyter-deuk-c4e4/pusht-reproduction/straightening_reproduction/test/pusht_aggmlpcos1e-1_agg32_projchannel_dim8_hw14_sgTrue_lr1e-05/checkpoints/model_2.pth
[2026-07-25 15:58:49,698][models.visual_world_model][INFO] - num_action_repeat: 1
[2026-07-25 15:58:49,698][models.visual_world_model][INFO] - num_proprio_repeat: 1
[2026-07-25 15:58:49,698][models.visual_world_model][INFO] - proprio encoder: ProprioceptiveEmbedding(
  (patch_embed): Conv1d(4, 10, kernel_size=(1,), stride=(1,))
  (norm): LayerNorm((10,), eps=1e-05, elementwise_affine=True)
)
[2026-07-25 15:58:49,699][models.visual_world_model][INFO] - action encoder: ProprioceptiveEmbedding(
  (patch_embed): Conv1d(10, 10, kernel_size=(1,), stride=(1,))
  (norm): LayerNorm((10,), eps=1e-05, elementwise_affine=True)
)
[2026-07-25 15:58:49,699][models.visual_world_model][INFO] - proprio_dim: 10, after repeat: 10
[2026-07-25 15:58:49,699][models.visual_world_model][INFO] - action_dim: 10, after repeat: 10
[2026-07-25 15:58:49,699][models.visual_world_model][INFO] - emb_dim: 28
[2026-07-25 15:58:49,699][models.visual_world_model][INFO] - Straightening disabled
[2026-07-25 15:58:49,699][models.visual_world_model][INFO] - Speed constancy disabled
[2026-07-25 15:58:49,699][models.visual_world_model][INFO] - Trajectory penalty disabled
[2026-07-25 15:58:49,699][models.visual_world_model][INFO] - Stop-grad enabled: True
[2026-07-25 15:58:49,699][models.visual_world_model][INFO] - VCReg enabled: False, apply_to=enc, std_coeff=0.0, cov_coeff=0.0
[2026-07-25 15:58:49,699][models.visual_world_model][INFO] - Model emb_dim: 28
[timing] setup_model_s=3.549
eval_seed:  [2001, 2201, 2401, 2601, 2801, 3001, 3201, 3401, 3601, 3801]
Dumped plan targets to /opt/dlami/nvme/home/jupyter-deuk-c4e4/pusht-reproduction/straightening_reproduction/plan/mpc_seed_200/chunk_10/plan_targets.pkl
[timing] setup_workspace_s=5.724

MPC iter 0 Eval ------- 
Success rate:  0.0
{'success': array([False, False, False, False, False, False, False, False, False,
       False]), 'state_dist': array([151.47107, 231.93842, 194.14398, 160.44096,  87.51422, 239.50471,
       162.1119 , 112.06928, 132.77095, 142.61398], dtype=float32)}
self.is_success:  [False False False False False False False False False False]

MPC iter 1 Eval ------- 
Success rate:  0.0
{'success': array([False, False, False, False, False, False, False, False, False,
       False]), 'state_dist': array([337.93915 , 229.4596  , 209.84857 , 114.58214 ,  50.493706,
       221.00258 , 173.58386 , 124.71841 , 147.76686 , 115.73993 ],
      dtype=float32)}
self.is_success:  [False False False False False False False False False False]

MPC iter 2 Eval ------- 
Success rate:  0.0
{'success': array([False, False, False, False, False, False, False, False, False,
       False]), 'state_dist': array([154.80502, 243.76639, 259.54678, 100.7586 ,  70.81999, 328.5443 ,
       120.17408, 151.77936, 144.50287, 100.54725], dtype=float32)}
self.is_success:  [False False False False False False False False False False]

MPC iter 3 Eval ------- 
Success rate:  0.0
{'success': array([False, False, False, False, False, False, False, False, False,
       False]), 'state_dist': array([ 98.49671 , 263.93857 , 410.44888 , 120.36854 ,  64.6466  ,
       279.63867 , 121.438446, 142.89178 , 111.909836,  82.60304 ],
      dtype=float32)}
self.is_success:  [False False False False False False False False False False]

MPC iter 4 Eval ------- 
Success rate:  0.2
{'success': array([False,  True, False, False, False, False,  True, False, False,
       False]), 'state_dist': array([ 47.22914 , 115.54076 , 373.92685 ,  58.771275,  62.765068,
        80.75592 ,  86.97598 , 138.60455 , 109.91372 , 118.82036 ],
      dtype=float32)}
self.is_success:  [False  True False False False False  True False False False]

MPC iter 5 Eval ------- 
Success rate:  0.6
{'success': array([ True,  True, False,  True, False,  True,  True, False, False,
        True]), 'state_dist': array([ 88.583824, 115.54076 ,  86.68706 ,  72.77689 ,  57.663364,
        63.126404,  86.97598 ,  72.44291 ,  71.56141 ,  32.345448],
      dtype=float32)}
self.is_success:  [ True  True False  True False  True  True False False  True]

MPC iter 6 Eval ------- 
Success rate:  0.9
{'success': array([ True,  True,  True,  True,  True,  True,  True,  True, False,
        True]), 'state_dist': array([ 88.583824, 115.54076 ,  41.88642 ,  72.77689 ,  32.03388 ,
        63.126404,  86.97598 ,  49.20444 ,  42.554108,  32.345448],
      dtype=float32)}
self.is_success:  [ True  True  True  True  True  True  True  True False  True]

MPC iter 7 Eval ------- 
Success rate:  0.9
{'success': array([ True,  True,  True,  True,  True,  True,  True,  True, False,
        True]), 'state_dist': array([ 88.583824, 115.54076 ,  41.88642 ,  72.77689 ,  32.03388 ,
        63.126404,  86.97598 ,  49.20444 ,  54.516235,  32.345448],
      dtype=float32)}
self.is_success:  [ True  True  True  True  True  True  True  True False  True]

MPC iter 8 Eval ------- 
Success rate:  0.9
{'success': array([ True,  True,  True,  True,  True,  True,  True,  True, False,
        True]), 'state_dist': array([ 88.583824, 115.54076 ,  41.88642 ,  72.77689 ,  32.03388 ,
        63.126404,  86.97598 ,  49.20444 ,  52.44411 ,  32.345448],
      dtype=float32)}
self.is_success:  [ True  True  True  True  True  True  True  True False  True]

MPC iter 9 Eval ------- 
Success rate:  0.9
{'success': array([ True,  True,  True,  True,  True,  True,  True,  True, False,
        True]), 'state_dist': array([ 88.583824, 115.54076 ,  41.88642 ,  72.77689 ,  32.03388 ,
        63.126404,  86.97598 ,  49.20444 ,  51.85034 ,  32.345448],
      dtype=float32)}
self.is_success:  [ True  True  True  True  True  True  True  True False  True]

MPC iter 10 Eval ------- 
Success rate:  0.9
{'success': array([ True,  True,  True,  True,  True,  True,  True,  True, False,
        True]), 'state_dist': array([ 88.583824, 115.54076 ,  41.88642 ,  72.77689 ,  32.03388 ,
        63.126404,  86.97598 ,  49.20444 ,  50.560776,  32.345448],
      dtype=float32)}
self.is_success:  [ True  True  True  True  True  True  True  True False  True]

MPC iter 11 Eval ------- 
Success rate:  0.9
{'success': array([ True,  True,  True,  True,  True,  True,  True,  True, False,
        True]), 'state_dist': array([ 88.583824, 115.54076 ,  41.88642 ,  72.77689 ,  32.03388 ,
        63.126404,  86.97598 ,  49.20444 ,  47.493473,  32.345448],
      dtype=float32)}
self.is_success:  [ True  True  True  True  True  True  True  True False  True]

MPC iter 12 Eval ------- 
Success rate:  0.9
{'success': array([ True,  True,  True,  True,  True,  True,  True,  True, False,
        True]), 'state_dist': array([ 88.583824, 115.54076 ,  41.88642 ,  72.77689 ,  32.03388 ,
        63.126404,  86.97598 ,  49.20444 ,  50.412613,  32.345448],
      dtype=float32)}
self.is_success:  [ True  True  True  True  True  True  True  True False  True]

MPC iter 13 Eval ------- 
Success rate:  0.9
{'success': array([ True,  True,  True,  True,  True,  True,  True,  True, False,
        True]), 'state_dist': array([ 88.583824, 115.54076 ,  41.88642 ,  72.77689 ,  32.03388 ,
        63.126404,  86.97598 ,  49.20444 ,  50.658634,  32.345448],
      dtype=float32)}
self.is_success:  [ True  True  True  True  True  True  True  True False  True]

MPC iter 14 Eval ------- 
Success rate:  0.9
{'success': array([ True,  True,  True,  True,  True,  True,  True,  True, False,
        True]), 'state_dist': array([ 88.583824, 115.54076 ,  41.88642 ,  72.77689 ,  32.03388 ,
        63.126404,  86.97598 ,  49.20444 ,  48.19542 ,  32.345448],
      dtype=float32)}
self.is_success:  [ True  True  True  True  True  True  True  True False  True]

MPC iter 15 Eval ------- 
Success rate:  0.9
{'success': array([ True,  True,  True,  True,  True,  True,  True,  True, False,
        True]), 'state_dist': array([ 88.583824, 115.54076 ,  41.88642 ,  72.77689 ,  32.03388 ,
        63.126404,  86.97598 ,  49.20444 ,  47.256733,  32.345448],
      dtype=float32)}
self.is_success:  [ True  True  True  True  True  True  True  True False  True]

MPC iter 16 Eval ------- 
Success rate:  0.9
{'success': array([ True,  True,  True,  True,  True,  True,  True,  True, False,
        True]), 'state_dist': array([ 88.583824, 115.54076 ,  41.88642 ,  72.77689 ,  32.03388 ,
        63.126404,  86.97598 ,  49.20444 ,  51.635086,  32.345448],
      dtype=float32)}
self.is_success:  [ True  True  True  True  True  True  True  True False  True]

MPC iter 17 Eval ------- 
Success rate:  0.9
{'success': array([ True,  True,  True,  True,  True,  True,  True,  True, False,
        True]), 'state_dist': array([ 88.583824, 115.54076 ,  41.88642 ,  72.77689 ,  32.03388 ,
        63.126404,  86.97598 ,  49.20444 ,  48.77074 ,  32.345448],
      dtype=float32)}
self.is_success:  [ True  True  True  True  True  True  True  True False  True]

MPC iter 18 Eval ------- 
Success rate:  0.9
{'success': array([ True,  True,  True,  True,  True,  True,  True,  True, False,
        True]), 'state_dist': array([ 88.583824, 115.54076 ,  41.88642 ,  72.77689 ,  32.03388 ,
        63.126404,  86.97598 ,  49.20444 ,  46.592506,  32.345448],
      dtype=float32)}
self.is_success:  [ True  True  True  True  True  True  True  True False  True]

MPC iter 19 Eval ------- 
Success rate:  0.9
{'success': array([ True,  True,  True,  True,  True,  True,  True,  True, False,
        True]), 'state_dist': array([ 88.583824, 115.54076 ,  41.88642 ,  72.77689 ,  32.03388 ,
        63.126404,  86.97598 ,  49.20444 ,  50.234707,  32.345448],
      dtype=float32)}
self.is_success:  [ True  True  True  True  True  True  True  True False  True]
Success rate:  0.9
{'success': array([ True,  True,  True,  True,  True,  True,  True,  True, False,
        True]), 'state_dist': array([ 88.583824, 115.54076 ,  41.88642 ,  72.77689 ,  32.03388 ,
        63.126404,  86.97598 ,  49.20444 ,  50.234707,  32.345448],
      dtype=float32)}
[timing] perform_planning_s=449.138
[timing] total_planning_main_s=458.411
===== channel_on mpc seed 200 chunk 20 (n_evals=10) =====
/home/jupyter-deuk-c4e4/.conda/envs/ts310/lib/python3.10/site-packages/wandb/sdk/internal/internal_api.py:30: UserWarning: pkg_resources is deprecated as an API. See https://setuptools.pypa.io/en/latest/pkg_resources.html. The pkg_resources package is slated for removal as early as 2025-11-30. Refrain from using this package or pin to Setuptools<81.
  from pkg_resources import parse_version
/home/jupyter-deuk-c4e4/.conda/envs/ts310/lib/python3.10/site-packages/pkg_resources/__init__.py:3148: DeprecationWarning: Deprecated call to `pkg_resources.declare_namespace('mpl_toolkits')`.
Implementing implicit namespace packages (as specified in PEP 420) is preferred to `pkg_resources.declare_namespace`. See https://setuptools.pypa.io/en/latest/references/keywords.html#keyword-namespace-packages
  declare_namespace(pkg)
/home/jupyter-deuk-c4e4/.conda/envs/ts310/lib/python3.10/site-packages/pkg_resources/__init__.py:3148: DeprecationWarning: Deprecated call to `pkg_resources.declare_namespace('google')`.
Implementing implicit namespace packages (as specified in PEP 420) is preferred to `pkg_resources.declare_namespace`. See https://setuptools.pypa.io/en/latest/references/keywords.html#keyword-namespace-packages
  declare_namespace(pkg)
/home/jupyter-deuk-c4e4/.conda/envs/ts310/lib/python3.10/site-packages/Cython/Distutils/old_build_ext.py:15: DeprecationWarning: dep_util is Deprecated. Use functions from setuptools instead.
  from distutils.dep_util import newer, newer_group
<frozen importlib._bootstrap>:283: DeprecationWarning: the load_module() method is deprecated and slated for removal in Python 3.12; use exec_module() instead
Warning: Mujoco-based envs failed to import. Set the environment variable D4RL_SUPPRESS_IMPORT_ERROR=1 to suppress this message.
No module named 'mjrl'
Warning: Flow failed to import. Set the environment variable D4RL_SUPPRESS_IMPORT_ERROR=1 to suppress this message.
No module named 'flow'
Warning: CARLA failed to import. Set the environment variable D4RL_SUPPRESS_IMPORT_ERROR=1 to suppress this message.
No module named 'carla'
pybullet build time: Jan 29 2025 23:16:28
/home/jupyter-deuk-c4e4/.conda/envs/ts310/lib/python3.10/site-packages/gym/envs/registration.py:595: UserWarning: [33mWARN: Overriding environment maze2d-open-v0[0m
  logger.warn(f"Overriding environment {id}")
/home/jupyter-deuk-c4e4/.conda/envs/ts310/lib/python3.10/site-packages/gym/envs/registration.py:595: UserWarning: [33mWARN: Overriding environment maze2d-umaze-v0[0m
  logger.warn(f"Overriding environment {id}")
/home/jupyter-deuk-c4e4/.conda/envs/ts310/lib/python3.10/site-packages/gym/envs/registration.py:595: UserWarning: [33mWARN: Overriding environment maze2d-medium-v0[0m
  logger.warn(f"Overriding environment {id}")
/home/jupyter-deuk-c4e4/.conda/envs/ts310/lib/python3.10/site-packages/gym/envs/registration.py:595: UserWarning: [33mWARN: Overriding environment maze2d-large-v0[0m
  logger.warn(f"Overriding environment {id}")
/home/jupyter-deuk-c4e4/.conda/envs/ts310/lib/python3.10/site-packages/gym/envs/registration.py:595: UserWarning: [33mWARN: Overriding environment maze2d-umaze-v1[0m
  logger.warn(f"Overriding environment {id}")
/home/jupyter-deuk-c4e4/.conda/envs/ts310/lib/python3.10/site-packages/gym/envs/registration.py:595: UserWarning: [33mWARN: Overriding environment maze2d-medium-v1[0m
  logger.warn(f"Overriding environment {id}")
/home/jupyter-deuk-c4e4/.conda/envs/ts310/lib/python3.10/site-packages/gym/envs/registration.py:595: UserWarning: [33mWARN: Overriding environment maze2d-large-v1[0m
  logger.warn(f"Overriding environment {id}")
/home/jupyter-deuk-c4e4/.conda/envs/ts310/lib/python3.10/site-packages/gym/envs/registration.py:595: UserWarning: [33mWARN: Overriding environment maze2d-eval-umaze-v1[0m
  logger.warn(f"Overriding environment {id}")
/home/jupyter-deuk-c4e4/.conda/envs/ts310/lib/python3.10/site-packages/gym/envs/registration.py:595: UserWarning: [33mWARN: Overriding environment maze2d-eval-medium-v1[0m
  logger.warn(f"Overriding environment {id}")
/home/jupyter-deuk-c4e4/.conda/envs/ts310/lib/python3.10/site-packages/gym/envs/registration.py:595: UserWarning: [33mWARN: Overriding environment maze2d-eval-large-v1[0m
  logger.warn(f"Overriding environment {id}")
/home/jupyter-deuk-c4e4/.conda/envs/ts310/lib/python3.10/site-packages/gym/envs/registration.py:595: UserWarning: [33mWARN: Overriding environment maze2d-open-dense-v0[0m
  logger.warn(f"Overriding environment {id}")
/home/jupyter-deuk-c4e4/.conda/envs/ts310/lib/python3.10/site-packages/gym/envs/registration.py:595: UserWarning: [33mWARN: Overriding environment maze2d-umaze-dense-v0[0m
  logger.warn(f"Overriding environment {id}")
/home/jupyter-deuk-c4e4/.conda/envs/ts310/lib/python3.10/site-packages/gym/envs/registration.py:595: UserWarning: [33mWARN: Overriding environment maze2d-medium-dense-v0[0m
  logger.warn(f"Overriding environment {id}")
/home/jupyter-deuk-c4e4/.conda/envs/ts310/lib/python3.10/site-packages/gym/envs/registration.py:595: UserWarning: [33mWARN: Overriding environment maze2d-large-dense-v0[0m
  logger.warn(f"Overriding environment {id}")
/home/jupyter-deuk-c4e4/.conda/envs/ts310/lib/python3.10/site-packages/gym/envs/registration.py:595: UserWarning: [33mWARN: Overriding environment maze2d-umaze-dense-v1[0m
  logger.warn(f"Overriding environment {id}")
/home/jupyter-deuk-c4e4/.conda/envs/ts310/lib/python3.10/site-packages/gym/envs/registration.py:595: UserWarning: [33mWARN: Overriding environment maze2d-medium-dense-v1[0m
  logger.warn(f"Overriding environment {id}")
/home/jupyter-deuk-c4e4/.conda/envs/ts310/lib/python3.10/site-packages/gym/envs/registration.py:595: UserWarning: [33mWARN: Overriding environment maze2d-large-dense-v1[0m
  logger.warn(f"Overriding environment {id}")
/home/jupyter-deuk-c4e4/.conda/envs/ts310/lib/python3.10/site-packages/gym/envs/registration.py:595: UserWarning: [33mWARN: Overriding environment maze2d-eval-umaze-dense-v1[0m
  logger.warn(f"Overriding environment {id}")
/home/jupyter-deuk-c4e4/.conda/envs/ts310/lib/python3.10/site-packages/gym/envs/registration.py:595: UserWarning: [33mWARN: Overriding environment maze2d-eval-medium-dense-v1[0m
  logger.warn(f"Overriding environment {id}")
/home/jupyter-deuk-c4e4/.conda/envs/ts310/lib/python3.10/site-packages/gym/envs/registration.py:595: UserWarning: [33mWARN: Overriding environment maze2d-eval-large-dense-v1[0m
  logger.warn(f"Overriding environment {id}")
/opt/dlami/nvme/home/jupyter-deuk-c4e4/temporal-straightening/custom_resolvers.py:4: UserWarning: 
The version_base parameter is not specified.
Please specify a compatability version level, or None.
Will assume defaults for version 1.1
  @hydra.main(config_path=None)
[2026-07-25 16:06:29,931][__main__][INFO] - Planning result saved dir: /opt/dlami/nvme/home/jupyter-deuk-c4e4/pusht-reproduction/straightening_reproduction/plan/mpc_seed_200/chunk_20
/home/jupyter-deuk-c4e4/.conda/envs/ts310/lib/python3.10/site-packages/wandb/sdk/internal/internal_api.py:30: UserWarning: pkg_resources is deprecated as an API. See https://setuptools.pypa.io/en/latest/pkg_resources.html. The pkg_resources package is slated for removal as early as 2025-11-30. Refrain from using this package or pin to Setuptools<81.
  from pkg_resources import parse_version
Using cache found in /home/jupyter-deuk-c4e4/.cache/torch/hub/facebookresearch_dinov2_81b2b6419385
Loaded 18685 rollouts
Loaded 21 rollouts
[2026-07-25 16:06:32,473][dinov2][INFO] - using MLP layer as FFN
[2026-07-25 16:06:32,967][models.dino][WARNING] - Unknown projector 'none' for patch tokens; proceeding without projector.
Resuming from epoch 2: /home/jupyter-deuk-c4e4/pusht-reproduction/straightening_reproduction/test/pusht_aggmlpcos1e-1_agg32_projchannel_dim8_hw14_sgTrue_lr1e-05/checkpoints/model_2.pth
[2026-07-25 16:06:33,312][models.visual_world_model][INFO] - num_action_repeat: 1
[2026-07-25 16:06:33,312][models.visual_world_model][INFO] - num_proprio_repeat: 1
[2026-07-25 16:06:33,312][models.visual_world_model][INFO] - proprio encoder: ProprioceptiveEmbedding(
  (patch_embed): Conv1d(4, 10, kernel_size=(1,), stride=(1,))
  (norm): LayerNorm((10,), eps=1e-05, elementwise_affine=True)
)
[2026-07-25 16:06:33,312][models.visual_world_model][INFO] - action encoder: ProprioceptiveEmbedding(
  (patch_embed): Conv1d(10, 10, kernel_size=(1,), stride=(1,))
  (norm): LayerNorm((10,), eps=1e-05, elementwise_affine=True)
)
[2026-07-25 16:06:33,312][models.visual_world_model][INFO] - proprio_dim: 10, after repeat: 10
[2026-07-25 16:06:33,312][models.visual_world_model][INFO] - action_dim: 10, after repeat: 10
[2026-07-25 16:06:33,312][models.visual_world_model][INFO] - emb_dim: 28
[2026-07-25 16:06:33,312][models.visual_world_model][INFO] - Straightening disabled
[2026-07-25 16:06:33,312][models.visual_world_model][INFO] - Speed constancy disabled
[2026-07-25 16:06:33,312][models.visual_world_model][INFO] - Trajectory penalty disabled
[2026-07-25 16:06:33,312][models.visual_world_model][INFO] - Stop-grad enabled: True
[2026-07-25 16:06:33,313][models.visual_world_model][INFO] - VCReg enabled: False, apply_to=enc, std_coeff=0.0, cov_coeff=0.0
[2026-07-25 16:06:33,313][models.visual_world_model][INFO] - Model emb_dim: 28
[timing] setup_model_s=3.384
eval_seed:  [4001, 4201, 4401, 4601, 4801, 5001, 5201, 5401, 5601, 5801]
Dumped plan targets to /opt/dlami/nvme/home/jupyter-deuk-c4e4/pusht-reproduction/straightening_reproduction/plan/mpc_seed_200/chunk_20/plan_targets.pkl
[timing] setup_workspace_s=5.737

MPC iter 0 Eval ------- 
Success rate:  0.0
{'success': array([False, False, False, False, False, False, False, False, False,
       False]), 'state_dist': array([ 87.74743 ,  90.521286,  95.56161 , 268.4222  , 211.11427 ,
       128.52936 ,  87.56155 ,  53.53275 , 253.22765 , 155.22426 ],
      dtype=float32)}
self.is_success:  [False False False False False False False False False False]

MPC iter 1 Eval ------- 
Success rate:  0.0
{'success': array([False, False, False, False, False, False, False, False, False,
       False]), 'state_dist': array([ 63.077206,  73.51284 ,  90.17798 , 236.86491 , 215.53394 ,
       103.47639 ,  74.932106,  57.96835 , 165.16667 , 112.16907 ],
      dtype=float32)}
self.is_success:  [False False False False False False False False False False]

MPC iter 2 Eval ------- 
Success rate:  0.0
{'success': array([False, False, False, False, False, False, False, False, False,
       False]), 'state_dist': array([ 54.02961 , 104.327835,  85.37449 , 204.0161  , 149.56383 ,
        76.27407 ,  71.04663 , 125.258286, 135.57784 , 102.33344 ],
      dtype=float32)}
self.is_success:  [False False False False False False False False False False]

MPC iter 3 Eval ------- 
Success rate:  0.1
{'success': array([False, False, False, False, False, False, False,  True, False,
       False]), 'state_dist': array([ 48.436825, 127.044716,  44.82314 , 180.09279 , 121.77052 ,
        84.26383 , 112.83326 , 137.54095 , 181.70789 , 209.04697 ],
      dtype=float32)}
self.is_success:  [False False False False False False False  True False False]

MPC iter 4 Eval ------- 
Success rate:  0.2
{'success': array([False, False, False, False, False,  True, False,  True, False,
       False]), 'state_dist': array([ 48.707924,  58.970444,  56.962566,  75.50222 ,  47.947533,
       182.35587 , 121.41905 , 137.54095 , 135.57948 , 132.5773  ],
      dtype=float32)}
self.is_success:  [False False False False False  True False  True False False]

MPC iter 5 Eval ------- 
Success rate:  0.6
{'success': array([ True,  True,  True, False, False,  True,  True,  True, False,
       False]), 'state_dist': array([ 26.02659 ,  76.21726 ,  54.38845 ,  41.171165,  82.498604,
       182.35587 ,  81.65089 , 137.54095 ,  58.012917,  89.53916 ],
      dtype=float32)}
self.is_success:  [ True  True  True False False  True  True  True False False]

MPC iter 6 Eval ------- 
Success rate:  0.7
{'success': array([ True,  True,  True, False, False,  True,  True,  True, False,
        True]), 'state_dist': array([ 26.02659 ,  76.21726 ,  54.38845 ,  44.482574,  44.952904,
       182.35587 ,  81.65089 , 137.54095 ,  38.927982,  31.425478],
      dtype=float32)}
self.is_success:  [ True  True  True False False  True  True  True False  True]

MPC iter 7 Eval ------- 
Success rate:  0.8
{'success': array([ True,  True,  True, False, False,  True,  True,  True,  True,
        True]), 'state_dist': array([ 26.02659 ,  76.21726 ,  54.38845 ,  47.77136 , 199.18208 ,
       182.35587 ,  81.65089 , 137.54095 ,  41.544117,  31.425478],
      dtype=float32)}
self.is_success:  [ True  True  True False False  True  True  True  True  True]

MPC iter 8 Eval ------- 
Success rate:  0.8
{'success': array([ True,  True,  True, False, False,  True,  True,  True,  True,
        True]), 'state_dist': array([ 26.02659 ,  76.21726 ,  54.38845 ,  50.16459 , 176.89348 ,
       182.35587 ,  81.65089 , 137.54095 ,  41.544117,  31.425478],
      dtype=float32)}
self.is_success:  [ True  True  True False False  True  True  True  True  True]

MPC iter 9 Eval ------- 
Success rate:  0.9
{'success': array([ True,  True,  True, False,  True,  True,  True,  True,  True,
        True]), 'state_dist': array([ 26.02659 ,  76.21726 ,  54.38845 ,  46.311764,  29.553257,
       182.35587 ,  81.65089 , 137.54095 ,  41.544117,  31.425478],
      dtype=float32)}
self.is_success:  [ True  True  True False  True  True  True  True  True  True]

MPC iter 10 Eval ------- 
Success rate:  0.9
{'success': array([ True,  True,  True, False,  True,  True,  True,  True,  True,
        True]), 'state_dist': array([ 26.02659 ,  76.21726 ,  54.38845 ,  49.389015,  29.553257,
       182.35587 ,  81.65089 , 137.54095 ,  41.544117,  31.425478],
      dtype=float32)}
self.is_success:  [ True  True  True False  True  True  True  True  True  True]

MPC iter 11 Eval ------- 
Success rate:  0.9
{'success': array([ True,  True,  True, False,  True,  True,  True,  True,  True,
        True]), 'state_dist': array([ 26.02659 ,  76.21726 ,  54.38845 ,  49.74537 ,  29.553257,
       182.35587 ,  81.65089 , 137.54095 ,  41.544117,  31.425478],
      dtype=float32)}
self.is_success:  [ True  True  True False  True  True  True  True  True  True]

MPC iter 12 Eval ------- 
Success rate:  0.9
{'success': array([ True,  True,  True, False,  True,  True,  True,  True,  True,
        True]), 'state_dist': array([ 26.02659 ,  76.21726 ,  54.38845 ,  46.585045,  29.553257,
       182.35587 ,  81.65089 , 137.54095 ,  41.544117,  31.425478],
      dtype=float32)}
self.is_success:  [ True  True  True False  True  True  True  True  True  True]

MPC iter 13 Eval ------- 
Success rate:  0.9
{'success': array([ True,  True,  True, False,  True,  True,  True,  True,  True,
        True]), 'state_dist': array([ 26.02659 ,  76.21726 ,  54.38845 ,  49.34612 ,  29.553257,
       182.35587 ,  81.65089 , 137.54095 ,  41.544117,  31.425478],
      dtype=float32)}
self.is_success:  [ True  True  True False  True  True  True  True  True  True]

MPC iter 14 Eval ------- 
Success rate:  0.9
{'success': array([ True,  True,  True, False,  True,  True,  True,  True,  True,
        True]), 'state_dist': array([ 26.02659 ,  76.21726 ,  54.38845 ,  49.745018,  29.553257,
       182.35587 ,  81.65089 , 137.54095 ,  41.544117,  31.425478],
      dtype=float32)}
self.is_success:  [ True  True  True False  True  True  True  True  True  True]

MPC iter 15 Eval ------- 
Success rate:  0.9
{'success': array([ True,  True,  True, False,  True,  True,  True,  True,  True,
        True]), 'state_dist': array([ 26.02659 ,  76.21726 ,  54.38845 ,  46.610962,  29.553257,
       182.35587 ,  81.65089 , 137.54095 ,  41.544117,  31.425478],
      dtype=float32)}
self.is_success:  [ True  True  True False  True  True  True  True  True  True]

MPC iter 16 Eval ------- 
Success rate:  0.9
{'success': array([ True,  True,  True, False,  True,  True,  True,  True,  True,
        True]), 'state_dist': array([ 26.02659 ,  76.21726 ,  54.38845 ,  49.357178,  29.553257,
       182.35587 ,  81.65089 , 137.54095 ,  41.544117,  31.425478],
      dtype=float32)}
self.is_success:  [ True  True  True False  True  True  True  True  True  True]

MPC iter 17 Eval ------- 
Success rate:  0.9
{'success': array([ True,  True,  True, False,  True,  True,  True,  True,  True,
        True]), 'state_dist': array([ 26.02659 ,  76.21726 ,  54.38845 ,  49.7384  ,  29.553257,
       182.35587 ,  81.65089 , 137.54095 ,  41.544117,  31.425478],
      dtype=float32)}
self.is_success:  [ True  True  True False  True  True  True  True  True  True]

MPC iter 18 Eval ------- 
Success rate:  0.9
{'success': array([ True,  True,  True, False,  True,  True,  True,  True,  True,
        True]), 'state_dist': array([ 26.02659 ,  76.21726 ,  54.38845 ,  46.597034,  29.553257,
       182.35587 ,  81.65089 , 137.54095 ,  41.544117,  31.425478],
      dtype=float32)}
self.is_success:  [ True  True  True False  True  True  True  True  True  True]

MPC iter 19 Eval ------- 
Success rate:  0.9
{'success': array([ True,  True,  True, False,  True,  True,  True,  True,  True,
        True]), 'state_dist': array([ 26.02659 ,  76.21726 ,  54.38845 ,  49.369576,  29.553257,
       182.35587 ,  81.65089 , 137.54095 ,  41.544117,  31.425478],
      dtype=float32)}
self.is_success:  [ True  True  True False  True  True  True  True  True  True]
Success rate:  0.9
{'success': array([ True,  True,  True, False,  True,  True,  True,  True,  True,
        True]), 'state_dist': array([ 26.02659 ,  76.21726 ,  54.38845 ,  49.369576,  29.553257,
       182.35587 ,  81.65089 , 137.54095 ,  41.544117,  31.425478],
      dtype=float32)}
[timing] perform_planning_s=448.817
[timing] total_planning_main_s=457.938
===== channel_on mpc seed 200 chunk 30 (n_evals=10) =====
/home/jupyter-deuk-c4e4/.conda/envs/ts310/lib/python3.10/site-packages/wandb/sdk/internal/internal_api.py:30: UserWarning: pkg_resources is deprecated as an API. See https://setuptools.pypa.io/en/latest/pkg_resources.html. The pkg_resources package is slated for removal as early as 2025-11-30. Refrain from using this package or pin to Setuptools<81.
  from pkg_resources import parse_version
/home/jupyter-deuk-c4e4/.conda/envs/ts310/lib/python3.10/site-packages/pkg_resources/__init__.py:3148: DeprecationWarning: Deprecated call to `pkg_resources.declare_namespace('mpl_toolkits')`.
Implementing implicit namespace packages (as specified in PEP 420) is preferred to `pkg_resources.declare_namespace`. See https://setuptools.pypa.io/en/latest/references/keywords.html#keyword-namespace-packages
  declare_namespace(pkg)
/home/jupyter-deuk-c4e4/.conda/envs/ts310/lib/python3.10/site-packages/pkg_resources/__init__.py:3148: DeprecationWarning: Deprecated call to `pkg_resources.declare_namespace('google')`.
Implementing implicit namespace packages (as specified in PEP 420) is preferred to `pkg_resources.declare_namespace`. See https://setuptools.pypa.io/en/latest/references/keywords.html#keyword-namespace-packages
  declare_namespace(pkg)
/home/jupyter-deuk-c4e4/.conda/envs/ts310/lib/python3.10/site-packages/Cython/Distutils/old_build_ext.py:15: DeprecationWarning: dep_util is Deprecated. Use functions from setuptools instead.
  from distutils.dep_util import newer, newer_group
<frozen importlib._bootstrap>:283: DeprecationWarning: the load_module() method is deprecated and slated for removal in Python 3.12; use exec_module() instead
Warning: Mujoco-based envs failed to import. Set the environment variable D4RL_SUPPRESS_IMPORT_ERROR=1 to suppress this message.
No module named 'mjrl'
Warning: Flow failed to import. Set the environment variable D4RL_SUPPRESS_IMPORT_ERROR=1 to suppress this message.
No module named 'flow'
Warning: CARLA failed to import. Set the environment variable D4RL_SUPPRESS_IMPORT_ERROR=1 to suppress this message.
No module named 'carla'
pybullet build time: Jan 29 2025 23:16:28
/home/jupyter-deuk-c4e4/.conda/envs/ts310/lib/python3.10/site-packages/gym/envs/registration.py:595: UserWarning: [33mWARN: Overriding environment maze2d-open-v0[0m
  logger.warn(f"Overriding environment {id}")
/home/jupyter-deuk-c4e4/.conda/envs/ts310/lib/python3.10/site-packages/gym/envs/registration.py:595: UserWarning: [33mWARN: Overriding environment maze2d-umaze-v0[0m
  logger.warn(f"Overriding environment {id}")
/home/jupyter-deuk-c4e4/.conda/envs/ts310/lib/python3.10/site-packages/gym/envs/registration.py:595: UserWarning: [33mWARN: Overriding environment maze2d-medium-v0[0m
  logger.warn(f"Overriding environment {id}")
/home/jupyter-deuk-c4e4/.conda/envs/ts310/lib/python3.10/site-packages/gym/envs/registration.py:595: UserWarning: [33mWARN: Overriding environment maze2d-large-v0[0m
  logger.warn(f"Overriding environment {id}")
/home/jupyter-deuk-c4e4/.conda/envs/ts310/lib/python3.10/site-packages/gym/envs/registration.py:595: UserWarning: [33mWARN: Overriding environment maze2d-umaze-v1[0m
  logger.warn(f"Overriding environment {id}")
/home/jupyter-deuk-c4e4/.conda/envs/ts310/lib/python3.10/site-packages/gym/envs/registration.py:595: UserWarning: [33mWARN: Overriding environment maze2d-medium-v1[0m
  logger.warn(f"Overriding environment {id}")
/home/jupyter-deuk-c4e4/.conda/envs/ts310/lib/python3.10/site-packages/gym/envs/registration.py:595: UserWarning: [33mWARN: Overriding environment maze2d-large-v1[0m
  logger.warn(f"Overriding environment {id}")
/home/jupyter-deuk-c4e4/.conda/envs/ts310/lib/python3.10/site-packages/gym/envs/registration.py:595: UserWarning: [33mWARN: Overriding environment maze2d-eval-umaze-v1[0m
  logger.warn(f"Overriding environment {id}")
/home/jupyter-deuk-c4e4/.conda/envs/ts310/lib/python3.10/site-packages/gym/envs/registration.py:595: UserWarning: [33mWARN: Overriding environment maze2d-eval-medium-v1[0m
  logger.warn(f"Overriding environment {id}")
/home/jupyter-deuk-c4e4/.conda/envs/ts310/lib/python3.10/site-packages/gym/envs/registration.py:595: UserWarning: [33mWARN: Overriding environment maze2d-eval-large-v1[0m
  logger.warn(f"Overriding environment {id}")
/home/jupyter-deuk-c4e4/.conda/envs/ts310/lib/python3.10/site-packages/gym/envs/registration.py:595: UserWarning: [33mWARN: Overriding environment maze2d-open-dense-v0[0m
  logger.warn(f"Overriding environment {id}")
/home/jupyter-deuk-c4e4/.conda/envs/ts310/lib/python3.10/site-packages/gym/envs/registration.py:595: UserWarning: [33mWARN: Overriding environment maze2d-umaze-dense-v0[0m
  logger.warn(f"Overriding environment {id}")
/home/jupyter-deuk-c4e4/.conda/envs/ts310/lib/python3.10/site-packages/gym/envs/registration.py:595: UserWarning: [33mWARN: Overriding environment maze2d-medium-dense-v0[0m
  logger.warn(f"Overriding environment {id}")
/home/jupyter-deuk-c4e4/.conda/envs/ts310/lib/python3.10/site-packages/gym/envs/registration.py:595: UserWarning: [33mWARN: Overriding environment maze2d-large-dense-v0[0m
  logger.warn(f"Overriding environment {id}")
/home/jupyter-deuk-c4e4/.conda/envs/ts310/lib/python3.10/site-packages/gym/envs/registration.py:595: UserWarning: [33mWARN: Overriding environment maze2d-umaze-dense-v1[0m
  logger.warn(f"Overriding environment {id}")
/home/jupyter-deuk-c4e4/.conda/envs/ts310/lib/python3.10/site-packages/gym/envs/registration.py:595: UserWarning: [33mWARN: Overriding environment maze2d-medium-dense-v1[0m
  logger.warn(f"Overriding environment {id}")
/home/jupyter-deuk-c4e4/.conda/envs/ts310/lib/python3.10/site-packages/gym/envs/registration.py:595: UserWarning: [33mWARN: Overriding environment maze2d-large-dense-v1[0m
  logger.warn(f"Overriding environment {id}")
/home/jupyter-deuk-c4e4/.conda/envs/ts310/lib/python3.10/site-packages/gym/envs/registration.py:595: UserWarning: [33mWARN: Overriding environment maze2d-eval-umaze-dense-v1[0m
  logger.warn(f"Overriding environment {id}")
/home/jupyter-deuk-c4e4/.conda/envs/ts310/lib/python3.10/site-packages/gym/envs/registration.py:595: UserWarning: [33mWARN: Overriding environment maze2d-eval-medium-dense-v1[0m
  logger.warn(f"Overriding environment {id}")
/home/jupyter-deuk-c4e4/.conda/envs/ts310/lib/python3.10/site-packages/gym/envs/registration.py:595: UserWarning: [33mWARN: Overriding environment maze2d-eval-large-dense-v1[0m
  logger.warn(f"Overriding environment {id}")
/opt/dlami/nvme/home/jupyter-deuk-c4e4/temporal-straightening/custom_resolvers.py:4: UserWarning: 
The version_base parameter is not specified.
Please specify a compatability version level, or None.
Will assume defaults for version 1.1
  @hydra.main(config_path=None)
[2026-07-25 16:14:13,122][__main__][INFO] - Planning result saved dir: /opt/dlami/nvme/home/jupyter-deuk-c4e4/pusht-reproduction/straightening_reproduction/plan/mpc_seed_200/chunk_30
/home/jupyter-deuk-c4e4/.conda/envs/ts310/lib/python3.10/site-packages/wandb/sdk/internal/internal_api.py:30: UserWarning: pkg_resources is deprecated as an API. See https://setuptools.pypa.io/en/latest/pkg_resources.html. The pkg_resources package is slated for removal as early as 2025-11-30. Refrain from using this package or pin to Setuptools<81.
  from pkg_resources import parse_version
Using cache found in /home/jupyter-deuk-c4e4/.cache/torch/hub/facebookresearch_dinov2_81b2b6419385
Loaded 18685 rollouts
Loaded 21 rollouts
[2026-07-25 16:14:15,598][dinov2][INFO] - using MLP layer as FFN
[2026-07-25 16:14:16,009][models.dino][WARNING] - Unknown projector 'none' for patch tokens; proceeding without projector.
Resuming from epoch 2: /home/jupyter-deuk-c4e4/pusht-reproduction/straightening_reproduction/test/pusht_aggmlpcos1e-1_agg32_projchannel_dim8_hw14_sgTrue_lr1e-05/checkpoints/model_2.pth
[2026-07-25 16:14:16,361][models.visual_world_model][INFO] - num_action_repeat: 1
[2026-07-25 16:14:16,361][models.visual_world_model][INFO] - num_proprio_repeat: 1
[2026-07-25 16:14:16,361][models.visual_world_model][INFO] - proprio encoder: ProprioceptiveEmbedding(
  (patch_embed): Conv1d(4, 10, kernel_size=(1,), stride=(1,))
  (norm): LayerNorm((10,), eps=1e-05, elementwise_affine=True)
)
[2026-07-25 16:14:16,361][models.visual_world_model][INFO] - action encoder: ProprioceptiveEmbedding(
  (patch_embed): Conv1d(10, 10, kernel_size=(1,), stride=(1,))
  (norm): LayerNorm((10,), eps=1e-05, elementwise_affine=True)
)
[2026-07-25 16:14:16,361][models.visual_world_model][INFO] - proprio_dim: 10, after repeat: 10
[2026-07-25 16:14:16,361][models.visual_world_model][INFO] - action_dim: 10, after repeat: 10
[2026-07-25 16:14:16,361][models.visual_world_model][INFO] - emb_dim: 28
[2026-07-25 16:14:16,361][models.visual_world_model][INFO] - Straightening disabled
[2026-07-25 16:14:16,361][models.visual_world_model][INFO] - Speed constancy disabled
[2026-07-25 16:14:16,361][models.visual_world_model][INFO] - Trajectory penalty disabled
[2026-07-25 16:14:16,361][models.visual_world_model][INFO] - Stop-grad enabled: True
[2026-07-25 16:14:16,361][models.visual_world_model][INFO] - VCReg enabled: False, apply_to=enc, std_coeff=0.0, cov_coeff=0.0
[2026-07-25 16:14:16,361][models.visual_world_model][INFO] - Model emb_dim: 28
[timing] setup_model_s=3.241
eval_seed:  [6001, 6201, 6401, 6601, 6801, 7001, 7201, 7401, 7601, 7801]
Dumped plan targets to /opt/dlami/nvme/home/jupyter-deuk-c4e4/pusht-reproduction/straightening_reproduction/plan/mpc_seed_200/chunk_30/plan_targets.pkl
[timing] setup_workspace_s=6.056

MPC iter 0 Eval ------- 
Success rate:  0.0
{'success': array([False, False, False, False, False, False, False, False, False,
       False]), 'state_dist': array([130.94255, 160.32643, 160.15685, 124.39855, 102.01034,  75.61881,
       272.12402, 195.60477,  73.67527, 278.6859 ], dtype=float32)}
self.is_success:  [False False False False False False False False False False]

MPC iter 1 Eval ------- 
Success rate:  0.0
{'success': array([False, False, False, False, False, False, False, False, False,
       False]), 'state_dist': array([122.31728 , 156.48714 , 120.400894, 111.86429 ,  88.08171 ,
        86.03689 , 196.49303 , 144.63875 ,  68.41226 , 284.5475  ],
      dtype=float32)}
self.is_success:  [False False False False False False False False False False]

MPC iter 2 Eval ------- 
Success rate:  0.0
{'success': array([False, False, False, False, False, False, False, False, False,
       False]), 'state_dist': array([111.15254 , 172.36766 , 105.187256,  91.494255,  84.844505,
       120.83362 , 136.92946 , 105.42118 ,  87.600716, 326.37405 ],
      dtype=float32)}
self.is_success:  [False False False False False False False False False False]

MPC iter 3 Eval ------- 
Success rate:  0.0
{'success': array([False, False, False, False, False, False, False, False, False,
       False]), 'state_dist': array([110.9106  , 235.83818 , 157.61758 ,  75.104416,  71.55507 ,
       123.660805,  65.11161 ,  80.48317 , 101.89039 , 285.5675  ],
      dtype=float32)}
self.is_success:  [False False False False False False False False False False]

MPC iter 4 Eval ------- 
Success rate:  0.2
{'success': array([False, False, False, False, False,  True,  True, False, False,
       False]), 'state_dist': array([ 52.361076, 158.24422 ,  62.198208,  45.153152,  58.402584,
        12.882802,  94.559166,  65.40093 , 112.779434, 284.05734 ],
      dtype=float32)}
self.is_success:  [False False False False False  True  True False False False]

MPC iter 5 Eval ------- 
Success rate:  0.3
{'success': array([ True, False, False, False, False,  True,  True, False, False,
       False]), 'state_dist': array([ 61.128235,  76.68564 ,  42.72785 ,  51.08475 ,  47.697025,
        12.882802,  94.559166,  63.321487,  83.58201 , 282.9361  ],
      dtype=float32)}
self.is_success:  [ True False False False False  True  True False False False]

MPC iter 6 Eval ------- 
Success rate:  0.6
{'success': array([ True,  True, False,  True,  True,  True,  True, False, False,
       False]), 'state_dist': array([ 61.128235,  24.92411 ,  99.8623  ,  34.492245,  18.081902,
        12.882802,  94.559166,  25.285536,  94.706276, 267.55002 ],
      dtype=float32)}
self.is_success:  [ True  True False  True  True  True  True False False False]

MPC iter 7 Eval ------- 
Success rate:  0.6
{'success': array([ True,  True, False,  True,  True,  True,  True, False, False,
       False]), 'state_dist': array([ 61.128235,  24.92411 ,  48.623714,  34.492245,  18.081902,
        12.882802,  94.559166,  32.46079 ,  72.81383 , 246.6892  ],
      dtype=float32)}
self.is_success:  [ True  True False  True  True  True  True False False False]

MPC iter 8 Eval ------- 
Success rate:  0.7
{'success': array([ True,  True, False,  True,  True,  True,  True, False,  True,
       False]), 'state_dist': array([ 61.128235,  24.92411 ,  57.957928,  34.492245,  18.081902,
        12.882802,  94.559166,  44.98961 ,  82.33655 , 242.3327  ],
      dtype=float32)}
self.is_success:  [ True  True False  True  True  True  True False  True False]

MPC iter 9 Eval ------- 
Success rate:  0.7
{'success': array([ True,  True, False,  True,  True,  True,  True, False,  True,
       False]), 'state_dist': array([ 61.128235,  24.92411 ,  28.681574,  34.492245,  18.081902,
        12.882802,  94.559166,  45.565754,  82.33655 , 233.6162  ],
      dtype=float32)}
self.is_success:  [ True  True False  True  True  True  True False  True False]

MPC iter 10 Eval ------- 
Success rate:  0.7
{'success': array([ True,  True, False,  True,  True,  True,  True, False,  True,
       False]), 'state_dist': array([ 61.128235,  24.92411 ,  38.83888 ,  34.492245,  18.081902,
        12.882802,  94.559166,  43.656025,  82.33655 , 250.58253 ],
      dtype=float32)}
self.is_success:  [ True  True False  True  True  True  True False  True False]

MPC iter 11 Eval ------- 
Success rate:  0.7
{'success': array([ True,  True, False,  True,  True,  True,  True, False,  True,
       False]), 'state_dist': array([ 61.128235,  24.92411 ,  55.34694 ,  34.492245,  18.081902,
        12.882802,  94.559166,  41.58404 ,  82.33655 , 270.12778 ],
      dtype=float32)}
self.is_success:  [ True  True False  True  True  True  True False  True False]

MPC iter 12 Eval ------- 
Success rate:  0.7
{'success': array([ True,  True, False,  True,  True,  True,  True, False,  True,
       False]), 'state_dist': array([ 61.128235,  24.92411 ,  26.880186,  34.492245,  18.081902,
        12.882802,  94.559166,  42.267265,  82.33655 , 231.86407 ],
      dtype=float32)}
self.is_success:  [ True  True False  True  True  True  True False  True False]

MPC iter 13 Eval ------- 
Success rate:  0.7
{'success': array([ True,  True, False,  True,  True,  True,  True, False,  True,
       False]), 'state_dist': array([ 61.128235,  24.92411 ,  41.182373,  34.492245,  18.081902,
        12.882802,  94.559166,  41.52594 ,  82.33655 , 254.49602 ],
      dtype=float32)}
self.is_success:  [ True  True False  True  True  True  True False  True False]

MPC iter 14 Eval ------- 
Success rate:  0.7
{'success': array([ True,  True, False,  True,  True,  True,  True, False,  True,
       False]), 'state_dist': array([ 61.128235,  24.92411 ,  52.092228,  34.492245,  18.081902,
        12.882802,  94.559166,  41.92509 ,  82.33655 , 265.87772 ],
      dtype=float32)}
self.is_success:  [ True  True False  True  True  True  True False  True False]

MPC iter 15 Eval ------- 
Success rate:  0.7
{'success': array([ True,  True, False,  True,  True,  True,  True, False,  True,
       False]), 'state_dist': array([ 61.128235,  24.92411 ,  25.171476,  34.492245,  18.081902,
        12.882802,  94.559166,  42.24489 ,  82.33655 , 235.98758 ],
      dtype=float32)}
self.is_success:  [ True  True False  True  True  True  True False  True False]

MPC iter 16 Eval ------- 
Success rate:  0.7
{'success': array([ True,  True, False,  True,  True,  True,  True, False,  True,
       False]), 'state_dist': array([ 61.128235,  24.92411 ,  37.0582  ,  34.492245,  18.081902,
        12.882802,  94.559166,  42.22942 ,  82.33655 , 257.92093 ],
      dtype=float32)}
self.is_success:  [ True  True False  True  True  True  True False  True False]

MPC iter 17 Eval ------- 
Success rate:  0.7
{'success': array([ True,  True, False,  True,  True,  True,  True, False,  True,
       False]), 'state_dist': array([ 61.128235,  24.92411 ,  48.45696 ,  34.492245,  18.081902,
        12.882802,  94.559166,  42.219555,  82.33655 , 255.80522 ],
      dtype=float32)}
self.is_success:  [ True  True False  True  True  True  True False  True False]

MPC iter 18 Eval ------- 
Success rate:  0.7
{'success': array([ True,  True, False,  True,  True,  True,  True, False,  True,
       False]), 'state_dist': array([ 61.128235,  24.92411 ,  25.743315,  34.492245,  18.081902,
        12.882802,  94.559166,  42.22123 ,  82.33655 , 236.84258 ],
      dtype=float32)}
self.is_success:  [ True  True False  True  True  True  True False  True False]

MPC iter 19 Eval ------- 
Success rate:  0.7
{'success': array([ True,  True, False,  True,  True,  True,  True, False,  True,
       False]), 'state_dist': array([ 61.128235,  24.92411 ,  48.698715,  34.492245,  18.081902,
        12.882802,  94.559166,  42.182503,  82.33655 , 261.76132 ],
      dtype=float32)}
self.is_success:  [ True  True False  True  True  True  True False  True False]
Success rate:  0.7
{'success': array([ True,  True, False,  True,  True,  True,  True, False,  True,
       False]), 'state_dist': array([ 61.128235,  24.92411 ,  48.698715,  34.492245,  18.081902,
        12.882802,  94.559166,  42.182503,  82.33655 , 261.76132 ],
      dtype=float32)}
[timing] perform_planning_s=449.337
[timing] total_planning_main_s=458.635
===== channel_on mpc seed 200 chunk 40 (n_evals=10) =====
/home/jupyter-deuk-c4e4/.conda/envs/ts310/lib/python3.10/site-packages/wandb/sdk/internal/internal_api.py:30: UserWarning: pkg_resources is deprecated as an API. See https://setuptools.pypa.io/en/latest/pkg_resources.html. The pkg_resources package is slated for removal as early as 2025-11-30. Refrain from using this package or pin to Setuptools<81.
  from pkg_resources import parse_version
/home/jupyter-deuk-c4e4/.conda/envs/ts310/lib/python3.10/site-packages/pkg_resources/__init__.py:3148: DeprecationWarning: Deprecated call to `pkg_resources.declare_namespace('mpl_toolkits')`.
Implementing implicit namespace packages (as specified in PEP 420) is preferred to `pkg_resources.declare_namespace`. See https://setuptools.pypa.io/en/latest/references/keywords.html#keyword-namespace-packages
  declare_namespace(pkg)
/home/jupyter-deuk-c4e4/.conda/envs/ts310/lib/python3.10/site-packages/pkg_resources/__init__.py:3148: DeprecationWarning: Deprecated call to `pkg_resources.declare_namespace('google')`.
Implementing implicit namespace packages (as specified in PEP 420) is preferred to `pkg_resources.declare_namespace`. See https://setuptools.pypa.io/en/latest/references/keywords.html#keyword-namespace-packages
  declare_namespace(pkg)
/home/jupyter-deuk-c4e4/.conda/envs/ts310/lib/python3.10/site-packages/Cython/Distutils/old_build_ext.py:15: DeprecationWarning: dep_util is Deprecated. Use functions from setuptools instead.
  from distutils.dep_util import newer, newer_group
<frozen importlib._bootstrap>:283: DeprecationWarning: the load_module() method is deprecated and slated for removal in Python 3.12; use exec_module() instead
Warning: Mujoco-based envs failed to import. Set the environment variable D4RL_SUPPRESS_IMPORT_ERROR=1 to suppress this message.
No module named 'mjrl'
Warning: Flow failed to import. Set the environment variable D4RL_SUPPRESS_IMPORT_ERROR=1 to suppress this message.
No module named 'flow'
Warning: CARLA failed to import. Set the environment variable D4RL_SUPPRESS_IMPORT_ERROR=1 to suppress this message.
No module named 'carla'
pybullet build time: Jan 29 2025 23:16:28
/home/jupyter-deuk-c4e4/.conda/envs/ts310/lib/python3.10/site-packages/gym/envs/registration.py:595: UserWarning: [33mWARN: Overriding environment maze2d-open-v0[0m
  logger.warn(f"Overriding environment {id}")
/home/jupyter-deuk-c4e4/.conda/envs/ts310/lib/python3.10/site-packages/gym/envs/registration.py:595: UserWarning: [33mWARN: Overriding environment maze2d-umaze-v0[0m
  logger.warn(f"Overriding environment {id}")
/home/jupyter-deuk-c4e4/.conda/envs/ts310/lib/python3.10/site-packages/gym/envs/registration.py:595: UserWarning: [33mWARN: Overriding environment maze2d-medium-v0[0m
  logger.warn(f"Overriding environment {id}")
/home/jupyter-deuk-c4e4/.conda/envs/ts310/lib/python3.10/site-packages/gym/envs/registration.py:595: UserWarning: [33mWARN: Overriding environment maze2d-large-v0[0m
  logger.warn(f"Overriding environment {id}")
/home/jupyter-deuk-c4e4/.conda/envs/ts310/lib/python3.10/site-packages/gym/envs/registration.py:595: UserWarning: [33mWARN: Overriding environment maze2d-umaze-v1[0m
  logger.warn(f"Overriding environment {id}")
/home/jupyter-deuk-c4e4/.conda/envs/ts310/lib/python3.10/site-packages/gym/envs/registration.py:595: UserWarning: [33mWARN: Overriding environment maze2d-medium-v1[0m
  logger.warn(f"Overriding environment {id}")
/home/jupyter-deuk-c4e4/.conda/envs/ts310/lib/python3.10/site-packages/gym/envs/registration.py:595: UserWarning: [33mWARN: Overriding environment maze2d-large-v1[0m
  logger.warn(f"Overriding environment {id}")
/home/jupyter-deuk-c4e4/.conda/envs/ts310/lib/python3.10/site-packages/gym/envs/registration.py:595: UserWarning: [33mWARN: Overriding environment maze2d-eval-umaze-v1[0m
  logger.warn(f"Overriding environment {id}")
/home/jupyter-deuk-c4e4/.conda/envs/ts310/lib/python3.10/site-packages/gym/envs/registration.py:595: UserWarning: [33mWARN: Overriding environment maze2d-eval-medium-v1[0m
  logger.warn(f"Overriding environment {id}")
/home/jupyter-deuk-c4e4/.conda/envs/ts310/lib/python3.10/site-packages/gym/envs/registration.py:595: UserWarning: [33mWARN: Overriding environment maze2d-eval-large-v1[0m
  logger.warn(f"Overriding environment {id}")
/home/jupyter-deuk-c4e4/.conda/envs/ts310/lib/python3.10/site-packages/gym/envs/registration.py:595: UserWarning: [33mWARN: Overriding environment maze2d-open-dense-v0[0m
  logger.warn(f"Overriding environment {id}")
/home/jupyter-deuk-c4e4/.conda/envs/ts310/lib/python3.10/site-packages/gym/envs/registration.py:595: UserWarning: [33mWARN: Overriding environment maze2d-umaze-dense-v0[0m
  logger.warn(f"Overriding environment {id}")
/home/jupyter-deuk-c4e4/.conda/envs/ts310/lib/python3.10/site-packages/gym/envs/registration.py:595: UserWarning: [33mWARN: Overriding environment maze2d-medium-dense-v0[0m
  logger.warn(f"Overriding environment {id}")
/home/jupyter-deuk-c4e4/.conda/envs/ts310/lib/python3.10/site-packages/gym/envs/registration.py:595: UserWarning: [33mWARN: Overriding environment maze2d-large-dense-v0[0m
  logger.warn(f"Overriding environment {id}")
/home/jupyter-deuk-c4e4/.conda/envs/ts310/lib/python3.10/site-packages/gym/envs/registration.py:595: UserWarning: [33mWARN: Overriding environment maze2d-umaze-dense-v1[0m
  logger.warn(f"Overriding environment {id}")
/home/jupyter-deuk-c4e4/.conda/envs/ts310/lib/python3.10/site-packages/gym/envs/registration.py:595: UserWarning: [33mWARN: Overriding environment maze2d-medium-dense-v1[0m
  logger.warn(f"Overriding environment {id}")
/home/jupyter-deuk-c4e4/.conda/envs/ts310/lib/python3.10/site-packages/gym/envs/registration.py:595: UserWarning: [33mWARN: Overriding environment maze2d-large-dense-v1[0m
  logger.warn(f"Overriding environment {id}")
/home/jupyter-deuk-c4e4/.conda/envs/ts310/lib/python3.10/site-packages/gym/envs/registration.py:595: UserWarning: [33mWARN: Overriding environment maze2d-eval-umaze-dense-v1[0m
  logger.warn(f"Overriding environment {id}")
/home/jupyter-deuk-c4e4/.conda/envs/ts310/lib/python3.10/site-packages/gym/envs/registration.py:595: UserWarning: [33mWARN: Overriding environment maze2d-eval-medium-dense-v1[0m
  logger.warn(f"Overriding environment {id}")
/home/jupyter-deuk-c4e4/.conda/envs/ts310/lib/python3.10/site-packages/gym/envs/registration.py:595: UserWarning: [33mWARN: Overriding environment maze2d-eval-large-dense-v1[0m
  logger.warn(f"Overriding environment {id}")
/opt/dlami/nvme/home/jupyter-deuk-c4e4/temporal-straightening/custom_resolvers.py:4: UserWarning: 
The version_base parameter is not specified.
Please specify a compatability version level, or None.
Will assume defaults for version 1.1
  @hydra.main(config_path=None)
[2026-07-25 16:21:56,865][__main__][INFO] - Planning result saved dir: /opt/dlami/nvme/home/jupyter-deuk-c4e4/pusht-reproduction/straightening_reproduction/plan/mpc_seed_200/chunk_40
/home/jupyter-deuk-c4e4/.conda/envs/ts310/lib/python3.10/site-packages/wandb/sdk/internal/internal_api.py:30: UserWarning: pkg_resources is deprecated as an API. See https://setuptools.pypa.io/en/latest/pkg_resources.html. The pkg_resources package is slated for removal as early as 2025-11-30. Refrain from using this package or pin to Setuptools<81.
  from pkg_resources import parse_version
Using cache found in /home/jupyter-deuk-c4e4/.cache/torch/hub/facebookresearch_dinov2_81b2b6419385
Loaded 18685 rollouts
Loaded 21 rollouts
[2026-07-25 16:21:59,331][dinov2][INFO] - using MLP layer as FFN
[2026-07-25 16:21:59,763][models.dino][WARNING] - Unknown projector 'none' for patch tokens; proceeding without projector.
Resuming from epoch 2: /home/jupyter-deuk-c4e4/pusht-reproduction/straightening_reproduction/test/pusht_aggmlpcos1e-1_agg32_projchannel_dim8_hw14_sgTrue_lr1e-05/checkpoints/model_2.pth
[2026-07-25 16:22:00,104][models.visual_world_model][INFO] - num_action_repeat: 1
[2026-07-25 16:22:00,104][models.visual_world_model][INFO] - num_proprio_repeat: 1
[2026-07-25 16:22:00,104][models.visual_world_model][INFO] - proprio encoder: ProprioceptiveEmbedding(
  (patch_embed): Conv1d(4, 10, kernel_size=(1,), stride=(1,))
  (norm): LayerNorm((10,), eps=1e-05, elementwise_affine=True)
)
[2026-07-25 16:22:00,104][models.visual_world_model][INFO] - action encoder: ProprioceptiveEmbedding(
  (patch_embed): Conv1d(10, 10, kernel_size=(1,), stride=(1,))
  (norm): LayerNorm((10,), eps=1e-05, elementwise_affine=True)
)
[2026-07-25 16:22:00,104][models.visual_world_model][INFO] - proprio_dim: 10, after repeat: 10
[2026-07-25 16:22:00,104][models.visual_world_model][INFO] - action_dim: 10, after repeat: 10
[2026-07-25 16:22:00,104][models.visual_world_model][INFO] - emb_dim: 28
[2026-07-25 16:22:00,104][models.visual_world_model][INFO] - Straightening disabled
[2026-07-25 16:22:00,104][models.visual_world_model][INFO] - Speed constancy disabled
[2026-07-25 16:22:00,104][models.visual_world_model][INFO] - Trajectory penalty disabled
[2026-07-25 16:22:00,105][models.visual_world_model][INFO] - Stop-grad enabled: True
[2026-07-25 16:22:00,105][models.visual_world_model][INFO] - VCReg enabled: False, apply_to=enc, std_coeff=0.0, cov_coeff=0.0
[2026-07-25 16:22:00,105][models.visual_world_model][INFO] - Model emb_dim: 28
[timing] setup_model_s=3.241
eval_seed:  [8001, 8201, 8401, 8601, 8801, 9001, 9201, 9401, 9601, 9801]
Dumped plan targets to /opt/dlami/nvme/home/jupyter-deuk-c4e4/pusht-reproduction/straightening_reproduction/plan/mpc_seed_200/chunk_40/plan_targets.pkl
[timing] setup_workspace_s=6.642

MPC iter 0 Eval ------- 
Success rate:  0.0
{'success': array([False, False, False, False, False, False, False, False, False,
       False]), 'state_dist': array([149.79288, 133.20612, 253.60239, 262.2019 , 227.79065, 277.68396,
       111.758  , 195.75175, 171.42583, 149.70389], dtype=float32)}
self.is_success:  [False False False False False False False False False False]

MPC iter 1 Eval ------- 
Success rate:  0.0
{'success': array([False, False, False, False, False, False, False, False, False,
       False]), 'state_dist': array([116.181305, 114.16055 , 250.67549 , 264.24847 , 206.93285 ,
       178.76807 , 118.447556, 262.2838  , 220.76547 , 166.82553 ],
      dtype=float32)}
self.is_success:  [False False False False False False False False False False]

MPC iter 2 Eval ------- 
Success rate:  0.0
{'success': array([False, False, False, False, False, False, False, False, False,
       False]), 'state_dist': array([102.9648  ,  98.101974, 228.46883 , 280.27338 , 176.13847 ,
       148.50047 , 164.304   , 200.93433 , 294.449   , 186.52576 ],
      dtype=float32)}
self.is_success:  [False False False False False False False False False False]

MPC iter 3 Eval ------- 
Success rate:  0.1
{'success': array([False, False, False, False, False, False,  True, False, False,
       False]), 'state_dist': array([ 91.39629 ,  98.1965  , 271.25247 , 232.38522 , 154.69756 ,
        90.681145, 227.5788  , 159.6484  , 307.63904 , 206.78284 ],
      dtype=float32)}
self.is_success:  [False False False False False False  True False False False]

MPC iter 4 Eval ------- 
Success rate:  0.2
{'success': array([False, False, False,  True, False, False,  True, False, False,
       False]), 'state_dist': array([ 72.34981 ,  60.56959 , 255.5096  ,  84.835915,  93.125916,
        75.52759 , 227.5788  , 121.94072 , 369.5382  , 642.08594 ],
      dtype=float32)}
self.is_success:  [False False False  True False False  True False False False]

MPC iter 5 Eval ------- 
Success rate:  0.4
{'success': array([False,  True,  True,  True, False, False,  True, False, False,
       False]), 'state_dist': array([ 30.155119,  25.118319,  69.93072 ,  84.835915, 104.139084,
        96.58645 , 227.5788  , 122.58021 , 386.28293 , 111.000656],
      dtype=float32)}
self.is_success:  [False  True  True  True False False  True False False False]

MPC iter 6 Eval ------- 
Success rate:  0.5
{'success': array([False,  True,  True,  True, False,  True,  True, False, False,
       False]), 'state_dist': array([ 45.80545 ,  25.118319,  69.93072 ,  84.835915,  55.33038 ,
        58.139835, 227.5788  , 169.1106  , 248.0852  , 130.70872 ],
      dtype=float32)}
self.is_success:  [False  True  True  True False  True  True False False False]

MPC iter 7 Eval ------- 
Success rate:  0.7
{'success': array([ True,  True,  True,  True,  True,  True,  True, False, False,
       False]), 'state_dist': array([ 71.681175,  25.118319,  69.93072 ,  84.835915,  68.531006,
        58.139835, 227.5788  , 160.21207 , 240.77475 , 128.12112 ],
      dtype=float32)}
self.is_success:  [ True  True  True  True  True  True  True False False False]

MPC iter 8 Eval ------- 
Success rate:  0.7
{'success': array([ True,  True,  True,  True,  True,  True,  True, False, False,
       False]), 'state_dist': array([ 71.681175,  25.118319,  69.93072 ,  84.835915,  68.531006,
        58.139835, 227.5788  , 197.2964  , 191.65132 , 125.109184],
      dtype=float32)}
self.is_success:  [ True  True  True  True  True  True  True False False False]

MPC iter 9 Eval ------- 
Success rate:  0.7
{'success': array([ True,  True,  True,  True,  True,  True,  True, False, False,
       False]), 'state_dist': array([ 71.681175,  25.118319,  69.93072 ,  84.835915,  68.531006,
        58.139835, 227.5788  , 211.5426  , 165.51773 , 126.61627 ],
      dtype=float32)}
self.is_success:  [ True  True  True  True  True  True  True False False False]

MPC iter 10 Eval ------- 
Success rate:  0.7
{'success': array([ True,  True,  True,  True,  True,  True,  True, False, False,
       False]), 'state_dist': array([ 71.681175,  25.118319,  69.93072 ,  84.835915,  68.531006,
        58.139835, 227.5788  , 155.36836 , 147.88013 , 127.153755],
      dtype=float32)}
self.is_success:  [ True  True  True  True  True  True  True False False False]

MPC iter 11 Eval ------- 
Success rate:  0.7
{'success': array([ True,  True,  True,  True,  True,  True,  True, False, False,
       False]), 'state_dist': array([ 71.681175,  25.118319,  69.93072 ,  84.835915,  68.531006,
        58.139835, 227.5788  , 193.24103 , 149.1754  , 126.67376 ],
      dtype=float32)}
self.is_success:  [ True  True  True  True  True  True  True False False False]

MPC iter 12 Eval ------- 
Success rate:  0.7
{'success': array([ True,  True,  True,  True,  True,  True,  True, False, False,
       False]), 'state_dist': array([ 71.681175,  25.118319,  69.93072 ,  84.835915,  68.531006,
        58.139835, 227.5788  , 204.34045 , 146.70847 , 127.269905],
      dtype=float32)}
self.is_success:  [ True  True  True  True  True  True  True False False False]

MPC iter 13 Eval ------- 
Success rate:  0.7
{'success': array([ True,  True,  True,  True,  True,  True,  True, False, False,
       False]), 'state_dist': array([ 71.681175,  25.118319,  69.93072 ,  84.835915,  68.531006,
        58.139835, 227.5788  , 163.8475  , 146.30878 , 126.992065],
      dtype=float32)}
self.is_success:  [ True  True  True  True  True  True  True False False False]

MPC iter 14 Eval ------- 
Success rate:  0.7
{'success': array([ True,  True,  True,  True,  True,  True,  True, False, False,
       False]), 'state_dist': array([ 71.681175,  25.118319,  69.93072 ,  84.835915,  68.531006,
        58.139835, 227.5788  , 182.26118 , 146.12782 , 127.02841 ],
      dtype=float32)}
self.is_success:  [ True  True  True  True  True  True  True False False False]

MPC iter 15 Eval ------- 
Success rate:  0.7
{'success': array([ True,  True,  True,  True,  True,  True,  True, False, False,
       False]), 'state_dist': array([ 71.681175,  25.118319,  69.93072 ,  84.835915,  68.531006,
        58.139835, 227.5788  , 209.1854  , 145.7047  , 127.03652 ],
      dtype=float32)}
self.is_success:  [ True  True  True  True  True  True  True False False False]

MPC iter 16 Eval ------- 
Success rate:  0.7
{'success': array([ True,  True,  True,  True,  True,  True,  True, False, False,
       False]), 'state_dist': array([ 71.681175,  25.118319,  69.93072 ,  84.835915,  68.531006,
        58.139835, 227.5788  , 161.90726 , 145.71324 , 127.033844],
      dtype=float32)}
self.is_success:  [ True  True  True  True  True  True  True False False False]

MPC iter 17 Eval ------- 
Success rate:  0.7
{'success': array([ True,  True,  True,  True,  True,  True,  True, False, False,
       False]), 'state_dist': array([ 71.681175,  25.118319,  69.93072 ,  84.835915,  68.531006,
        58.139835, 227.5788  , 192.3256  , 145.67845 , 127.03288 ],
      dtype=float32)}
self.is_success:  [ True  True  True  True  True  True  True False False False]

MPC iter 18 Eval ------- 
Success rate:  0.7
{'success': array([ True,  True,  True,  True,  True,  True,  True, False, False,
       False]), 'state_dist': array([ 71.681175,  25.118319,  69.93072 ,  84.835915,  68.531006,
        58.139835, 227.5788  , 203.19351 , 145.69186 , 127.03416 ],
      dtype=float32)}
self.is_success:  [ True  True  True  True  True  True  True False False False]

MPC iter 19 Eval ------- 
Success rate:  0.7
{'success': array([ True,  True,  True,  True,  True,  True,  True, False, False,
       False]), 'state_dist': array([ 71.681175,  25.118319,  69.93072 ,  84.835915,  68.531006,
        58.139835, 227.5788  , 151.52986 , 145.68605 , 127.02973 ],
      dtype=float32)}
self.is_success:  [ True  True  True  True  True  True  True False False False]
Success rate:  0.7
{'success': array([ True,  True,  True,  True,  True,  True,  True, False, False,
       False]), 'state_dist': array([ 71.681175,  25.118319,  69.93072 ,  84.835915,  68.531006,
        58.139835, 227.5788  , 151.52986 , 145.68605 , 127.02973 ],
      dtype=float32)}
[timing] perform_planning_s=449.349
[timing] total_planning_main_s=459.232
===== channel_on mpc seed 300 chunk 00 (n_evals=10) =====
/home/jupyter-deuk-c4e4/.conda/envs/ts310/lib/python3.10/site-packages/wandb/sdk/internal/internal_api.py:30: UserWarning: pkg_resources is deprecated as an API. See https://setuptools.pypa.io/en/latest/pkg_resources.html. The pkg_resources package is slated for removal as early as 2025-11-30. Refrain from using this package or pin to Setuptools<81.
  from pkg_resources import parse_version
/home/jupyter-deuk-c4e4/.conda/envs/ts310/lib/python3.10/site-packages/pkg_resources/__init__.py:3148: DeprecationWarning: Deprecated call to `pkg_resources.declare_namespace('mpl_toolkits')`.
Implementing implicit namespace packages (as specified in PEP 420) is preferred to `pkg_resources.declare_namespace`. See https://setuptools.pypa.io/en/latest/references/keywords.html#keyword-namespace-packages
  declare_namespace(pkg)
/home/jupyter-deuk-c4e4/.conda/envs/ts310/lib/python3.10/site-packages/pkg_resources/__init__.py:3148: DeprecationWarning: Deprecated call to `pkg_resources.declare_namespace('google')`.
Implementing implicit namespace packages (as specified in PEP 420) is preferred to `pkg_resources.declare_namespace`. See https://setuptools.pypa.io/en/latest/references/keywords.html#keyword-namespace-packages
  declare_namespace(pkg)
/home/jupyter-deuk-c4e4/.conda/envs/ts310/lib/python3.10/site-packages/Cython/Distutils/old_build_ext.py:15: DeprecationWarning: dep_util is Deprecated. Use functions from setuptools instead.
  from distutils.dep_util import newer, newer_group
<frozen importlib._bootstrap>:283: DeprecationWarning: the load_module() method is deprecated and slated for removal in Python 3.12; use exec_module() instead
Warning: Mujoco-based envs failed to import. Set the environment variable D4RL_SUPPRESS_IMPORT_ERROR=1 to suppress this message.
No module named 'mjrl'
Warning: Flow failed to import. Set the environment variable D4RL_SUPPRESS_IMPORT_ERROR=1 to suppress this message.
No module named 'flow'
Warning: CARLA failed to import. Set the environment variable D4RL_SUPPRESS_IMPORT_ERROR=1 to suppress this message.
No module named 'carla'
pybullet build time: Jan 29 2025 23:16:28
/home/jupyter-deuk-c4e4/.conda/envs/ts310/lib/python3.10/site-packages/gym/envs/registration.py:595: UserWarning: [33mWARN: Overriding environment maze2d-open-v0[0m
  logger.warn(f"Overriding environment {id}")
/home/jupyter-deuk-c4e4/.conda/envs/ts310/lib/python3.10/site-packages/gym/envs/registration.py:595: UserWarning: [33mWARN: Overriding environment maze2d-umaze-v0[0m
  logger.warn(f"Overriding environment {id}")
/home/jupyter-deuk-c4e4/.conda/envs/ts310/lib/python3.10/site-packages/gym/envs/registration.py:595: UserWarning: [33mWARN: Overriding environment maze2d-medium-v0[0m
  logger.warn(f"Overriding environment {id}")
/home/jupyter-deuk-c4e4/.conda/envs/ts310/lib/python3.10/site-packages/gym/envs/registration.py:595: UserWarning: [33mWARN: Overriding environment maze2d-large-v0[0m
  logger.warn(f"Overriding environment {id}")
/home/jupyter-deuk-c4e4/.conda/envs/ts310/lib/python3.10/site-packages/gym/envs/registration.py:595: UserWarning: [33mWARN: Overriding environment maze2d-umaze-v1[0m
  logger.warn(f"Overriding environment {id}")
/home/jupyter-deuk-c4e4/.conda/envs/ts310/lib/python3.10/site-packages/gym/envs/registration.py:595: UserWarning: [33mWARN: Overriding environment maze2d-medium-v1[0m
  logger.warn(f"Overriding environment {id}")
/home/jupyter-deuk-c4e4/.conda/envs/ts310/lib/python3.10/site-packages/gym/envs/registration.py:595: UserWarning: [33mWARN: Overriding environment maze2d-large-v1[0m
  logger.warn(f"Overriding environment {id}")
/home/jupyter-deuk-c4e4/.conda/envs/ts310/lib/python3.10/site-packages/gym/envs/registration.py:595: UserWarning: [33mWARN: Overriding environment maze2d-eval-umaze-v1[0m
  logger.warn(f"Overriding environment {id}")
/home/jupyter-deuk-c4e4/.conda/envs/ts310/lib/python3.10/site-packages/gym/envs/registration.py:595: UserWarning: [33mWARN: Overriding environment maze2d-eval-medium-v1[0m
  logger.warn(f"Overriding environment {id}")
/home/jupyter-deuk-c4e4/.conda/envs/ts310/lib/python3.10/site-packages/gym/envs/registration.py:595: UserWarning: [33mWARN: Overriding environment maze2d-eval-large-v1[0m
  logger.warn(f"Overriding environment {id}")
/home/jupyter-deuk-c4e4/.conda/envs/ts310/lib/python3.10/site-packages/gym/envs/registration.py:595: UserWarning: [33mWARN: Overriding environment maze2d-open-dense-v0[0m
  logger.warn(f"Overriding environment {id}")
/home/jupyter-deuk-c4e4/.conda/envs/ts310/lib/python3.10/site-packages/gym/envs/registration.py:595: UserWarning: [33mWARN: Overriding environment maze2d-umaze-dense-v0[0m
  logger.warn(f"Overriding environment {id}")
/home/jupyter-deuk-c4e4/.conda/envs/ts310/lib/python3.10/site-packages/gym/envs/registration.py:595: UserWarning: [33mWARN: Overriding environment maze2d-medium-dense-v0[0m
  logger.warn(f"Overriding environment {id}")
/home/jupyter-deuk-c4e4/.conda/envs/ts310/lib/python3.10/site-packages/gym/envs/registration.py:595: UserWarning: [33mWARN: Overriding environment maze2d-large-dense-v0[0m
  logger.warn(f"Overriding environment {id}")
/home/jupyter-deuk-c4e4/.conda/envs/ts310/lib/python3.10/site-packages/gym/envs/registration.py:595: UserWarning: [33mWARN: Overriding environment maze2d-umaze-dense-v1[0m
  logger.warn(f"Overriding environment {id}")
/home/jupyter-deuk-c4e4/.conda/envs/ts310/lib/python3.10/site-packages/gym/envs/registration.py:595: UserWarning: [33mWARN: Overriding environment maze2d-medium-dense-v1[0m
  logger.warn(f"Overriding environment {id}")
/home/jupyter-deuk-c4e4/.conda/envs/ts310/lib/python3.10/site-packages/gym/envs/registration.py:595: UserWarning: [33mWARN: Overriding environment maze2d-large-dense-v1[0m
  logger.warn(f"Overriding environment {id}")
/home/jupyter-deuk-c4e4/.conda/envs/ts310/lib/python3.10/site-packages/gym/envs/registration.py:595: UserWarning: [33mWARN: Overriding environment maze2d-eval-umaze-dense-v1[0m
  logger.warn(f"Overriding environment {id}")
/home/jupyter-deuk-c4e4/.conda/envs/ts310/lib/python3.10/site-packages/gym/envs/registration.py:595: UserWarning: [33mWARN: Overriding environment maze2d-eval-medium-dense-v1[0m
  logger.warn(f"Overriding environment {id}")
/home/jupyter-deuk-c4e4/.conda/envs/ts310/lib/python3.10/site-packages/gym/envs/registration.py:595: UserWarning: [33mWARN: Overriding environment maze2d-eval-large-dense-v1[0m
  logger.warn(f"Overriding environment {id}")
/opt/dlami/nvme/home/jupyter-deuk-c4e4/temporal-straightening/custom_resolvers.py:4: UserWarning: 
The version_base parameter is not specified.
Please specify a compatability version level, or None.
Will assume defaults for version 1.1
  @hydra.main(config_path=None)
[2026-07-25 16:29:41,174][__main__][INFO] - Planning result saved dir: /opt/dlami/nvme/home/jupyter-deuk-c4e4/pusht-reproduction/straightening_reproduction/plan/mpc_seed_300/chunk_00
/home/jupyter-deuk-c4e4/.conda/envs/ts310/lib/python3.10/site-packages/wandb/sdk/internal/internal_api.py:30: UserWarning: pkg_resources is deprecated as an API. See https://setuptools.pypa.io/en/latest/pkg_resources.html. The pkg_resources package is slated for removal as early as 2025-11-30. Refrain from using this package or pin to Setuptools<81.
  from pkg_resources import parse_version
Using cache found in /home/jupyter-deuk-c4e4/.cache/torch/hub/facebookresearch_dinov2_81b2b6419385
Loaded 18685 rollouts
Loaded 21 rollouts
[2026-07-25 16:29:43,642][dinov2][INFO] - using MLP layer as FFN
[2026-07-25 16:29:44,049][models.dino][WARNING] - Unknown projector 'none' for patch tokens; proceeding without projector.
Resuming from epoch 2: /home/jupyter-deuk-c4e4/pusht-reproduction/straightening_reproduction/test/pusht_aggmlpcos1e-1_agg32_projchannel_dim8_hw14_sgTrue_lr1e-05/checkpoints/model_2.pth
[2026-07-25 16:29:44,401][models.visual_world_model][INFO] - num_action_repeat: 1
[2026-07-25 16:29:44,401][models.visual_world_model][INFO] - num_proprio_repeat: 1
[2026-07-25 16:29:44,401][models.visual_world_model][INFO] - proprio encoder: ProprioceptiveEmbedding(
  (patch_embed): Conv1d(4, 10, kernel_size=(1,), stride=(1,))
  (norm): LayerNorm((10,), eps=1e-05, elementwise_affine=True)
)
[2026-07-25 16:29:44,401][models.visual_world_model][INFO] - action encoder: ProprioceptiveEmbedding(
  (patch_embed): Conv1d(10, 10, kernel_size=(1,), stride=(1,))
  (norm): LayerNorm((10,), eps=1e-05, elementwise_affine=True)
)
[2026-07-25 16:29:44,401][models.visual_world_model][INFO] - proprio_dim: 10, after repeat: 10
[2026-07-25 16:29:44,401][models.visual_world_model][INFO] - action_dim: 10, after repeat: 10
[2026-07-25 16:29:44,401][models.visual_world_model][INFO] - emb_dim: 28
[2026-07-25 16:29:44,401][models.visual_world_model][INFO] - Straightening disabled
[2026-07-25 16:29:44,401][models.visual_world_model][INFO] - Speed constancy disabled
[2026-07-25 16:29:44,401][models.visual_world_model][INFO] - Trajectory penalty disabled
[2026-07-25 16:29:44,401][models.visual_world_model][INFO] - Stop-grad enabled: True
[2026-07-25 16:29:44,402][models.visual_world_model][INFO] - VCReg enabled: False, apply_to=enc, std_coeff=0.0, cov_coeff=0.0
[2026-07-25 16:29:44,402][models.visual_world_model][INFO] - Model emb_dim: 28
[timing] setup_model_s=3.230
eval_seed:  [1, 301, 601, 901, 1201, 1501, 1801, 2101, 2401, 2701]
Dumped plan targets to /opt/dlami/nvme/home/jupyter-deuk-c4e4/pusht-reproduction/straightening_reproduction/plan/mpc_seed_300/chunk_00/plan_targets.pkl
[timing] setup_workspace_s=4.121

MPC iter 0 Eval ------- 
Success rate:  0.0
{'success': array([False, False, False, False, False, False, False, False, False,
       False]), 'state_dist': array([203.44514, 260.29297,  66.87323, 167.49806, 162.68437, 171.8105 ,
       223.75404,  85.87993, 200.60982, 158.97765], dtype=float32)}
self.is_success:  [False False False False False False False False False False]

MPC iter 1 Eval ------- 
Success rate:  0.0
{'success': array([False, False, False, False, False, False, False, False, False,
       False]), 'state_dist': array([152.41116 , 197.04642 ,  57.513393, 224.31702 , 214.1261  ,
       174.24916 , 168.6963  ,  69.11499 , 164.78876 , 193.08598 ],
      dtype=float32)}
self.is_success:  [False False False False False False False False False False]

MPC iter 2 Eval ------- 
Success rate:  0.0
{'success': array([False, False, False, False, False, False, False, False, False,
       False]), 'state_dist': array([ 89.96279 , 147.56793 ,  51.04285 , 210.56929 , 246.78253 ,
       204.0913  , 106.465454,  41.546684, 165.15074 , 177.5563  ],
      dtype=float32)}
self.is_success:  [False False False False False False False False False False]

MPC iter 3 Eval ------- 
Success rate:  0.1
{'success': array([False, False, False, False, False, False, False,  True, False,
       False]), 'state_dist': array([ 99.39643 ,  86.69928 ,  41.653214, 207.20055 , 227.8319  ,
       231.8946  ,  79.415855,  28.159254, 105.822685, 202.13425 ],
      dtype=float32)}
self.is_success:  [False False False False False False False  True False False]

MPC iter 4 Eval ------- 
Success rate:  0.1
{'success': array([False, False, False, False, False, False, False,  True, False,
       False]), 'state_dist': array([106.59581 , 157.53372 ,  40.085796, 152.59836 , 155.08902 ,
       154.41496 ,  60.605576,  28.159254, 166.8466  , 171.18237 ],
      dtype=float32)}
self.is_success:  [False False False False False False False  True False False]

MPC iter 5 Eval ------- 
Success rate:  0.3
{'success': array([ True, False, False, False, False,  True, False,  True, False,
       False]), 'state_dist': array([ 69.7216  , 146.97151 ,  74.031876, 113.03176 , 153.24821 ,
        89.49359 ,  50.354477,  28.159254, 247.68326 ,  75.1976  ],
      dtype=float32)}
self.is_success:  [ True False False False False  True False  True False False]

MPC iter 6 Eval ------- 
Success rate:  0.8
{'success': array([ True,  True,  True, False,  True,  True,  True,  True, False,
        True]), 'state_dist': array([ 69.7216  ,  59.43489 ,  12.431911, 106.058136, 101.16276 ,
        89.49359 ,  16.619572,  28.159254, 246.95831 ,  56.38749 ],
      dtype=float32)}
self.is_success:  [ True  True  True False  True  True  True  True False  True]

MPC iter 7 Eval ------- 
Success rate:  0.8
{'success': array([ True,  True,  True, False,  True,  True,  True,  True, False,
        True]), 'state_dist': array([ 69.7216  ,  59.43489 ,  12.431911,  95.80386 , 101.16276 ,
        89.49359 ,  16.619572,  28.159254, 289.15988 ,  56.38749 ],
      dtype=float32)}
self.is_success:  [ True  True  True False  True  True  True  True False  True]

MPC iter 8 Eval ------- 
Success rate:  0.8
{'success': array([ True,  True,  True, False,  True,  True,  True,  True, False,
        True]), 'state_dist': array([ 69.7216  ,  59.43489 ,  12.431911,  80.61902 , 101.16276 ,
        89.49359 ,  16.619572,  28.159254, 274.08423 ,  56.38749 ],
      dtype=float32)}
self.is_success:  [ True  True  True False  True  True  True  True False  True]

MPC iter 9 Eval ------- 
Success rate:  0.8
{'success': array([ True,  True,  True, False,  True,  True,  True,  True, False,
        True]), 'state_dist': array([ 69.7216  ,  59.43489 ,  12.431911,  93.201225, 101.16276 ,
        89.49359 ,  16.619572,  28.159254, 281.25735 ,  56.38749 ],
      dtype=float32)}
self.is_success:  [ True  True  True False  True  True  True  True False  True]

MPC iter 10 Eval ------- 
Success rate:  0.8
{'success': array([ True,  True,  True, False,  True,  True,  True,  True, False,
        True]), 'state_dist': array([ 69.7216  ,  59.43489 ,  12.431911,  87.79867 , 101.16276 ,
        89.49359 ,  16.619572,  28.159254, 260.49924 ,  56.38749 ],
      dtype=float32)}
self.is_success:  [ True  True  True False  True  True  True  True False  True]

MPC iter 11 Eval ------- 
Success rate:  0.8
{'success': array([ True,  True,  True, False,  True,  True,  True,  True, False,
        True]), 'state_dist': array([ 69.7216  ,  59.43489 ,  12.431911, 119.147644, 101.16276 ,
        89.49359 ,  16.619572,  28.159254, 254.00642 ,  56.38749 ],
      dtype=float32)}
self.is_success:  [ True  True  True False  True  True  True  True False  True]

MPC iter 12 Eval ------- 
Success rate:  0.8
{'success': array([ True,  True,  True, False,  True,  True,  True,  True, False,
        True]), 'state_dist': array([ 69.7216  ,  59.43489 ,  12.431911, 107.309044, 101.16276 ,
        89.49359 ,  16.619572,  28.159254, 263.2905  ,  56.38749 ],
      dtype=float32)}
self.is_success:  [ True  True  True False  True  True  True  True False  True]

MPC iter 13 Eval ------- 
Success rate:  0.8
{'success': array([ True,  True,  True, False,  True,  True,  True,  True, False,
        True]), 'state_dist': array([ 69.7216  ,  59.43489 ,  12.431911, 105.96945 , 101.16276 ,
        89.49359 ,  16.619572,  28.159254, 312.99213 ,  56.38749 ],
      dtype=float32)}
self.is_success:  [ True  True  True False  True  True  True  True False  True]

MPC iter 14 Eval ------- 
Success rate:  0.8
{'success': array([ True,  True,  True, False,  True,  True,  True,  True, False,
        True]), 'state_dist': array([ 69.7216  ,  59.43489 ,  12.431911,  96.02858 , 101.16276 ,
        89.49359 ,  16.619572,  28.159254, 255.43149 ,  56.38749 ],
      dtype=float32)}
self.is_success:  [ True  True  True False  True  True  True  True False  True]

MPC iter 15 Eval ------- 
Success rate:  0.8
{'success': array([ True,  True,  True, False,  True,  True,  True,  True, False,
        True]), 'state_dist': array([ 69.7216  ,  59.43489 ,  12.431911, 107.50141 , 101.16276 ,
        89.49359 ,  16.619572,  28.159254, 268.6699  ,  56.38749 ],
      dtype=float32)}
self.is_success:  [ True  True  True False  True  True  True  True False  True]

MPC iter 16 Eval ------- 
Success rate:  0.8
{'success': array([ True,  True,  True, False,  True,  True,  True,  True, False,
        True]), 'state_dist': array([ 69.7216  ,  59.43489 ,  12.431911, 114.30195 , 101.16276 ,
        89.49359 ,  16.619572,  28.159254, 273.58832 ,  56.38749 ],
      dtype=float32)}
self.is_success:  [ True  True  True False  True  True  True  True False  True]

MPC iter 17 Eval ------- 
Success rate:  0.8
{'success': array([ True,  True,  True, False,  True,  True,  True,  True, False,
        True]), 'state_dist': array([ 69.7216  ,  59.43489 ,  12.431911, 104.04514 , 101.16276 ,
        89.49359 ,  16.619572,  28.159254, 271.83508 ,  56.38749 ],
      dtype=float32)}
self.is_success:  [ True  True  True False  True  True  True  True False  True]

MPC iter 18 Eval ------- 
Success rate:  0.8
{'success': array([ True,  True,  True, False,  True,  True,  True,  True, False,
        True]), 'state_dist': array([ 69.7216  ,  59.43489 ,  12.431911, 105.31534 , 101.16276 ,
        89.49359 ,  16.619572,  28.159254, 278.9812  ,  56.38749 ],
      dtype=float32)}
self.is_success:  [ True  True  True False  True  True  True  True False  True]

MPC iter 19 Eval ------- 
Success rate:  0.8
{'success': array([ True,  True,  True, False,  True,  True,  True,  True, False,
        True]), 'state_dist': array([ 69.7216  ,  59.43489 ,  12.431911, 115.94351 , 101.16276 ,
        89.49359 ,  16.619572,  28.159254, 272.79388 ,  56.38749 ],
      dtype=float32)}
self.is_success:  [ True  True  True False  True  True  True  True False  True]
Success rate:  0.8
{'success': array([ True,  True,  True, False,  True,  True,  True,  True, False,
        True]), 'state_dist': array([ 69.7216  ,  59.43489 ,  12.431911, 115.94351 , 101.16276 ,
        89.49359 ,  16.619572,  28.159254, 272.79388 ,  56.38749 ],
      dtype=float32)}
[timing] perform_planning_s=449.457
[timing] total_planning_main_s=456.808
===== channel_on mpc seed 300 chunk 10 (n_evals=10) =====
/home/jupyter-deuk-c4e4/.conda/envs/ts310/lib/python3.10/site-packages/wandb/sdk/internal/internal_api.py:30: UserWarning: pkg_resources is deprecated as an API. See https://setuptools.pypa.io/en/latest/pkg_resources.html. The pkg_resources package is slated for removal as early as 2025-11-30. Refrain from using this package or pin to Setuptools<81.
  from pkg_resources import parse_version
/home/jupyter-deuk-c4e4/.conda/envs/ts310/lib/python3.10/site-packages/pkg_resources/__init__.py:3148: DeprecationWarning: Deprecated call to `pkg_resources.declare_namespace('mpl_toolkits')`.
Implementing implicit namespace packages (as specified in PEP 420) is preferred to `pkg_resources.declare_namespace`. See https://setuptools.pypa.io/en/latest/references/keywords.html#keyword-namespace-packages
  declare_namespace(pkg)
/home/jupyter-deuk-c4e4/.conda/envs/ts310/lib/python3.10/site-packages/pkg_resources/__init__.py:3148: DeprecationWarning: Deprecated call to `pkg_resources.declare_namespace('google')`.
Implementing implicit namespace packages (as specified in PEP 420) is preferred to `pkg_resources.declare_namespace`. See https://setuptools.pypa.io/en/latest/references/keywords.html#keyword-namespace-packages
  declare_namespace(pkg)
/home/jupyter-deuk-c4e4/.conda/envs/ts310/lib/python3.10/site-packages/Cython/Distutils/old_build_ext.py:15: DeprecationWarning: dep_util is Deprecated. Use functions from setuptools instead.
  from distutils.dep_util import newer, newer_group
<frozen importlib._bootstrap>:283: DeprecationWarning: the load_module() method is deprecated and slated for removal in Python 3.12; use exec_module() instead
Warning: Mujoco-based envs failed to import. Set the environment variable D4RL_SUPPRESS_IMPORT_ERROR=1 to suppress this message.
No module named 'mjrl'
Warning: Flow failed to import. Set the environment variable D4RL_SUPPRESS_IMPORT_ERROR=1 to suppress this message.
No module named 'flow'
Warning: CARLA failed to import. Set the environment variable D4RL_SUPPRESS_IMPORT_ERROR=1 to suppress this message.
No module named 'carla'
pybullet build time: Jan 29 2025 23:16:28
/home/jupyter-deuk-c4e4/.conda/envs/ts310/lib/python3.10/site-packages/gym/envs/registration.py:595: UserWarning: [33mWARN: Overriding environment maze2d-open-v0[0m
  logger.warn(f"Overriding environment {id}")
/home/jupyter-deuk-c4e4/.conda/envs/ts310/lib/python3.10/site-packages/gym/envs/registration.py:595: UserWarning: [33mWARN: Overriding environment maze2d-umaze-v0[0m
  logger.warn(f"Overriding environment {id}")
/home/jupyter-deuk-c4e4/.conda/envs/ts310/lib/python3.10/site-packages/gym/envs/registration.py:595: UserWarning: [33mWARN: Overriding environment maze2d-medium-v0[0m
  logger.warn(f"Overriding environment {id}")
/home/jupyter-deuk-c4e4/.conda/envs/ts310/lib/python3.10/site-packages/gym/envs/registration.py:595: UserWarning: [33mWARN: Overriding environment maze2d-large-v0[0m
  logger.warn(f"Overriding environment {id}")
/home/jupyter-deuk-c4e4/.conda/envs/ts310/lib/python3.10/site-packages/gym/envs/registration.py:595: UserWarning: [33mWARN: Overriding environment maze2d-umaze-v1[0m
  logger.warn(f"Overriding environment {id}")
/home/jupyter-deuk-c4e4/.conda/envs/ts310/lib/python3.10/site-packages/gym/envs/registration.py:595: UserWarning: [33mWARN: Overriding environment maze2d-medium-v1[0m
  logger.warn(f"Overriding environment {id}")
/home/jupyter-deuk-c4e4/.conda/envs/ts310/lib/python3.10/site-packages/gym/envs/registration.py:595: UserWarning: [33mWARN: Overriding environment maze2d-large-v1[0m
  logger.warn(f"Overriding environment {id}")
/home/jupyter-deuk-c4e4/.conda/envs/ts310/lib/python3.10/site-packages/gym/envs/registration.py:595: UserWarning: [33mWARN: Overriding environment maze2d-eval-umaze-v1[0m
  logger.warn(f"Overriding environment {id}")
/home/jupyter-deuk-c4e4/.conda/envs/ts310/lib/python3.10/site-packages/gym/envs/registration.py:595: UserWarning: [33mWARN: Overriding environment maze2d-eval-medium-v1[0m
  logger.warn(f"Overriding environment {id}")
/home/jupyter-deuk-c4e4/.conda/envs/ts310/lib/python3.10/site-packages/gym/envs/registration.py:595: UserWarning: [33mWARN: Overriding environment maze2d-eval-large-v1[0m
  logger.warn(f"Overriding environment {id}")
/home/jupyter-deuk-c4e4/.conda/envs/ts310/lib/python3.10/site-packages/gym/envs/registration.py:595: UserWarning: [33mWARN: Overriding environment maze2d-open-dense-v0[0m
  logger.warn(f"Overriding environment {id}")
/home/jupyter-deuk-c4e4/.conda/envs/ts310/lib/python3.10/site-packages/gym/envs/registration.py:595: UserWarning: [33mWARN: Overriding environment maze2d-umaze-dense-v0[0m
  logger.warn(f"Overriding environment {id}")
/home/jupyter-deuk-c4e4/.conda/envs/ts310/lib/python3.10/site-packages/gym/envs/registration.py:595: UserWarning: [33mWARN: Overriding environment maze2d-medium-dense-v0[0m
  logger.warn(f"Overriding environment {id}")
/home/jupyter-deuk-c4e4/.conda/envs/ts310/lib/python3.10/site-packages/gym/envs/registration.py:595: UserWarning: [33mWARN: Overriding environment maze2d-large-dense-v0[0m
  logger.warn(f"Overriding environment {id}")
/home/jupyter-deuk-c4e4/.conda/envs/ts310/lib/python3.10/site-packages/gym/envs/registration.py:595: UserWarning: [33mWARN: Overriding environment maze2d-umaze-dense-v1[0m
  logger.warn(f"Overriding environment {id}")
/home/jupyter-deuk-c4e4/.conda/envs/ts310/lib/python3.10/site-packages/gym/envs/registration.py:595: UserWarning: [33mWARN: Overriding environment maze2d-medium-dense-v1[0m
  logger.warn(f"Overriding environment {id}")
/home/jupyter-deuk-c4e4/.conda/envs/ts310/lib/python3.10/site-packages/gym/envs/registration.py:595: UserWarning: [33mWARN: Overriding environment maze2d-large-dense-v1[0m
  logger.warn(f"Overriding environment {id}")
/home/jupyter-deuk-c4e4/.conda/envs/ts310/lib/python3.10/site-packages/gym/envs/registration.py:595: UserWarning: [33mWARN: Overriding environment maze2d-eval-umaze-dense-v1[0m
  logger.warn(f"Overriding environment {id}")
/home/jupyter-deuk-c4e4/.conda/envs/ts310/lib/python3.10/site-packages/gym/envs/registration.py:595: UserWarning: [33mWARN: Overriding environment maze2d-eval-medium-dense-v1[0m
  logger.warn(f"Overriding environment {id}")
/home/jupyter-deuk-c4e4/.conda/envs/ts310/lib/python3.10/site-packages/gym/envs/registration.py:595: UserWarning: [33mWARN: Overriding environment maze2d-eval-large-dense-v1[0m
  logger.warn(f"Overriding environment {id}")
/opt/dlami/nvme/home/jupyter-deuk-c4e4/temporal-straightening/custom_resolvers.py:4: UserWarning: 
The version_base parameter is not specified.
Please specify a compatability version level, or None.
Will assume defaults for version 1.1
  @hydra.main(config_path=None)
[2026-07-25 16:37:23,089][__main__][INFO] - Planning result saved dir: /opt/dlami/nvme/home/jupyter-deuk-c4e4/pusht-reproduction/straightening_reproduction/plan/mpc_seed_300/chunk_10
/home/jupyter-deuk-c4e4/.conda/envs/ts310/lib/python3.10/site-packages/wandb/sdk/internal/internal_api.py:30: UserWarning: pkg_resources is deprecated as an API. See https://setuptools.pypa.io/en/latest/pkg_resources.html. The pkg_resources package is slated for removal as early as 2025-11-30. Refrain from using this package or pin to Setuptools<81.
  from pkg_resources import parse_version
Using cache found in /home/jupyter-deuk-c4e4/.cache/torch/hub/facebookresearch_dinov2_81b2b6419385
Loaded 18685 rollouts
Loaded 21 rollouts
[2026-07-25 16:37:25,581][dinov2][INFO] - using MLP layer as FFN
[2026-07-25 16:37:26,040][models.dino][WARNING] - Unknown projector 'none' for patch tokens; proceeding without projector.
Resuming from epoch 2: /home/jupyter-deuk-c4e4/pusht-reproduction/straightening_reproduction/test/pusht_aggmlpcos1e-1_agg32_projchannel_dim8_hw14_sgTrue_lr1e-05/checkpoints/model_2.pth
[2026-07-25 16:37:26,385][models.visual_world_model][INFO] - num_action_repeat: 1
[2026-07-25 16:37:26,385][models.visual_world_model][INFO] - num_proprio_repeat: 1
[2026-07-25 16:37:26,385][models.visual_world_model][INFO] - proprio encoder: ProprioceptiveEmbedding(
  (patch_embed): Conv1d(4, 10, kernel_size=(1,), stride=(1,))
  (norm): LayerNorm((10,), eps=1e-05, elementwise_affine=True)
)
[2026-07-25 16:37:26,386][models.visual_world_model][INFO] - action encoder: ProprioceptiveEmbedding(
  (patch_embed): Conv1d(10, 10, kernel_size=(1,), stride=(1,))
  (norm): LayerNorm((10,), eps=1e-05, elementwise_affine=True)
)
[2026-07-25 16:37:26,386][models.visual_world_model][INFO] - proprio_dim: 10, after repeat: 10
[2026-07-25 16:37:26,386][models.visual_world_model][INFO] - action_dim: 10, after repeat: 10
[2026-07-25 16:37:26,386][models.visual_world_model][INFO] - emb_dim: 28
[2026-07-25 16:37:26,386][models.visual_world_model][INFO] - Straightening disabled
[2026-07-25 16:37:26,386][models.visual_world_model][INFO] - Speed constancy disabled
[2026-07-25 16:37:26,386][models.visual_world_model][INFO] - Trajectory penalty disabled
[2026-07-25 16:37:26,386][models.visual_world_model][INFO] - Stop-grad enabled: True
[2026-07-25 16:37:26,386][models.visual_world_model][INFO] - VCReg enabled: False, apply_to=enc, std_coeff=0.0, cov_coeff=0.0
[2026-07-25 16:37:26,386][models.visual_world_model][INFO] - Model emb_dim: 28
[timing] setup_model_s=3.299
eval_seed:  [3001, 3301, 3601, 3901, 4201, 4501, 4801, 5101, 5401, 5701]
Dumped plan targets to /opt/dlami/nvme/home/jupyter-deuk-c4e4/pusht-reproduction/straightening_reproduction/plan/mpc_seed_300/chunk_10/plan_targets.pkl
[timing] setup_workspace_s=4.835

MPC iter 0 Eval ------- 
Success rate:  0.0
{'success': array([False, False, False, False, False, False, False, False, False,
       False]), 'state_dist': array([117.7239  , 127.89055 , 209.65692 , 146.43939 , 174.79758 ,
       122.718605, 118.648964, 200.44598 , 133.15121 , 210.453   ],
      dtype=float32)}
self.is_success:  [False False False False False False False False False False]

MPC iter 1 Eval ------- 
Success rate:  0.0
{'success': array([False, False, False, False, False, False, False, False, False,
       False]), 'state_dist': array([118.15752, 103.77239, 277.41226, 158.68425, 143.07573,  69.10467,
        98.68132, 248.64384,  77.59042, 157.81099], dtype=float32)}
self.is_success:  [False False False False False False False False False False]

MPC iter 2 Eval ------- 
Success rate:  0.1
{'success': array([False, False, False, False, False, False, False, False,  True,
       False]), 'state_dist': array([109.198715,  80.50337 , 249.44106 , 186.53737 , 170.4139  ,
        68.35837 ,  80.524605, 232.08745 ,  47.40462 , 151.00081 ],
      dtype=float32)}
self.is_success:  [False False False False False False False False  True False]

MPC iter 3 Eval ------- 
Success rate:  0.1
{'success': array([False, False, False, False, False, False, False, False,  True,
       False]), 'state_dist': array([ 90.39122 ,  74.94977 , 205.71892 , 200.46301 , 240.06235 ,
        73.52382 ,  54.922436, 315.33978 ,  47.40462 , 220.7763  ],
      dtype=float32)}
self.is_success:  [False False False False False False False False  True False]

MPC iter 4 Eval ------- 
Success rate:  0.4
{'success': array([ True, False, False, False,  True, False, False, False,  True,
        True]), 'state_dist': array([ 85.835335, 199.88876 , 153.58667 , 189.72882 , 248.16418 ,
        40.204475,  47.637375, 144.39363 ,  47.40462 , 174.5445  ],
      dtype=float32)}
self.is_success:  [ True False False False  True False False False  True  True]

MPC iter 5 Eval ------- 
Success rate:  0.7
{'success': array([ True, False, False, False,  True,  True,  True,  True,  True,
        True]), 'state_dist': array([ 85.835335, 114.7548  ,  51.485664,  82.042206, 248.16418 ,
        51.920475,  29.719997, 178.86668 ,  47.40462 , 174.5445  ],
      dtype=float32)}
self.is_success:  [ True False False False  True  True  True  True  True  True]

MPC iter 6 Eval ------- 
Success rate:  0.9
{'success': array([ True, False,  True,  True,  True,  True,  True,  True,  True,
        True]), 'state_dist': array([ 85.835335, 129.34267 ,  36.57965 ,  21.13961 , 248.16418 ,
        51.920475,  29.719997, 178.86668 ,  47.40462 , 174.5445  ],
      dtype=float32)}
self.is_success:  [ True False  True  True  True  True  True  True  True  True]

MPC iter 7 Eval ------- 
Success rate:  0.9
{'success': array([ True, False,  True,  True,  True,  True,  True,  True,  True,
        True]), 'state_dist': array([ 85.835335, 108.29762 ,  36.57965 ,  21.13961 , 248.16418 ,
        51.920475,  29.719997, 178.86668 ,  47.40462 , 174.5445  ],
      dtype=float32)}
self.is_success:  [ True False  True  True  True  True  True  True  True  True]

MPC iter 8 Eval ------- 
Success rate:  0.9
{'success': array([ True, False,  True,  True,  True,  True,  True,  True,  True,
        True]), 'state_dist': array([ 85.835335, 117.7083  ,  36.57965 ,  21.13961 , 248.16418 ,
        51.920475,  29.719997, 178.86668 ,  47.40462 , 174.5445  ],
      dtype=float32)}
self.is_success:  [ True False  True  True  True  True  True  True  True  True]

MPC iter 9 Eval ------- 
Success rate:  0.9
{'success': array([ True, False,  True,  True,  True,  True,  True,  True,  True,
        True]), 'state_dist': array([ 85.835335, 110.562706,  36.57965 ,  21.13961 , 248.16418 ,
        51.920475,  29.719997, 178.86668 ,  47.40462 , 174.5445  ],
      dtype=float32)}
self.is_success:  [ True False  True  True  True  True  True  True  True  True]

MPC iter 10 Eval ------- 
Success rate:  0.9
{'success': array([ True, False,  True,  True,  True,  True,  True,  True,  True,
        True]), 'state_dist': array([ 85.835335, 115.06522 ,  36.57965 ,  21.13961 , 248.16418 ,
        51.920475,  29.719997, 178.86668 ,  47.40462 , 174.5445  ],
      dtype=float32)}
self.is_success:  [ True False  True  True  True  True  True  True  True  True]

MPC iter 11 Eval ------- 
Success rate:  0.9
{'success': array([ True, False,  True,  True,  True,  True,  True,  True,  True,
        True]), 'state_dist': array([ 85.835335, 116.061874,  36.57965 ,  21.13961 , 248.16418 ,
        51.920475,  29.719997, 178.86668 ,  47.40462 , 174.5445  ],
      dtype=float32)}
self.is_success:  [ True False  True  True  True  True  True  True  True  True]

MPC iter 12 Eval ------- 
Success rate:  0.9
{'success': array([ True, False,  True,  True,  True,  True,  True,  True,  True,
        True]), 'state_dist': array([ 85.835335, 115.03935 ,  36.57965 ,  21.13961 , 248.16418 ,
        51.920475,  29.719997, 178.86668 ,  47.40462 , 174.5445  ],
      dtype=float32)}
self.is_success:  [ True False  True  True  True  True  True  True  True  True]

MPC iter 13 Eval ------- 
Success rate:  0.9
{'success': array([ True, False,  True,  True,  True,  True,  True,  True,  True,
        True]), 'state_dist': array([ 85.835335, 115.290115,  36.57965 ,  21.13961 , 248.16418 ,
        51.920475,  29.719997, 178.86668 ,  47.40462 , 174.5445  ],
      dtype=float32)}
self.is_success:  [ True False  True  True  True  True  True  True  True  True]

MPC iter 14 Eval ------- 
Success rate:  0.9
{'success': array([ True, False,  True,  True,  True,  True,  True,  True,  True,
        True]), 'state_dist': array([ 85.835335, 117.5196  ,  36.57965 ,  21.13961 , 248.16418 ,
        51.920475,  29.719997, 178.86668 ,  47.40462 , 174.5445  ],
      dtype=float32)}
self.is_success:  [ True False  True  True  True  True  True  True  True  True]

MPC iter 15 Eval ------- 
Success rate:  0.9
{'success': array([ True, False,  True,  True,  True,  True,  True,  True,  True,
        True]), 'state_dist': array([ 85.835335, 109.133156,  36.57965 ,  21.13961 , 248.16418 ,
        51.920475,  29.719997, 178.86668 ,  47.40462 , 174.5445  ],
      dtype=float32)}
self.is_success:  [ True False  True  True  True  True  True  True  True  True]

MPC iter 16 Eval ------- 
Success rate:  0.9
{'success': array([ True, False,  True,  True,  True,  True,  True,  True,  True,
        True]), 'state_dist': array([ 85.835335, 113.59301 ,  36.57965 ,  21.13961 , 248.16418 ,
        51.920475,  29.719997, 178.86668 ,  47.40462 , 174.5445  ],
      dtype=float32)}
self.is_success:  [ True False  True  True  True  True  True  True  True  True]

MPC iter 17 Eval ------- 
Success rate:  0.9
{'success': array([ True, False,  True,  True,  True,  True,  True,  True,  True,
        True]), 'state_dist': array([ 85.835335, 117.16973 ,  36.57965 ,  21.13961 , 248.16418 ,
        51.920475,  29.719997, 178.86668 ,  47.40462 , 174.5445  ],
      dtype=float32)}
self.is_success:  [ True False  True  True  True  True  True  True  True  True]

MPC iter 18 Eval ------- 
Success rate:  0.9
{'success': array([ True, False,  True,  True,  True,  True,  True,  True,  True,
        True]), 'state_dist': array([ 85.835335, 115.36296 ,  36.57965 ,  21.13961 , 248.16418 ,
        51.920475,  29.719997, 178.86668 ,  47.40462 , 174.5445  ],
      dtype=float32)}
self.is_success:  [ True False  True  True  True  True  True  True  True  True]

MPC iter 19 Eval ------- 
Success rate:  0.9
{'success': array([ True, False,  True,  True,  True,  True,  True,  True,  True,
        True]), 'state_dist': array([ 85.835335, 115.94118 ,  36.57965 ,  21.13961 , 248.16418 ,
        51.920475,  29.719997, 178.86668 ,  47.40462 , 174.5445  ],
      dtype=float32)}
self.is_success:  [ True False  True  True  True  True  True  True  True  True]
Success rate:  0.9
{'success': array([ True, False,  True,  True,  True,  True,  True,  True,  True,
        True]), 'state_dist': array([ 85.835335, 115.94118 ,  36.57965 ,  21.13961 , 248.16418 ,
        51.920475,  29.719997, 178.86668 ,  47.40462 , 174.5445  ],
      dtype=float32)}
[timing] perform_planning_s=449.578
[timing] total_planning_main_s=457.712
===== channel_on mpc seed 300 chunk 20 (n_evals=10) =====
/home/jupyter-deuk-c4e4/.conda/envs/ts310/lib/python3.10/site-packages/wandb/sdk/internal/internal_api.py:30: UserWarning: pkg_resources is deprecated as an API. See https://setuptools.pypa.io/en/latest/pkg_resources.html. The pkg_resources package is slated for removal as early as 2025-11-30. Refrain from using this package or pin to Setuptools<81.
  from pkg_resources import parse_version
/home/jupyter-deuk-c4e4/.conda/envs/ts310/lib/python3.10/site-packages/pkg_resources/__init__.py:3148: DeprecationWarning: Deprecated call to `pkg_resources.declare_namespace('mpl_toolkits')`.
Implementing implicit namespace packages (as specified in PEP 420) is preferred to `pkg_resources.declare_namespace`. See https://setuptools.pypa.io/en/latest/references/keywords.html#keyword-namespace-packages
  declare_namespace(pkg)
/home/jupyter-deuk-c4e4/.conda/envs/ts310/lib/python3.10/site-packages/pkg_resources/__init__.py:3148: DeprecationWarning: Deprecated call to `pkg_resources.declare_namespace('google')`.
Implementing implicit namespace packages (as specified in PEP 420) is preferred to `pkg_resources.declare_namespace`. See https://setuptools.pypa.io/en/latest/references/keywords.html#keyword-namespace-packages
  declare_namespace(pkg)
/home/jupyter-deuk-c4e4/.conda/envs/ts310/lib/python3.10/site-packages/Cython/Distutils/old_build_ext.py:15: DeprecationWarning: dep_util is Deprecated. Use functions from setuptools instead.
  from distutils.dep_util import newer, newer_group
<frozen importlib._bootstrap>:283: DeprecationWarning: the load_module() method is deprecated and slated for removal in Python 3.12; use exec_module() instead
Warning: Mujoco-based envs failed to import. Set the environment variable D4RL_SUPPRESS_IMPORT_ERROR=1 to suppress this message.
No module named 'mjrl'
Warning: Flow failed to import. Set the environment variable D4RL_SUPPRESS_IMPORT_ERROR=1 to suppress this message.
No module named 'flow'
Warning: CARLA failed to import. Set the environment variable D4RL_SUPPRESS_IMPORT_ERROR=1 to suppress this message.
No module named 'carla'
pybullet build time: Jan 29 2025 23:16:28
/home/jupyter-deuk-c4e4/.conda/envs/ts310/lib/python3.10/site-packages/gym/envs/registration.py:595: UserWarning: [33mWARN: Overriding environment maze2d-open-v0[0m
  logger.warn(f"Overriding environment {id}")
/home/jupyter-deuk-c4e4/.conda/envs/ts310/lib/python3.10/site-packages/gym/envs/registration.py:595: UserWarning: [33mWARN: Overriding environment maze2d-umaze-v0[0m
  logger.warn(f"Overriding environment {id}")
/home/jupyter-deuk-c4e4/.conda/envs/ts310/lib/python3.10/site-packages/gym/envs/registration.py:595: UserWarning: [33mWARN: Overriding environment maze2d-medium-v0[0m
  logger.warn(f"Overriding environment {id}")
/home/jupyter-deuk-c4e4/.conda/envs/ts310/lib/python3.10/site-packages/gym/envs/registration.py:595: UserWarning: [33mWARN: Overriding environment maze2d-large-v0[0m
  logger.warn(f"Overriding environment {id}")
/home/jupyter-deuk-c4e4/.conda/envs/ts310/lib/python3.10/site-packages/gym/envs/registration.py:595: UserWarning: [33mWARN: Overriding environment maze2d-umaze-v1[0m
  logger.warn(f"Overriding environment {id}")
/home/jupyter-deuk-c4e4/.conda/envs/ts310/lib/python3.10/site-packages/gym/envs/registration.py:595: UserWarning: [33mWARN: Overriding environment maze2d-medium-v1[0m
  logger.warn(f"Overriding environment {id}")
/home/jupyter-deuk-c4e4/.conda/envs/ts310/lib/python3.10/site-packages/gym/envs/registration.py:595: UserWarning: [33mWARN: Overriding environment maze2d-large-v1[0m
  logger.warn(f"Overriding environment {id}")
/home/jupyter-deuk-c4e4/.conda/envs/ts310/lib/python3.10/site-packages/gym/envs/registration.py:595: UserWarning: [33mWARN: Overriding environment maze2d-eval-umaze-v1[0m
  logger.warn(f"Overriding environment {id}")
/home/jupyter-deuk-c4e4/.conda/envs/ts310/lib/python3.10/site-packages/gym/envs/registration.py:595: UserWarning: [33mWARN: Overriding environment maze2d-eval-medium-v1[0m
  logger.warn(f"Overriding environment {id}")
/home/jupyter-deuk-c4e4/.conda/envs/ts310/lib/python3.10/site-packages/gym/envs/registration.py:595: UserWarning: [33mWARN: Overriding environment maze2d-eval-large-v1[0m
  logger.warn(f"Overriding environment {id}")
/home/jupyter-deuk-c4e4/.conda/envs/ts310/lib/python3.10/site-packages/gym/envs/registration.py:595: UserWarning: [33mWARN: Overriding environment maze2d-open-dense-v0[0m
  logger.warn(f"Overriding environment {id}")
/home/jupyter-deuk-c4e4/.conda/envs/ts310/lib/python3.10/site-packages/gym/envs/registration.py:595: UserWarning: [33mWARN: Overriding environment maze2d-umaze-dense-v0[0m
  logger.warn(f"Overriding environment {id}")
/home/jupyter-deuk-c4e4/.conda/envs/ts310/lib/python3.10/site-packages/gym/envs/registration.py:595: UserWarning: [33mWARN: Overriding environment maze2d-medium-dense-v0[0m
  logger.warn(f"Overriding environment {id}")
/home/jupyter-deuk-c4e4/.conda/envs/ts310/lib/python3.10/site-packages/gym/envs/registration.py:595: UserWarning: [33mWARN: Overriding environment maze2d-large-dense-v0[0m
  logger.warn(f"Overriding environment {id}")
/home/jupyter-deuk-c4e4/.conda/envs/ts310/lib/python3.10/site-packages/gym/envs/registration.py:595: UserWarning: [33mWARN: Overriding environment maze2d-umaze-dense-v1[0m
  logger.warn(f"Overriding environment {id}")
/home/jupyter-deuk-c4e4/.conda/envs/ts310/lib/python3.10/site-packages/gym/envs/registration.py:595: UserWarning: [33mWARN: Overriding environment maze2d-medium-dense-v1[0m
  logger.warn(f"Overriding environment {id}")
/home/jupyter-deuk-c4e4/.conda/envs/ts310/lib/python3.10/site-packages/gym/envs/registration.py:595: UserWarning: [33mWARN: Overriding environment maze2d-large-dense-v1[0m
  logger.warn(f"Overriding environment {id}")
/home/jupyter-deuk-c4e4/.conda/envs/ts310/lib/python3.10/site-packages/gym/envs/registration.py:595: UserWarning: [33mWARN: Overriding environment maze2d-eval-umaze-dense-v1[0m
  logger.warn(f"Overriding environment {id}")
/home/jupyter-deuk-c4e4/.conda/envs/ts310/lib/python3.10/site-packages/gym/envs/registration.py:595: UserWarning: [33mWARN: Overriding environment maze2d-eval-medium-dense-v1[0m
  logger.warn(f"Overriding environment {id}")
/home/jupyter-deuk-c4e4/.conda/envs/ts310/lib/python3.10/site-packages/gym/envs/registration.py:595: UserWarning: [33mWARN: Overriding environment maze2d-eval-large-dense-v1[0m
  logger.warn(f"Overriding environment {id}")
/opt/dlami/nvme/home/jupyter-deuk-c4e4/temporal-straightening/custom_resolvers.py:4: UserWarning: 
The version_base parameter is not specified.
Please specify a compatability version level, or None.
Will assume defaults for version 1.1
  @hydra.main(config_path=None)
[2026-07-25 16:45:05,903][__main__][INFO] - Planning result saved dir: /opt/dlami/nvme/home/jupyter-deuk-c4e4/pusht-reproduction/straightening_reproduction/plan/mpc_seed_300/chunk_20
/home/jupyter-deuk-c4e4/.conda/envs/ts310/lib/python3.10/site-packages/wandb/sdk/internal/internal_api.py:30: UserWarning: pkg_resources is deprecated as an API. See https://setuptools.pypa.io/en/latest/pkg_resources.html. The pkg_resources package is slated for removal as early as 2025-11-30. Refrain from using this package or pin to Setuptools<81.
  from pkg_resources import parse_version
Using cache found in /home/jupyter-deuk-c4e4/.cache/torch/hub/facebookresearch_dinov2_81b2b6419385
Loaded 18685 rollouts
Loaded 21 rollouts
[2026-07-25 16:45:08,453][dinov2][INFO] - using MLP layer as FFN
[2026-07-25 16:45:08,863][models.dino][WARNING] - Unknown projector 'none' for patch tokens; proceeding without projector.
Resuming from epoch 2: /home/jupyter-deuk-c4e4/pusht-reproduction/straightening_reproduction/test/pusht_aggmlpcos1e-1_agg32_projchannel_dim8_hw14_sgTrue_lr1e-05/checkpoints/model_2.pth
[2026-07-25 16:45:09,205][models.visual_world_model][INFO] - num_action_repeat: 1
[2026-07-25 16:45:09,206][models.visual_world_model][INFO] - num_proprio_repeat: 1
[2026-07-25 16:45:09,206][models.visual_world_model][INFO] - proprio encoder: ProprioceptiveEmbedding(
  (patch_embed): Conv1d(4, 10, kernel_size=(1,), stride=(1,))
  (norm): LayerNorm((10,), eps=1e-05, elementwise_affine=True)
)
[2026-07-25 16:45:09,206][models.visual_world_model][INFO] - action encoder: ProprioceptiveEmbedding(
  (patch_embed): Conv1d(10, 10, kernel_size=(1,), stride=(1,))
  (norm): LayerNorm((10,), eps=1e-05, elementwise_affine=True)
)
[2026-07-25 16:45:09,206][models.visual_world_model][INFO] - proprio_dim: 10, after repeat: 10
[2026-07-25 16:45:09,206][models.visual_world_model][INFO] - action_dim: 10, after repeat: 10
[2026-07-25 16:45:09,206][models.visual_world_model][INFO] - emb_dim: 28
[2026-07-25 16:45:09,206][models.visual_world_model][INFO] - Straightening disabled
[2026-07-25 16:45:09,206][models.visual_world_model][INFO] - Speed constancy disabled
[2026-07-25 16:45:09,206][models.visual_world_model][INFO] - Trajectory penalty disabled
[2026-07-25 16:45:09,206][models.visual_world_model][INFO] - Stop-grad enabled: True
[2026-07-25 16:45:09,206][models.visual_world_model][INFO] - VCReg enabled: False, apply_to=enc, std_coeff=0.0, cov_coeff=0.0
[2026-07-25 16:45:09,206][models.visual_world_model][INFO] - Model emb_dim: 28
[timing] setup_model_s=3.306
eval_seed:  [6001, 6301, 6601, 6901, 7201, 7501, 7801, 8101, 8401, 8701]
Dumped plan targets to /opt/dlami/nvme/home/jupyter-deuk-c4e4/pusht-reproduction/straightening_reproduction/plan/mpc_seed_300/chunk_20/plan_targets.pkl
[timing] setup_workspace_s=5.287

MPC iter 0 Eval ------- 
Success rate:  0.0
{'success': array([False, False, False, False, False, False, False, False, False,
       False]), 'state_dist': array([ 73.38742 , 266.68512 ,  97.347694, 108.06193 , 191.17824 ,
       170.858   ,  78.20714 , 272.69394 , 212.30156 , 185.21397 ],
      dtype=float32)}
self.is_success:  [False False False False False False False False False False]

MPC iter 1 Eval ------- 
Success rate:  0.0
{'success': array([False, False, False, False, False, False, False, False, False,
       False]), 'state_dist': array([ 55.152855, 216.98125 , 174.63354 , 115.63169 , 145.87672 ,
       125.07303 ,  70.784485, 286.98727 , 157.88461 , 225.15689 ],
      dtype=float32)}
self.is_success:  [False False False False False False False False False False]

MPC iter 2 Eval ------- 
Success rate:  0.0
{'success': array([False, False, False, False, False, False, False, False, False,
       False]), 'state_dist': array([ 79.689674, 166.69716 , 188.39284 , 126.80202 , 103.9632  ,
       236.8406  ,  78.54169 , 276.53275 , 129.20209 , 221.70284 ],
      dtype=float32)}
self.is_success:  [False False False False False False False False False False]

MPC iter 3 Eval ------- 
Success rate:  0.0
{'success': array([False, False, False, False, False, False, False, False, False,
       False]), 'state_dist': array([206.45404, 113.68489, 184.8428 , 121.06206,  80.88143, 243.0011 ,
       104.00457, 265.70135, 210.45291, 135.87303], dtype=float32)}
self.is_success:  [False False False False False False False False False False]

MPC iter 4 Eval ------- 
Success rate:  0.3
{'success': array([False, False,  True, False, False, False,  True, False,  True,
       False]), 'state_dist': array([ 96.31588 ,  64.363266, 168.10083 ,  44.84703 , 115.87087 ,
       274.54303 ,  88.86722 , 110.81373 ,  49.05351 ,  37.492302],
      dtype=float32)}
self.is_success:  [False False  True False False False  True False  True False]

MPC iter 5 Eval ------- 
Success rate:  0.7
{'success': array([False, False,  True,  True,  True, False,  True,  True,  True,
        True]), 'state_dist': array([ 34.55079 ,  66.35102 , 168.10083 ,  43.46264 ,  50.024242,
        64.818756,  88.86722 , 189.01518 ,  49.05351 ,  44.010136],
      dtype=float32)}
self.is_success:  [False False  True  True  True False  True  True  True  True]

MPC iter 6 Eval ------- 
Success rate:  0.8
{'success': array([False,  True,  True,  True,  True, False,  True,  True,  True,
        True]), 'state_dist': array([ 45.036552,  76.46275 , 168.10083 ,  43.46264 ,  50.024242,
        29.24746 ,  88.86722 , 189.01518 ,  49.05351 ,  44.010136],
      dtype=float32)}
self.is_success:  [False  True  True  True  True False  True  True  True  True]

MPC iter 7 Eval ------- 
Success rate:  0.8
{'success': array([False,  True,  True,  True,  True, False,  True,  True,  True,
        True]), 'state_dist': array([ 89.83885 ,  76.46275 , 168.10083 ,  43.46264 ,  50.024242,
        46.689686,  88.86722 , 189.01518 ,  49.05351 ,  44.010136],
      dtype=float32)}
self.is_success:  [False  True  True  True  True False  True  True  True  True]

MPC iter 8 Eval ------- 
Success rate:  0.8
{'success': array([False,  True,  True,  True,  True, False,  True,  True,  True,
        True]), 'state_dist': array([ 44.693382,  76.46275 , 168.10083 ,  43.46264 ,  50.024242,
        44.30526 ,  88.86722 , 189.01518 ,  49.05351 ,  44.010136],
      dtype=float32)}
self.is_success:  [False  True  True  True  True False  True  True  True  True]

MPC iter 9 Eval ------- 
Success rate:  0.8
{'success': array([False,  True,  True,  True,  True, False,  True,  True,  True,
        True]), 'state_dist': array([ 54.369488,  76.46275 , 168.10083 ,  43.46264 ,  50.024242,
        44.86404 ,  88.86722 , 189.01518 ,  49.05351 ,  44.010136],
      dtype=float32)}
self.is_success:  [False  True  True  True  True False  True  True  True  True]

MPC iter 10 Eval ------- 
Success rate:  0.8
{'success': array([False,  True,  True,  True,  True, False,  True,  True,  True,
        True]), 'state_dist': array([120.08879 ,  76.46275 , 168.10083 ,  43.46264 ,  50.024242,
        43.838943,  88.86722 , 189.01518 ,  49.05351 ,  44.010136],
      dtype=float32)}
self.is_success:  [False  True  True  True  True False  True  True  True  True]

MPC iter 11 Eval ------- 
Success rate:  0.8
{'success': array([False,  True,  True,  True,  True, False,  True,  True,  True,
        True]), 'state_dist': array([ 54.94525 ,  76.46275 , 168.10083 ,  43.46264 ,  50.024242,
        43.91026 ,  88.86722 , 189.01518 ,  49.05351 ,  44.010136],
      dtype=float32)}
self.is_success:  [False  True  True  True  True False  True  True  True  True]

MPC iter 12 Eval ------- 
Success rate:  0.8
{'success': array([False,  True,  True,  True,  True, False,  True,  True,  True,
        True]), 'state_dist': array([138.21472 ,  76.46275 , 168.10083 ,  43.46264 ,  50.024242,
        44.69656 ,  88.86722 , 189.01518 ,  49.05351 ,  44.010136],
      dtype=float32)}
self.is_success:  [False  True  True  True  True False  True  True  True  True]

MPC iter 13 Eval ------- 
Success rate:  0.8
{'success': array([False,  True,  True,  True,  True, False,  True,  True,  True,
        True]), 'state_dist': array([ 66.09442 ,  76.46275 , 168.10083 ,  43.46264 ,  50.024242,
        44.09745 ,  88.86722 , 189.01518 ,  49.05351 ,  44.010136],
      dtype=float32)}
self.is_success:  [False  True  True  True  True False  True  True  True  True]

MPC iter 14 Eval ------- 
Success rate:  0.8
{'success': array([False,  True,  True,  True,  True, False,  True,  True,  True,
        True]), 'state_dist': array([134.78583 ,  76.46275 , 168.10083 ,  43.46264 ,  50.024242,
        44.180923,  88.86722 , 189.01518 ,  49.05351 ,  44.010136],
      dtype=float32)}
self.is_success:  [False  True  True  True  True False  True  True  True  True]

MPC iter 15 Eval ------- 
Success rate:  0.9
{'success': array([ True,  True,  True,  True,  True, False,  True,  True,  True,
        True]), 'state_dist': array([ 75.83071 ,  76.46275 , 168.10083 ,  43.46264 ,  50.024242,
        44.154804,  88.86722 , 189.01518 ,  49.05351 ,  44.010136],
      dtype=float32)}
self.is_success:  [ True  True  True  True  True False  True  True  True  True]

MPC iter 16 Eval ------- 
Success rate:  0.9
{'success': array([ True,  True,  True,  True,  True, False,  True,  True,  True,
        True]), 'state_dist': array([ 75.83071 ,  76.46275 , 168.10083 ,  43.46264 ,  50.024242,
        44.146214,  88.86722 , 189.01518 ,  49.05351 ,  44.010136],
      dtype=float32)}
self.is_success:  [ True  True  True  True  True False  True  True  True  True]

MPC iter 17 Eval ------- 
Success rate:  0.9
{'success': array([ True,  True,  True,  True,  True, False,  True,  True,  True,
        True]), 'state_dist': array([ 75.83071 ,  76.46275 , 168.10083 ,  43.46264 ,  50.024242,
        44.19519 ,  88.86722 , 189.01518 ,  49.05351 ,  44.010136],
      dtype=float32)}
self.is_success:  [ True  True  True  True  True False  True  True  True  True]

MPC iter 18 Eval ------- 
Success rate:  0.9
{'success': array([ True,  True,  True,  True,  True, False,  True,  True,  True,
        True]), 'state_dist': array([ 75.83071 ,  76.46275 , 168.10083 ,  43.46264 ,  50.024242,
        44.081852,  88.86722 , 189.01518 ,  49.05351 ,  44.010136],
      dtype=float32)}
self.is_success:  [ True  True  True  True  True False  True  True  True  True]

MPC iter 19 Eval ------- 
Success rate:  0.9
{'success': array([ True,  True,  True,  True,  True, False,  True,  True,  True,
        True]), 'state_dist': array([ 75.83071 ,  76.46275 , 168.10083 ,  43.46264 ,  50.024242,
        44.139988,  88.86722 , 189.01518 ,  49.05351 ,  44.010136],
      dtype=float32)}
self.is_success:  [ True  True  True  True  True False  True  True  True  True]
Success rate:  0.9
{'success': array([ True,  True,  True,  True,  True, False,  True,  True,  True,
        True]), 'state_dist': array([ 75.83071 ,  76.46275 , 168.10083 ,  43.46264 ,  50.024242,
        44.139988,  88.86722 , 189.01518 ,  49.05351 ,  44.010136],
      dtype=float32)}
[timing] perform_planning_s=449.587
[timing] total_planning_main_s=458.180
===== channel_on mpc seed 300 chunk 30 (n_evals=10) =====
/home/jupyter-deuk-c4e4/.conda/envs/ts310/lib/python3.10/site-packages/wandb/sdk/internal/internal_api.py:30: UserWarning: pkg_resources is deprecated as an API. See https://setuptools.pypa.io/en/latest/pkg_resources.html. The pkg_resources package is slated for removal as early as 2025-11-30. Refrain from using this package or pin to Setuptools<81.
  from pkg_resources import parse_version
/home/jupyter-deuk-c4e4/.conda/envs/ts310/lib/python3.10/site-packages/pkg_resources/__init__.py:3148: DeprecationWarning: Deprecated call to `pkg_resources.declare_namespace('mpl_toolkits')`.
Implementing implicit namespace packages (as specified in PEP 420) is preferred to `pkg_resources.declare_namespace`. See https://setuptools.pypa.io/en/latest/references/keywords.html#keyword-namespace-packages
  declare_namespace(pkg)
/home/jupyter-deuk-c4e4/.conda/envs/ts310/lib/python3.10/site-packages/pkg_resources/__init__.py:3148: DeprecationWarning: Deprecated call to `pkg_resources.declare_namespace('google')`.
Implementing implicit namespace packages (as specified in PEP 420) is preferred to `pkg_resources.declare_namespace`. See https://setuptools.pypa.io/en/latest/references/keywords.html#keyword-namespace-packages
  declare_namespace(pkg)
/home/jupyter-deuk-c4e4/.conda/envs/ts310/lib/python3.10/site-packages/Cython/Distutils/old_build_ext.py:15: DeprecationWarning: dep_util is Deprecated. Use functions from setuptools instead.
  from distutils.dep_util import newer, newer_group
<frozen importlib._bootstrap>:283: DeprecationWarning: the load_module() method is deprecated and slated for removal in Python 3.12; use exec_module() instead
Warning: Mujoco-based envs failed to import. Set the environment variable D4RL_SUPPRESS_IMPORT_ERROR=1 to suppress this message.
No module named 'mjrl'
Warning: Flow failed to import. Set the environment variable D4RL_SUPPRESS_IMPORT_ERROR=1 to suppress this message.
No module named 'flow'
Warning: CARLA failed to import. Set the environment variable D4RL_SUPPRESS_IMPORT_ERROR=1 to suppress this message.
No module named 'carla'
pybullet build time: Jan 29 2025 23:16:28
/home/jupyter-deuk-c4e4/.conda/envs/ts310/lib/python3.10/site-packages/gym/envs/registration.py:595: UserWarning: [33mWARN: Overriding environment maze2d-open-v0[0m
  logger.warn(f"Overriding environment {id}")
/home/jupyter-deuk-c4e4/.conda/envs/ts310/lib/python3.10/site-packages/gym/envs/registration.py:595: UserWarning: [33mWARN: Overriding environment maze2d-umaze-v0[0m
  logger.warn(f"Overriding environment {id}")
/home/jupyter-deuk-c4e4/.conda/envs/ts310/lib/python3.10/site-packages/gym/envs/registration.py:595: UserWarning: [33mWARN: Overriding environment maze2d-medium-v0[0m
  logger.warn(f"Overriding environment {id}")
/home/jupyter-deuk-c4e4/.conda/envs/ts310/lib/python3.10/site-packages/gym/envs/registration.py:595: UserWarning: [33mWARN: Overriding environment maze2d-large-v0[0m
  logger.warn(f"Overriding environment {id}")
/home/jupyter-deuk-c4e4/.conda/envs/ts310/lib/python3.10/site-packages/gym/envs/registration.py:595: UserWarning: [33mWARN: Overriding environment maze2d-umaze-v1[0m
  logger.warn(f"Overriding environment {id}")
/home/jupyter-deuk-c4e4/.conda/envs/ts310/lib/python3.10/site-packages/gym/envs/registration.py:595: UserWarning: [33mWARN: Overriding environment maze2d-medium-v1[0m
  logger.warn(f"Overriding environment {id}")
/home/jupyter-deuk-c4e4/.conda/envs/ts310/lib/python3.10/site-packages/gym/envs/registration.py:595: UserWarning: [33mWARN: Overriding environment maze2d-large-v1[0m
  logger.warn(f"Overriding environment {id}")
/home/jupyter-deuk-c4e4/.conda/envs/ts310/lib/python3.10/site-packages/gym/envs/registration.py:595: UserWarning: [33mWARN: Overriding environment maze2d-eval-umaze-v1[0m
  logger.warn(f"Overriding environment {id}")
/home/jupyter-deuk-c4e4/.conda/envs/ts310/lib/python3.10/site-packages/gym/envs/registration.py:595: UserWarning: [33mWARN: Overriding environment maze2d-eval-medium-v1[0m
  logger.warn(f"Overriding environment {id}")
/home/jupyter-deuk-c4e4/.conda/envs/ts310/lib/python3.10/site-packages/gym/envs/registration.py:595: UserWarning: [33mWARN: Overriding environment maze2d-eval-large-v1[0m
  logger.warn(f"Overriding environment {id}")
/home/jupyter-deuk-c4e4/.conda/envs/ts310/lib/python3.10/site-packages/gym/envs/registration.py:595: UserWarning: [33mWARN: Overriding environment maze2d-open-dense-v0[0m
  logger.warn(f"Overriding environment {id}")
/home/jupyter-deuk-c4e4/.conda/envs/ts310/lib/python3.10/site-packages/gym/envs/registration.py:595: UserWarning: [33mWARN: Overriding environment maze2d-umaze-dense-v0[0m
  logger.warn(f"Overriding environment {id}")
/home/jupyter-deuk-c4e4/.conda/envs/ts310/lib/python3.10/site-packages/gym/envs/registration.py:595: UserWarning: [33mWARN: Overriding environment maze2d-medium-dense-v0[0m
  logger.warn(f"Overriding environment {id}")
/home/jupyter-deuk-c4e4/.conda/envs/ts310/lib/python3.10/site-packages/gym/envs/registration.py:595: UserWarning: [33mWARN: Overriding environment maze2d-large-dense-v0[0m
  logger.warn(f"Overriding environment {id}")
/home/jupyter-deuk-c4e4/.conda/envs/ts310/lib/python3.10/site-packages/gym/envs/registration.py:595: UserWarning: [33mWARN: Overriding environment maze2d-umaze-dense-v1[0m
  logger.warn(f"Overriding environment {id}")
/home/jupyter-deuk-c4e4/.conda/envs/ts310/lib/python3.10/site-packages/gym/envs/registration.py:595: UserWarning: [33mWARN: Overriding environment maze2d-medium-dense-v1[0m
  logger.warn(f"Overriding environment {id}")
/home/jupyter-deuk-c4e4/.conda/envs/ts310/lib/python3.10/site-packages/gym/envs/registration.py:595: UserWarning: [33mWARN: Overriding environment maze2d-large-dense-v1[0m
  logger.warn(f"Overriding environment {id}")
/home/jupyter-deuk-c4e4/.conda/envs/ts310/lib/python3.10/site-packages/gym/envs/registration.py:595: UserWarning: [33mWARN: Overriding environment maze2d-eval-umaze-dense-v1[0m
  logger.warn(f"Overriding environment {id}")
/home/jupyter-deuk-c4e4/.conda/envs/ts310/lib/python3.10/site-packages/gym/envs/registration.py:595: UserWarning: [33mWARN: Overriding environment maze2d-eval-medium-dense-v1[0m
  logger.warn(f"Overriding environment {id}")
/home/jupyter-deuk-c4e4/.conda/envs/ts310/lib/python3.10/site-packages/gym/envs/registration.py:595: UserWarning: [33mWARN: Overriding environment maze2d-eval-large-dense-v1[0m
  logger.warn(f"Overriding environment {id}")
/opt/dlami/nvme/home/jupyter-deuk-c4e4/temporal-straightening/custom_resolvers.py:4: UserWarning: 
The version_base parameter is not specified.
Please specify a compatability version level, or None.
Will assume defaults for version 1.1
  @hydra.main(config_path=None)
[2026-07-25 16:52:49,272][__main__][INFO] - Planning result saved dir: /opt/dlami/nvme/home/jupyter-deuk-c4e4/pusht-reproduction/straightening_reproduction/plan/mpc_seed_300/chunk_30
/home/jupyter-deuk-c4e4/.conda/envs/ts310/lib/python3.10/site-packages/wandb/sdk/internal/internal_api.py:30: UserWarning: pkg_resources is deprecated as an API. See https://setuptools.pypa.io/en/latest/pkg_resources.html. The pkg_resources package is slated for removal as early as 2025-11-30. Refrain from using this package or pin to Setuptools<81.
  from pkg_resources import parse_version
Using cache found in /home/jupyter-deuk-c4e4/.cache/torch/hub/facebookresearch_dinov2_81b2b6419385
Loaded 18685 rollouts
Loaded 21 rollouts
[2026-07-25 16:52:51,729][dinov2][INFO] - using MLP layer as FFN
[2026-07-25 16:52:52,130][models.dino][WARNING] - Unknown projector 'none' for patch tokens; proceeding without projector.
Resuming from epoch 2: /home/jupyter-deuk-c4e4/pusht-reproduction/straightening_reproduction/test/pusht_aggmlpcos1e-1_agg32_projchannel_dim8_hw14_sgTrue_lr1e-05/checkpoints/model_2.pth
[2026-07-25 16:52:52,473][models.visual_world_model][INFO] - num_action_repeat: 1
[2026-07-25 16:52:52,474][models.visual_world_model][INFO] - num_proprio_repeat: 1
[2026-07-25 16:52:52,474][models.visual_world_model][INFO] - proprio encoder: ProprioceptiveEmbedding(
  (patch_embed): Conv1d(4, 10, kernel_size=(1,), stride=(1,))
  (norm): LayerNorm((10,), eps=1e-05, elementwise_affine=True)
)
[2026-07-25 16:52:52,474][models.visual_world_model][INFO] - action encoder: ProprioceptiveEmbedding(
  (patch_embed): Conv1d(10, 10, kernel_size=(1,), stride=(1,))
  (norm): LayerNorm((10,), eps=1e-05, elementwise_affine=True)
)
[2026-07-25 16:52:52,474][models.visual_world_model][INFO] - proprio_dim: 10, after repeat: 10
[2026-07-25 16:52:52,474][models.visual_world_model][INFO] - action_dim: 10, after repeat: 10
[2026-07-25 16:52:52,474][models.visual_world_model][INFO] - emb_dim: 28
[2026-07-25 16:52:52,474][models.visual_world_model][INFO] - Straightening disabled
[2026-07-25 16:52:52,474][models.visual_world_model][INFO] - Speed constancy disabled
[2026-07-25 16:52:52,474][models.visual_world_model][INFO] - Trajectory penalty disabled
[2026-07-25 16:52:52,474][models.visual_world_model][INFO] - Stop-grad enabled: True
[2026-07-25 16:52:52,474][models.visual_world_model][INFO] - VCReg enabled: False, apply_to=enc, std_coeff=0.0, cov_coeff=0.0
[2026-07-25 16:52:52,474][models.visual_world_model][INFO] - Model emb_dim: 28
[timing] setup_model_s=3.204
eval_seed:  [9001, 9301, 9601, 9901, 10201, 10501, 10801, 11101, 11401, 11701]
Dumped plan targets to /opt/dlami/nvme/home/jupyter-deuk-c4e4/pusht-reproduction/straightening_reproduction/plan/mpc_seed_300/chunk_30/plan_targets.pkl
[timing] setup_workspace_s=6.006

MPC iter 0 Eval ------- 
Success rate:  0.0
{'success': array([False, False, False, False, False, False, False, False, False,
       False]), 'state_dist': array([177.13545 , 169.35748 , 150.91852 , 167.70004 , 135.02713 ,
       262.6191  , 192.70279 , 118.082924, 274.91202 , 107.15198 ],
      dtype=float32)}
self.is_success:  [False False False False False False False False False False]

MPC iter 1 Eval ------- 
Success rate:  0.0
{'success': array([False, False, False, False, False, False, False, False, False,
       False]), 'state_dist': array([204.24187 , 130.43958 , 157.92151 , 190.98665 ,  83.964294,
       265.11646 , 162.61336 , 117.356285, 272.5643  , 115.97272 ],
      dtype=float32)}
self.is_success:  [False False False False False False False False False False]

MPC iter 2 Eval ------- 
Success rate:  0.0
{'success': array([False, False, False, False, False, False, False, False, False,
       False]), 'state_dist': array([232.04315 ,  99.099075, 160.52425 , 189.56866 , 148.78772 ,
       249.41527 , 121.25275 , 109.94339 , 321.42303 , 146.85934 ],
      dtype=float32)}
self.is_success:  [False False False False False False False False False False]

MPC iter 3 Eval ------- 
Success rate:  0.0
{'success': array([False, False, False, False, False, False, False, False, False,
       False]), 'state_dist': array([196.33537 ,  93.120636, 138.68213 , 216.55574 , 102.34938 ,
       247.62001 ,  90.90767 ,  89.59254 , 153.98947 , 188.59872 ],
      dtype=float32)}
self.is_success:  [False False False False False False False False False False]

MPC iter 4 Eval ------- 
Success rate:  0.1
{'success': array([False, False, False, False,  True, False, False, False, False,
       False]), 'state_dist': array([217.16046 , 103.24474 ,  69.87652 , 119.49701 , 113.361244,
       166.06337 ,  62.020576,  80.42185 , 377.22238 , 139.51213 ],
      dtype=float32)}
self.is_success:  [False False False False  True False False False False False]

MPC iter 5 Eval ------- 
Success rate:  0.5
{'success': array([ True, False, False, False,  True,  True,  True,  True, False,
       False]), 'state_dist': array([ 68.93535 ,  56.05275 ,  46.047653,  72.34068 , 113.361244,
        66.39748 ,  34.512806,  18.374254, 143.65237 ,  82.84625 ],
      dtype=float32)}
self.is_success:  [ True False False False  True  True  True  True False False]

MPC iter 6 Eval ------- 
Success rate:  0.6
{'success': array([ True,  True, False, False,  True,  True,  True,  True, False,
       False]), 'state_dist': array([ 68.93535 ,  45.714027,  27.22753 ,  52.88536 , 113.361244,
        66.39748 ,  34.512806,  18.374254, 208.25314 ,  44.653393],
      dtype=float32)}
self.is_success:  [ True  True False False  True  True  True  True False False]

MPC iter 7 Eval ------- 
Success rate:  0.6
{'success': array([ True,  True, False, False,  True,  True,  True,  True, False,
       False]), 'state_dist': array([ 68.93535 ,  45.714027,  27.77501 ,  55.557796, 113.361244,
        66.39748 ,  34.512806,  18.374254,  55.452477,  31.928425],
      dtype=float32)}
self.is_success:  [ True  True False False  True  True  True  True False False]

MPC iter 8 Eval ------- 
Success rate:  0.6
{'success': array([ True,  True, False, False,  True,  True,  True,  True, False,
       False]), 'state_dist': array([ 68.93535 ,  45.714027,  28.05758 ,  54.194214, 113.361244,
        66.39748 ,  34.512806,  18.374254, 208.46458 ,  81.54155 ],
      dtype=float32)}
self.is_success:  [ True  True False False  True  True  True  True False False]

MPC iter 9 Eval ------- 
Success rate:  0.7
{'success': array([ True,  True, False, False,  True,  True,  True,  True, False,
        True]), 'state_dist': array([ 68.93535 ,  45.714027,  28.426405,  54.57031 , 113.361244,
        66.39748 ,  34.512806,  18.374254, 150.70212 ,  71.01539 ],
      dtype=float32)}
self.is_success:  [ True  True False False  True  True  True  True False  True]

MPC iter 10 Eval ------- 
Success rate:  0.8
{'success': array([ True,  True, False, False,  True,  True,  True,  True,  True,
        True]), 'state_dist': array([ 68.93535 ,  45.714027,  29.162552,  51.875587, 113.361244,
        66.39748 ,  34.512806,  18.374254, 165.29674 ,  71.01539 ],
      dtype=float32)}
self.is_success:  [ True  True False False  True  True  True  True  True  True]

MPC iter 11 Eval ------- 
Success rate:  0.8
{'success': array([ True,  True, False, False,  True,  True,  True,  True,  True,
        True]), 'state_dist': array([ 68.93535 ,  45.714027,  28.982683,  52.401836, 113.361244,
        66.39748 ,  34.512806,  18.374254, 165.29674 ,  71.01539 ],
      dtype=float32)}
self.is_success:  [ True  True False False  True  True  True  True  True  True]

MPC iter 12 Eval ------- 
Success rate:  0.8
{'success': array([ True,  True, False, False,  True,  True,  True,  True,  True,
        True]), 'state_dist': array([ 68.93535 ,  45.714027,  29.20139 ,  51.600582, 113.361244,
        66.39748 ,  34.512806,  18.374254, 165.29674 ,  71.01539 ],
      dtype=float32)}
self.is_success:  [ True  True False False  True  True  True  True  True  True]

MPC iter 13 Eval ------- 
Success rate:  0.8
{'success': array([ True,  True, False, False,  True,  True,  True,  True,  True,
        True]), 'state_dist': array([ 68.93535 ,  45.714027,  29.258362,  51.22224 , 113.361244,
        66.39748 ,  34.512806,  18.374254, 165.29674 ,  71.01539 ],
      dtype=float32)}
self.is_success:  [ True  True False False  True  True  True  True  True  True]

MPC iter 14 Eval ------- 
Success rate:  0.8
{'success': array([ True,  True, False, False,  True,  True,  True,  True,  True,
        True]), 'state_dist': array([ 68.93535 ,  45.714027,  29.277706,  51.072075, 113.361244,
        66.39748 ,  34.512806,  18.374254, 165.29674 ,  71.01539 ],
      dtype=float32)}
self.is_success:  [ True  True False False  True  True  True  True  True  True]

MPC iter 15 Eval ------- 
Success rate:  0.8
{'success': array([ True,  True, False, False,  True,  True,  True,  True,  True,
        True]), 'state_dist': array([ 68.93535 ,  45.714027,  29.253613,  50.964718, 113.361244,
        66.39748 ,  34.512806,  18.374254, 165.29674 ,  71.01539 ],
      dtype=float32)}
self.is_success:  [ True  True False False  True  True  True  True  True  True]

MPC iter 16 Eval ------- 
Success rate:  0.8
{'success': array([ True,  True, False, False,  True,  True,  True,  True,  True,
        True]), 'state_dist': array([ 68.93535 ,  45.714027,  29.343117,  50.989384, 113.361244,
        66.39748 ,  34.512806,  18.374254, 165.29674 ,  71.01539 ],
      dtype=float32)}
self.is_success:  [ True  True False False  True  True  True  True  True  True]

MPC iter 17 Eval ------- 
Success rate:  0.8
{'success': array([ True,  True, False, False,  True,  True,  True,  True,  True,
        True]), 'state_dist': array([ 68.93535 ,  45.714027,  29.318205,  50.99717 , 113.361244,
        66.39748 ,  34.512806,  18.374254, 165.29674 ,  71.01539 ],
      dtype=float32)}
self.is_success:  [ True  True False False  True  True  True  True  True  True]

MPC iter 18 Eval ------- 
Success rate:  0.8
{'success': array([ True,  True, False, False,  True,  True,  True,  True,  True,
        True]), 'state_dist': array([ 68.93535 ,  45.714027,  29.332073,  51.004635, 113.361244,
        66.39748 ,  34.512806,  18.374254, 165.29674 ,  71.01539 ],
      dtype=float32)}
self.is_success:  [ True  True False False  True  True  True  True  True  True]

MPC iter 19 Eval ------- 
Success rate:  0.8
{'success': array([ True,  True, False, False,  True,  True,  True,  True,  True,
        True]), 'state_dist': array([ 68.93535 ,  45.714027,  29.324453,  51.016575, 113.361244,
        66.39748 ,  34.512806,  18.374254, 165.29674 ,  71.01539 ],
      dtype=float32)}
self.is_success:  [ True  True False False  True  True  True  True  True  True]
Success rate:  0.8
{'success': array([ True,  True, False, False,  True,  True,  True,  True,  True,
        True]), 'state_dist': array([ 68.93535 ,  45.714027,  29.324453,  51.016575, 113.361244,
        66.39748 ,  34.512806,  18.374254, 165.29674 ,  71.01539 ],
      dtype=float32)}
[timing] perform_planning_s=449.663
[timing] total_planning_main_s=458.873
===== channel_on mpc seed 300 chunk 40 (n_evals=10) =====
/home/jupyter-deuk-c4e4/.conda/envs/ts310/lib/python3.10/site-packages/wandb/sdk/internal/internal_api.py:30: UserWarning: pkg_resources is deprecated as an API. See https://setuptools.pypa.io/en/latest/pkg_resources.html. The pkg_resources package is slated for removal as early as 2025-11-30. Refrain from using this package or pin to Setuptools<81.
  from pkg_resources import parse_version
/home/jupyter-deuk-c4e4/.conda/envs/ts310/lib/python3.10/site-packages/pkg_resources/__init__.py:3148: DeprecationWarning: Deprecated call to `pkg_resources.declare_namespace('mpl_toolkits')`.
Implementing implicit namespace packages (as specified in PEP 420) is preferred to `pkg_resources.declare_namespace`. See https://setuptools.pypa.io/en/latest/references/keywords.html#keyword-namespace-packages
  declare_namespace(pkg)
/home/jupyter-deuk-c4e4/.conda/envs/ts310/lib/python3.10/site-packages/pkg_resources/__init__.py:3148: DeprecationWarning: Deprecated call to `pkg_resources.declare_namespace('google')`.
Implementing implicit namespace packages (as specified in PEP 420) is preferred to `pkg_resources.declare_namespace`. See https://setuptools.pypa.io/en/latest/references/keywords.html#keyword-namespace-packages
  declare_namespace(pkg)
/home/jupyter-deuk-c4e4/.conda/envs/ts310/lib/python3.10/site-packages/Cython/Distutils/old_build_ext.py:15: DeprecationWarning: dep_util is Deprecated. Use functions from setuptools instead.
  from distutils.dep_util import newer, newer_group
<frozen importlib._bootstrap>:283: DeprecationWarning: the load_module() method is deprecated and slated for removal in Python 3.12; use exec_module() instead
Warning: Mujoco-based envs failed to import. Set the environment variable D4RL_SUPPRESS_IMPORT_ERROR=1 to suppress this message.
No module named 'mjrl'
Warning: Flow failed to import. Set the environment variable D4RL_SUPPRESS_IMPORT_ERROR=1 to suppress this message.
No module named 'flow'
Warning: CARLA failed to import. Set the environment variable D4RL_SUPPRESS_IMPORT_ERROR=1 to suppress this message.
No module named 'carla'
pybullet build time: Jan 29 2025 23:16:28
/home/jupyter-deuk-c4e4/.conda/envs/ts310/lib/python3.10/site-packages/gym/envs/registration.py:595: UserWarning: [33mWARN: Overriding environment maze2d-open-v0[0m
  logger.warn(f"Overriding environment {id}")
/home/jupyter-deuk-c4e4/.conda/envs/ts310/lib/python3.10/site-packages/gym/envs/registration.py:595: UserWarning: [33mWARN: Overriding environment maze2d-umaze-v0[0m
  logger.warn(f"Overriding environment {id}")
/home/jupyter-deuk-c4e4/.conda/envs/ts310/lib/python3.10/site-packages/gym/envs/registration.py:595: UserWarning: [33mWARN: Overriding environment maze2d-medium-v0[0m
  logger.warn(f"Overriding environment {id}")
/home/jupyter-deuk-c4e4/.conda/envs/ts310/lib/python3.10/site-packages/gym/envs/registration.py:595: UserWarning: [33mWARN: Overriding environment maze2d-large-v0[0m
  logger.warn(f"Overriding environment {id}")
/home/jupyter-deuk-c4e4/.conda/envs/ts310/lib/python3.10/site-packages/gym/envs/registration.py:595: UserWarning: [33mWARN: Overriding environment maze2d-umaze-v1[0m
  logger.warn(f"Overriding environment {id}")
/home/jupyter-deuk-c4e4/.conda/envs/ts310/lib/python3.10/site-packages/gym/envs/registration.py:595: UserWarning: [33mWARN: Overriding environment maze2d-medium-v1[0m
  logger.warn(f"Overriding environment {id}")
/home/jupyter-deuk-c4e4/.conda/envs/ts310/lib/python3.10/site-packages/gym/envs/registration.py:595: UserWarning: [33mWARN: Overriding environment maze2d-large-v1[0m
  logger.warn(f"Overriding environment {id}")
/home/jupyter-deuk-c4e4/.conda/envs/ts310/lib/python3.10/site-packages/gym/envs/registration.py:595: UserWarning: [33mWARN: Overriding environment maze2d-eval-umaze-v1[0m
  logger.warn(f"Overriding environment {id}")
/home/jupyter-deuk-c4e4/.conda/envs/ts310/lib/python3.10/site-packages/gym/envs/registration.py:595: UserWarning: [33mWARN: Overriding environment maze2d-eval-medium-v1[0m
  logger.warn(f"Overriding environment {id}")
/home/jupyter-deuk-c4e4/.conda/envs/ts310/lib/python3.10/site-packages/gym/envs/registration.py:595: UserWarning: [33mWARN: Overriding environment maze2d-eval-large-v1[0m
  logger.warn(f"Overriding environment {id}")
/home/jupyter-deuk-c4e4/.conda/envs/ts310/lib/python3.10/site-packages/gym/envs/registration.py:595: UserWarning: [33mWARN: Overriding environment maze2d-open-dense-v0[0m
  logger.warn(f"Overriding environment {id}")
/home/jupyter-deuk-c4e4/.conda/envs/ts310/lib/python3.10/site-packages/gym/envs/registration.py:595: UserWarning: [33mWARN: Overriding environment maze2d-umaze-dense-v0[0m
  logger.warn(f"Overriding environment {id}")
/home/jupyter-deuk-c4e4/.conda/envs/ts310/lib/python3.10/site-packages/gym/envs/registration.py:595: UserWarning: [33mWARN: Overriding environment maze2d-medium-dense-v0[0m
  logger.warn(f"Overriding environment {id}")
/home/jupyter-deuk-c4e4/.conda/envs/ts310/lib/python3.10/site-packages/gym/envs/registration.py:595: UserWarning: [33mWARN: Overriding environment maze2d-large-dense-v0[0m
  logger.warn(f"Overriding environment {id}")
/home/jupyter-deuk-c4e4/.conda/envs/ts310/lib/python3.10/site-packages/gym/envs/registration.py:595: UserWarning: [33mWARN: Overriding environment maze2d-umaze-dense-v1[0m
  logger.warn(f"Overriding environment {id}")
/home/jupyter-deuk-c4e4/.conda/envs/ts310/lib/python3.10/site-packages/gym/envs/registration.py:595: UserWarning: [33mWARN: Overriding environment maze2d-medium-dense-v1[0m
  logger.warn(f"Overriding environment {id}")
/home/jupyter-deuk-c4e4/.conda/envs/ts310/lib/python3.10/site-packages/gym/envs/registration.py:595: UserWarning: [33mWARN: Overriding environment maze2d-large-dense-v1[0m
  logger.warn(f"Overriding environment {id}")
/home/jupyter-deuk-c4e4/.conda/envs/ts310/lib/python3.10/site-packages/gym/envs/registration.py:595: UserWarning: [33mWARN: Overriding environment maze2d-eval-umaze-dense-v1[0m
  logger.warn(f"Overriding environment {id}")
/home/jupyter-deuk-c4e4/.conda/envs/ts310/lib/python3.10/site-packages/gym/envs/registration.py:595: UserWarning: [33mWARN: Overriding environment maze2d-eval-medium-dense-v1[0m
  logger.warn(f"Overriding environment {id}")
/home/jupyter-deuk-c4e4/.conda/envs/ts310/lib/python3.10/site-packages/gym/envs/registration.py:595: UserWarning: [33mWARN: Overriding environment maze2d-eval-large-dense-v1[0m
  logger.warn(f"Overriding environment {id}")
/opt/dlami/nvme/home/jupyter-deuk-c4e4/temporal-straightening/custom_resolvers.py:4: UserWarning: 
The version_base parameter is not specified.
Please specify a compatability version level, or None.
Will assume defaults for version 1.1
  @hydra.main(config_path=None)
[2026-07-25 17:00:33,260][__main__][INFO] - Planning result saved dir: /opt/dlami/nvme/home/jupyter-deuk-c4e4/pusht-reproduction/straightening_reproduction/plan/mpc_seed_300/chunk_40
/home/jupyter-deuk-c4e4/.conda/envs/ts310/lib/python3.10/site-packages/wandb/sdk/internal/internal_api.py:30: UserWarning: pkg_resources is deprecated as an API. See https://setuptools.pypa.io/en/latest/pkg_resources.html. The pkg_resources package is slated for removal as early as 2025-11-30. Refrain from using this package or pin to Setuptools<81.
  from pkg_resources import parse_version
Using cache found in /home/jupyter-deuk-c4e4/.cache/torch/hub/facebookresearch_dinov2_81b2b6419385
Loaded 18685 rollouts
Loaded 21 rollouts
[2026-07-25 17:00:35,692][dinov2][INFO] - using MLP layer as FFN
[2026-07-25 17:00:36,097][models.dino][WARNING] - Unknown projector 'none' for patch tokens; proceeding without projector.
Resuming from epoch 2: /home/jupyter-deuk-c4e4/pusht-reproduction/straightening_reproduction/test/pusht_aggmlpcos1e-1_agg32_projchannel_dim8_hw14_sgTrue_lr1e-05/checkpoints/model_2.pth
[2026-07-25 17:00:36,444][models.visual_world_model][INFO] - num_action_repeat: 1
[2026-07-25 17:00:36,444][models.visual_world_model][INFO] - num_proprio_repeat: 1
[2026-07-25 17:00:36,444][models.visual_world_model][INFO] - proprio encoder: ProprioceptiveEmbedding(
  (patch_embed): Conv1d(4, 10, kernel_size=(1,), stride=(1,))
  (norm): LayerNorm((10,), eps=1e-05, elementwise_affine=True)
)
[2026-07-25 17:00:36,444][models.visual_world_model][INFO] - action encoder: ProprioceptiveEmbedding(
  (patch_embed): Conv1d(10, 10, kernel_size=(1,), stride=(1,))
  (norm): LayerNorm((10,), eps=1e-05, elementwise_affine=True)
)
[2026-07-25 17:00:36,444][models.visual_world_model][INFO] - proprio_dim: 10, after repeat: 10
[2026-07-25 17:00:36,444][models.visual_world_model][INFO] - action_dim: 10, after repeat: 10
[2026-07-25 17:00:36,444][models.visual_world_model][INFO] - emb_dim: 28
[2026-07-25 17:00:36,444][models.visual_world_model][INFO] - Straightening disabled
[2026-07-25 17:00:36,444][models.visual_world_model][INFO] - Speed constancy disabled
[2026-07-25 17:00:36,444][models.visual_world_model][INFO] - Trajectory penalty disabled
[2026-07-25 17:00:36,444][models.visual_world_model][INFO] - Stop-grad enabled: True
[2026-07-25 17:00:36,445][models.visual_world_model][INFO] - VCReg enabled: False, apply_to=enc, std_coeff=0.0, cov_coeff=0.0
[2026-07-25 17:00:36,445][models.visual_world_model][INFO] - Model emb_dim: 28
[timing] setup_model_s=3.187
eval_seed:  [12001, 12301, 12601, 12901, 13201, 13501, 13801, 14101, 14401, 14701]
Dumped plan targets to /opt/dlami/nvme/home/jupyter-deuk-c4e4/pusht-reproduction/straightening_reproduction/plan/mpc_seed_300/chunk_40/plan_targets.pkl
[timing] setup_workspace_s=6.672

MPC iter 0 Eval ------- 
Success rate:  0.0
{'success': array([False, False, False, False, False, False, False, False, False,
       False]), 'state_dist': array([104.3049 , 248.82329, 283.98447, 251.19371,  73.46991, 242.88225,
       176.16364, 265.26013, 277.7857 , 272.57675], dtype=float32)}
self.is_success:  [False False False False False False False False False False]

MPC iter 1 Eval ------- 
Success rate:  0.0
{'success': array([False, False, False, False, False, False, False, False, False,
       False]), 'state_dist': array([103.72157 , 237.7211  , 212.63544 , 198.16034 ,  78.562805,
       194.29456 , 228.57524 , 328.8332  , 167.55618 , 286.53928 ],
      dtype=float32)}
self.is_success:  [False False False False False False False False False False]

MPC iter 2 Eval ------- 
Success rate:  0.0
{'success': array([False, False, False, False, False, False, False, False, False,
       False]), 'state_dist': array([147.04683 , 216.01549 , 174.27284 , 170.49619 ,  97.240875,
       169.6892  , 358.25363 , 200.80557 , 228.15541 , 242.66534 ],
      dtype=float32)}
self.is_success:  [False False False False False False False False False False]

MPC iter 3 Eval ------- 
Success rate:  0.0
{'success': array([False, False, False, False, False, False, False, False, False,
       False]), 'state_dist': array([164.07634, 183.1355 , 118.67111, 209.39247, 101.40852, 134.51596,
       289.44022, 277.93542, 230.15994, 178.85376], dtype=float32)}
self.is_success:  [False False False False False False False False False False]

MPC iter 4 Eval ------- 
Success rate:  0.0
{'success': array([False, False, False, False, False, False, False, False, False,
       False]), 'state_dist': array([136.05545 , 197.59949 , 105.06701 ,  98.03885 ,  87.006805,
        67.432846,  91.26672 , 166.55992 , 162.85124 ,  33.98309 ],
      dtype=float32)}
self.is_success:  [False False False False False False False False False False]

MPC iter 5 Eval ------- 
Success rate:  0.4
{'success': array([False, False, False,  True,  True,  True, False, False, False,
        True]), 'state_dist': array([ 84.66752 , 119.71548 ,  37.67878 ,  90.484764,  71.99485 ,
        24.150272,  45.682125,  94.29719 ,  26.958487,  43.068592],
      dtype=float32)}
self.is_success:  [False False False  True  True  True False False False  True]

MPC iter 6 Eval ------- 
Success rate:  0.7
{'success': array([False, False,  True,  True,  True,  True,  True, False,  True,
        True]), 'state_dist': array([ 37.567184,  79.6296  ,  24.6776  ,  90.484764,  71.99485 ,
        24.150272,  46.812405, 101.61563 ,  55.11956 ,  43.068592],
      dtype=float32)}
self.is_success:  [False False  True  True  True  True  True False  True  True]

MPC iter 7 Eval ------- 
Success rate:  0.8
{'success': array([ True, False,  True,  True,  True,  True,  True, False,  True,
        True]), 'state_dist': array([ 58.400154, 196.57277 ,  24.6776  ,  90.484764,  71.99485 ,
        24.150272,  46.812405, 113.02053 ,  55.11956 ,  43.068592],
      dtype=float32)}
self.is_success:  [ True False  True  True  True  True  True False  True  True]

MPC iter 8 Eval ------- 
Success rate:  0.8
{'success': array([ True, False,  True,  True,  True,  True,  True, False,  True,
        True]), 'state_dist': array([ 58.400154, 133.73718 ,  24.6776  ,  90.484764,  71.99485 ,
        24.150272,  46.812405,  84.45935 ,  55.11956 ,  43.068592],
      dtype=float32)}
self.is_success:  [ True False  True  True  True  True  True False  True  True]

MPC iter 9 Eval ------- 
Success rate:  0.8
{'success': array([ True, False,  True,  True,  True,  True,  True, False,  True,
        True]), 'state_dist': array([ 58.400154, 147.87926 ,  24.6776  ,  90.484764,  71.99485 ,
        24.150272,  46.812405,  82.424385,  55.11956 ,  43.068592],
      dtype=float32)}
self.is_success:  [ True False  True  True  True  True  True False  True  True]

MPC iter 10 Eval ------- 
Success rate:  0.8
{'success': array([ True, False,  True,  True,  True,  True,  True, False,  True,
        True]), 'state_dist': array([ 58.400154, 167.43582 ,  24.6776  ,  90.484764,  71.99485 ,
        24.150272,  46.812405,  81.3531  ,  55.11956 ,  43.068592],
      dtype=float32)}
self.is_success:  [ True False  True  True  True  True  True False  True  True]

MPC iter 11 Eval ------- 
Success rate:  0.8
{'success': array([ True, False,  True,  True,  True,  True,  True, False,  True,
        True]), 'state_dist': array([ 58.400154, 190.37881 ,  24.6776  ,  90.484764,  71.99485 ,
        24.150272,  46.812405,  81.089615,  55.11956 ,  43.068592],
      dtype=float32)}
self.is_success:  [ True False  True  True  True  True  True False  True  True]

MPC iter 12 Eval ------- 
Success rate:  0.8
{'success': array([ True, False,  True,  True,  True,  True,  True, False,  True,
        True]), 'state_dist': array([ 58.400154, 137.29457 ,  24.6776  ,  90.484764,  71.99485 ,
        24.150272,  46.812405,  81.882324,  55.11956 ,  43.068592],
      dtype=float32)}
self.is_success:  [ True False  True  True  True  True  True False  True  True]

MPC iter 13 Eval ------- 
Success rate:  0.8
{'success': array([ True, False,  True,  True,  True,  True,  True, False,  True,
        True]), 'state_dist': array([ 58.400154, 185.1334  ,  24.6776  ,  90.484764,  71.99485 ,
        24.150272,  46.812405,  81.57983 ,  55.11956 ,  43.068592],
      dtype=float32)}
self.is_success:  [ True False  True  True  True  True  True False  True  True]

MPC iter 14 Eval ------- 
Success rate:  0.8
{'success': array([ True, False,  True,  True,  True,  True,  True, False,  True,
        True]), 'state_dist': array([ 58.400154, 139.61775 ,  24.6776  ,  90.484764,  71.99485 ,
        24.150272,  46.812405,  81.439995,  55.11956 ,  43.068592],
      dtype=float32)}
self.is_success:  [ True False  True  True  True  True  True False  True  True]

MPC iter 15 Eval ------- 
Success rate:  0.8
{'success': array([ True, False,  True,  True,  True,  True,  True, False,  True,
        True]), 'state_dist': array([ 58.400154, 154.90102 ,  24.6776  ,  90.484764,  71.99485 ,
        24.150272,  46.812405,  81.52388 ,  55.11956 ,  43.068592],
      dtype=float32)}
self.is_success:  [ True False  True  True  True  True  True False  True  True]

MPC iter 16 Eval ------- 
Success rate:  0.8
{'success': array([ True, False,  True,  True,  True,  True,  True, False,  True,
        True]), 'state_dist': array([ 58.400154, 158.47142 ,  24.6776  ,  90.484764,  71.99485 ,
        24.150272,  46.812405,  81.37485 ,  55.11956 ,  43.068592],
      dtype=float32)}
self.is_success:  [ True False  True  True  True  True  True False  True  True]

MPC iter 17 Eval ------- 
Success rate:  0.8
{'success': array([ True, False,  True,  True,  True,  True,  True, False,  True,
        True]), 'state_dist': array([ 58.400154, 166.36943 ,  24.6776  ,  90.484764,  71.99485 ,
        24.150272,  46.812405,  81.523415,  55.11956 ,  43.068592],
      dtype=float32)}
self.is_success:  [ True False  True  True  True  True  True False  True  True]

MPC iter 18 Eval ------- 
Success rate:  0.8
{'success': array([ True, False,  True,  True,  True,  True,  True, False,  True,
        True]), 'state_dist': array([ 58.400154, 164.93315 ,  24.6776  ,  90.484764,  71.99485 ,
        24.150272,  46.812405,  81.35795 ,  55.11956 ,  43.068592],
      dtype=float32)}
self.is_success:  [ True False  True  True  True  True  True False  True  True]

MPC iter 19 Eval ------- 
Success rate:  0.8
{'success': array([ True, False,  True,  True,  True,  True,  True, False,  True,
        True]), 'state_dist': array([ 58.400154, 174.39177 ,  24.6776  ,  90.484764,  71.99485 ,
        24.150272,  46.812405,  81.524826,  55.11956 ,  43.068592],
      dtype=float32)}
self.is_success:  [ True False  True  True  True  True  True False  True  True]
Success rate:  0.8
{'success': array([ True, False,  True,  True,  True,  True,  True, False,  True,
        True]), 'state_dist': array([ 58.400154, 174.39177 ,  24.6776  ,  90.484764,  71.99485 ,
        24.150272,  46.812405,  81.524826,  55.11956 ,  43.068592],
      dtype=float32)}
[timing] perform_planning_s=449.580
[timing] total_planning_main_s=459.438
PLAN_DONE cond=channel_on
