[config] set data_path=/home/jupyter-deuk-c4e4/data/pusht_noise in /home/jupyter-deuk-c4e4/pusht-reproduction/patch_reproduction/test/pusht_False_agg32_projnone_dim384_hw14_sgTrue_lr1e-06/hydra.yaml
===== patch gd seed 100 chunk 00 (n_evals=10) =====
/home/jupyter-deuk-c4e4/.conda/envs/ts310/lib/python3.10/site-packages/wandb/sdk/internal/internal_api.py:30: UserWarning: pkg_resources is deprecated as an API. See https://setuptools.pypa.io/en/latest/pkg_resources.html. The pkg_resources package is slated for removal as early as 2025-11-30. Refrain from using this package or pin to Setuptools<81.
  from pkg_resources import parse_version
/home/jupyter-deuk-c4e4/.conda/envs/ts310/lib/python3.10/site-packages/pkg_resources/__init__.py:3148: DeprecationWarning: Deprecated call to `pkg_resources.declare_namespace('mpl_toolkits')`.
Implementing implicit namespace packages (as specified in PEP 420) is preferred to `pkg_resources.declare_namespace`. See https://setuptools.pypa.io/en/latest/references/keywords.html#keyword-namespace-packages
  declare_namespace(pkg)
/home/jupyter-deuk-c4e4/.conda/envs/ts310/lib/python3.10/site-packages/pkg_resources/__init__.py:3148: DeprecationWarning: Deprecated call to `pkg_resources.declare_namespace('google')`.
Implementing implicit namespace packages (as specified in PEP 420) is preferred to `pkg_resources.declare_namespace`. See https://setuptools.pypa.io/en/latest/references/keywords.html#keyword-namespace-packages
  declare_namespace(pkg)
/home/jupyter-deuk-c4e4/.conda/envs/ts310/lib/python3.10/site-packages/Cython/Distutils/old_build_ext.py:15: DeprecationWarning: dep_util is Deprecated. Use functions from setuptools instead.
  from distutils.dep_util import newer, newer_group
<frozen importlib._bootstrap>:283: DeprecationWarning: the load_module() method is deprecated and slated for removal in Python 3.12; use exec_module() instead
Warning: Mujoco-based envs failed to import. Set the environment variable D4RL_SUPPRESS_IMPORT_ERROR=1 to suppress this message.
No module named 'mjrl'
Warning: Flow failed to import. Set the environment variable D4RL_SUPPRESS_IMPORT_ERROR=1 to suppress this message.
No module named 'flow'
Warning: CARLA failed to import. Set the environment variable D4RL_SUPPRESS_IMPORT_ERROR=1 to suppress this message.
No module named 'carla'
pybullet build time: Jan 29 2025 23:16:28
/home/jupyter-deuk-c4e4/.conda/envs/ts310/lib/python3.10/site-packages/gym/envs/registration.py:595: UserWarning: [33mWARN: Overriding environment maze2d-open-v0[0m
  logger.warn(f"Overriding environment {id}")
/home/jupyter-deuk-c4e4/.conda/envs/ts310/lib/python3.10/site-packages/gym/envs/registration.py:595: UserWarning: [33mWARN: Overriding environment maze2d-umaze-v0[0m
  logger.warn(f"Overriding environment {id}")
/home/jupyter-deuk-c4e4/.conda/envs/ts310/lib/python3.10/site-packages/gym/envs/registration.py:595: UserWarning: [33mWARN: Overriding environment maze2d-medium-v0[0m
  logger.warn(f"Overriding environment {id}")
/home/jupyter-deuk-c4e4/.conda/envs/ts310/lib/python3.10/site-packages/gym/envs/registration.py:595: UserWarning: [33mWARN: Overriding environment maze2d-large-v0[0m
  logger.warn(f"Overriding environment {id}")
/home/jupyter-deuk-c4e4/.conda/envs/ts310/lib/python3.10/site-packages/gym/envs/registration.py:595: UserWarning: [33mWARN: Overriding environment maze2d-umaze-v1[0m
  logger.warn(f"Overriding environment {id}")
/home/jupyter-deuk-c4e4/.conda/envs/ts310/lib/python3.10/site-packages/gym/envs/registration.py:595: UserWarning: [33mWARN: Overriding environment maze2d-medium-v1[0m
  logger.warn(f"Overriding environment {id}")
/home/jupyter-deuk-c4e4/.conda/envs/ts310/lib/python3.10/site-packages/gym/envs/registration.py:595: UserWarning: [33mWARN: Overriding environment maze2d-large-v1[0m
  logger.warn(f"Overriding environment {id}")
/home/jupyter-deuk-c4e4/.conda/envs/ts310/lib/python3.10/site-packages/gym/envs/registration.py:595: UserWarning: [33mWARN: Overriding environment maze2d-eval-umaze-v1[0m
  logger.warn(f"Overriding environment {id}")
/home/jupyter-deuk-c4e4/.conda/envs/ts310/lib/python3.10/site-packages/gym/envs/registration.py:595: UserWarning: [33mWARN: Overriding environment maze2d-eval-medium-v1[0m
  logger.warn(f"Overriding environment {id}")
/home/jupyter-deuk-c4e4/.conda/envs/ts310/lib/python3.10/site-packages/gym/envs/registration.py:595: UserWarning: [33mWARN: Overriding environment maze2d-eval-large-v1[0m
  logger.warn(f"Overriding environment {id}")
/home/jupyter-deuk-c4e4/.conda/envs/ts310/lib/python3.10/site-packages/gym/envs/registration.py:595: UserWarning: [33mWARN: Overriding environment maze2d-open-dense-v0[0m
  logger.warn(f"Overriding environment {id}")
/home/jupyter-deuk-c4e4/.conda/envs/ts310/lib/python3.10/site-packages/gym/envs/registration.py:595: UserWarning: [33mWARN: Overriding environment maze2d-umaze-dense-v0[0m
  logger.warn(f"Overriding environment {id}")
/home/jupyter-deuk-c4e4/.conda/envs/ts310/lib/python3.10/site-packages/gym/envs/registration.py:595: UserWarning: [33mWARN: Overriding environment maze2d-medium-dense-v0[0m
  logger.warn(f"Overriding environment {id}")
/home/jupyter-deuk-c4e4/.conda/envs/ts310/lib/python3.10/site-packages/gym/envs/registration.py:595: UserWarning: [33mWARN: Overriding environment maze2d-large-dense-v0[0m
  logger.warn(f"Overriding environment {id}")
/home/jupyter-deuk-c4e4/.conda/envs/ts310/lib/python3.10/site-packages/gym/envs/registration.py:595: UserWarning: [33mWARN: Overriding environment maze2d-umaze-dense-v1[0m
  logger.warn(f"Overriding environment {id}")
/home/jupyter-deuk-c4e4/.conda/envs/ts310/lib/python3.10/site-packages/gym/envs/registration.py:595: UserWarning: [33mWARN: Overriding environment maze2d-medium-dense-v1[0m
  logger.warn(f"Overriding environment {id}")
/home/jupyter-deuk-c4e4/.conda/envs/ts310/lib/python3.10/site-packages/gym/envs/registration.py:595: UserWarning: [33mWARN: Overriding environment maze2d-large-dense-v1[0m
  logger.warn(f"Overriding environment {id}")
/home/jupyter-deuk-c4e4/.conda/envs/ts310/lib/python3.10/site-packages/gym/envs/registration.py:595: UserWarning: [33mWARN: Overriding environment maze2d-eval-umaze-dense-v1[0m
  logger.warn(f"Overriding environment {id}")
/home/jupyter-deuk-c4e4/.conda/envs/ts310/lib/python3.10/site-packages/gym/envs/registration.py:595: UserWarning: [33mWARN: Overriding environment maze2d-eval-medium-dense-v1[0m
  logger.warn(f"Overriding environment {id}")
/home/jupyter-deuk-c4e4/.conda/envs/ts310/lib/python3.10/site-packages/gym/envs/registration.py:595: UserWarning: [33mWARN: Overriding environment maze2d-eval-large-dense-v1[0m
  logger.warn(f"Overriding environment {id}")
/opt/dlami/nvme/home/jupyter-deuk-c4e4/temporal-straightening/custom_resolvers.py:4: UserWarning: 
The version_base parameter is not specified.
Please specify a compatability version level, or None.
Will assume defaults for version 1.1
  @hydra.main(config_path=None)
[2026-07-25 15:02:32,465][__main__][INFO] - Planning result saved dir: /opt/dlami/nvme/home/jupyter-deuk-c4e4/pusht-reproduction/patch_reproduction/plan/gd_seed_100/chunk_00
/home/jupyter-deuk-c4e4/.conda/envs/ts310/lib/python3.10/site-packages/wandb/sdk/internal/internal_api.py:30: UserWarning: pkg_resources is deprecated as an API. See https://setuptools.pypa.io/en/latest/pkg_resources.html. The pkg_resources package is slated for removal as early as 2025-11-30. Refrain from using this package or pin to Setuptools<81.
  from pkg_resources import parse_version
Using cache found in /home/jupyter-deuk-c4e4/.cache/torch/hub/facebookresearch_dinov2_81b2b6419385
Loaded 18685 rollouts
Loaded 21 rollouts
[2026-07-25 15:02:35,176][dinov2][INFO] - using MLP layer as FFN
[2026-07-25 15:02:36,034][models.dino][WARNING] - Unknown projector 'none' for patch tokens; proceeding without projector.
Resuming from epoch 2: /home/jupyter-deuk-c4e4/pusht-reproduction/patch_reproduction/test/pusht_False_agg32_projnone_dim384_hw14_sgTrue_lr1e-06/checkpoints/model_2.pth
[2026-07-25 15:02:36,456][models.visual_world_model][INFO] - num_action_repeat: 1
[2026-07-25 15:02:36,457][models.visual_world_model][INFO] - num_proprio_repeat: 1
[2026-07-25 15:02:36,457][models.visual_world_model][INFO] - proprio encoder: ProprioceptiveEmbedding(
  (patch_embed): Conv1d(4, 10, kernel_size=(1,), stride=(1,))
  (norm): LayerNorm((10,), eps=1e-05, elementwise_affine=True)
)
[2026-07-25 15:02:36,457][models.visual_world_model][INFO] - action encoder: ProprioceptiveEmbedding(
  (patch_embed): Conv1d(10, 10, kernel_size=(1,), stride=(1,))
  (norm): LayerNorm((10,), eps=1e-05, elementwise_affine=True)
)
[2026-07-25 15:02:36,457][models.visual_world_model][INFO] - proprio_dim: 10, after repeat: 10
[2026-07-25 15:02:36,457][models.visual_world_model][INFO] - action_dim: 10, after repeat: 10
[2026-07-25 15:02:36,457][models.visual_world_model][INFO] - emb_dim: 404
[2026-07-25 15:02:36,457][models.visual_world_model][INFO] - Straightening disabled
[2026-07-25 15:02:36,457][models.visual_world_model][INFO] - Speed constancy disabled
[2026-07-25 15:02:36,457][models.visual_world_model][INFO] - Trajectory penalty disabled
[2026-07-25 15:02:36,457][models.visual_world_model][INFO] - Stop-grad enabled: True
[2026-07-25 15:02:36,457][models.visual_world_model][INFO] - VCReg enabled: False, apply_to=enc, std_coeff=0.0, cov_coeff=0.0
[2026-07-25 15:02:36,457][models.visual_world_model][INFO] - Model emb_dim: 404
[timing] setup_model_s=3.995
eval_seed:  [1, 101, 201, 301, 401, 501, 601, 701, 801, 901]
Dumped plan targets to /opt/dlami/nvme/home/jupyter-deuk-c4e4/pusht-reproduction/patch_reproduction/plan/gd_seed_100/chunk_00/plan_targets.pkl
[timing] setup_workspace_s=7.018

MPC iter 0 Eval ------- 
Success rate:  0.4
{'success': array([False, False, False,  True,  True, False, False,  True, False,
        True]), 'state_dist': array([ 61.032352,  72.100174,  81.27995 ,  28.82351 ,  25.552217,
        68.46144 , 147.61745 ,  53.160187,  21.542376,  11.260799],
      dtype=float32)}
self.is_success:  [False False False  True  True False False  True False  True]
Success rate:  0.4
{'success': array([False, False, False,  True,  True, False, False,  True, False,
        True]), 'state_dist': array([ 61.032352,  72.100174,  81.27995 ,  28.82351 ,  25.552217,
        68.46144 , 147.61745 ,  53.160187,  21.542376,  11.260799],
      dtype=float32)}
[timing] perform_planning_s=33.067
[timing] total_planning_main_s=44.079
===== patch gd seed 100 chunk 10 (n_evals=10) =====
/home/jupyter-deuk-c4e4/.conda/envs/ts310/lib/python3.10/site-packages/wandb/sdk/internal/internal_api.py:30: UserWarning: pkg_resources is deprecated as an API. See https://setuptools.pypa.io/en/latest/pkg_resources.html. The pkg_resources package is slated for removal as early as 2025-11-30. Refrain from using this package or pin to Setuptools<81.
  from pkg_resources import parse_version
/home/jupyter-deuk-c4e4/.conda/envs/ts310/lib/python3.10/site-packages/pkg_resources/__init__.py:3148: DeprecationWarning: Deprecated call to `pkg_resources.declare_namespace('mpl_toolkits')`.
Implementing implicit namespace packages (as specified in PEP 420) is preferred to `pkg_resources.declare_namespace`. See https://setuptools.pypa.io/en/latest/references/keywords.html#keyword-namespace-packages
  declare_namespace(pkg)
/home/jupyter-deuk-c4e4/.conda/envs/ts310/lib/python3.10/site-packages/pkg_resources/__init__.py:3148: DeprecationWarning: Deprecated call to `pkg_resources.declare_namespace('google')`.
Implementing implicit namespace packages (as specified in PEP 420) is preferred to `pkg_resources.declare_namespace`. See https://setuptools.pypa.io/en/latest/references/keywords.html#keyword-namespace-packages
  declare_namespace(pkg)
/home/jupyter-deuk-c4e4/.conda/envs/ts310/lib/python3.10/site-packages/Cython/Distutils/old_build_ext.py:15: DeprecationWarning: dep_util is Deprecated. Use functions from setuptools instead.
  from distutils.dep_util import newer, newer_group
<frozen importlib._bootstrap>:283: DeprecationWarning: the load_module() method is deprecated and slated for removal in Python 3.12; use exec_module() instead
Warning: Mujoco-based envs failed to import. Set the environment variable D4RL_SUPPRESS_IMPORT_ERROR=1 to suppress this message.
No module named 'mjrl'
Warning: Flow failed to import. Set the environment variable D4RL_SUPPRESS_IMPORT_ERROR=1 to suppress this message.
No module named 'flow'
Warning: CARLA failed to import. Set the environment variable D4RL_SUPPRESS_IMPORT_ERROR=1 to suppress this message.
No module named 'carla'
pybullet build time: Jan 29 2025 23:16:28
/home/jupyter-deuk-c4e4/.conda/envs/ts310/lib/python3.10/site-packages/gym/envs/registration.py:595: UserWarning: [33mWARN: Overriding environment maze2d-open-v0[0m
  logger.warn(f"Overriding environment {id}")
/home/jupyter-deuk-c4e4/.conda/envs/ts310/lib/python3.10/site-packages/gym/envs/registration.py:595: UserWarning: [33mWARN: Overriding environment maze2d-umaze-v0[0m
  logger.warn(f"Overriding environment {id}")
/home/jupyter-deuk-c4e4/.conda/envs/ts310/lib/python3.10/site-packages/gym/envs/registration.py:595: UserWarning: [33mWARN: Overriding environment maze2d-medium-v0[0m
  logger.warn(f"Overriding environment {id}")
/home/jupyter-deuk-c4e4/.conda/envs/ts310/lib/python3.10/site-packages/gym/envs/registration.py:595: UserWarning: [33mWARN: Overriding environment maze2d-large-v0[0m
  logger.warn(f"Overriding environment {id}")
/home/jupyter-deuk-c4e4/.conda/envs/ts310/lib/python3.10/site-packages/gym/envs/registration.py:595: UserWarning: [33mWARN: Overriding environment maze2d-umaze-v1[0m
  logger.warn(f"Overriding environment {id}")
/home/jupyter-deuk-c4e4/.conda/envs/ts310/lib/python3.10/site-packages/gym/envs/registration.py:595: UserWarning: [33mWARN: Overriding environment maze2d-medium-v1[0m
  logger.warn(f"Overriding environment {id}")
/home/jupyter-deuk-c4e4/.conda/envs/ts310/lib/python3.10/site-packages/gym/envs/registration.py:595: UserWarning: [33mWARN: Overriding environment maze2d-large-v1[0m
  logger.warn(f"Overriding environment {id}")
/home/jupyter-deuk-c4e4/.conda/envs/ts310/lib/python3.10/site-packages/gym/envs/registration.py:595: UserWarning: [33mWARN: Overriding environment maze2d-eval-umaze-v1[0m
  logger.warn(f"Overriding environment {id}")
/home/jupyter-deuk-c4e4/.conda/envs/ts310/lib/python3.10/site-packages/gym/envs/registration.py:595: UserWarning: [33mWARN: Overriding environment maze2d-eval-medium-v1[0m
  logger.warn(f"Overriding environment {id}")
/home/jupyter-deuk-c4e4/.conda/envs/ts310/lib/python3.10/site-packages/gym/envs/registration.py:595: UserWarning: [33mWARN: Overriding environment maze2d-eval-large-v1[0m
  logger.warn(f"Overriding environment {id}")
/home/jupyter-deuk-c4e4/.conda/envs/ts310/lib/python3.10/site-packages/gym/envs/registration.py:595: UserWarning: [33mWARN: Overriding environment maze2d-open-dense-v0[0m
  logger.warn(f"Overriding environment {id}")
/home/jupyter-deuk-c4e4/.conda/envs/ts310/lib/python3.10/site-packages/gym/envs/registration.py:595: UserWarning: [33mWARN: Overriding environment maze2d-umaze-dense-v0[0m
  logger.warn(f"Overriding environment {id}")
/home/jupyter-deuk-c4e4/.conda/envs/ts310/lib/python3.10/site-packages/gym/envs/registration.py:595: UserWarning: [33mWARN: Overriding environment maze2d-medium-dense-v0[0m
  logger.warn(f"Overriding environment {id}")
/home/jupyter-deuk-c4e4/.conda/envs/ts310/lib/python3.10/site-packages/gym/envs/registration.py:595: UserWarning: [33mWARN: Overriding environment maze2d-large-dense-v0[0m
  logger.warn(f"Overriding environment {id}")
/home/jupyter-deuk-c4e4/.conda/envs/ts310/lib/python3.10/site-packages/gym/envs/registration.py:595: UserWarning: [33mWARN: Overriding environment maze2d-umaze-dense-v1[0m
  logger.warn(f"Overriding environment {id}")
/home/jupyter-deuk-c4e4/.conda/envs/ts310/lib/python3.10/site-packages/gym/envs/registration.py:595: UserWarning: [33mWARN: Overriding environment maze2d-medium-dense-v1[0m
  logger.warn(f"Overriding environment {id}")
/home/jupyter-deuk-c4e4/.conda/envs/ts310/lib/python3.10/site-packages/gym/envs/registration.py:595: UserWarning: [33mWARN: Overriding environment maze2d-large-dense-v1[0m
  logger.warn(f"Overriding environment {id}")
/home/jupyter-deuk-c4e4/.conda/envs/ts310/lib/python3.10/site-packages/gym/envs/registration.py:595: UserWarning: [33mWARN: Overriding environment maze2d-eval-umaze-dense-v1[0m
  logger.warn(f"Overriding environment {id}")
/home/jupyter-deuk-c4e4/.conda/envs/ts310/lib/python3.10/site-packages/gym/envs/registration.py:595: UserWarning: [33mWARN: Overriding environment maze2d-eval-medium-dense-v1[0m
  logger.warn(f"Overriding environment {id}")
/home/jupyter-deuk-c4e4/.conda/envs/ts310/lib/python3.10/site-packages/gym/envs/registration.py:595: UserWarning: [33mWARN: Overriding environment maze2d-eval-large-dense-v1[0m
  logger.warn(f"Overriding environment {id}")
/opt/dlami/nvme/home/jupyter-deuk-c4e4/temporal-straightening/custom_resolvers.py:4: UserWarning: 
The version_base parameter is not specified.
Please specify a compatability version level, or None.
Will assume defaults for version 1.1
  @hydra.main(config_path=None)
[2026-07-25 15:03:23,534][__main__][INFO] - Planning result saved dir: /opt/dlami/nvme/home/jupyter-deuk-c4e4/pusht-reproduction/patch_reproduction/plan/gd_seed_100/chunk_10
/home/jupyter-deuk-c4e4/.conda/envs/ts310/lib/python3.10/site-packages/wandb/sdk/internal/internal_api.py:30: UserWarning: pkg_resources is deprecated as an API. See https://setuptools.pypa.io/en/latest/pkg_resources.html. The pkg_resources package is slated for removal as early as 2025-11-30. Refrain from using this package or pin to Setuptools<81.
  from pkg_resources import parse_version
Using cache found in /home/jupyter-deuk-c4e4/.cache/torch/hub/facebookresearch_dinov2_81b2b6419385
Loaded 18685 rollouts
Loaded 21 rollouts
[2026-07-25 15:03:26,101][dinov2][INFO] - using MLP layer as FFN
[2026-07-25 15:03:26,549][models.dino][WARNING] - Unknown projector 'none' for patch tokens; proceeding without projector.
Resuming from epoch 2: /home/jupyter-deuk-c4e4/pusht-reproduction/patch_reproduction/test/pusht_False_agg32_projnone_dim384_hw14_sgTrue_lr1e-06/checkpoints/model_2.pth
[2026-07-25 15:03:26,985][models.visual_world_model][INFO] - num_action_repeat: 1
[2026-07-25 15:03:26,985][models.visual_world_model][INFO] - num_proprio_repeat: 1
[2026-07-25 15:03:26,985][models.visual_world_model][INFO] - proprio encoder: ProprioceptiveEmbedding(
  (patch_embed): Conv1d(4, 10, kernel_size=(1,), stride=(1,))
  (norm): LayerNorm((10,), eps=1e-05, elementwise_affine=True)
)
[2026-07-25 15:03:26,985][models.visual_world_model][INFO] - action encoder: ProprioceptiveEmbedding(
  (patch_embed): Conv1d(10, 10, kernel_size=(1,), stride=(1,))
  (norm): LayerNorm((10,), eps=1e-05, elementwise_affine=True)
)
[2026-07-25 15:03:26,985][models.visual_world_model][INFO] - proprio_dim: 10, after repeat: 10
[2026-07-25 15:03:26,985][models.visual_world_model][INFO] - action_dim: 10, after repeat: 10
[2026-07-25 15:03:26,985][models.visual_world_model][INFO] - emb_dim: 404
[2026-07-25 15:03:26,985][models.visual_world_model][INFO] - Straightening disabled
[2026-07-25 15:03:26,985][models.visual_world_model][INFO] - Speed constancy disabled
[2026-07-25 15:03:26,985][models.visual_world_model][INFO] - Trajectory penalty disabled
[2026-07-25 15:03:26,985][models.visual_world_model][INFO] - Stop-grad enabled: True
[2026-07-25 15:03:26,986][models.visual_world_model][INFO] - VCReg enabled: False, apply_to=enc, std_coeff=0.0, cov_coeff=0.0
[2026-07-25 15:03:26,986][models.visual_world_model][INFO] - Model emb_dim: 404
[timing] setup_model_s=3.453
eval_seed:  [1001, 1101, 1201, 1301, 1401, 1501, 1601, 1701, 1801, 1901]
Dumped plan targets to /opt/dlami/nvme/home/jupyter-deuk-c4e4/pusht-reproduction/patch_reproduction/plan/gd_seed_100/chunk_10/plan_targets.pkl
[timing] setup_workspace_s=4.884

MPC iter 0 Eval ------- 
Success rate:  0.5
{'success': array([ True, False, False,  True, False,  True, False,  True,  True,
       False]), 'state_dist': array([ 12.585679,  47.39364 , 140.83719 ,  15.807235, 107.95195 ,
        24.713673,  37.09537 ,  47.995274,  18.56422 ,  59.13816 ],
      dtype=float32)}
self.is_success:  [ True False False  True False  True False  True  True False]
Success rate:  0.5
{'success': array([ True, False, False,  True, False,  True, False,  True,  True,
       False]), 'state_dist': array([ 12.585679,  47.39364 , 140.83719 ,  15.807235, 107.95195 ,
        24.713673,  37.09537 ,  47.995274,  18.56422 ,  59.13816 ],
      dtype=float32)}
[timing] perform_planning_s=32.848
[timing] total_planning_main_s=41.185
===== patch gd seed 100 chunk 20 (n_evals=10) =====
/home/jupyter-deuk-c4e4/.conda/envs/ts310/lib/python3.10/site-packages/wandb/sdk/internal/internal_api.py:30: UserWarning: pkg_resources is deprecated as an API. See https://setuptools.pypa.io/en/latest/pkg_resources.html. The pkg_resources package is slated for removal as early as 2025-11-30. Refrain from using this package or pin to Setuptools<81.
  from pkg_resources import parse_version
/home/jupyter-deuk-c4e4/.conda/envs/ts310/lib/python3.10/site-packages/pkg_resources/__init__.py:3148: DeprecationWarning: Deprecated call to `pkg_resources.declare_namespace('mpl_toolkits')`.
Implementing implicit namespace packages (as specified in PEP 420) is preferred to `pkg_resources.declare_namespace`. See https://setuptools.pypa.io/en/latest/references/keywords.html#keyword-namespace-packages
  declare_namespace(pkg)
/home/jupyter-deuk-c4e4/.conda/envs/ts310/lib/python3.10/site-packages/pkg_resources/__init__.py:3148: DeprecationWarning: Deprecated call to `pkg_resources.declare_namespace('google')`.
Implementing implicit namespace packages (as specified in PEP 420) is preferred to `pkg_resources.declare_namespace`. See https://setuptools.pypa.io/en/latest/references/keywords.html#keyword-namespace-packages
  declare_namespace(pkg)
/home/jupyter-deuk-c4e4/.conda/envs/ts310/lib/python3.10/site-packages/Cython/Distutils/old_build_ext.py:15: DeprecationWarning: dep_util is Deprecated. Use functions from setuptools instead.
  from distutils.dep_util import newer, newer_group
<frozen importlib._bootstrap>:283: DeprecationWarning: the load_module() method is deprecated and slated for removal in Python 3.12; use exec_module() instead
Warning: Mujoco-based envs failed to import. Set the environment variable D4RL_SUPPRESS_IMPORT_ERROR=1 to suppress this message.
No module named 'mjrl'
Warning: Flow failed to import. Set the environment variable D4RL_SUPPRESS_IMPORT_ERROR=1 to suppress this message.
No module named 'flow'
Warning: CARLA failed to import. Set the environment variable D4RL_SUPPRESS_IMPORT_ERROR=1 to suppress this message.
No module named 'carla'
pybullet build time: Jan 29 2025 23:16:28
/home/jupyter-deuk-c4e4/.conda/envs/ts310/lib/python3.10/site-packages/gym/envs/registration.py:595: UserWarning: [33mWARN: Overriding environment maze2d-open-v0[0m
  logger.warn(f"Overriding environment {id}")
/home/jupyter-deuk-c4e4/.conda/envs/ts310/lib/python3.10/site-packages/gym/envs/registration.py:595: UserWarning: [33mWARN: Overriding environment maze2d-umaze-v0[0m
  logger.warn(f"Overriding environment {id}")
/home/jupyter-deuk-c4e4/.conda/envs/ts310/lib/python3.10/site-packages/gym/envs/registration.py:595: UserWarning: [33mWARN: Overriding environment maze2d-medium-v0[0m
  logger.warn(f"Overriding environment {id}")
/home/jupyter-deuk-c4e4/.conda/envs/ts310/lib/python3.10/site-packages/gym/envs/registration.py:595: UserWarning: [33mWARN: Overriding environment maze2d-large-v0[0m
  logger.warn(f"Overriding environment {id}")
/home/jupyter-deuk-c4e4/.conda/envs/ts310/lib/python3.10/site-packages/gym/envs/registration.py:595: UserWarning: [33mWARN: Overriding environment maze2d-umaze-v1[0m
  logger.warn(f"Overriding environment {id}")
/home/jupyter-deuk-c4e4/.conda/envs/ts310/lib/python3.10/site-packages/gym/envs/registration.py:595: UserWarning: [33mWARN: Overriding environment maze2d-medium-v1[0m
  logger.warn(f"Overriding environment {id}")
/home/jupyter-deuk-c4e4/.conda/envs/ts310/lib/python3.10/site-packages/gym/envs/registration.py:595: UserWarning: [33mWARN: Overriding environment maze2d-large-v1[0m
  logger.warn(f"Overriding environment {id}")
/home/jupyter-deuk-c4e4/.conda/envs/ts310/lib/python3.10/site-packages/gym/envs/registration.py:595: UserWarning: [33mWARN: Overriding environment maze2d-eval-umaze-v1[0m
  logger.warn(f"Overriding environment {id}")
/home/jupyter-deuk-c4e4/.conda/envs/ts310/lib/python3.10/site-packages/gym/envs/registration.py:595: UserWarning: [33mWARN: Overriding environment maze2d-eval-medium-v1[0m
  logger.warn(f"Overriding environment {id}")
/home/jupyter-deuk-c4e4/.conda/envs/ts310/lib/python3.10/site-packages/gym/envs/registration.py:595: UserWarning: [33mWARN: Overriding environment maze2d-eval-large-v1[0m
  logger.warn(f"Overriding environment {id}")
/home/jupyter-deuk-c4e4/.conda/envs/ts310/lib/python3.10/site-packages/gym/envs/registration.py:595: UserWarning: [33mWARN: Overriding environment maze2d-open-dense-v0[0m
  logger.warn(f"Overriding environment {id}")
/home/jupyter-deuk-c4e4/.conda/envs/ts310/lib/python3.10/site-packages/gym/envs/registration.py:595: UserWarning: [33mWARN: Overriding environment maze2d-umaze-dense-v0[0m
  logger.warn(f"Overriding environment {id}")
/home/jupyter-deuk-c4e4/.conda/envs/ts310/lib/python3.10/site-packages/gym/envs/registration.py:595: UserWarning: [33mWARN: Overriding environment maze2d-medium-dense-v0[0m
  logger.warn(f"Overriding environment {id}")
/home/jupyter-deuk-c4e4/.conda/envs/ts310/lib/python3.10/site-packages/gym/envs/registration.py:595: UserWarning: [33mWARN: Overriding environment maze2d-large-dense-v0[0m
  logger.warn(f"Overriding environment {id}")
/home/jupyter-deuk-c4e4/.conda/envs/ts310/lib/python3.10/site-packages/gym/envs/registration.py:595: UserWarning: [33mWARN: Overriding environment maze2d-umaze-dense-v1[0m
  logger.warn(f"Overriding environment {id}")
/home/jupyter-deuk-c4e4/.conda/envs/ts310/lib/python3.10/site-packages/gym/envs/registration.py:595: UserWarning: [33mWARN: Overriding environment maze2d-medium-dense-v1[0m
  logger.warn(f"Overriding environment {id}")
/home/jupyter-deuk-c4e4/.conda/envs/ts310/lib/python3.10/site-packages/gym/envs/registration.py:595: UserWarning: [33mWARN: Overriding environment maze2d-large-dense-v1[0m
  logger.warn(f"Overriding environment {id}")
/home/jupyter-deuk-c4e4/.conda/envs/ts310/lib/python3.10/site-packages/gym/envs/registration.py:595: UserWarning: [33mWARN: Overriding environment maze2d-eval-umaze-dense-v1[0m
  logger.warn(f"Overriding environment {id}")
/home/jupyter-deuk-c4e4/.conda/envs/ts310/lib/python3.10/site-packages/gym/envs/registration.py:595: UserWarning: [33mWARN: Overriding environment maze2d-eval-medium-dense-v1[0m
  logger.warn(f"Overriding environment {id}")
/home/jupyter-deuk-c4e4/.conda/envs/ts310/lib/python3.10/site-packages/gym/envs/registration.py:595: UserWarning: [33mWARN: Overriding environment maze2d-eval-large-dense-v1[0m
  logger.warn(f"Overriding environment {id}")
/opt/dlami/nvme/home/jupyter-deuk-c4e4/temporal-straightening/custom_resolvers.py:4: UserWarning: 
The version_base parameter is not specified.
Please specify a compatability version level, or None.
Will assume defaults for version 1.1
  @hydra.main(config_path=None)
[2026-07-25 15:04:10,702][__main__][INFO] - Planning result saved dir: /opt/dlami/nvme/home/jupyter-deuk-c4e4/pusht-reproduction/patch_reproduction/plan/gd_seed_100/chunk_20
/home/jupyter-deuk-c4e4/.conda/envs/ts310/lib/python3.10/site-packages/wandb/sdk/internal/internal_api.py:30: UserWarning: pkg_resources is deprecated as an API. See https://setuptools.pypa.io/en/latest/pkg_resources.html. The pkg_resources package is slated for removal as early as 2025-11-30. Refrain from using this package or pin to Setuptools<81.
  from pkg_resources import parse_version
Using cache found in /home/jupyter-deuk-c4e4/.cache/torch/hub/facebookresearch_dinov2_81b2b6419385
Loaded 18685 rollouts
Loaded 21 rollouts
[2026-07-25 15:04:13,521][dinov2][INFO] - using MLP layer as FFN
[2026-07-25 15:04:13,994][models.dino][WARNING] - Unknown projector 'none' for patch tokens; proceeding without projector.
Resuming from epoch 2: /home/jupyter-deuk-c4e4/pusht-reproduction/patch_reproduction/test/pusht_False_agg32_projnone_dim384_hw14_sgTrue_lr1e-06/checkpoints/model_2.pth
[2026-07-25 15:04:14,393][models.visual_world_model][INFO] - num_action_repeat: 1
[2026-07-25 15:04:14,393][models.visual_world_model][INFO] - num_proprio_repeat: 1
[2026-07-25 15:04:14,393][models.visual_world_model][INFO] - proprio encoder: ProprioceptiveEmbedding(
  (patch_embed): Conv1d(4, 10, kernel_size=(1,), stride=(1,))
  (norm): LayerNorm((10,), eps=1e-05, elementwise_affine=True)
)
[2026-07-25 15:04:14,394][models.visual_world_model][INFO] - action encoder: ProprioceptiveEmbedding(
  (patch_embed): Conv1d(10, 10, kernel_size=(1,), stride=(1,))
  (norm): LayerNorm((10,), eps=1e-05, elementwise_affine=True)
)
[2026-07-25 15:04:14,394][models.visual_world_model][INFO] - proprio_dim: 10, after repeat: 10
[2026-07-25 15:04:14,394][models.visual_world_model][INFO] - action_dim: 10, after repeat: 10
[2026-07-25 15:04:14,394][models.visual_world_model][INFO] - emb_dim: 404
[2026-07-25 15:04:14,394][models.visual_world_model][INFO] - Straightening disabled
[2026-07-25 15:04:14,394][models.visual_world_model][INFO] - Speed constancy disabled
[2026-07-25 15:04:14,394][models.visual_world_model][INFO] - Trajectory penalty disabled
[2026-07-25 15:04:14,394][models.visual_world_model][INFO] - Stop-grad enabled: True
[2026-07-25 15:04:14,394][models.visual_world_model][INFO] - VCReg enabled: False, apply_to=enc, std_coeff=0.0, cov_coeff=0.0
[2026-07-25 15:04:14,394][models.visual_world_model][INFO] - Model emb_dim: 404
[timing] setup_model_s=3.693
eval_seed:  [2001, 2101, 2201, 2301, 2401, 2501, 2601, 2701, 2801, 2901]
Dumped plan targets to /opt/dlami/nvme/home/jupyter-deuk-c4e4/pusht-reproduction/patch_reproduction/plan/gd_seed_100/chunk_20/plan_targets.pkl
[timing] setup_workspace_s=5.418

MPC iter 0 Eval ------- 
Success rate:  0.5
{'success': array([False,  True, False, False, False, False,  True,  True,  True,
        True]), 'state_dist': array([ 96.02161  ,  15.6103325,  79.695435 ,  62.42857  ,  94.94635  ,
       126.67753  ,  20.585726 ,  27.408752 ,  21.45115  ,  20.37863  ],
      dtype=float32)}
self.is_success:  [False  True False False False False  True  True  True  True]
Success rate:  0.5
{'success': array([False,  True, False, False, False, False,  True,  True,  True,
        True]), 'state_dist': array([ 96.02161  ,  15.6103325,  79.695435 ,  62.42857  ,  94.94635  ,
       126.67753  ,  20.585726 ,  27.408752 ,  21.45115  ,  20.37863  ],
      dtype=float32)}
[timing] perform_planning_s=33.224
[timing] total_planning_main_s=42.335
===== patch gd seed 100 chunk 30 (n_evals=10) =====
/home/jupyter-deuk-c4e4/.conda/envs/ts310/lib/python3.10/site-packages/wandb/sdk/internal/internal_api.py:30: UserWarning: pkg_resources is deprecated as an API. See https://setuptools.pypa.io/en/latest/pkg_resources.html. The pkg_resources package is slated for removal as early as 2025-11-30. Refrain from using this package or pin to Setuptools<81.
  from pkg_resources import parse_version
/home/jupyter-deuk-c4e4/.conda/envs/ts310/lib/python3.10/site-packages/pkg_resources/__init__.py:3148: DeprecationWarning: Deprecated call to `pkg_resources.declare_namespace('mpl_toolkits')`.
Implementing implicit namespace packages (as specified in PEP 420) is preferred to `pkg_resources.declare_namespace`. See https://setuptools.pypa.io/en/latest/references/keywords.html#keyword-namespace-packages
  declare_namespace(pkg)
/home/jupyter-deuk-c4e4/.conda/envs/ts310/lib/python3.10/site-packages/pkg_resources/__init__.py:3148: DeprecationWarning: Deprecated call to `pkg_resources.declare_namespace('google')`.
Implementing implicit namespace packages (as specified in PEP 420) is preferred to `pkg_resources.declare_namespace`. See https://setuptools.pypa.io/en/latest/references/keywords.html#keyword-namespace-packages
  declare_namespace(pkg)
/home/jupyter-deuk-c4e4/.conda/envs/ts310/lib/python3.10/site-packages/Cython/Distutils/old_build_ext.py:15: DeprecationWarning: dep_util is Deprecated. Use functions from setuptools instead.
  from distutils.dep_util import newer, newer_group
<frozen importlib._bootstrap>:283: DeprecationWarning: the load_module() method is deprecated and slated for removal in Python 3.12; use exec_module() instead
Warning: Mujoco-based envs failed to import. Set the environment variable D4RL_SUPPRESS_IMPORT_ERROR=1 to suppress this message.
No module named 'mjrl'
Warning: Flow failed to import. Set the environment variable D4RL_SUPPRESS_IMPORT_ERROR=1 to suppress this message.
No module named 'flow'
Warning: CARLA failed to import. Set the environment variable D4RL_SUPPRESS_IMPORT_ERROR=1 to suppress this message.
No module named 'carla'
pybullet build time: Jan 29 2025 23:16:28
/home/jupyter-deuk-c4e4/.conda/envs/ts310/lib/python3.10/site-packages/gym/envs/registration.py:595: UserWarning: [33mWARN: Overriding environment maze2d-open-v0[0m
  logger.warn(f"Overriding environment {id}")
/home/jupyter-deuk-c4e4/.conda/envs/ts310/lib/python3.10/site-packages/gym/envs/registration.py:595: UserWarning: [33mWARN: Overriding environment maze2d-umaze-v0[0m
  logger.warn(f"Overriding environment {id}")
/home/jupyter-deuk-c4e4/.conda/envs/ts310/lib/python3.10/site-packages/gym/envs/registration.py:595: UserWarning: [33mWARN: Overriding environment maze2d-medium-v0[0m
  logger.warn(f"Overriding environment {id}")
/home/jupyter-deuk-c4e4/.conda/envs/ts310/lib/python3.10/site-packages/gym/envs/registration.py:595: UserWarning: [33mWARN: Overriding environment maze2d-large-v0[0m
  logger.warn(f"Overriding environment {id}")
/home/jupyter-deuk-c4e4/.conda/envs/ts310/lib/python3.10/site-packages/gym/envs/registration.py:595: UserWarning: [33mWARN: Overriding environment maze2d-umaze-v1[0m
  logger.warn(f"Overriding environment {id}")
/home/jupyter-deuk-c4e4/.conda/envs/ts310/lib/python3.10/site-packages/gym/envs/registration.py:595: UserWarning: [33mWARN: Overriding environment maze2d-medium-v1[0m
  logger.warn(f"Overriding environment {id}")
/home/jupyter-deuk-c4e4/.conda/envs/ts310/lib/python3.10/site-packages/gym/envs/registration.py:595: UserWarning: [33mWARN: Overriding environment maze2d-large-v1[0m
  logger.warn(f"Overriding environment {id}")
/home/jupyter-deuk-c4e4/.conda/envs/ts310/lib/python3.10/site-packages/gym/envs/registration.py:595: UserWarning: [33mWARN: Overriding environment maze2d-eval-umaze-v1[0m
  logger.warn(f"Overriding environment {id}")
/home/jupyter-deuk-c4e4/.conda/envs/ts310/lib/python3.10/site-packages/gym/envs/registration.py:595: UserWarning: [33mWARN: Overriding environment maze2d-eval-medium-v1[0m
  logger.warn(f"Overriding environment {id}")
/home/jupyter-deuk-c4e4/.conda/envs/ts310/lib/python3.10/site-packages/gym/envs/registration.py:595: UserWarning: [33mWARN: Overriding environment maze2d-eval-large-v1[0m
  logger.warn(f"Overriding environment {id}")
/home/jupyter-deuk-c4e4/.conda/envs/ts310/lib/python3.10/site-packages/gym/envs/registration.py:595: UserWarning: [33mWARN: Overriding environment maze2d-open-dense-v0[0m
  logger.warn(f"Overriding environment {id}")
/home/jupyter-deuk-c4e4/.conda/envs/ts310/lib/python3.10/site-packages/gym/envs/registration.py:595: UserWarning: [33mWARN: Overriding environment maze2d-umaze-dense-v0[0m
  logger.warn(f"Overriding environment {id}")
/home/jupyter-deuk-c4e4/.conda/envs/ts310/lib/python3.10/site-packages/gym/envs/registration.py:595: UserWarning: [33mWARN: Overriding environment maze2d-medium-dense-v0[0m
  logger.warn(f"Overriding environment {id}")
/home/jupyter-deuk-c4e4/.conda/envs/ts310/lib/python3.10/site-packages/gym/envs/registration.py:595: UserWarning: [33mWARN: Overriding environment maze2d-large-dense-v0[0m
  logger.warn(f"Overriding environment {id}")
/home/jupyter-deuk-c4e4/.conda/envs/ts310/lib/python3.10/site-packages/gym/envs/registration.py:595: UserWarning: [33mWARN: Overriding environment maze2d-umaze-dense-v1[0m
  logger.warn(f"Overriding environment {id}")
/home/jupyter-deuk-c4e4/.conda/envs/ts310/lib/python3.10/site-packages/gym/envs/registration.py:595: UserWarning: [33mWARN: Overriding environment maze2d-medium-dense-v1[0m
  logger.warn(f"Overriding environment {id}")
/home/jupyter-deuk-c4e4/.conda/envs/ts310/lib/python3.10/site-packages/gym/envs/registration.py:595: UserWarning: [33mWARN: Overriding environment maze2d-large-dense-v1[0m
  logger.warn(f"Overriding environment {id}")
/home/jupyter-deuk-c4e4/.conda/envs/ts310/lib/python3.10/site-packages/gym/envs/registration.py:595: UserWarning: [33mWARN: Overriding environment maze2d-eval-umaze-dense-v1[0m
  logger.warn(f"Overriding environment {id}")
/home/jupyter-deuk-c4e4/.conda/envs/ts310/lib/python3.10/site-packages/gym/envs/registration.py:595: UserWarning: [33mWARN: Overriding environment maze2d-eval-medium-dense-v1[0m
  logger.warn(f"Overriding environment {id}")
/home/jupyter-deuk-c4e4/.conda/envs/ts310/lib/python3.10/site-packages/gym/envs/registration.py:595: UserWarning: [33mWARN: Overriding environment maze2d-eval-large-dense-v1[0m
  logger.warn(f"Overriding environment {id}")
/opt/dlami/nvme/home/jupyter-deuk-c4e4/temporal-straightening/custom_resolvers.py:4: UserWarning: 
The version_base parameter is not specified.
Please specify a compatability version level, or None.
Will assume defaults for version 1.1
  @hydra.main(config_path=None)
[2026-07-25 15:04:58,687][__main__][INFO] - Planning result saved dir: /opt/dlami/nvme/home/jupyter-deuk-c4e4/pusht-reproduction/patch_reproduction/plan/gd_seed_100/chunk_30
/home/jupyter-deuk-c4e4/.conda/envs/ts310/lib/python3.10/site-packages/wandb/sdk/internal/internal_api.py:30: UserWarning: pkg_resources is deprecated as an API. See https://setuptools.pypa.io/en/latest/pkg_resources.html. The pkg_resources package is slated for removal as early as 2025-11-30. Refrain from using this package or pin to Setuptools<81.
  from pkg_resources import parse_version
Using cache found in /home/jupyter-deuk-c4e4/.cache/torch/hub/facebookresearch_dinov2_81b2b6419385
Loaded 18685 rollouts
Loaded 21 rollouts
[2026-07-25 15:05:01,156][dinov2][INFO] - using MLP layer as FFN
[2026-07-25 15:05:01,558][models.dino][WARNING] - Unknown projector 'none' for patch tokens; proceeding without projector.
Resuming from epoch 2: /home/jupyter-deuk-c4e4/pusht-reproduction/patch_reproduction/test/pusht_False_agg32_projnone_dim384_hw14_sgTrue_lr1e-06/checkpoints/model_2.pth
[2026-07-25 15:05:01,984][models.visual_world_model][INFO] - num_action_repeat: 1
[2026-07-25 15:05:01,984][models.visual_world_model][INFO] - num_proprio_repeat: 1
[2026-07-25 15:05:01,984][models.visual_world_model][INFO] - proprio encoder: ProprioceptiveEmbedding(
  (patch_embed): Conv1d(4, 10, kernel_size=(1,), stride=(1,))
  (norm): LayerNorm((10,), eps=1e-05, elementwise_affine=True)
)
[2026-07-25 15:05:01,985][models.visual_world_model][INFO] - action encoder: ProprioceptiveEmbedding(
  (patch_embed): Conv1d(10, 10, kernel_size=(1,), stride=(1,))
  (norm): LayerNorm((10,), eps=1e-05, elementwise_affine=True)
)
[2026-07-25 15:05:01,985][models.visual_world_model][INFO] - proprio_dim: 10, after repeat: 10
[2026-07-25 15:05:01,985][models.visual_world_model][INFO] - action_dim: 10, after repeat: 10
[2026-07-25 15:05:01,985][models.visual_world_model][INFO] - emb_dim: 404
[2026-07-25 15:05:01,985][models.visual_world_model][INFO] - Straightening disabled
[2026-07-25 15:05:01,985][models.visual_world_model][INFO] - Speed constancy disabled
[2026-07-25 15:05:01,985][models.visual_world_model][INFO] - Trajectory penalty disabled
[2026-07-25 15:05:01,985][models.visual_world_model][INFO] - Stop-grad enabled: True
[2026-07-25 15:05:01,985][models.visual_world_model][INFO] - VCReg enabled: False, apply_to=enc, std_coeff=0.0, cov_coeff=0.0
[2026-07-25 15:05:01,985][models.visual_world_model][INFO] - Model emb_dim: 404
[timing] setup_model_s=3.300
eval_seed:  [3001, 3101, 3201, 3301, 3401, 3501, 3601, 3701, 3801, 3901]
Dumped plan targets to /opt/dlami/nvme/home/jupyter-deuk-c4e4/pusht-reproduction/patch_reproduction/plan/gd_seed_100/chunk_30/plan_targets.pkl
[timing] setup_workspace_s=6.483

MPC iter 0 Eval ------- 
Success rate:  0.5
{'success': array([ True,  True, False,  True,  True,  True, False, False, False,
       False]), 'state_dist': array([ 35.9931   ,  20.302082 , 120.054306 ,  22.874264 ,  12.775129 ,
        15.4610815, 177.5544   , 138.25601  ,  73.73877  ,  83.88049  ],
      dtype=float32)}
self.is_success:  [ True  True False  True  True  True False False False False]
Success rate:  0.5
{'success': array([ True,  True, False,  True,  True,  True, False, False, False,
       False]), 'state_dist': array([ 35.9931   ,  20.302082 , 120.054306 ,  22.874264 ,  12.775129 ,
        15.4610815, 177.5544   , 138.25601  ,  73.73877  ,  83.88049  ],
      dtype=float32)}
[timing] perform_planning_s=32.856
[timing] total_planning_main_s=42.639
===== patch gd seed 100 chunk 40 (n_evals=10) =====
/home/jupyter-deuk-c4e4/.conda/envs/ts310/lib/python3.10/site-packages/wandb/sdk/internal/internal_api.py:30: UserWarning: pkg_resources is deprecated as an API. See https://setuptools.pypa.io/en/latest/pkg_resources.html. The pkg_resources package is slated for removal as early as 2025-11-30. Refrain from using this package or pin to Setuptools<81.
  from pkg_resources import parse_version
/home/jupyter-deuk-c4e4/.conda/envs/ts310/lib/python3.10/site-packages/pkg_resources/__init__.py:3148: DeprecationWarning: Deprecated call to `pkg_resources.declare_namespace('mpl_toolkits')`.
Implementing implicit namespace packages (as specified in PEP 420) is preferred to `pkg_resources.declare_namespace`. See https://setuptools.pypa.io/en/latest/references/keywords.html#keyword-namespace-packages
  declare_namespace(pkg)
/home/jupyter-deuk-c4e4/.conda/envs/ts310/lib/python3.10/site-packages/pkg_resources/__init__.py:3148: DeprecationWarning: Deprecated call to `pkg_resources.declare_namespace('google')`.
Implementing implicit namespace packages (as specified in PEP 420) is preferred to `pkg_resources.declare_namespace`. See https://setuptools.pypa.io/en/latest/references/keywords.html#keyword-namespace-packages
  declare_namespace(pkg)
/home/jupyter-deuk-c4e4/.conda/envs/ts310/lib/python3.10/site-packages/Cython/Distutils/old_build_ext.py:15: DeprecationWarning: dep_util is Deprecated. Use functions from setuptools instead.
  from distutils.dep_util import newer, newer_group
<frozen importlib._bootstrap>:283: DeprecationWarning: the load_module() method is deprecated and slated for removal in Python 3.12; use exec_module() instead
Warning: Mujoco-based envs failed to import. Set the environment variable D4RL_SUPPRESS_IMPORT_ERROR=1 to suppress this message.
No module named 'mjrl'
Warning: Flow failed to import. Set the environment variable D4RL_SUPPRESS_IMPORT_ERROR=1 to suppress this message.
No module named 'flow'
Warning: CARLA failed to import. Set the environment variable D4RL_SUPPRESS_IMPORT_ERROR=1 to suppress this message.
No module named 'carla'
pybullet build time: Jan 29 2025 23:16:28
/home/jupyter-deuk-c4e4/.conda/envs/ts310/lib/python3.10/site-packages/gym/envs/registration.py:595: UserWarning: [33mWARN: Overriding environment maze2d-open-v0[0m
  logger.warn(f"Overriding environment {id}")
/home/jupyter-deuk-c4e4/.conda/envs/ts310/lib/python3.10/site-packages/gym/envs/registration.py:595: UserWarning: [33mWARN: Overriding environment maze2d-umaze-v0[0m
  logger.warn(f"Overriding environment {id}")
/home/jupyter-deuk-c4e4/.conda/envs/ts310/lib/python3.10/site-packages/gym/envs/registration.py:595: UserWarning: [33mWARN: Overriding environment maze2d-medium-v0[0m
  logger.warn(f"Overriding environment {id}")
/home/jupyter-deuk-c4e4/.conda/envs/ts310/lib/python3.10/site-packages/gym/envs/registration.py:595: UserWarning: [33mWARN: Overriding environment maze2d-large-v0[0m
  logger.warn(f"Overriding environment {id}")
/home/jupyter-deuk-c4e4/.conda/envs/ts310/lib/python3.10/site-packages/gym/envs/registration.py:595: UserWarning: [33mWARN: Overriding environment maze2d-umaze-v1[0m
  logger.warn(f"Overriding environment {id}")
/home/jupyter-deuk-c4e4/.conda/envs/ts310/lib/python3.10/site-packages/gym/envs/registration.py:595: UserWarning: [33mWARN: Overriding environment maze2d-medium-v1[0m
  logger.warn(f"Overriding environment {id}")
/home/jupyter-deuk-c4e4/.conda/envs/ts310/lib/python3.10/site-packages/gym/envs/registration.py:595: UserWarning: [33mWARN: Overriding environment maze2d-large-v1[0m
  logger.warn(f"Overriding environment {id}")
/home/jupyter-deuk-c4e4/.conda/envs/ts310/lib/python3.10/site-packages/gym/envs/registration.py:595: UserWarning: [33mWARN: Overriding environment maze2d-eval-umaze-v1[0m
  logger.warn(f"Overriding environment {id}")
/home/jupyter-deuk-c4e4/.conda/envs/ts310/lib/python3.10/site-packages/gym/envs/registration.py:595: UserWarning: [33mWARN: Overriding environment maze2d-eval-medium-v1[0m
  logger.warn(f"Overriding environment {id}")
/home/jupyter-deuk-c4e4/.conda/envs/ts310/lib/python3.10/site-packages/gym/envs/registration.py:595: UserWarning: [33mWARN: Overriding environment maze2d-eval-large-v1[0m
  logger.warn(f"Overriding environment {id}")
/home/jupyter-deuk-c4e4/.conda/envs/ts310/lib/python3.10/site-packages/gym/envs/registration.py:595: UserWarning: [33mWARN: Overriding environment maze2d-open-dense-v0[0m
  logger.warn(f"Overriding environment {id}")
/home/jupyter-deuk-c4e4/.conda/envs/ts310/lib/python3.10/site-packages/gym/envs/registration.py:595: UserWarning: [33mWARN: Overriding environment maze2d-umaze-dense-v0[0m
  logger.warn(f"Overriding environment {id}")
/home/jupyter-deuk-c4e4/.conda/envs/ts310/lib/python3.10/site-packages/gym/envs/registration.py:595: UserWarning: [33mWARN: Overriding environment maze2d-medium-dense-v0[0m
  logger.warn(f"Overriding environment {id}")
/home/jupyter-deuk-c4e4/.conda/envs/ts310/lib/python3.10/site-packages/gym/envs/registration.py:595: UserWarning: [33mWARN: Overriding environment maze2d-large-dense-v0[0m
  logger.warn(f"Overriding environment {id}")
/home/jupyter-deuk-c4e4/.conda/envs/ts310/lib/python3.10/site-packages/gym/envs/registration.py:595: UserWarning: [33mWARN: Overriding environment maze2d-umaze-dense-v1[0m
  logger.warn(f"Overriding environment {id}")
/home/jupyter-deuk-c4e4/.conda/envs/ts310/lib/python3.10/site-packages/gym/envs/registration.py:595: UserWarning: [33mWARN: Overriding environment maze2d-medium-dense-v1[0m
  logger.warn(f"Overriding environment {id}")
/home/jupyter-deuk-c4e4/.conda/envs/ts310/lib/python3.10/site-packages/gym/envs/registration.py:595: UserWarning: [33mWARN: Overriding environment maze2d-large-dense-v1[0m
  logger.warn(f"Overriding environment {id}")
/home/jupyter-deuk-c4e4/.conda/envs/ts310/lib/python3.10/site-packages/gym/envs/registration.py:595: UserWarning: [33mWARN: Overriding environment maze2d-eval-umaze-dense-v1[0m
  logger.warn(f"Overriding environment {id}")
/home/jupyter-deuk-c4e4/.conda/envs/ts310/lib/python3.10/site-packages/gym/envs/registration.py:595: UserWarning: [33mWARN: Overriding environment maze2d-eval-medium-dense-v1[0m
  logger.warn(f"Overriding environment {id}")
/home/jupyter-deuk-c4e4/.conda/envs/ts310/lib/python3.10/site-packages/gym/envs/registration.py:595: UserWarning: [33mWARN: Overriding environment maze2d-eval-large-dense-v1[0m
  logger.warn(f"Overriding environment {id}")
/opt/dlami/nvme/home/jupyter-deuk-c4e4/temporal-straightening/custom_resolvers.py:4: UserWarning: 
The version_base parameter is not specified.
Please specify a compatability version level, or None.
Will assume defaults for version 1.1
  @hydra.main(config_path=None)
[2026-07-25 15:05:46,679][__main__][INFO] - Planning result saved dir: /opt/dlami/nvme/home/jupyter-deuk-c4e4/pusht-reproduction/patch_reproduction/plan/gd_seed_100/chunk_40
/home/jupyter-deuk-c4e4/.conda/envs/ts310/lib/python3.10/site-packages/wandb/sdk/internal/internal_api.py:30: UserWarning: pkg_resources is deprecated as an API. See https://setuptools.pypa.io/en/latest/pkg_resources.html. The pkg_resources package is slated for removal as early as 2025-11-30. Refrain from using this package or pin to Setuptools<81.
  from pkg_resources import parse_version
Using cache found in /home/jupyter-deuk-c4e4/.cache/torch/hub/facebookresearch_dinov2_81b2b6419385
Loaded 18685 rollouts
Loaded 21 rollouts
[2026-07-25 15:05:49,272][dinov2][INFO] - using MLP layer as FFN
[2026-07-25 15:05:49,682][models.dino][WARNING] - Unknown projector 'none' for patch tokens; proceeding without projector.
Resuming from epoch 2: /home/jupyter-deuk-c4e4/pusht-reproduction/patch_reproduction/test/pusht_False_agg32_projnone_dim384_hw14_sgTrue_lr1e-06/checkpoints/model_2.pth
[2026-07-25 15:05:50,096][models.visual_world_model][INFO] - num_action_repeat: 1
[2026-07-25 15:05:50,096][models.visual_world_model][INFO] - num_proprio_repeat: 1
[2026-07-25 15:05:50,096][models.visual_world_model][INFO] - proprio encoder: ProprioceptiveEmbedding(
  (patch_embed): Conv1d(4, 10, kernel_size=(1,), stride=(1,))
  (norm): LayerNorm((10,), eps=1e-05, elementwise_affine=True)
)
[2026-07-25 15:05:50,096][models.visual_world_model][INFO] - action encoder: ProprioceptiveEmbedding(
  (patch_embed): Conv1d(10, 10, kernel_size=(1,), stride=(1,))
  (norm): LayerNorm((10,), eps=1e-05, elementwise_affine=True)
)
[2026-07-25 15:05:50,096][models.visual_world_model][INFO] - proprio_dim: 10, after repeat: 10
[2026-07-25 15:05:50,096][models.visual_world_model][INFO] - action_dim: 10, after repeat: 10
[2026-07-25 15:05:50,096][models.visual_world_model][INFO] - emb_dim: 404
[2026-07-25 15:05:50,096][models.visual_world_model][INFO] - Straightening disabled
[2026-07-25 15:05:50,096][models.visual_world_model][INFO] - Speed constancy disabled
[2026-07-25 15:05:50,096][models.visual_world_model][INFO] - Trajectory penalty disabled
[2026-07-25 15:05:50,096][models.visual_world_model][INFO] - Stop-grad enabled: True
[2026-07-25 15:05:50,096][models.visual_world_model][INFO] - VCReg enabled: False, apply_to=enc, std_coeff=0.0, cov_coeff=0.0
[2026-07-25 15:05:50,096][models.visual_world_model][INFO] - Model emb_dim: 404
[timing] setup_model_s=3.420
eval_seed:  [4001, 4101, 4201, 4301, 4401, 4501, 4601, 4701, 4801, 4901]
Dumped plan targets to /opt/dlami/nvme/home/jupyter-deuk-c4e4/pusht-reproduction/patch_reproduction/plan/gd_seed_100/chunk_40/plan_targets.pkl
[timing] setup_workspace_s=7.830

MPC iter 0 Eval ------- 
Success rate:  0.6
{'success': array([False,  True, False,  True,  True, False, False,  True,  True,
        True]), 'state_dist': array([ 25.21938 ,  51.64484 , 130.65002 ,  21.029858,  18.969158,
       123.79058 ,  46.80276 ,  23.924921,  35.7288  ,   7.730532],
      dtype=float32)}
self.is_success:  [False  True False  True  True False False  True  True  True]
Success rate:  0.6
{'success': array([False,  True, False,  True,  True, False, False,  True,  True,
        True]), 'state_dist': array([ 25.21938 ,  51.64484 , 130.65002 ,  21.029858,  18.969158,
       123.79058 ,  46.80276 ,  23.924921,  35.7288  ,   7.730532],
      dtype=float32)}
[timing] perform_planning_s=33.082
[timing] total_planning_main_s=44.332
===== patch gd seed 200 chunk 00 (n_evals=10) =====
/home/jupyter-deuk-c4e4/.conda/envs/ts310/lib/python3.10/site-packages/wandb/sdk/internal/internal_api.py:30: UserWarning: pkg_resources is deprecated as an API. See https://setuptools.pypa.io/en/latest/pkg_resources.html. The pkg_resources package is slated for removal as early as 2025-11-30. Refrain from using this package or pin to Setuptools<81.
  from pkg_resources import parse_version
/home/jupyter-deuk-c4e4/.conda/envs/ts310/lib/python3.10/site-packages/pkg_resources/__init__.py:3148: DeprecationWarning: Deprecated call to `pkg_resources.declare_namespace('mpl_toolkits')`.
Implementing implicit namespace packages (as specified in PEP 420) is preferred to `pkg_resources.declare_namespace`. See https://setuptools.pypa.io/en/latest/references/keywords.html#keyword-namespace-packages
  declare_namespace(pkg)
/home/jupyter-deuk-c4e4/.conda/envs/ts310/lib/python3.10/site-packages/pkg_resources/__init__.py:3148: DeprecationWarning: Deprecated call to `pkg_resources.declare_namespace('google')`.
Implementing implicit namespace packages (as specified in PEP 420) is preferred to `pkg_resources.declare_namespace`. See https://setuptools.pypa.io/en/latest/references/keywords.html#keyword-namespace-packages
  declare_namespace(pkg)
/home/jupyter-deuk-c4e4/.conda/envs/ts310/lib/python3.10/site-packages/Cython/Distutils/old_build_ext.py:15: DeprecationWarning: dep_util is Deprecated. Use functions from setuptools instead.
  from distutils.dep_util import newer, newer_group
<frozen importlib._bootstrap>:283: DeprecationWarning: the load_module() method is deprecated and slated for removal in Python 3.12; use exec_module() instead
Warning: Mujoco-based envs failed to import. Set the environment variable D4RL_SUPPRESS_IMPORT_ERROR=1 to suppress this message.
No module named 'mjrl'
Warning: Flow failed to import. Set the environment variable D4RL_SUPPRESS_IMPORT_ERROR=1 to suppress this message.
No module named 'flow'
Warning: CARLA failed to import. Set the environment variable D4RL_SUPPRESS_IMPORT_ERROR=1 to suppress this message.
No module named 'carla'
pybullet build time: Jan 29 2025 23:16:28
/home/jupyter-deuk-c4e4/.conda/envs/ts310/lib/python3.10/site-packages/gym/envs/registration.py:595: UserWarning: [33mWARN: Overriding environment maze2d-open-v0[0m
  logger.warn(f"Overriding environment {id}")
/home/jupyter-deuk-c4e4/.conda/envs/ts310/lib/python3.10/site-packages/gym/envs/registration.py:595: UserWarning: [33mWARN: Overriding environment maze2d-umaze-v0[0m
  logger.warn(f"Overriding environment {id}")
/home/jupyter-deuk-c4e4/.conda/envs/ts310/lib/python3.10/site-packages/gym/envs/registration.py:595: UserWarning: [33mWARN: Overriding environment maze2d-medium-v0[0m
  logger.warn(f"Overriding environment {id}")
/home/jupyter-deuk-c4e4/.conda/envs/ts310/lib/python3.10/site-packages/gym/envs/registration.py:595: UserWarning: [33mWARN: Overriding environment maze2d-large-v0[0m
  logger.warn(f"Overriding environment {id}")
/home/jupyter-deuk-c4e4/.conda/envs/ts310/lib/python3.10/site-packages/gym/envs/registration.py:595: UserWarning: [33mWARN: Overriding environment maze2d-umaze-v1[0m
  logger.warn(f"Overriding environment {id}")
/home/jupyter-deuk-c4e4/.conda/envs/ts310/lib/python3.10/site-packages/gym/envs/registration.py:595: UserWarning: [33mWARN: Overriding environment maze2d-medium-v1[0m
  logger.warn(f"Overriding environment {id}")
/home/jupyter-deuk-c4e4/.conda/envs/ts310/lib/python3.10/site-packages/gym/envs/registration.py:595: UserWarning: [33mWARN: Overriding environment maze2d-large-v1[0m
  logger.warn(f"Overriding environment {id}")
/home/jupyter-deuk-c4e4/.conda/envs/ts310/lib/python3.10/site-packages/gym/envs/registration.py:595: UserWarning: [33mWARN: Overriding environment maze2d-eval-umaze-v1[0m
  logger.warn(f"Overriding environment {id}")
/home/jupyter-deuk-c4e4/.conda/envs/ts310/lib/python3.10/site-packages/gym/envs/registration.py:595: UserWarning: [33mWARN: Overriding environment maze2d-eval-medium-v1[0m
  logger.warn(f"Overriding environment {id}")
/home/jupyter-deuk-c4e4/.conda/envs/ts310/lib/python3.10/site-packages/gym/envs/registration.py:595: UserWarning: [33mWARN: Overriding environment maze2d-eval-large-v1[0m
  logger.warn(f"Overriding environment {id}")
/home/jupyter-deuk-c4e4/.conda/envs/ts310/lib/python3.10/site-packages/gym/envs/registration.py:595: UserWarning: [33mWARN: Overriding environment maze2d-open-dense-v0[0m
  logger.warn(f"Overriding environment {id}")
/home/jupyter-deuk-c4e4/.conda/envs/ts310/lib/python3.10/site-packages/gym/envs/registration.py:595: UserWarning: [33mWARN: Overriding environment maze2d-umaze-dense-v0[0m
  logger.warn(f"Overriding environment {id}")
/home/jupyter-deuk-c4e4/.conda/envs/ts310/lib/python3.10/site-packages/gym/envs/registration.py:595: UserWarning: [33mWARN: Overriding environment maze2d-medium-dense-v0[0m
  logger.warn(f"Overriding environment {id}")
/home/jupyter-deuk-c4e4/.conda/envs/ts310/lib/python3.10/site-packages/gym/envs/registration.py:595: UserWarning: [33mWARN: Overriding environment maze2d-large-dense-v0[0m
  logger.warn(f"Overriding environment {id}")
/home/jupyter-deuk-c4e4/.conda/envs/ts310/lib/python3.10/site-packages/gym/envs/registration.py:595: UserWarning: [33mWARN: Overriding environment maze2d-umaze-dense-v1[0m
  logger.warn(f"Overriding environment {id}")
/home/jupyter-deuk-c4e4/.conda/envs/ts310/lib/python3.10/site-packages/gym/envs/registration.py:595: UserWarning: [33mWARN: Overriding environment maze2d-medium-dense-v1[0m
  logger.warn(f"Overriding environment {id}")
/home/jupyter-deuk-c4e4/.conda/envs/ts310/lib/python3.10/site-packages/gym/envs/registration.py:595: UserWarning: [33mWARN: Overriding environment maze2d-large-dense-v1[0m
  logger.warn(f"Overriding environment {id}")
/home/jupyter-deuk-c4e4/.conda/envs/ts310/lib/python3.10/site-packages/gym/envs/registration.py:595: UserWarning: [33mWARN: Overriding environment maze2d-eval-umaze-dense-v1[0m
  logger.warn(f"Overriding environment {id}")
/home/jupyter-deuk-c4e4/.conda/envs/ts310/lib/python3.10/site-packages/gym/envs/registration.py:595: UserWarning: [33mWARN: Overriding environment maze2d-eval-medium-dense-v1[0m
  logger.warn(f"Overriding environment {id}")
/home/jupyter-deuk-c4e4/.conda/envs/ts310/lib/python3.10/site-packages/gym/envs/registration.py:595: UserWarning: [33mWARN: Overriding environment maze2d-eval-large-dense-v1[0m
  logger.warn(f"Overriding environment {id}")
/opt/dlami/nvme/home/jupyter-deuk-c4e4/temporal-straightening/custom_resolvers.py:4: UserWarning: 
The version_base parameter is not specified.
Please specify a compatability version level, or None.
Will assume defaults for version 1.1
  @hydra.main(config_path=None)
[2026-07-25 15:06:36,647][__main__][INFO] - Planning result saved dir: /opt/dlami/nvme/home/jupyter-deuk-c4e4/pusht-reproduction/patch_reproduction/plan/gd_seed_200/chunk_00
/home/jupyter-deuk-c4e4/.conda/envs/ts310/lib/python3.10/site-packages/wandb/sdk/internal/internal_api.py:30: UserWarning: pkg_resources is deprecated as an API. See https://setuptools.pypa.io/en/latest/pkg_resources.html. The pkg_resources package is slated for removal as early as 2025-11-30. Refrain from using this package or pin to Setuptools<81.
  from pkg_resources import parse_version
Using cache found in /home/jupyter-deuk-c4e4/.cache/torch/hub/facebookresearch_dinov2_81b2b6419385
Loaded 18685 rollouts
Loaded 21 rollouts
[2026-07-25 15:06:39,407][dinov2][INFO] - using MLP layer as FFN
[2026-07-25 15:06:39,837][models.dino][WARNING] - Unknown projector 'none' for patch tokens; proceeding without projector.
Resuming from epoch 2: /home/jupyter-deuk-c4e4/pusht-reproduction/patch_reproduction/test/pusht_False_agg32_projnone_dim384_hw14_sgTrue_lr1e-06/checkpoints/model_2.pth
[2026-07-25 15:06:40,291][models.visual_world_model][INFO] - num_action_repeat: 1
[2026-07-25 15:06:40,291][models.visual_world_model][INFO] - num_proprio_repeat: 1
[2026-07-25 15:06:40,291][models.visual_world_model][INFO] - proprio encoder: ProprioceptiveEmbedding(
  (patch_embed): Conv1d(4, 10, kernel_size=(1,), stride=(1,))
  (norm): LayerNorm((10,), eps=1e-05, elementwise_affine=True)
)
[2026-07-25 15:06:40,291][models.visual_world_model][INFO] - action encoder: ProprioceptiveEmbedding(
  (patch_embed): Conv1d(10, 10, kernel_size=(1,), stride=(1,))
  (norm): LayerNorm((10,), eps=1e-05, elementwise_affine=True)
)
[2026-07-25 15:06:40,291][models.visual_world_model][INFO] - proprio_dim: 10, after repeat: 10
[2026-07-25 15:06:40,291][models.visual_world_model][INFO] - action_dim: 10, after repeat: 10
[2026-07-25 15:06:40,291][models.visual_world_model][INFO] - emb_dim: 404
[2026-07-25 15:06:40,291][models.visual_world_model][INFO] - Straightening disabled
[2026-07-25 15:06:40,291][models.visual_world_model][INFO] - Speed constancy disabled
[2026-07-25 15:06:40,292][models.visual_world_model][INFO] - Trajectory penalty disabled
[2026-07-25 15:06:40,292][models.visual_world_model][INFO] - Stop-grad enabled: True
[2026-07-25 15:06:40,292][models.visual_world_model][INFO] - VCReg enabled: False, apply_to=enc, std_coeff=0.0, cov_coeff=0.0
[2026-07-25 15:06:40,292][models.visual_world_model][INFO] - Model emb_dim: 404
[timing] setup_model_s=3.647
eval_seed:  [1, 201, 401, 601, 801, 1001, 1201, 1401, 1601, 1801]
Dumped plan targets to /opt/dlami/nvme/home/jupyter-deuk-c4e4/pusht-reproduction/patch_reproduction/plan/gd_seed_200/chunk_00/plan_targets.pkl
[timing] setup_workspace_s=4.663

MPC iter 0 Eval ------- 
Success rate:  0.4
{'success': array([False, False, False,  True,  True, False, False, False,  True,
        True]), 'state_dist': array([ 10.505472,  35.87837 , 115.8672  ,  74.885254, 110.25267 ,
        61.941895,  54.589485,  88.33054 ,  17.016321,  19.951702],
      dtype=float32)}
self.is_success:  [False False False  True  True False False False  True  True]
Success rate:  0.4
{'success': array([False, False, False,  True,  True, False, False, False,  True,
        True]), 'state_dist': array([ 10.505472,  35.87837 , 115.8672  ,  74.885254, 110.25267 ,
        61.941895,  54.589485,  88.33054 ,  17.016321,  19.951702],
      dtype=float32)}
[timing] perform_planning_s=33.072
[timing] total_planning_main_s=41.382
===== patch gd seed 200 chunk 10 (n_evals=10) =====
/home/jupyter-deuk-c4e4/.conda/envs/ts310/lib/python3.10/site-packages/wandb/sdk/internal/internal_api.py:30: UserWarning: pkg_resources is deprecated as an API. See https://setuptools.pypa.io/en/latest/pkg_resources.html. The pkg_resources package is slated for removal as early as 2025-11-30. Refrain from using this package or pin to Setuptools<81.
  from pkg_resources import parse_version
/home/jupyter-deuk-c4e4/.conda/envs/ts310/lib/python3.10/site-packages/pkg_resources/__init__.py:3148: DeprecationWarning: Deprecated call to `pkg_resources.declare_namespace('mpl_toolkits')`.
Implementing implicit namespace packages (as specified in PEP 420) is preferred to `pkg_resources.declare_namespace`. See https://setuptools.pypa.io/en/latest/references/keywords.html#keyword-namespace-packages
  declare_namespace(pkg)
/home/jupyter-deuk-c4e4/.conda/envs/ts310/lib/python3.10/site-packages/pkg_resources/__init__.py:3148: DeprecationWarning: Deprecated call to `pkg_resources.declare_namespace('google')`.
Implementing implicit namespace packages (as specified in PEP 420) is preferred to `pkg_resources.declare_namespace`. See https://setuptools.pypa.io/en/latest/references/keywords.html#keyword-namespace-packages
  declare_namespace(pkg)
/home/jupyter-deuk-c4e4/.conda/envs/ts310/lib/python3.10/site-packages/Cython/Distutils/old_build_ext.py:15: DeprecationWarning: dep_util is Deprecated. Use functions from setuptools instead.
  from distutils.dep_util import newer, newer_group
<frozen importlib._bootstrap>:283: DeprecationWarning: the load_module() method is deprecated and slated for removal in Python 3.12; use exec_module() instead
Warning: Mujoco-based envs failed to import. Set the environment variable D4RL_SUPPRESS_IMPORT_ERROR=1 to suppress this message.
No module named 'mjrl'
Warning: Flow failed to import. Set the environment variable D4RL_SUPPRESS_IMPORT_ERROR=1 to suppress this message.
No module named 'flow'
Warning: CARLA failed to import. Set the environment variable D4RL_SUPPRESS_IMPORT_ERROR=1 to suppress this message.
No module named 'carla'
pybullet build time: Jan 29 2025 23:16:28
/home/jupyter-deuk-c4e4/.conda/envs/ts310/lib/python3.10/site-packages/gym/envs/registration.py:595: UserWarning: [33mWARN: Overriding environment maze2d-open-v0[0m
  logger.warn(f"Overriding environment {id}")
/home/jupyter-deuk-c4e4/.conda/envs/ts310/lib/python3.10/site-packages/gym/envs/registration.py:595: UserWarning: [33mWARN: Overriding environment maze2d-umaze-v0[0m
  logger.warn(f"Overriding environment {id}")
/home/jupyter-deuk-c4e4/.conda/envs/ts310/lib/python3.10/site-packages/gym/envs/registration.py:595: UserWarning: [33mWARN: Overriding environment maze2d-medium-v0[0m
  logger.warn(f"Overriding environment {id}")
/home/jupyter-deuk-c4e4/.conda/envs/ts310/lib/python3.10/site-packages/gym/envs/registration.py:595: UserWarning: [33mWARN: Overriding environment maze2d-large-v0[0m
  logger.warn(f"Overriding environment {id}")
/home/jupyter-deuk-c4e4/.conda/envs/ts310/lib/python3.10/site-packages/gym/envs/registration.py:595: UserWarning: [33mWARN: Overriding environment maze2d-umaze-v1[0m
  logger.warn(f"Overriding environment {id}")
/home/jupyter-deuk-c4e4/.conda/envs/ts310/lib/python3.10/site-packages/gym/envs/registration.py:595: UserWarning: [33mWARN: Overriding environment maze2d-medium-v1[0m
  logger.warn(f"Overriding environment {id}")
/home/jupyter-deuk-c4e4/.conda/envs/ts310/lib/python3.10/site-packages/gym/envs/registration.py:595: UserWarning: [33mWARN: Overriding environment maze2d-large-v1[0m
  logger.warn(f"Overriding environment {id}")
/home/jupyter-deuk-c4e4/.conda/envs/ts310/lib/python3.10/site-packages/gym/envs/registration.py:595: UserWarning: [33mWARN: Overriding environment maze2d-eval-umaze-v1[0m
  logger.warn(f"Overriding environment {id}")
/home/jupyter-deuk-c4e4/.conda/envs/ts310/lib/python3.10/site-packages/gym/envs/registration.py:595: UserWarning: [33mWARN: Overriding environment maze2d-eval-medium-v1[0m
  logger.warn(f"Overriding environment {id}")
/home/jupyter-deuk-c4e4/.conda/envs/ts310/lib/python3.10/site-packages/gym/envs/registration.py:595: UserWarning: [33mWARN: Overriding environment maze2d-eval-large-v1[0m
  logger.warn(f"Overriding environment {id}")
/home/jupyter-deuk-c4e4/.conda/envs/ts310/lib/python3.10/site-packages/gym/envs/registration.py:595: UserWarning: [33mWARN: Overriding environment maze2d-open-dense-v0[0m
  logger.warn(f"Overriding environment {id}")
/home/jupyter-deuk-c4e4/.conda/envs/ts310/lib/python3.10/site-packages/gym/envs/registration.py:595: UserWarning: [33mWARN: Overriding environment maze2d-umaze-dense-v0[0m
  logger.warn(f"Overriding environment {id}")
/home/jupyter-deuk-c4e4/.conda/envs/ts310/lib/python3.10/site-packages/gym/envs/registration.py:595: UserWarning: [33mWARN: Overriding environment maze2d-medium-dense-v0[0m
  logger.warn(f"Overriding environment {id}")
/home/jupyter-deuk-c4e4/.conda/envs/ts310/lib/python3.10/site-packages/gym/envs/registration.py:595: UserWarning: [33mWARN: Overriding environment maze2d-large-dense-v0[0m
  logger.warn(f"Overriding environment {id}")
/home/jupyter-deuk-c4e4/.conda/envs/ts310/lib/python3.10/site-packages/gym/envs/registration.py:595: UserWarning: [33mWARN: Overriding environment maze2d-umaze-dense-v1[0m
  logger.warn(f"Overriding environment {id}")
/home/jupyter-deuk-c4e4/.conda/envs/ts310/lib/python3.10/site-packages/gym/envs/registration.py:595: UserWarning: [33mWARN: Overriding environment maze2d-medium-dense-v1[0m
  logger.warn(f"Overriding environment {id}")
/home/jupyter-deuk-c4e4/.conda/envs/ts310/lib/python3.10/site-packages/gym/envs/registration.py:595: UserWarning: [33mWARN: Overriding environment maze2d-large-dense-v1[0m
  logger.warn(f"Overriding environment {id}")
/home/jupyter-deuk-c4e4/.conda/envs/ts310/lib/python3.10/site-packages/gym/envs/registration.py:595: UserWarning: [33mWARN: Overriding environment maze2d-eval-umaze-dense-v1[0m
  logger.warn(f"Overriding environment {id}")
/home/jupyter-deuk-c4e4/.conda/envs/ts310/lib/python3.10/site-packages/gym/envs/registration.py:595: UserWarning: [33mWARN: Overriding environment maze2d-eval-medium-dense-v1[0m
  logger.warn(f"Overriding environment {id}")
/home/jupyter-deuk-c4e4/.conda/envs/ts310/lib/python3.10/site-packages/gym/envs/registration.py:595: UserWarning: [33mWARN: Overriding environment maze2d-eval-large-dense-v1[0m
  logger.warn(f"Overriding environment {id}")
/opt/dlami/nvme/home/jupyter-deuk-c4e4/temporal-straightening/custom_resolvers.py:4: UserWarning: 
The version_base parameter is not specified.
Please specify a compatability version level, or None.
Will assume defaults for version 1.1
  @hydra.main(config_path=None)
[2026-07-25 15:07:23,832][__main__][INFO] - Planning result saved dir: /opt/dlami/nvme/home/jupyter-deuk-c4e4/pusht-reproduction/patch_reproduction/plan/gd_seed_200/chunk_10
/home/jupyter-deuk-c4e4/.conda/envs/ts310/lib/python3.10/site-packages/wandb/sdk/internal/internal_api.py:30: UserWarning: pkg_resources is deprecated as an API. See https://setuptools.pypa.io/en/latest/pkg_resources.html. The pkg_resources package is slated for removal as early as 2025-11-30. Refrain from using this package or pin to Setuptools<81.
  from pkg_resources import parse_version
Using cache found in /home/jupyter-deuk-c4e4/.cache/torch/hub/facebookresearch_dinov2_81b2b6419385
Loaded 18685 rollouts
Loaded 21 rollouts
[2026-07-25 15:07:26,657][dinov2][INFO] - using MLP layer as FFN
[2026-07-25 15:07:27,140][models.dino][WARNING] - Unknown projector 'none' for patch tokens; proceeding without projector.
Resuming from epoch 2: /home/jupyter-deuk-c4e4/pusht-reproduction/patch_reproduction/test/pusht_False_agg32_projnone_dim384_hw14_sgTrue_lr1e-06/checkpoints/model_2.pth
[2026-07-25 15:07:27,571][models.visual_world_model][INFO] - num_action_repeat: 1
[2026-07-25 15:07:27,571][models.visual_world_model][INFO] - num_proprio_repeat: 1
[2026-07-25 15:07:27,571][models.visual_world_model][INFO] - proprio encoder: ProprioceptiveEmbedding(
  (patch_embed): Conv1d(4, 10, kernel_size=(1,), stride=(1,))
  (norm): LayerNorm((10,), eps=1e-05, elementwise_affine=True)
)
[2026-07-25 15:07:27,571][models.visual_world_model][INFO] - action encoder: ProprioceptiveEmbedding(
  (patch_embed): Conv1d(10, 10, kernel_size=(1,), stride=(1,))
  (norm): LayerNorm((10,), eps=1e-05, elementwise_affine=True)
)
[2026-07-25 15:07:27,571][models.visual_world_model][INFO] - proprio_dim: 10, after repeat: 10
[2026-07-25 15:07:27,571][models.visual_world_model][INFO] - action_dim: 10, after repeat: 10
[2026-07-25 15:07:27,571][models.visual_world_model][INFO] - emb_dim: 404
[2026-07-25 15:07:27,571][models.visual_world_model][INFO] - Straightening disabled
[2026-07-25 15:07:27,571][models.visual_world_model][INFO] - Speed constancy disabled
[2026-07-25 15:07:27,571][models.visual_world_model][INFO] - Trajectory penalty disabled
[2026-07-25 15:07:27,571][models.visual_world_model][INFO] - Stop-grad enabled: True
[2026-07-25 15:07:27,571][models.visual_world_model][INFO] - VCReg enabled: False, apply_to=enc, std_coeff=0.0, cov_coeff=0.0
[2026-07-25 15:07:27,571][models.visual_world_model][INFO] - Model emb_dim: 404
[timing] setup_model_s=3.741
eval_seed:  [2001, 2201, 2401, 2601, 2801, 3001, 3201, 3401, 3601, 3801]
Dumped plan targets to /opt/dlami/nvme/home/jupyter-deuk-c4e4/pusht-reproduction/patch_reproduction/plan/gd_seed_200/chunk_10/plan_targets.pkl
[timing] setup_workspace_s=5.339

MPC iter 0 Eval ------- 
Success rate:  0.7
{'success': array([False,  True, False,  True,  True,  True,  True, False,  True,
        True]), 'state_dist': array([ 81.27995 ,  50.244297, 110.0815  ,  31.236183,  10.687737,
        18.56422 ,  16.621733,  64.2932  ,  21.330757,  22.277494],
      dtype=float32)}
self.is_success:  [False  True False  True  True  True  True False  True  True]
Success rate:  0.7
{'success': array([False,  True, False,  True,  True,  True,  True, False,  True,
        True]), 'state_dist': array([ 81.27995 ,  50.244297, 110.0815  ,  31.236183,  10.687737,
        18.56422 ,  16.621733,  64.2932  ,  21.330757,  22.277494],
      dtype=float32)}
[timing] perform_planning_s=32.919
[timing] total_planning_main_s=42.000
===== patch gd seed 200 chunk 20 (n_evals=10) =====
/home/jupyter-deuk-c4e4/.conda/envs/ts310/lib/python3.10/site-packages/wandb/sdk/internal/internal_api.py:30: UserWarning: pkg_resources is deprecated as an API. See https://setuptools.pypa.io/en/latest/pkg_resources.html. The pkg_resources package is slated for removal as early as 2025-11-30. Refrain from using this package or pin to Setuptools<81.
  from pkg_resources import parse_version
/home/jupyter-deuk-c4e4/.conda/envs/ts310/lib/python3.10/site-packages/pkg_resources/__init__.py:3148: DeprecationWarning: Deprecated call to `pkg_resources.declare_namespace('mpl_toolkits')`.
Implementing implicit namespace packages (as specified in PEP 420) is preferred to `pkg_resources.declare_namespace`. See https://setuptools.pypa.io/en/latest/references/keywords.html#keyword-namespace-packages
  declare_namespace(pkg)
/home/jupyter-deuk-c4e4/.conda/envs/ts310/lib/python3.10/site-packages/pkg_resources/__init__.py:3148: DeprecationWarning: Deprecated call to `pkg_resources.declare_namespace('google')`.
Implementing implicit namespace packages (as specified in PEP 420) is preferred to `pkg_resources.declare_namespace`. See https://setuptools.pypa.io/en/latest/references/keywords.html#keyword-namespace-packages
  declare_namespace(pkg)
/home/jupyter-deuk-c4e4/.conda/envs/ts310/lib/python3.10/site-packages/Cython/Distutils/old_build_ext.py:15: DeprecationWarning: dep_util is Deprecated. Use functions from setuptools instead.
  from distutils.dep_util import newer, newer_group
<frozen importlib._bootstrap>:283: DeprecationWarning: the load_module() method is deprecated and slated for removal in Python 3.12; use exec_module() instead
Warning: Mujoco-based envs failed to import. Set the environment variable D4RL_SUPPRESS_IMPORT_ERROR=1 to suppress this message.
No module named 'mjrl'
Warning: Flow failed to import. Set the environment variable D4RL_SUPPRESS_IMPORT_ERROR=1 to suppress this message.
No module named 'flow'
Warning: CARLA failed to import. Set the environment variable D4RL_SUPPRESS_IMPORT_ERROR=1 to suppress this message.
No module named 'carla'
pybullet build time: Jan 29 2025 23:16:28
/home/jupyter-deuk-c4e4/.conda/envs/ts310/lib/python3.10/site-packages/gym/envs/registration.py:595: UserWarning: [33mWARN: Overriding environment maze2d-open-v0[0m
  logger.warn(f"Overriding environment {id}")
/home/jupyter-deuk-c4e4/.conda/envs/ts310/lib/python3.10/site-packages/gym/envs/registration.py:595: UserWarning: [33mWARN: Overriding environment maze2d-umaze-v0[0m
  logger.warn(f"Overriding environment {id}")
/home/jupyter-deuk-c4e4/.conda/envs/ts310/lib/python3.10/site-packages/gym/envs/registration.py:595: UserWarning: [33mWARN: Overriding environment maze2d-medium-v0[0m
  logger.warn(f"Overriding environment {id}")
/home/jupyter-deuk-c4e4/.conda/envs/ts310/lib/python3.10/site-packages/gym/envs/registration.py:595: UserWarning: [33mWARN: Overriding environment maze2d-large-v0[0m
  logger.warn(f"Overriding environment {id}")
/home/jupyter-deuk-c4e4/.conda/envs/ts310/lib/python3.10/site-packages/gym/envs/registration.py:595: UserWarning: [33mWARN: Overriding environment maze2d-umaze-v1[0m
  logger.warn(f"Overriding environment {id}")
/home/jupyter-deuk-c4e4/.conda/envs/ts310/lib/python3.10/site-packages/gym/envs/registration.py:595: UserWarning: [33mWARN: Overriding environment maze2d-medium-v1[0m
  logger.warn(f"Overriding environment {id}")
/home/jupyter-deuk-c4e4/.conda/envs/ts310/lib/python3.10/site-packages/gym/envs/registration.py:595: UserWarning: [33mWARN: Overriding environment maze2d-large-v1[0m
  logger.warn(f"Overriding environment {id}")
/home/jupyter-deuk-c4e4/.conda/envs/ts310/lib/python3.10/site-packages/gym/envs/registration.py:595: UserWarning: [33mWARN: Overriding environment maze2d-eval-umaze-v1[0m
  logger.warn(f"Overriding environment {id}")
/home/jupyter-deuk-c4e4/.conda/envs/ts310/lib/python3.10/site-packages/gym/envs/registration.py:595: UserWarning: [33mWARN: Overriding environment maze2d-eval-medium-v1[0m
  logger.warn(f"Overriding environment {id}")
/home/jupyter-deuk-c4e4/.conda/envs/ts310/lib/python3.10/site-packages/gym/envs/registration.py:595: UserWarning: [33mWARN: Overriding environment maze2d-eval-large-v1[0m
  logger.warn(f"Overriding environment {id}")
/home/jupyter-deuk-c4e4/.conda/envs/ts310/lib/python3.10/site-packages/gym/envs/registration.py:595: UserWarning: [33mWARN: Overriding environment maze2d-open-dense-v0[0m
  logger.warn(f"Overriding environment {id}")
/home/jupyter-deuk-c4e4/.conda/envs/ts310/lib/python3.10/site-packages/gym/envs/registration.py:595: UserWarning: [33mWARN: Overriding environment maze2d-umaze-dense-v0[0m
  logger.warn(f"Overriding environment {id}")
/home/jupyter-deuk-c4e4/.conda/envs/ts310/lib/python3.10/site-packages/gym/envs/registration.py:595: UserWarning: [33mWARN: Overriding environment maze2d-medium-dense-v0[0m
  logger.warn(f"Overriding environment {id}")
/home/jupyter-deuk-c4e4/.conda/envs/ts310/lib/python3.10/site-packages/gym/envs/registration.py:595: UserWarning: [33mWARN: Overriding environment maze2d-large-dense-v0[0m
  logger.warn(f"Overriding environment {id}")
/home/jupyter-deuk-c4e4/.conda/envs/ts310/lib/python3.10/site-packages/gym/envs/registration.py:595: UserWarning: [33mWARN: Overriding environment maze2d-umaze-dense-v1[0m
  logger.warn(f"Overriding environment {id}")
/home/jupyter-deuk-c4e4/.conda/envs/ts310/lib/python3.10/site-packages/gym/envs/registration.py:595: UserWarning: [33mWARN: Overriding environment maze2d-medium-dense-v1[0m
  logger.warn(f"Overriding environment {id}")
/home/jupyter-deuk-c4e4/.conda/envs/ts310/lib/python3.10/site-packages/gym/envs/registration.py:595: UserWarning: [33mWARN: Overriding environment maze2d-large-dense-v1[0m
  logger.warn(f"Overriding environment {id}")
/home/jupyter-deuk-c4e4/.conda/envs/ts310/lib/python3.10/site-packages/gym/envs/registration.py:595: UserWarning: [33mWARN: Overriding environment maze2d-eval-umaze-dense-v1[0m
  logger.warn(f"Overriding environment {id}")
/home/jupyter-deuk-c4e4/.conda/envs/ts310/lib/python3.10/site-packages/gym/envs/registration.py:595: UserWarning: [33mWARN: Overriding environment maze2d-eval-medium-dense-v1[0m
  logger.warn(f"Overriding environment {id}")
/home/jupyter-deuk-c4e4/.conda/envs/ts310/lib/python3.10/site-packages/gym/envs/registration.py:595: UserWarning: [33mWARN: Overriding environment maze2d-eval-large-dense-v1[0m
  logger.warn(f"Overriding environment {id}")
/opt/dlami/nvme/home/jupyter-deuk-c4e4/temporal-straightening/custom_resolvers.py:4: UserWarning: 
The version_base parameter is not specified.
Please specify a compatability version level, or None.
Will assume defaults for version 1.1
  @hydra.main(config_path=None)
[2026-07-25 15:08:11,059][__main__][INFO] - Planning result saved dir: /opt/dlami/nvme/home/jupyter-deuk-c4e4/pusht-reproduction/patch_reproduction/plan/gd_seed_200/chunk_20
/home/jupyter-deuk-c4e4/.conda/envs/ts310/lib/python3.10/site-packages/wandb/sdk/internal/internal_api.py:30: UserWarning: pkg_resources is deprecated as an API. See https://setuptools.pypa.io/en/latest/pkg_resources.html. The pkg_resources package is slated for removal as early as 2025-11-30. Refrain from using this package or pin to Setuptools<81.
  from pkg_resources import parse_version
Using cache found in /home/jupyter-deuk-c4e4/.cache/torch/hub/facebookresearch_dinov2_81b2b6419385
Loaded 18685 rollouts
Loaded 21 rollouts
[2026-07-25 15:08:13,800][dinov2][INFO] - using MLP layer as FFN
[2026-07-25 15:08:14,297][models.dino][WARNING] - Unknown projector 'none' for patch tokens; proceeding without projector.
Resuming from epoch 2: /home/jupyter-deuk-c4e4/pusht-reproduction/patch_reproduction/test/pusht_False_agg32_projnone_dim384_hw14_sgTrue_lr1e-06/checkpoints/model_2.pth
[2026-07-25 15:08:14,696][models.visual_world_model][INFO] - num_action_repeat: 1
[2026-07-25 15:08:14,696][models.visual_world_model][INFO] - num_proprio_repeat: 1
[2026-07-25 15:08:14,696][models.visual_world_model][INFO] - proprio encoder: ProprioceptiveEmbedding(
  (patch_embed): Conv1d(4, 10, kernel_size=(1,), stride=(1,))
  (norm): LayerNorm((10,), eps=1e-05, elementwise_affine=True)
)
[2026-07-25 15:08:14,696][models.visual_world_model][INFO] - action encoder: ProprioceptiveEmbedding(
  (patch_embed): Conv1d(10, 10, kernel_size=(1,), stride=(1,))
  (norm): LayerNorm((10,), eps=1e-05, elementwise_affine=True)
)
[2026-07-25 15:08:14,696][models.visual_world_model][INFO] - proprio_dim: 10, after repeat: 10
[2026-07-25 15:08:14,696][models.visual_world_model][INFO] - action_dim: 10, after repeat: 10
[2026-07-25 15:08:14,696][models.visual_world_model][INFO] - emb_dim: 404
[2026-07-25 15:08:14,696][models.visual_world_model][INFO] - Straightening disabled
[2026-07-25 15:08:14,696][models.visual_world_model][INFO] - Speed constancy disabled
[2026-07-25 15:08:14,696][models.visual_world_model][INFO] - Trajectory penalty disabled
[2026-07-25 15:08:14,696][models.visual_world_model][INFO] - Stop-grad enabled: True
[2026-07-25 15:08:14,696][models.visual_world_model][INFO] - VCReg enabled: False, apply_to=enc, std_coeff=0.0, cov_coeff=0.0
[2026-07-25 15:08:14,696][models.visual_world_model][INFO] - Model emb_dim: 404
[timing] setup_model_s=3.639
eval_seed:  [4001, 4201, 4401, 4601, 4801, 5001, 5201, 5401, 5601, 5801]
Dumped plan targets to /opt/dlami/nvme/home/jupyter-deuk-c4e4/pusht-reproduction/patch_reproduction/plan/gd_seed_200/chunk_20/plan_targets.pkl
[timing] setup_workspace_s=5.767

MPC iter 0 Eval ------- 
Success rate:  0.8
{'success': array([ True,  True,  True, False, False,  True,  True,  True,  True,
        True]), 'state_dist': array([  8.541555,  11.655097,  25.4719  , 101.19424 , 110.721634,
        11.641454,  18.56433 ,  21.029858,  25.347649,  12.453653],
      dtype=float32)}
self.is_success:  [ True  True  True False False  True  True  True  True  True]
Success rate:  0.8
{'success': array([ True,  True,  True, False, False,  True,  True,  True,  True,
        True]), 'state_dist': array([  8.541555,  11.655097,  25.4719  , 101.19424 , 110.721634,
        11.641454,  18.56433 ,  21.029858,  25.347649,  12.453653],
      dtype=float32)}
[timing] perform_planning_s=32.913
[timing] total_planning_main_s=42.320
===== patch gd seed 200 chunk 30 (n_evals=10) =====
/home/jupyter-deuk-c4e4/.conda/envs/ts310/lib/python3.10/site-packages/wandb/sdk/internal/internal_api.py:30: UserWarning: pkg_resources is deprecated as an API. See https://setuptools.pypa.io/en/latest/pkg_resources.html. The pkg_resources package is slated for removal as early as 2025-11-30. Refrain from using this package or pin to Setuptools<81.
  from pkg_resources import parse_version
/home/jupyter-deuk-c4e4/.conda/envs/ts310/lib/python3.10/site-packages/pkg_resources/__init__.py:3148: DeprecationWarning: Deprecated call to `pkg_resources.declare_namespace('mpl_toolkits')`.
Implementing implicit namespace packages (as specified in PEP 420) is preferred to `pkg_resources.declare_namespace`. See https://setuptools.pypa.io/en/latest/references/keywords.html#keyword-namespace-packages
  declare_namespace(pkg)
/home/jupyter-deuk-c4e4/.conda/envs/ts310/lib/python3.10/site-packages/pkg_resources/__init__.py:3148: DeprecationWarning: Deprecated call to `pkg_resources.declare_namespace('google')`.
Implementing implicit namespace packages (as specified in PEP 420) is preferred to `pkg_resources.declare_namespace`. See https://setuptools.pypa.io/en/latest/references/keywords.html#keyword-namespace-packages
  declare_namespace(pkg)
/home/jupyter-deuk-c4e4/.conda/envs/ts310/lib/python3.10/site-packages/Cython/Distutils/old_build_ext.py:15: DeprecationWarning: dep_util is Deprecated. Use functions from setuptools instead.
  from distutils.dep_util import newer, newer_group
<frozen importlib._bootstrap>:283: DeprecationWarning: the load_module() method is deprecated and slated for removal in Python 3.12; use exec_module() instead
Warning: Mujoco-based envs failed to import. Set the environment variable D4RL_SUPPRESS_IMPORT_ERROR=1 to suppress this message.
No module named 'mjrl'
Warning: Flow failed to import. Set the environment variable D4RL_SUPPRESS_IMPORT_ERROR=1 to suppress this message.
No module named 'flow'
Warning: CARLA failed to import. Set the environment variable D4RL_SUPPRESS_IMPORT_ERROR=1 to suppress this message.
No module named 'carla'
pybullet build time: Jan 29 2025 23:16:28
/home/jupyter-deuk-c4e4/.conda/envs/ts310/lib/python3.10/site-packages/gym/envs/registration.py:595: UserWarning: [33mWARN: Overriding environment maze2d-open-v0[0m
  logger.warn(f"Overriding environment {id}")
/home/jupyter-deuk-c4e4/.conda/envs/ts310/lib/python3.10/site-packages/gym/envs/registration.py:595: UserWarning: [33mWARN: Overriding environment maze2d-umaze-v0[0m
  logger.warn(f"Overriding environment {id}")
/home/jupyter-deuk-c4e4/.conda/envs/ts310/lib/python3.10/site-packages/gym/envs/registration.py:595: UserWarning: [33mWARN: Overriding environment maze2d-medium-v0[0m
  logger.warn(f"Overriding environment {id}")
/home/jupyter-deuk-c4e4/.conda/envs/ts310/lib/python3.10/site-packages/gym/envs/registration.py:595: UserWarning: [33mWARN: Overriding environment maze2d-large-v0[0m
  logger.warn(f"Overriding environment {id}")
/home/jupyter-deuk-c4e4/.conda/envs/ts310/lib/python3.10/site-packages/gym/envs/registration.py:595: UserWarning: [33mWARN: Overriding environment maze2d-umaze-v1[0m
  logger.warn(f"Overriding environment {id}")
/home/jupyter-deuk-c4e4/.conda/envs/ts310/lib/python3.10/site-packages/gym/envs/registration.py:595: UserWarning: [33mWARN: Overriding environment maze2d-medium-v1[0m
  logger.warn(f"Overriding environment {id}")
/home/jupyter-deuk-c4e4/.conda/envs/ts310/lib/python3.10/site-packages/gym/envs/registration.py:595: UserWarning: [33mWARN: Overriding environment maze2d-large-v1[0m
  logger.warn(f"Overriding environment {id}")
/home/jupyter-deuk-c4e4/.conda/envs/ts310/lib/python3.10/site-packages/gym/envs/registration.py:595: UserWarning: [33mWARN: Overriding environment maze2d-eval-umaze-v1[0m
  logger.warn(f"Overriding environment {id}")
/home/jupyter-deuk-c4e4/.conda/envs/ts310/lib/python3.10/site-packages/gym/envs/registration.py:595: UserWarning: [33mWARN: Overriding environment maze2d-eval-medium-v1[0m
  logger.warn(f"Overriding environment {id}")
/home/jupyter-deuk-c4e4/.conda/envs/ts310/lib/python3.10/site-packages/gym/envs/registration.py:595: UserWarning: [33mWARN: Overriding environment maze2d-eval-large-v1[0m
  logger.warn(f"Overriding environment {id}")
/home/jupyter-deuk-c4e4/.conda/envs/ts310/lib/python3.10/site-packages/gym/envs/registration.py:595: UserWarning: [33mWARN: Overriding environment maze2d-open-dense-v0[0m
  logger.warn(f"Overriding environment {id}")
/home/jupyter-deuk-c4e4/.conda/envs/ts310/lib/python3.10/site-packages/gym/envs/registration.py:595: UserWarning: [33mWARN: Overriding environment maze2d-umaze-dense-v0[0m
  logger.warn(f"Overriding environment {id}")
/home/jupyter-deuk-c4e4/.conda/envs/ts310/lib/python3.10/site-packages/gym/envs/registration.py:595: UserWarning: [33mWARN: Overriding environment maze2d-medium-dense-v0[0m
  logger.warn(f"Overriding environment {id}")
/home/jupyter-deuk-c4e4/.conda/envs/ts310/lib/python3.10/site-packages/gym/envs/registration.py:595: UserWarning: [33mWARN: Overriding environment maze2d-large-dense-v0[0m
  logger.warn(f"Overriding environment {id}")
/home/jupyter-deuk-c4e4/.conda/envs/ts310/lib/python3.10/site-packages/gym/envs/registration.py:595: UserWarning: [33mWARN: Overriding environment maze2d-umaze-dense-v1[0m
  logger.warn(f"Overriding environment {id}")
/home/jupyter-deuk-c4e4/.conda/envs/ts310/lib/python3.10/site-packages/gym/envs/registration.py:595: UserWarning: [33mWARN: Overriding environment maze2d-medium-dense-v1[0m
  logger.warn(f"Overriding environment {id}")
/home/jupyter-deuk-c4e4/.conda/envs/ts310/lib/python3.10/site-packages/gym/envs/registration.py:595: UserWarning: [33mWARN: Overriding environment maze2d-large-dense-v1[0m
  logger.warn(f"Overriding environment {id}")
/home/jupyter-deuk-c4e4/.conda/envs/ts310/lib/python3.10/site-packages/gym/envs/registration.py:595: UserWarning: [33mWARN: Overriding environment maze2d-eval-umaze-dense-v1[0m
  logger.warn(f"Overriding environment {id}")
/home/jupyter-deuk-c4e4/.conda/envs/ts310/lib/python3.10/site-packages/gym/envs/registration.py:595: UserWarning: [33mWARN: Overriding environment maze2d-eval-medium-dense-v1[0m
  logger.warn(f"Overriding environment {id}")
/home/jupyter-deuk-c4e4/.conda/envs/ts310/lib/python3.10/site-packages/gym/envs/registration.py:595: UserWarning: [33mWARN: Overriding environment maze2d-eval-large-dense-v1[0m
  logger.warn(f"Overriding environment {id}")
/opt/dlami/nvme/home/jupyter-deuk-c4e4/temporal-straightening/custom_resolvers.py:4: UserWarning: 
The version_base parameter is not specified.
Please specify a compatability version level, or None.
Will assume defaults for version 1.1
  @hydra.main(config_path=None)
[2026-07-25 15:08:58,578][__main__][INFO] - Planning result saved dir: /opt/dlami/nvme/home/jupyter-deuk-c4e4/pusht-reproduction/patch_reproduction/plan/gd_seed_200/chunk_30
/home/jupyter-deuk-c4e4/.conda/envs/ts310/lib/python3.10/site-packages/wandb/sdk/internal/internal_api.py:30: UserWarning: pkg_resources is deprecated as an API. See https://setuptools.pypa.io/en/latest/pkg_resources.html. The pkg_resources package is slated for removal as early as 2025-11-30. Refrain from using this package or pin to Setuptools<81.
  from pkg_resources import parse_version
Using cache found in /home/jupyter-deuk-c4e4/.cache/torch/hub/facebookresearch_dinov2_81b2b6419385
Loaded 18685 rollouts
Loaded 21 rollouts
[2026-07-25 15:09:01,118][dinov2][INFO] - using MLP layer as FFN
[2026-07-25 15:09:01,597][models.dino][WARNING] - Unknown projector 'none' for patch tokens; proceeding without projector.
Resuming from epoch 2: /home/jupyter-deuk-c4e4/pusht-reproduction/patch_reproduction/test/pusht_False_agg32_projnone_dim384_hw14_sgTrue_lr1e-06/checkpoints/model_2.pth
[2026-07-25 15:09:01,998][models.visual_world_model][INFO] - num_action_repeat: 1
[2026-07-25 15:09:01,998][models.visual_world_model][INFO] - num_proprio_repeat: 1
[2026-07-25 15:09:01,998][models.visual_world_model][INFO] - proprio encoder: ProprioceptiveEmbedding(
  (patch_embed): Conv1d(4, 10, kernel_size=(1,), stride=(1,))
  (norm): LayerNorm((10,), eps=1e-05, elementwise_affine=True)
)
[2026-07-25 15:09:01,999][models.visual_world_model][INFO] - action encoder: ProprioceptiveEmbedding(
  (patch_embed): Conv1d(10, 10, kernel_size=(1,), stride=(1,))
  (norm): LayerNorm((10,), eps=1e-05, elementwise_affine=True)
)
[2026-07-25 15:09:01,999][models.visual_world_model][INFO] - proprio_dim: 10, after repeat: 10
[2026-07-25 15:09:01,999][models.visual_world_model][INFO] - action_dim: 10, after repeat: 10
[2026-07-25 15:09:01,999][models.visual_world_model][INFO] - emb_dim: 404
[2026-07-25 15:09:01,999][models.visual_world_model][INFO] - Straightening disabled
[2026-07-25 15:09:01,999][models.visual_world_model][INFO] - Speed constancy disabled
[2026-07-25 15:09:01,999][models.visual_world_model][INFO] - Trajectory penalty disabled
[2026-07-25 15:09:01,999][models.visual_world_model][INFO] - Stop-grad enabled: True
[2026-07-25 15:09:01,999][models.visual_world_model][INFO] - VCReg enabled: False, apply_to=enc, std_coeff=0.0, cov_coeff=0.0
[2026-07-25 15:09:01,999][models.visual_world_model][INFO] - Model emb_dim: 404
[timing] setup_model_s=3.423
eval_seed:  [6001, 6201, 6401, 6601, 6801, 7001, 7201, 7401, 7601, 7801]
Dumped plan targets to /opt/dlami/nvme/home/jupyter-deuk-c4e4/pusht-reproduction/patch_reproduction/plan/gd_seed_200/chunk_30/plan_targets.pkl
[timing] setup_workspace_s=6.113

MPC iter 0 Eval ------- 
Success rate:  0.5
{'success': array([ True, False, False, False,  True,  True, False,  True,  True,
       False]), 'state_dist': array([ 29.94369 ,  93.242096, 122.05938 ,  69.670364,  13.488911,
        13.93739 ,  75.04877 ,  24.071384,  25.923729,  45.092762],
      dtype=float32)}
self.is_success:  [ True False False False  True  True False  True  True False]
Success rate:  0.5
{'success': array([ True, False, False, False,  True,  True, False,  True,  True,
       False]), 'state_dist': array([ 29.94369 ,  93.242096, 122.05938 ,  69.670364,  13.488911,
        13.93739 ,  75.04877 ,  24.071384,  25.923729,  45.092762],
      dtype=float32)}
[timing] perform_planning_s=32.809
[timing] total_planning_main_s=42.346
===== patch gd seed 200 chunk 40 (n_evals=10) =====
/home/jupyter-deuk-c4e4/.conda/envs/ts310/lib/python3.10/site-packages/wandb/sdk/internal/internal_api.py:30: UserWarning: pkg_resources is deprecated as an API. See https://setuptools.pypa.io/en/latest/pkg_resources.html. The pkg_resources package is slated for removal as early as 2025-11-30. Refrain from using this package or pin to Setuptools<81.
  from pkg_resources import parse_version
/home/jupyter-deuk-c4e4/.conda/envs/ts310/lib/python3.10/site-packages/pkg_resources/__init__.py:3148: DeprecationWarning: Deprecated call to `pkg_resources.declare_namespace('mpl_toolkits')`.
Implementing implicit namespace packages (as specified in PEP 420) is preferred to `pkg_resources.declare_namespace`. See https://setuptools.pypa.io/en/latest/references/keywords.html#keyword-namespace-packages
  declare_namespace(pkg)
/home/jupyter-deuk-c4e4/.conda/envs/ts310/lib/python3.10/site-packages/pkg_resources/__init__.py:3148: DeprecationWarning: Deprecated call to `pkg_resources.declare_namespace('google')`.
Implementing implicit namespace packages (as specified in PEP 420) is preferred to `pkg_resources.declare_namespace`. See https://setuptools.pypa.io/en/latest/references/keywords.html#keyword-namespace-packages
  declare_namespace(pkg)
/home/jupyter-deuk-c4e4/.conda/envs/ts310/lib/python3.10/site-packages/Cython/Distutils/old_build_ext.py:15: DeprecationWarning: dep_util is Deprecated. Use functions from setuptools instead.
  from distutils.dep_util import newer, newer_group
<frozen importlib._bootstrap>:283: DeprecationWarning: the load_module() method is deprecated and slated for removal in Python 3.12; use exec_module() instead
Warning: Mujoco-based envs failed to import. Set the environment variable D4RL_SUPPRESS_IMPORT_ERROR=1 to suppress this message.
No module named 'mjrl'
Warning: Flow failed to import. Set the environment variable D4RL_SUPPRESS_IMPORT_ERROR=1 to suppress this message.
No module named 'flow'
Warning: CARLA failed to import. Set the environment variable D4RL_SUPPRESS_IMPORT_ERROR=1 to suppress this message.
No module named 'carla'
pybullet build time: Jan 29 2025 23:16:28
/home/jupyter-deuk-c4e4/.conda/envs/ts310/lib/python3.10/site-packages/gym/envs/registration.py:595: UserWarning: [33mWARN: Overriding environment maze2d-open-v0[0m
  logger.warn(f"Overriding environment {id}")
/home/jupyter-deuk-c4e4/.conda/envs/ts310/lib/python3.10/site-packages/gym/envs/registration.py:595: UserWarning: [33mWARN: Overriding environment maze2d-umaze-v0[0m
  logger.warn(f"Overriding environment {id}")
/home/jupyter-deuk-c4e4/.conda/envs/ts310/lib/python3.10/site-packages/gym/envs/registration.py:595: UserWarning: [33mWARN: Overriding environment maze2d-medium-v0[0m
  logger.warn(f"Overriding environment {id}")
/home/jupyter-deuk-c4e4/.conda/envs/ts310/lib/python3.10/site-packages/gym/envs/registration.py:595: UserWarning: [33mWARN: Overriding environment maze2d-large-v0[0m
  logger.warn(f"Overriding environment {id}")
/home/jupyter-deuk-c4e4/.conda/envs/ts310/lib/python3.10/site-packages/gym/envs/registration.py:595: UserWarning: [33mWARN: Overriding environment maze2d-umaze-v1[0m
  logger.warn(f"Overriding environment {id}")
/home/jupyter-deuk-c4e4/.conda/envs/ts310/lib/python3.10/site-packages/gym/envs/registration.py:595: UserWarning: [33mWARN: Overriding environment maze2d-medium-v1[0m
  logger.warn(f"Overriding environment {id}")
/home/jupyter-deuk-c4e4/.conda/envs/ts310/lib/python3.10/site-packages/gym/envs/registration.py:595: UserWarning: [33mWARN: Overriding environment maze2d-large-v1[0m
  logger.warn(f"Overriding environment {id}")
/home/jupyter-deuk-c4e4/.conda/envs/ts310/lib/python3.10/site-packages/gym/envs/registration.py:595: UserWarning: [33mWARN: Overriding environment maze2d-eval-umaze-v1[0m
  logger.warn(f"Overriding environment {id}")
/home/jupyter-deuk-c4e4/.conda/envs/ts310/lib/python3.10/site-packages/gym/envs/registration.py:595: UserWarning: [33mWARN: Overriding environment maze2d-eval-medium-v1[0m
  logger.warn(f"Overriding environment {id}")
/home/jupyter-deuk-c4e4/.conda/envs/ts310/lib/python3.10/site-packages/gym/envs/registration.py:595: UserWarning: [33mWARN: Overriding environment maze2d-eval-large-v1[0m
  logger.warn(f"Overriding environment {id}")
/home/jupyter-deuk-c4e4/.conda/envs/ts310/lib/python3.10/site-packages/gym/envs/registration.py:595: UserWarning: [33mWARN: Overriding environment maze2d-open-dense-v0[0m
  logger.warn(f"Overriding environment {id}")
/home/jupyter-deuk-c4e4/.conda/envs/ts310/lib/python3.10/site-packages/gym/envs/registration.py:595: UserWarning: [33mWARN: Overriding environment maze2d-umaze-dense-v0[0m
  logger.warn(f"Overriding environment {id}")
/home/jupyter-deuk-c4e4/.conda/envs/ts310/lib/python3.10/site-packages/gym/envs/registration.py:595: UserWarning: [33mWARN: Overriding environment maze2d-medium-dense-v0[0m
  logger.warn(f"Overriding environment {id}")
/home/jupyter-deuk-c4e4/.conda/envs/ts310/lib/python3.10/site-packages/gym/envs/registration.py:595: UserWarning: [33mWARN: Overriding environment maze2d-large-dense-v0[0m
  logger.warn(f"Overriding environment {id}")
/home/jupyter-deuk-c4e4/.conda/envs/ts310/lib/python3.10/site-packages/gym/envs/registration.py:595: UserWarning: [33mWARN: Overriding environment maze2d-umaze-dense-v1[0m
  logger.warn(f"Overriding environment {id}")
/home/jupyter-deuk-c4e4/.conda/envs/ts310/lib/python3.10/site-packages/gym/envs/registration.py:595: UserWarning: [33mWARN: Overriding environment maze2d-medium-dense-v1[0m
  logger.warn(f"Overriding environment {id}")
/home/jupyter-deuk-c4e4/.conda/envs/ts310/lib/python3.10/site-packages/gym/envs/registration.py:595: UserWarning: [33mWARN: Overriding environment maze2d-large-dense-v1[0m
  logger.warn(f"Overriding environment {id}")
/home/jupyter-deuk-c4e4/.conda/envs/ts310/lib/python3.10/site-packages/gym/envs/registration.py:595: UserWarning: [33mWARN: Overriding environment maze2d-eval-umaze-dense-v1[0m
  logger.warn(f"Overriding environment {id}")
/home/jupyter-deuk-c4e4/.conda/envs/ts310/lib/python3.10/site-packages/gym/envs/registration.py:595: UserWarning: [33mWARN: Overriding environment maze2d-eval-medium-dense-v1[0m
  logger.warn(f"Overriding environment {id}")
/home/jupyter-deuk-c4e4/.conda/envs/ts310/lib/python3.10/site-packages/gym/envs/registration.py:595: UserWarning: [33mWARN: Overriding environment maze2d-eval-large-dense-v1[0m
  logger.warn(f"Overriding environment {id}")
/opt/dlami/nvme/home/jupyter-deuk-c4e4/temporal-straightening/custom_resolvers.py:4: UserWarning: 
The version_base parameter is not specified.
Please specify a compatability version level, or None.
Will assume defaults for version 1.1
  @hydra.main(config_path=None)
[2026-07-25 15:09:46,495][__main__][INFO] - Planning result saved dir: /opt/dlami/nvme/home/jupyter-deuk-c4e4/pusht-reproduction/patch_reproduction/plan/gd_seed_200/chunk_40
/home/jupyter-deuk-c4e4/.conda/envs/ts310/lib/python3.10/site-packages/wandb/sdk/internal/internal_api.py:30: UserWarning: pkg_resources is deprecated as an API. See https://setuptools.pypa.io/en/latest/pkg_resources.html. The pkg_resources package is slated for removal as early as 2025-11-30. Refrain from using this package or pin to Setuptools<81.
  from pkg_resources import parse_version
Using cache found in /home/jupyter-deuk-c4e4/.cache/torch/hub/facebookresearch_dinov2_81b2b6419385
Loaded 18685 rollouts
Loaded 21 rollouts
[2026-07-25 15:09:49,676][dinov2][INFO] - using MLP layer as FFN
[2026-07-25 15:09:50,252][models.dino][WARNING] - Unknown projector 'none' for patch tokens; proceeding without projector.
Resuming from epoch 2: /home/jupyter-deuk-c4e4/pusht-reproduction/patch_reproduction/test/pusht_False_agg32_projnone_dim384_hw14_sgTrue_lr1e-06/checkpoints/model_2.pth
[2026-07-25 15:09:50,705][models.visual_world_model][INFO] - num_action_repeat: 1
[2026-07-25 15:09:50,705][models.visual_world_model][INFO] - num_proprio_repeat: 1
[2026-07-25 15:09:50,705][models.visual_world_model][INFO] - proprio encoder: ProprioceptiveEmbedding(
  (patch_embed): Conv1d(4, 10, kernel_size=(1,), stride=(1,))
  (norm): LayerNorm((10,), eps=1e-05, elementwise_affine=True)
)
[2026-07-25 15:09:50,706][models.visual_world_model][INFO] - action encoder: ProprioceptiveEmbedding(
  (patch_embed): Conv1d(10, 10, kernel_size=(1,), stride=(1,))
  (norm): LayerNorm((10,), eps=1e-05, elementwise_affine=True)
)
[2026-07-25 15:09:50,706][models.visual_world_model][INFO] - proprio_dim: 10, after repeat: 10
[2026-07-25 15:09:50,706][models.visual_world_model][INFO] - action_dim: 10, after repeat: 10
[2026-07-25 15:09:50,706][models.visual_world_model][INFO] - emb_dim: 404
[2026-07-25 15:09:50,706][models.visual_world_model][INFO] - Straightening disabled
[2026-07-25 15:09:50,706][models.visual_world_model][INFO] - Speed constancy disabled
[2026-07-25 15:09:50,706][models.visual_world_model][INFO] - Trajectory penalty disabled
[2026-07-25 15:09:50,706][models.visual_world_model][INFO] - Stop-grad enabled: True
[2026-07-25 15:09:50,706][models.visual_world_model][INFO] - VCReg enabled: False, apply_to=enc, std_coeff=0.0, cov_coeff=0.0
[2026-07-25 15:09:50,706][models.visual_world_model][INFO] - Model emb_dim: 404
[timing] setup_model_s=4.214
eval_seed:  [8001, 8201, 8401, 8601, 8801, 9001, 9201, 9401, 9601, 9801]
Dumped plan targets to /opt/dlami/nvme/home/jupyter-deuk-c4e4/pusht-reproduction/patch_reproduction/plan/gd_seed_200/chunk_40/plan_targets.pkl
[timing] setup_workspace_s=7.019

MPC iter 0 Eval ------- 
Success rate:  0.5
{'success': array([ True,  True,  True, False, False, False,  True, False, False,
        True]), 'state_dist': array([ 14.270583,  19.951702,   6.524378, 110.2234  , 154.92555 ,
       103.08104 ,  57.654106, 128.41258 ,  79.330864,  29.514132],
      dtype=float32)}
self.is_success:  [ True  True  True False False False  True False False  True]
Success rate:  0.5
{'success': array([ True,  True,  True, False, False, False,  True, False, False,
        True]), 'state_dist': array([ 14.270583,  19.951702,   6.524378, 110.2234  , 154.92555 ,
       103.08104 ,  57.654106, 128.41258 ,  79.330864,  29.514132],
      dtype=float32)}
[timing] perform_planning_s=33.086
[timing] total_planning_main_s=44.319
===== patch gd seed 300 chunk 00 (n_evals=10) =====
/home/jupyter-deuk-c4e4/.conda/envs/ts310/lib/python3.10/site-packages/wandb/sdk/internal/internal_api.py:30: UserWarning: pkg_resources is deprecated as an API. See https://setuptools.pypa.io/en/latest/pkg_resources.html. The pkg_resources package is slated for removal as early as 2025-11-30. Refrain from using this package or pin to Setuptools<81.
  from pkg_resources import parse_version
/home/jupyter-deuk-c4e4/.conda/envs/ts310/lib/python3.10/site-packages/pkg_resources/__init__.py:3148: DeprecationWarning: Deprecated call to `pkg_resources.declare_namespace('mpl_toolkits')`.
Implementing implicit namespace packages (as specified in PEP 420) is preferred to `pkg_resources.declare_namespace`. See https://setuptools.pypa.io/en/latest/references/keywords.html#keyword-namespace-packages
  declare_namespace(pkg)
/home/jupyter-deuk-c4e4/.conda/envs/ts310/lib/python3.10/site-packages/pkg_resources/__init__.py:3148: DeprecationWarning: Deprecated call to `pkg_resources.declare_namespace('google')`.
Implementing implicit namespace packages (as specified in PEP 420) is preferred to `pkg_resources.declare_namespace`. See https://setuptools.pypa.io/en/latest/references/keywords.html#keyword-namespace-packages
  declare_namespace(pkg)
/home/jupyter-deuk-c4e4/.conda/envs/ts310/lib/python3.10/site-packages/Cython/Distutils/old_build_ext.py:15: DeprecationWarning: dep_util is Deprecated. Use functions from setuptools instead.
  from distutils.dep_util import newer, newer_group
<frozen importlib._bootstrap>:283: DeprecationWarning: the load_module() method is deprecated and slated for removal in Python 3.12; use exec_module() instead
Warning: Mujoco-based envs failed to import. Set the environment variable D4RL_SUPPRESS_IMPORT_ERROR=1 to suppress this message.
No module named 'mjrl'
Warning: Flow failed to import. Set the environment variable D4RL_SUPPRESS_IMPORT_ERROR=1 to suppress this message.
No module named 'flow'
Warning: CARLA failed to import. Set the environment variable D4RL_SUPPRESS_IMPORT_ERROR=1 to suppress this message.
No module named 'carla'
pybullet build time: Jan 29 2025 23:16:28
/home/jupyter-deuk-c4e4/.conda/envs/ts310/lib/python3.10/site-packages/gym/envs/registration.py:595: UserWarning: [33mWARN: Overriding environment maze2d-open-v0[0m
  logger.warn(f"Overriding environment {id}")
/home/jupyter-deuk-c4e4/.conda/envs/ts310/lib/python3.10/site-packages/gym/envs/registration.py:595: UserWarning: [33mWARN: Overriding environment maze2d-umaze-v0[0m
  logger.warn(f"Overriding environment {id}")
/home/jupyter-deuk-c4e4/.conda/envs/ts310/lib/python3.10/site-packages/gym/envs/registration.py:595: UserWarning: [33mWARN: Overriding environment maze2d-medium-v0[0m
  logger.warn(f"Overriding environment {id}")
/home/jupyter-deuk-c4e4/.conda/envs/ts310/lib/python3.10/site-packages/gym/envs/registration.py:595: UserWarning: [33mWARN: Overriding environment maze2d-large-v0[0m
  logger.warn(f"Overriding environment {id}")
/home/jupyter-deuk-c4e4/.conda/envs/ts310/lib/python3.10/site-packages/gym/envs/registration.py:595: UserWarning: [33mWARN: Overriding environment maze2d-umaze-v1[0m
  logger.warn(f"Overriding environment {id}")
/home/jupyter-deuk-c4e4/.conda/envs/ts310/lib/python3.10/site-packages/gym/envs/registration.py:595: UserWarning: [33mWARN: Overriding environment maze2d-medium-v1[0m
  logger.warn(f"Overriding environment {id}")
/home/jupyter-deuk-c4e4/.conda/envs/ts310/lib/python3.10/site-packages/gym/envs/registration.py:595: UserWarning: [33mWARN: Overriding environment maze2d-large-v1[0m
  logger.warn(f"Overriding environment {id}")
/home/jupyter-deuk-c4e4/.conda/envs/ts310/lib/python3.10/site-packages/gym/envs/registration.py:595: UserWarning: [33mWARN: Overriding environment maze2d-eval-umaze-v1[0m
  logger.warn(f"Overriding environment {id}")
/home/jupyter-deuk-c4e4/.conda/envs/ts310/lib/python3.10/site-packages/gym/envs/registration.py:595: UserWarning: [33mWARN: Overriding environment maze2d-eval-medium-v1[0m
  logger.warn(f"Overriding environment {id}")
/home/jupyter-deuk-c4e4/.conda/envs/ts310/lib/python3.10/site-packages/gym/envs/registration.py:595: UserWarning: [33mWARN: Overriding environment maze2d-eval-large-v1[0m
  logger.warn(f"Overriding environment {id}")
/home/jupyter-deuk-c4e4/.conda/envs/ts310/lib/python3.10/site-packages/gym/envs/registration.py:595: UserWarning: [33mWARN: Overriding environment maze2d-open-dense-v0[0m
  logger.warn(f"Overriding environment {id}")
/home/jupyter-deuk-c4e4/.conda/envs/ts310/lib/python3.10/site-packages/gym/envs/registration.py:595: UserWarning: [33mWARN: Overriding environment maze2d-umaze-dense-v0[0m
  logger.warn(f"Overriding environment {id}")
/home/jupyter-deuk-c4e4/.conda/envs/ts310/lib/python3.10/site-packages/gym/envs/registration.py:595: UserWarning: [33mWARN: Overriding environment maze2d-medium-dense-v0[0m
  logger.warn(f"Overriding environment {id}")
/home/jupyter-deuk-c4e4/.conda/envs/ts310/lib/python3.10/site-packages/gym/envs/registration.py:595: UserWarning: [33mWARN: Overriding environment maze2d-large-dense-v0[0m
  logger.warn(f"Overriding environment {id}")
/home/jupyter-deuk-c4e4/.conda/envs/ts310/lib/python3.10/site-packages/gym/envs/registration.py:595: UserWarning: [33mWARN: Overriding environment maze2d-umaze-dense-v1[0m
  logger.warn(f"Overriding environment {id}")
/home/jupyter-deuk-c4e4/.conda/envs/ts310/lib/python3.10/site-packages/gym/envs/registration.py:595: UserWarning: [33mWARN: Overriding environment maze2d-medium-dense-v1[0m
  logger.warn(f"Overriding environment {id}")
/home/jupyter-deuk-c4e4/.conda/envs/ts310/lib/python3.10/site-packages/gym/envs/registration.py:595: UserWarning: [33mWARN: Overriding environment maze2d-large-dense-v1[0m
  logger.warn(f"Overriding environment {id}")
/home/jupyter-deuk-c4e4/.conda/envs/ts310/lib/python3.10/site-packages/gym/envs/registration.py:595: UserWarning: [33mWARN: Overriding environment maze2d-eval-umaze-dense-v1[0m
  logger.warn(f"Overriding environment {id}")
/home/jupyter-deuk-c4e4/.conda/envs/ts310/lib/python3.10/site-packages/gym/envs/registration.py:595: UserWarning: [33mWARN: Overriding environment maze2d-eval-medium-dense-v1[0m
  logger.warn(f"Overriding environment {id}")
/home/jupyter-deuk-c4e4/.conda/envs/ts310/lib/python3.10/site-packages/gym/envs/registration.py:595: UserWarning: [33mWARN: Overriding environment maze2d-eval-large-dense-v1[0m
  logger.warn(f"Overriding environment {id}")
/opt/dlami/nvme/home/jupyter-deuk-c4e4/temporal-straightening/custom_resolvers.py:4: UserWarning: 
The version_base parameter is not specified.
Please specify a compatability version level, or None.
Will assume defaults for version 1.1
  @hydra.main(config_path=None)
[2026-07-25 15:10:37,036][__main__][INFO] - Planning result saved dir: /opt/dlami/nvme/home/jupyter-deuk-c4e4/pusht-reproduction/patch_reproduction/plan/gd_seed_300/chunk_00
/home/jupyter-deuk-c4e4/.conda/envs/ts310/lib/python3.10/site-packages/wandb/sdk/internal/internal_api.py:30: UserWarning: pkg_resources is deprecated as an API. See https://setuptools.pypa.io/en/latest/pkg_resources.html. The pkg_resources package is slated for removal as early as 2025-11-30. Refrain from using this package or pin to Setuptools<81.
  from pkg_resources import parse_version
Using cache found in /home/jupyter-deuk-c4e4/.cache/torch/hub/facebookresearch_dinov2_81b2b6419385
Loaded 18685 rollouts
Loaded 21 rollouts
[2026-07-25 15:10:39,486][dinov2][INFO] - using MLP layer as FFN
[2026-07-25 15:10:39,891][models.dino][WARNING] - Unknown projector 'none' for patch tokens; proceeding without projector.
Resuming from epoch 2: /home/jupyter-deuk-c4e4/pusht-reproduction/patch_reproduction/test/pusht_False_agg32_projnone_dim384_hw14_sgTrue_lr1e-06/checkpoints/model_2.pth
[2026-07-25 15:10:40,318][models.visual_world_model][INFO] - num_action_repeat: 1
[2026-07-25 15:10:40,318][models.visual_world_model][INFO] - num_proprio_repeat: 1
[2026-07-25 15:10:40,318][models.visual_world_model][INFO] - proprio encoder: ProprioceptiveEmbedding(
  (patch_embed): Conv1d(4, 10, kernel_size=(1,), stride=(1,))
  (norm): LayerNorm((10,), eps=1e-05, elementwise_affine=True)
)
[2026-07-25 15:10:40,319][models.visual_world_model][INFO] - action encoder: ProprioceptiveEmbedding(
  (patch_embed): Conv1d(10, 10, kernel_size=(1,), stride=(1,))
  (norm): LayerNorm((10,), eps=1e-05, elementwise_affine=True)
)
[2026-07-25 15:10:40,319][models.visual_world_model][INFO] - proprio_dim: 10, after repeat: 10
[2026-07-25 15:10:40,319][models.visual_world_model][INFO] - action_dim: 10, after repeat: 10
[2026-07-25 15:10:40,319][models.visual_world_model][INFO] - emb_dim: 404
[2026-07-25 15:10:40,319][models.visual_world_model][INFO] - Straightening disabled
[2026-07-25 15:10:40,319][models.visual_world_model][INFO] - Speed constancy disabled
[2026-07-25 15:10:40,319][models.visual_world_model][INFO] - Trajectory penalty disabled
[2026-07-25 15:10:40,319][models.visual_world_model][INFO] - Stop-grad enabled: True
[2026-07-25 15:10:40,319][models.visual_world_model][INFO] - VCReg enabled: False, apply_to=enc, std_coeff=0.0, cov_coeff=0.0
[2026-07-25 15:10:40,319][models.visual_world_model][INFO] - Model emb_dim: 404
[timing] setup_model_s=3.285
eval_seed:  [1, 301, 601, 901, 1201, 1501, 1801, 2101, 2401, 2701]
Dumped plan targets to /opt/dlami/nvme/home/jupyter-deuk-c4e4/pusht-reproduction/patch_reproduction/plan/gd_seed_300/chunk_00/plan_targets.pkl
[timing] setup_workspace_s=3.990

MPC iter 0 Eval ------- 
Success rate:  0.6
{'success': array([False,  True,  True, False, False,  True,  True,  True, False,
        True]), 'state_dist': array([125.17798 ,  17.467838,  15.036469,  82.78862 ,  33.300297,
        49.479637,  35.458424,  11.518633,  38.288734,  13.585363],
      dtype=float32)}
self.is_success:  [False  True  True False False  True  True  True False  True]
Success rate:  0.6
{'success': array([False,  True,  True, False, False,  True,  True,  True, False,
        True]), 'state_dist': array([125.17798 ,  17.467838,  15.036469,  82.78862 ,  33.300297,
        49.479637,  35.458424,  11.518633,  38.288734,  13.585363],
      dtype=float32)}
[timing] perform_planning_s=32.932
[timing] total_planning_main_s=40.207
===== patch gd seed 300 chunk 10 (n_evals=10) =====
/home/jupyter-deuk-c4e4/.conda/envs/ts310/lib/python3.10/site-packages/wandb/sdk/internal/internal_api.py:30: UserWarning: pkg_resources is deprecated as an API. See https://setuptools.pypa.io/en/latest/pkg_resources.html. The pkg_resources package is slated for removal as early as 2025-11-30. Refrain from using this package or pin to Setuptools<81.
  from pkg_resources import parse_version
/home/jupyter-deuk-c4e4/.conda/envs/ts310/lib/python3.10/site-packages/pkg_resources/__init__.py:3148: DeprecationWarning: Deprecated call to `pkg_resources.declare_namespace('mpl_toolkits')`.
Implementing implicit namespace packages (as specified in PEP 420) is preferred to `pkg_resources.declare_namespace`. See https://setuptools.pypa.io/en/latest/references/keywords.html#keyword-namespace-packages
  declare_namespace(pkg)
/home/jupyter-deuk-c4e4/.conda/envs/ts310/lib/python3.10/site-packages/pkg_resources/__init__.py:3148: DeprecationWarning: Deprecated call to `pkg_resources.declare_namespace('google')`.
Implementing implicit namespace packages (as specified in PEP 420) is preferred to `pkg_resources.declare_namespace`. See https://setuptools.pypa.io/en/latest/references/keywords.html#keyword-namespace-packages
  declare_namespace(pkg)
/home/jupyter-deuk-c4e4/.conda/envs/ts310/lib/python3.10/site-packages/Cython/Distutils/old_build_ext.py:15: DeprecationWarning: dep_util is Deprecated. Use functions from setuptools instead.
  from distutils.dep_util import newer, newer_group
<frozen importlib._bootstrap>:283: DeprecationWarning: the load_module() method is deprecated and slated for removal in Python 3.12; use exec_module() instead
Warning: Mujoco-based envs failed to import. Set the environment variable D4RL_SUPPRESS_IMPORT_ERROR=1 to suppress this message.
No module named 'mjrl'
Warning: Flow failed to import. Set the environment variable D4RL_SUPPRESS_IMPORT_ERROR=1 to suppress this message.
No module named 'flow'
Warning: CARLA failed to import. Set the environment variable D4RL_SUPPRESS_IMPORT_ERROR=1 to suppress this message.
No module named 'carla'
pybullet build time: Jan 29 2025 23:16:28
/home/jupyter-deuk-c4e4/.conda/envs/ts310/lib/python3.10/site-packages/gym/envs/registration.py:595: UserWarning: [33mWARN: Overriding environment maze2d-open-v0[0m
  logger.warn(f"Overriding environment {id}")
/home/jupyter-deuk-c4e4/.conda/envs/ts310/lib/python3.10/site-packages/gym/envs/registration.py:595: UserWarning: [33mWARN: Overriding environment maze2d-umaze-v0[0m
  logger.warn(f"Overriding environment {id}")
/home/jupyter-deuk-c4e4/.conda/envs/ts310/lib/python3.10/site-packages/gym/envs/registration.py:595: UserWarning: [33mWARN: Overriding environment maze2d-medium-v0[0m
  logger.warn(f"Overriding environment {id}")
/home/jupyter-deuk-c4e4/.conda/envs/ts310/lib/python3.10/site-packages/gym/envs/registration.py:595: UserWarning: [33mWARN: Overriding environment maze2d-large-v0[0m
  logger.warn(f"Overriding environment {id}")
/home/jupyter-deuk-c4e4/.conda/envs/ts310/lib/python3.10/site-packages/gym/envs/registration.py:595: UserWarning: [33mWARN: Overriding environment maze2d-umaze-v1[0m
  logger.warn(f"Overriding environment {id}")
/home/jupyter-deuk-c4e4/.conda/envs/ts310/lib/python3.10/site-packages/gym/envs/registration.py:595: UserWarning: [33mWARN: Overriding environment maze2d-medium-v1[0m
  logger.warn(f"Overriding environment {id}")
/home/jupyter-deuk-c4e4/.conda/envs/ts310/lib/python3.10/site-packages/gym/envs/registration.py:595: UserWarning: [33mWARN: Overriding environment maze2d-large-v1[0m
  logger.warn(f"Overriding environment {id}")
/home/jupyter-deuk-c4e4/.conda/envs/ts310/lib/python3.10/site-packages/gym/envs/registration.py:595: UserWarning: [33mWARN: Overriding environment maze2d-eval-umaze-v1[0m
  logger.warn(f"Overriding environment {id}")
/home/jupyter-deuk-c4e4/.conda/envs/ts310/lib/python3.10/site-packages/gym/envs/registration.py:595: UserWarning: [33mWARN: Overriding environment maze2d-eval-medium-v1[0m
  logger.warn(f"Overriding environment {id}")
/home/jupyter-deuk-c4e4/.conda/envs/ts310/lib/python3.10/site-packages/gym/envs/registration.py:595: UserWarning: [33mWARN: Overriding environment maze2d-eval-large-v1[0m
  logger.warn(f"Overriding environment {id}")
/home/jupyter-deuk-c4e4/.conda/envs/ts310/lib/python3.10/site-packages/gym/envs/registration.py:595: UserWarning: [33mWARN: Overriding environment maze2d-open-dense-v0[0m
  logger.warn(f"Overriding environment {id}")
/home/jupyter-deuk-c4e4/.conda/envs/ts310/lib/python3.10/site-packages/gym/envs/registration.py:595: UserWarning: [33mWARN: Overriding environment maze2d-umaze-dense-v0[0m
  logger.warn(f"Overriding environment {id}")
/home/jupyter-deuk-c4e4/.conda/envs/ts310/lib/python3.10/site-packages/gym/envs/registration.py:595: UserWarning: [33mWARN: Overriding environment maze2d-medium-dense-v0[0m
  logger.warn(f"Overriding environment {id}")
/home/jupyter-deuk-c4e4/.conda/envs/ts310/lib/python3.10/site-packages/gym/envs/registration.py:595: UserWarning: [33mWARN: Overriding environment maze2d-large-dense-v0[0m
  logger.warn(f"Overriding environment {id}")
/home/jupyter-deuk-c4e4/.conda/envs/ts310/lib/python3.10/site-packages/gym/envs/registration.py:595: UserWarning: [33mWARN: Overriding environment maze2d-umaze-dense-v1[0m
  logger.warn(f"Overriding environment {id}")
/home/jupyter-deuk-c4e4/.conda/envs/ts310/lib/python3.10/site-packages/gym/envs/registration.py:595: UserWarning: [33mWARN: Overriding environment maze2d-medium-dense-v1[0m
  logger.warn(f"Overriding environment {id}")
/home/jupyter-deuk-c4e4/.conda/envs/ts310/lib/python3.10/site-packages/gym/envs/registration.py:595: UserWarning: [33mWARN: Overriding environment maze2d-large-dense-v1[0m
  logger.warn(f"Overriding environment {id}")
/home/jupyter-deuk-c4e4/.conda/envs/ts310/lib/python3.10/site-packages/gym/envs/registration.py:595: UserWarning: [33mWARN: Overriding environment maze2d-eval-umaze-dense-v1[0m
  logger.warn(f"Overriding environment {id}")
/home/jupyter-deuk-c4e4/.conda/envs/ts310/lib/python3.10/site-packages/gym/envs/registration.py:595: UserWarning: [33mWARN: Overriding environment maze2d-eval-medium-dense-v1[0m
  logger.warn(f"Overriding environment {id}")
/home/jupyter-deuk-c4e4/.conda/envs/ts310/lib/python3.10/site-packages/gym/envs/registration.py:595: UserWarning: [33mWARN: Overriding environment maze2d-eval-large-dense-v1[0m
  logger.warn(f"Overriding environment {id}")
/opt/dlami/nvme/home/jupyter-deuk-c4e4/temporal-straightening/custom_resolvers.py:4: UserWarning: 
The version_base parameter is not specified.
Please specify a compatability version level, or None.
Will assume defaults for version 1.1
  @hydra.main(config_path=None)
[2026-07-25 15:11:22,500][__main__][INFO] - Planning result saved dir: /opt/dlami/nvme/home/jupyter-deuk-c4e4/pusht-reproduction/patch_reproduction/plan/gd_seed_300/chunk_10
/home/jupyter-deuk-c4e4/.conda/envs/ts310/lib/python3.10/site-packages/wandb/sdk/internal/internal_api.py:30: UserWarning: pkg_resources is deprecated as an API. See https://setuptools.pypa.io/en/latest/pkg_resources.html. The pkg_resources package is slated for removal as early as 2025-11-30. Refrain from using this package or pin to Setuptools<81.
  from pkg_resources import parse_version
Using cache found in /home/jupyter-deuk-c4e4/.cache/torch/hub/facebookresearch_dinov2_81b2b6419385
Loaded 18685 rollouts
Loaded 21 rollouts
[2026-07-25 15:11:24,962][dinov2][INFO] - using MLP layer as FFN
[2026-07-25 15:11:25,360][models.dino][WARNING] - Unknown projector 'none' for patch tokens; proceeding without projector.
Resuming from epoch 2: /home/jupyter-deuk-c4e4/pusht-reproduction/patch_reproduction/test/pusht_False_agg32_projnone_dim384_hw14_sgTrue_lr1e-06/checkpoints/model_2.pth
[2026-07-25 15:11:25,751][models.visual_world_model][INFO] - num_action_repeat: 1
[2026-07-25 15:11:25,751][models.visual_world_model][INFO] - num_proprio_repeat: 1
[2026-07-25 15:11:25,751][models.visual_world_model][INFO] - proprio encoder: ProprioceptiveEmbedding(
  (patch_embed): Conv1d(4, 10, kernel_size=(1,), stride=(1,))
  (norm): LayerNorm((10,), eps=1e-05, elementwise_affine=True)
)
[2026-07-25 15:11:25,751][models.visual_world_model][INFO] - action encoder: ProprioceptiveEmbedding(
  (patch_embed): Conv1d(10, 10, kernel_size=(1,), stride=(1,))
  (norm): LayerNorm((10,), eps=1e-05, elementwise_affine=True)
)
[2026-07-25 15:11:25,751][models.visual_world_model][INFO] - proprio_dim: 10, after repeat: 10
[2026-07-25 15:11:25,752][models.visual_world_model][INFO] - action_dim: 10, after repeat: 10
[2026-07-25 15:11:25,752][models.visual_world_model][INFO] - emb_dim: 404
[2026-07-25 15:11:25,752][models.visual_world_model][INFO] - Straightening disabled
[2026-07-25 15:11:25,752][models.visual_world_model][INFO] - Speed constancy disabled
[2026-07-25 15:11:25,752][models.visual_world_model][INFO] - Trajectory penalty disabled
[2026-07-25 15:11:25,752][models.visual_world_model][INFO] - Stop-grad enabled: True
[2026-07-25 15:11:25,752][models.visual_world_model][INFO] - VCReg enabled: False, apply_to=enc, std_coeff=0.0, cov_coeff=0.0
[2026-07-25 15:11:25,752][models.visual_world_model][INFO] - Model emb_dim: 404
[timing] setup_model_s=3.254
eval_seed:  [3001, 3301, 3601, 3901, 4201, 4501, 4801, 5101, 5401, 5701]
Dumped plan targets to /opt/dlami/nvme/home/jupyter-deuk-c4e4/pusht-reproduction/patch_reproduction/plan/gd_seed_300/chunk_10/plan_targets.pkl
[timing] setup_workspace_s=4.677

MPC iter 0 Eval ------- 
Success rate:  0.3
{'success': array([False, False, False, False, False,  True, False, False,  True,
        True]), 'state_dist': array([ 30.856169,  65.71785 ,  40.68214 ,  73.95785 ,  97.69667 ,
        16.660276, 105.37137 ,  52.702267,  19.609976,  30.115646],
      dtype=float32)}
self.is_success:  [False False False False False  True False False  True  True]
Success rate:  0.3
{'success': array([False, False, False, False, False,  True, False, False,  True,
        True]), 'state_dist': array([ 30.856169,  65.71785 ,  40.68214 ,  73.95785 ,  97.69667 ,
        16.660276, 105.37137 ,  52.702267,  19.609976,  30.115646],
      dtype=float32)}
[timing] perform_planning_s=32.867
[timing] total_planning_main_s=40.798
===== patch gd seed 300 chunk 20 (n_evals=10) =====
/home/jupyter-deuk-c4e4/.conda/envs/ts310/lib/python3.10/site-packages/wandb/sdk/internal/internal_api.py:30: UserWarning: pkg_resources is deprecated as an API. See https://setuptools.pypa.io/en/latest/pkg_resources.html. The pkg_resources package is slated for removal as early as 2025-11-30. Refrain from using this package or pin to Setuptools<81.
  from pkg_resources import parse_version
/home/jupyter-deuk-c4e4/.conda/envs/ts310/lib/python3.10/site-packages/pkg_resources/__init__.py:3148: DeprecationWarning: Deprecated call to `pkg_resources.declare_namespace('mpl_toolkits')`.
Implementing implicit namespace packages (as specified in PEP 420) is preferred to `pkg_resources.declare_namespace`. See https://setuptools.pypa.io/en/latest/references/keywords.html#keyword-namespace-packages
  declare_namespace(pkg)
/home/jupyter-deuk-c4e4/.conda/envs/ts310/lib/python3.10/site-packages/pkg_resources/__init__.py:3148: DeprecationWarning: Deprecated call to `pkg_resources.declare_namespace('google')`.
Implementing implicit namespace packages (as specified in PEP 420) is preferred to `pkg_resources.declare_namespace`. See https://setuptools.pypa.io/en/latest/references/keywords.html#keyword-namespace-packages
  declare_namespace(pkg)
/home/jupyter-deuk-c4e4/.conda/envs/ts310/lib/python3.10/site-packages/Cython/Distutils/old_build_ext.py:15: DeprecationWarning: dep_util is Deprecated. Use functions from setuptools instead.
  from distutils.dep_util import newer, newer_group
<frozen importlib._bootstrap>:283: DeprecationWarning: the load_module() method is deprecated and slated for removal in Python 3.12; use exec_module() instead
Warning: Mujoco-based envs failed to import. Set the environment variable D4RL_SUPPRESS_IMPORT_ERROR=1 to suppress this message.
No module named 'mjrl'
Warning: Flow failed to import. Set the environment variable D4RL_SUPPRESS_IMPORT_ERROR=1 to suppress this message.
No module named 'flow'
Warning: CARLA failed to import. Set the environment variable D4RL_SUPPRESS_IMPORT_ERROR=1 to suppress this message.
No module named 'carla'
pybullet build time: Jan 29 2025 23:16:28
/home/jupyter-deuk-c4e4/.conda/envs/ts310/lib/python3.10/site-packages/gym/envs/registration.py:595: UserWarning: [33mWARN: Overriding environment maze2d-open-v0[0m
  logger.warn(f"Overriding environment {id}")
/home/jupyter-deuk-c4e4/.conda/envs/ts310/lib/python3.10/site-packages/gym/envs/registration.py:595: UserWarning: [33mWARN: Overriding environment maze2d-umaze-v0[0m
  logger.warn(f"Overriding environment {id}")
/home/jupyter-deuk-c4e4/.conda/envs/ts310/lib/python3.10/site-packages/gym/envs/registration.py:595: UserWarning: [33mWARN: Overriding environment maze2d-medium-v0[0m
  logger.warn(f"Overriding environment {id}")
/home/jupyter-deuk-c4e4/.conda/envs/ts310/lib/python3.10/site-packages/gym/envs/registration.py:595: UserWarning: [33mWARN: Overriding environment maze2d-large-v0[0m
  logger.warn(f"Overriding environment {id}")
/home/jupyter-deuk-c4e4/.conda/envs/ts310/lib/python3.10/site-packages/gym/envs/registration.py:595: UserWarning: [33mWARN: Overriding environment maze2d-umaze-v1[0m
  logger.warn(f"Overriding environment {id}")
/home/jupyter-deuk-c4e4/.conda/envs/ts310/lib/python3.10/site-packages/gym/envs/registration.py:595: UserWarning: [33mWARN: Overriding environment maze2d-medium-v1[0m
  logger.warn(f"Overriding environment {id}")
/home/jupyter-deuk-c4e4/.conda/envs/ts310/lib/python3.10/site-packages/gym/envs/registration.py:595: UserWarning: [33mWARN: Overriding environment maze2d-large-v1[0m
  logger.warn(f"Overriding environment {id}")
/home/jupyter-deuk-c4e4/.conda/envs/ts310/lib/python3.10/site-packages/gym/envs/registration.py:595: UserWarning: [33mWARN: Overriding environment maze2d-eval-umaze-v1[0m
  logger.warn(f"Overriding environment {id}")
/home/jupyter-deuk-c4e4/.conda/envs/ts310/lib/python3.10/site-packages/gym/envs/registration.py:595: UserWarning: [33mWARN: Overriding environment maze2d-eval-medium-v1[0m
  logger.warn(f"Overriding environment {id}")
/home/jupyter-deuk-c4e4/.conda/envs/ts310/lib/python3.10/site-packages/gym/envs/registration.py:595: UserWarning: [33mWARN: Overriding environment maze2d-eval-large-v1[0m
  logger.warn(f"Overriding environment {id}")
/home/jupyter-deuk-c4e4/.conda/envs/ts310/lib/python3.10/site-packages/gym/envs/registration.py:595: UserWarning: [33mWARN: Overriding environment maze2d-open-dense-v0[0m
  logger.warn(f"Overriding environment {id}")
/home/jupyter-deuk-c4e4/.conda/envs/ts310/lib/python3.10/site-packages/gym/envs/registration.py:595: UserWarning: [33mWARN: Overriding environment maze2d-umaze-dense-v0[0m
  logger.warn(f"Overriding environment {id}")
/home/jupyter-deuk-c4e4/.conda/envs/ts310/lib/python3.10/site-packages/gym/envs/registration.py:595: UserWarning: [33mWARN: Overriding environment maze2d-medium-dense-v0[0m
  logger.warn(f"Overriding environment {id}")
/home/jupyter-deuk-c4e4/.conda/envs/ts310/lib/python3.10/site-packages/gym/envs/registration.py:595: UserWarning: [33mWARN: Overriding environment maze2d-large-dense-v0[0m
  logger.warn(f"Overriding environment {id}")
/home/jupyter-deuk-c4e4/.conda/envs/ts310/lib/python3.10/site-packages/gym/envs/registration.py:595: UserWarning: [33mWARN: Overriding environment maze2d-umaze-dense-v1[0m
  logger.warn(f"Overriding environment {id}")
/home/jupyter-deuk-c4e4/.conda/envs/ts310/lib/python3.10/site-packages/gym/envs/registration.py:595: UserWarning: [33mWARN: Overriding environment maze2d-medium-dense-v1[0m
  logger.warn(f"Overriding environment {id}")
/home/jupyter-deuk-c4e4/.conda/envs/ts310/lib/python3.10/site-packages/gym/envs/registration.py:595: UserWarning: [33mWARN: Overriding environment maze2d-large-dense-v1[0m
  logger.warn(f"Overriding environment {id}")
/home/jupyter-deuk-c4e4/.conda/envs/ts310/lib/python3.10/site-packages/gym/envs/registration.py:595: UserWarning: [33mWARN: Overriding environment maze2d-eval-umaze-dense-v1[0m
  logger.warn(f"Overriding environment {id}")
/home/jupyter-deuk-c4e4/.conda/envs/ts310/lib/python3.10/site-packages/gym/envs/registration.py:595: UserWarning: [33mWARN: Overriding environment maze2d-eval-medium-dense-v1[0m
  logger.warn(f"Overriding environment {id}")
/home/jupyter-deuk-c4e4/.conda/envs/ts310/lib/python3.10/site-packages/gym/envs/registration.py:595: UserWarning: [33mWARN: Overriding environment maze2d-eval-large-dense-v1[0m
  logger.warn(f"Overriding environment {id}")
/opt/dlami/nvme/home/jupyter-deuk-c4e4/temporal-straightening/custom_resolvers.py:4: UserWarning: 
The version_base parameter is not specified.
Please specify a compatability version level, or None.
Will assume defaults for version 1.1
  @hydra.main(config_path=None)
[2026-07-25 15:12:08,567][__main__][INFO] - Planning result saved dir: /opt/dlami/nvme/home/jupyter-deuk-c4e4/pusht-reproduction/patch_reproduction/plan/gd_seed_300/chunk_20
/home/jupyter-deuk-c4e4/.conda/envs/ts310/lib/python3.10/site-packages/wandb/sdk/internal/internal_api.py:30: UserWarning: pkg_resources is deprecated as an API. See https://setuptools.pypa.io/en/latest/pkg_resources.html. The pkg_resources package is slated for removal as early as 2025-11-30. Refrain from using this package or pin to Setuptools<81.
  from pkg_resources import parse_version
Using cache found in /home/jupyter-deuk-c4e4/.cache/torch/hub/facebookresearch_dinov2_81b2b6419385
Loaded 18685 rollouts
Loaded 21 rollouts
[2026-07-25 15:12:11,039][dinov2][INFO] - using MLP layer as FFN
[2026-07-25 15:12:11,447][models.dino][WARNING] - Unknown projector 'none' for patch tokens; proceeding without projector.
Resuming from epoch 2: /home/jupyter-deuk-c4e4/pusht-reproduction/patch_reproduction/test/pusht_False_agg32_projnone_dim384_hw14_sgTrue_lr1e-06/checkpoints/model_2.pth
[2026-07-25 15:12:11,846][models.visual_world_model][INFO] - num_action_repeat: 1
[2026-07-25 15:12:11,846][models.visual_world_model][INFO] - num_proprio_repeat: 1
[2026-07-25 15:12:11,846][models.visual_world_model][INFO] - proprio encoder: ProprioceptiveEmbedding(
  (patch_embed): Conv1d(4, 10, kernel_size=(1,), stride=(1,))
  (norm): LayerNorm((10,), eps=1e-05, elementwise_affine=True)
)
[2026-07-25 15:12:11,846][models.visual_world_model][INFO] - action encoder: ProprioceptiveEmbedding(
  (patch_embed): Conv1d(10, 10, kernel_size=(1,), stride=(1,))
  (norm): LayerNorm((10,), eps=1e-05, elementwise_affine=True)
)
[2026-07-25 15:12:11,846][models.visual_world_model][INFO] - proprio_dim: 10, after repeat: 10
[2026-07-25 15:12:11,846][models.visual_world_model][INFO] - action_dim: 10, after repeat: 10
[2026-07-25 15:12:11,846][models.visual_world_model][INFO] - emb_dim: 404
[2026-07-25 15:12:11,846][models.visual_world_model][INFO] - Straightening disabled
[2026-07-25 15:12:11,846][models.visual_world_model][INFO] - Speed constancy disabled
[2026-07-25 15:12:11,846][models.visual_world_model][INFO] - Trajectory penalty disabled
[2026-07-25 15:12:11,846][models.visual_world_model][INFO] - Stop-grad enabled: True
[2026-07-25 15:12:11,847][models.visual_world_model][INFO] - VCReg enabled: False, apply_to=enc, std_coeff=0.0, cov_coeff=0.0
[2026-07-25 15:12:11,847][models.visual_world_model][INFO] - Model emb_dim: 404
[timing] setup_model_s=3.282
eval_seed:  [6001, 6301, 6601, 6901, 7201, 7501, 7801, 8101, 8401, 8701]
Dumped plan targets to /opt/dlami/nvme/home/jupyter-deuk-c4e4/pusht-reproduction/patch_reproduction/plan/gd_seed_300/chunk_20/plan_targets.pkl
[timing] setup_workspace_s=5.762

MPC iter 0 Eval ------- 
Success rate:  0.6
{'success': array([ True, False,  True,  True,  True, False,  True, False, False,
        True]), 'state_dist': array([ 19.829216, 130.27171 ,  16.917418,  36.591938,  28.370369,
        37.70289 ,  14.924126,  38.789463, 130.65002 ,  12.236003],
      dtype=float32)}
self.is_success:  [ True False  True  True  True False  True False False  True]
Success rate:  0.6
{'success': array([ True, False,  True,  True,  True, False,  True, False, False,
        True]), 'state_dist': array([ 19.829216, 130.27171 ,  16.917418,  36.591938,  28.370369,
        37.70289 ,  14.924126,  38.789463, 130.65002 ,  12.236003],
      dtype=float32)}
[timing] perform_planning_s=33.090
[timing] total_planning_main_s=42.134
===== patch gd seed 300 chunk 30 (n_evals=10) =====
/home/jupyter-deuk-c4e4/.conda/envs/ts310/lib/python3.10/site-packages/wandb/sdk/internal/internal_api.py:30: UserWarning: pkg_resources is deprecated as an API. See https://setuptools.pypa.io/en/latest/pkg_resources.html. The pkg_resources package is slated for removal as early as 2025-11-30. Refrain from using this package or pin to Setuptools<81.
  from pkg_resources import parse_version
/home/jupyter-deuk-c4e4/.conda/envs/ts310/lib/python3.10/site-packages/pkg_resources/__init__.py:3148: DeprecationWarning: Deprecated call to `pkg_resources.declare_namespace('mpl_toolkits')`.
Implementing implicit namespace packages (as specified in PEP 420) is preferred to `pkg_resources.declare_namespace`. See https://setuptools.pypa.io/en/latest/references/keywords.html#keyword-namespace-packages
  declare_namespace(pkg)
/home/jupyter-deuk-c4e4/.conda/envs/ts310/lib/python3.10/site-packages/pkg_resources/__init__.py:3148: DeprecationWarning: Deprecated call to `pkg_resources.declare_namespace('google')`.
Implementing implicit namespace packages (as specified in PEP 420) is preferred to `pkg_resources.declare_namespace`. See https://setuptools.pypa.io/en/latest/references/keywords.html#keyword-namespace-packages
  declare_namespace(pkg)
/home/jupyter-deuk-c4e4/.conda/envs/ts310/lib/python3.10/site-packages/Cython/Distutils/old_build_ext.py:15: DeprecationWarning: dep_util is Deprecated. Use functions from setuptools instead.
  from distutils.dep_util import newer, newer_group
<frozen importlib._bootstrap>:283: DeprecationWarning: the load_module() method is deprecated and slated for removal in Python 3.12; use exec_module() instead
Warning: Mujoco-based envs failed to import. Set the environment variable D4RL_SUPPRESS_IMPORT_ERROR=1 to suppress this message.
No module named 'mjrl'
Warning: Flow failed to import. Set the environment variable D4RL_SUPPRESS_IMPORT_ERROR=1 to suppress this message.
No module named 'flow'
Warning: CARLA failed to import. Set the environment variable D4RL_SUPPRESS_IMPORT_ERROR=1 to suppress this message.
No module named 'carla'
pybullet build time: Jan 29 2025 23:16:28
/home/jupyter-deuk-c4e4/.conda/envs/ts310/lib/python3.10/site-packages/gym/envs/registration.py:595: UserWarning: [33mWARN: Overriding environment maze2d-open-v0[0m
  logger.warn(f"Overriding environment {id}")
/home/jupyter-deuk-c4e4/.conda/envs/ts310/lib/python3.10/site-packages/gym/envs/registration.py:595: UserWarning: [33mWARN: Overriding environment maze2d-umaze-v0[0m
  logger.warn(f"Overriding environment {id}")
/home/jupyter-deuk-c4e4/.conda/envs/ts310/lib/python3.10/site-packages/gym/envs/registration.py:595: UserWarning: [33mWARN: Overriding environment maze2d-medium-v0[0m
  logger.warn(f"Overriding environment {id}")
/home/jupyter-deuk-c4e4/.conda/envs/ts310/lib/python3.10/site-packages/gym/envs/registration.py:595: UserWarning: [33mWARN: Overriding environment maze2d-large-v0[0m
  logger.warn(f"Overriding environment {id}")
/home/jupyter-deuk-c4e4/.conda/envs/ts310/lib/python3.10/site-packages/gym/envs/registration.py:595: UserWarning: [33mWARN: Overriding environment maze2d-umaze-v1[0m
  logger.warn(f"Overriding environment {id}")
/home/jupyter-deuk-c4e4/.conda/envs/ts310/lib/python3.10/site-packages/gym/envs/registration.py:595: UserWarning: [33mWARN: Overriding environment maze2d-medium-v1[0m
  logger.warn(f"Overriding environment {id}")
/home/jupyter-deuk-c4e4/.conda/envs/ts310/lib/python3.10/site-packages/gym/envs/registration.py:595: UserWarning: [33mWARN: Overriding environment maze2d-large-v1[0m
  logger.warn(f"Overriding environment {id}")
/home/jupyter-deuk-c4e4/.conda/envs/ts310/lib/python3.10/site-packages/gym/envs/registration.py:595: UserWarning: [33mWARN: Overriding environment maze2d-eval-umaze-v1[0m
  logger.warn(f"Overriding environment {id}")
/home/jupyter-deuk-c4e4/.conda/envs/ts310/lib/python3.10/site-packages/gym/envs/registration.py:595: UserWarning: [33mWARN: Overriding environment maze2d-eval-medium-v1[0m
  logger.warn(f"Overriding environment {id}")
/home/jupyter-deuk-c4e4/.conda/envs/ts310/lib/python3.10/site-packages/gym/envs/registration.py:595: UserWarning: [33mWARN: Overriding environment maze2d-eval-large-v1[0m
  logger.warn(f"Overriding environment {id}")
/home/jupyter-deuk-c4e4/.conda/envs/ts310/lib/python3.10/site-packages/gym/envs/registration.py:595: UserWarning: [33mWARN: Overriding environment maze2d-open-dense-v0[0m
  logger.warn(f"Overriding environment {id}")
/home/jupyter-deuk-c4e4/.conda/envs/ts310/lib/python3.10/site-packages/gym/envs/registration.py:595: UserWarning: [33mWARN: Overriding environment maze2d-umaze-dense-v0[0m
  logger.warn(f"Overriding environment {id}")
/home/jupyter-deuk-c4e4/.conda/envs/ts310/lib/python3.10/site-packages/gym/envs/registration.py:595: UserWarning: [33mWARN: Overriding environment maze2d-medium-dense-v0[0m
  logger.warn(f"Overriding environment {id}")
/home/jupyter-deuk-c4e4/.conda/envs/ts310/lib/python3.10/site-packages/gym/envs/registration.py:595: UserWarning: [33mWARN: Overriding environment maze2d-large-dense-v0[0m
  logger.warn(f"Overriding environment {id}")
/home/jupyter-deuk-c4e4/.conda/envs/ts310/lib/python3.10/site-packages/gym/envs/registration.py:595: UserWarning: [33mWARN: Overriding environment maze2d-umaze-dense-v1[0m
  logger.warn(f"Overriding environment {id}")
/home/jupyter-deuk-c4e4/.conda/envs/ts310/lib/python3.10/site-packages/gym/envs/registration.py:595: UserWarning: [33mWARN: Overriding environment maze2d-medium-dense-v1[0m
  logger.warn(f"Overriding environment {id}")
/home/jupyter-deuk-c4e4/.conda/envs/ts310/lib/python3.10/site-packages/gym/envs/registration.py:595: UserWarning: [33mWARN: Overriding environment maze2d-large-dense-v1[0m
  logger.warn(f"Overriding environment {id}")
/home/jupyter-deuk-c4e4/.conda/envs/ts310/lib/python3.10/site-packages/gym/envs/registration.py:595: UserWarning: [33mWARN: Overriding environment maze2d-eval-umaze-dense-v1[0m
  logger.warn(f"Overriding environment {id}")
/home/jupyter-deuk-c4e4/.conda/envs/ts310/lib/python3.10/site-packages/gym/envs/registration.py:595: UserWarning: [33mWARN: Overriding environment maze2d-eval-medium-dense-v1[0m
  logger.warn(f"Overriding environment {id}")
/home/jupyter-deuk-c4e4/.conda/envs/ts310/lib/python3.10/site-packages/gym/envs/registration.py:595: UserWarning: [33mWARN: Overriding environment maze2d-eval-large-dense-v1[0m
  logger.warn(f"Overriding environment {id}")
/opt/dlami/nvme/home/jupyter-deuk-c4e4/temporal-straightening/custom_resolvers.py:4: UserWarning: 
The version_base parameter is not specified.
Please specify a compatability version level, or None.
Will assume defaults for version 1.1
  @hydra.main(config_path=None)
[2026-07-25 15:12:56,097][__main__][INFO] - Planning result saved dir: /opt/dlami/nvme/home/jupyter-deuk-c4e4/pusht-reproduction/patch_reproduction/plan/gd_seed_300/chunk_30
/home/jupyter-deuk-c4e4/.conda/envs/ts310/lib/python3.10/site-packages/wandb/sdk/internal/internal_api.py:30: UserWarning: pkg_resources is deprecated as an API. See https://setuptools.pypa.io/en/latest/pkg_resources.html. The pkg_resources package is slated for removal as early as 2025-11-30. Refrain from using this package or pin to Setuptools<81.
  from pkg_resources import parse_version
Using cache found in /home/jupyter-deuk-c4e4/.cache/torch/hub/facebookresearch_dinov2_81b2b6419385
Loaded 18685 rollouts
Loaded 21 rollouts
[2026-07-25 15:12:58,607][dinov2][INFO] - using MLP layer as FFN
[2026-07-25 15:12:59,011][models.dino][WARNING] - Unknown projector 'none' for patch tokens; proceeding without projector.
Resuming from epoch 2: /home/jupyter-deuk-c4e4/pusht-reproduction/patch_reproduction/test/pusht_False_agg32_projnone_dim384_hw14_sgTrue_lr1e-06/checkpoints/model_2.pth
[2026-07-25 15:12:59,405][models.visual_world_model][INFO] - num_action_repeat: 1
[2026-07-25 15:12:59,405][models.visual_world_model][INFO] - num_proprio_repeat: 1
[2026-07-25 15:12:59,405][models.visual_world_model][INFO] - proprio encoder: ProprioceptiveEmbedding(
  (patch_embed): Conv1d(4, 10, kernel_size=(1,), stride=(1,))
  (norm): LayerNorm((10,), eps=1e-05, elementwise_affine=True)
)
[2026-07-25 15:12:59,405][models.visual_world_model][INFO] - action encoder: ProprioceptiveEmbedding(
  (patch_embed): Conv1d(10, 10, kernel_size=(1,), stride=(1,))
  (norm): LayerNorm((10,), eps=1e-05, elementwise_affine=True)
)
[2026-07-25 15:12:59,405][models.visual_world_model][INFO] - proprio_dim: 10, after repeat: 10
[2026-07-25 15:12:59,405][models.visual_world_model][INFO] - action_dim: 10, after repeat: 10
[2026-07-25 15:12:59,405][models.visual_world_model][INFO] - emb_dim: 404
[2026-07-25 15:12:59,405][models.visual_world_model][INFO] - Straightening disabled
[2026-07-25 15:12:59,405][models.visual_world_model][INFO] - Speed constancy disabled
[2026-07-25 15:12:59,405][models.visual_world_model][INFO] - Trajectory penalty disabled
[2026-07-25 15:12:59,405][models.visual_world_model][INFO] - Stop-grad enabled: True
[2026-07-25 15:12:59,405][models.visual_world_model][INFO] - VCReg enabled: False, apply_to=enc, std_coeff=0.0, cov_coeff=0.0
[2026-07-25 15:12:59,405][models.visual_world_model][INFO] - Model emb_dim: 404
[timing] setup_model_s=3.311
eval_seed:  [9001, 9301, 9601, 9901, 10201, 10501, 10801, 11101, 11401, 11701]
Dumped plan targets to /opt/dlami/nvme/home/jupyter-deuk-c4e4/pusht-reproduction/patch_reproduction/plan/gd_seed_300/chunk_30/plan_targets.pkl
[timing] setup_workspace_s=6.075

MPC iter 0 Eval ------- 
Success rate:  0.5
{'success': array([False, False,  True,  True,  True,  True, False, False, False,
        True]), 'state_dist': array([105.88515  ,  81.00979  ,  44.931908 ,  60.10693  ,  13.347148 ,
         4.8130655,  82.194115 ,  31.784395 , 138.22862  ,  25.629107 ],
      dtype=float32)}
self.is_success:  [False False  True  True  True  True False False False  True]
Success rate:  0.5
{'success': array([False, False,  True,  True,  True,  True, False, False, False,
        True]), 'state_dist': array([105.88515  ,  81.00979  ,  44.931908 ,  60.10693  ,  13.347148 ,
         4.8130655,  82.194115 ,  31.784395 , 138.22862  ,  25.629107 ],
      dtype=float32)}
[timing] perform_planning_s=32.797
[timing] total_planning_main_s=42.183
===== patch gd seed 300 chunk 40 (n_evals=10) =====
/home/jupyter-deuk-c4e4/.conda/envs/ts310/lib/python3.10/site-packages/wandb/sdk/internal/internal_api.py:30: UserWarning: pkg_resources is deprecated as an API. See https://setuptools.pypa.io/en/latest/pkg_resources.html. The pkg_resources package is slated for removal as early as 2025-11-30. Refrain from using this package or pin to Setuptools<81.
  from pkg_resources import parse_version
/home/jupyter-deuk-c4e4/.conda/envs/ts310/lib/python3.10/site-packages/pkg_resources/__init__.py:3148: DeprecationWarning: Deprecated call to `pkg_resources.declare_namespace('mpl_toolkits')`.
Implementing implicit namespace packages (as specified in PEP 420) is preferred to `pkg_resources.declare_namespace`. See https://setuptools.pypa.io/en/latest/references/keywords.html#keyword-namespace-packages
  declare_namespace(pkg)
/home/jupyter-deuk-c4e4/.conda/envs/ts310/lib/python3.10/site-packages/pkg_resources/__init__.py:3148: DeprecationWarning: Deprecated call to `pkg_resources.declare_namespace('google')`.
Implementing implicit namespace packages (as specified in PEP 420) is preferred to `pkg_resources.declare_namespace`. See https://setuptools.pypa.io/en/latest/references/keywords.html#keyword-namespace-packages
  declare_namespace(pkg)
/home/jupyter-deuk-c4e4/.conda/envs/ts310/lib/python3.10/site-packages/Cython/Distutils/old_build_ext.py:15: DeprecationWarning: dep_util is Deprecated. Use functions from setuptools instead.
  from distutils.dep_util import newer, newer_group
<frozen importlib._bootstrap>:283: DeprecationWarning: the load_module() method is deprecated and slated for removal in Python 3.12; use exec_module() instead
Warning: Mujoco-based envs failed to import. Set the environment variable D4RL_SUPPRESS_IMPORT_ERROR=1 to suppress this message.
No module named 'mjrl'
Warning: Flow failed to import. Set the environment variable D4RL_SUPPRESS_IMPORT_ERROR=1 to suppress this message.
No module named 'flow'
Warning: CARLA failed to import. Set the environment variable D4RL_SUPPRESS_IMPORT_ERROR=1 to suppress this message.
No module named 'carla'
pybullet build time: Jan 29 2025 23:16:28
/home/jupyter-deuk-c4e4/.conda/envs/ts310/lib/python3.10/site-packages/gym/envs/registration.py:595: UserWarning: [33mWARN: Overriding environment maze2d-open-v0[0m
  logger.warn(f"Overriding environment {id}")
/home/jupyter-deuk-c4e4/.conda/envs/ts310/lib/python3.10/site-packages/gym/envs/registration.py:595: UserWarning: [33mWARN: Overriding environment maze2d-umaze-v0[0m
  logger.warn(f"Overriding environment {id}")
/home/jupyter-deuk-c4e4/.conda/envs/ts310/lib/python3.10/site-packages/gym/envs/registration.py:595: UserWarning: [33mWARN: Overriding environment maze2d-medium-v0[0m
  logger.warn(f"Overriding environment {id}")
/home/jupyter-deuk-c4e4/.conda/envs/ts310/lib/python3.10/site-packages/gym/envs/registration.py:595: UserWarning: [33mWARN: Overriding environment maze2d-large-v0[0m
  logger.warn(f"Overriding environment {id}")
/home/jupyter-deuk-c4e4/.conda/envs/ts310/lib/python3.10/site-packages/gym/envs/registration.py:595: UserWarning: [33mWARN: Overriding environment maze2d-umaze-v1[0m
  logger.warn(f"Overriding environment {id}")
/home/jupyter-deuk-c4e4/.conda/envs/ts310/lib/python3.10/site-packages/gym/envs/registration.py:595: UserWarning: [33mWARN: Overriding environment maze2d-medium-v1[0m
  logger.warn(f"Overriding environment {id}")
/home/jupyter-deuk-c4e4/.conda/envs/ts310/lib/python3.10/site-packages/gym/envs/registration.py:595: UserWarning: [33mWARN: Overriding environment maze2d-large-v1[0m
  logger.warn(f"Overriding environment {id}")
/home/jupyter-deuk-c4e4/.conda/envs/ts310/lib/python3.10/site-packages/gym/envs/registration.py:595: UserWarning: [33mWARN: Overriding environment maze2d-eval-umaze-v1[0m
  logger.warn(f"Overriding environment {id}")
/home/jupyter-deuk-c4e4/.conda/envs/ts310/lib/python3.10/site-packages/gym/envs/registration.py:595: UserWarning: [33mWARN: Overriding environment maze2d-eval-medium-v1[0m
  logger.warn(f"Overriding environment {id}")
/home/jupyter-deuk-c4e4/.conda/envs/ts310/lib/python3.10/site-packages/gym/envs/registration.py:595: UserWarning: [33mWARN: Overriding environment maze2d-eval-large-v1[0m
  logger.warn(f"Overriding environment {id}")
/home/jupyter-deuk-c4e4/.conda/envs/ts310/lib/python3.10/site-packages/gym/envs/registration.py:595: UserWarning: [33mWARN: Overriding environment maze2d-open-dense-v0[0m
  logger.warn(f"Overriding environment {id}")
/home/jupyter-deuk-c4e4/.conda/envs/ts310/lib/python3.10/site-packages/gym/envs/registration.py:595: UserWarning: [33mWARN: Overriding environment maze2d-umaze-dense-v0[0m
  logger.warn(f"Overriding environment {id}")
/home/jupyter-deuk-c4e4/.conda/envs/ts310/lib/python3.10/site-packages/gym/envs/registration.py:595: UserWarning: [33mWARN: Overriding environment maze2d-medium-dense-v0[0m
  logger.warn(f"Overriding environment {id}")
/home/jupyter-deuk-c4e4/.conda/envs/ts310/lib/python3.10/site-packages/gym/envs/registration.py:595: UserWarning: [33mWARN: Overriding environment maze2d-large-dense-v0[0m
  logger.warn(f"Overriding environment {id}")
/home/jupyter-deuk-c4e4/.conda/envs/ts310/lib/python3.10/site-packages/gym/envs/registration.py:595: UserWarning: [33mWARN: Overriding environment maze2d-umaze-dense-v1[0m
  logger.warn(f"Overriding environment {id}")
/home/jupyter-deuk-c4e4/.conda/envs/ts310/lib/python3.10/site-packages/gym/envs/registration.py:595: UserWarning: [33mWARN: Overriding environment maze2d-medium-dense-v1[0m
  logger.warn(f"Overriding environment {id}")
/home/jupyter-deuk-c4e4/.conda/envs/ts310/lib/python3.10/site-packages/gym/envs/registration.py:595: UserWarning: [33mWARN: Overriding environment maze2d-large-dense-v1[0m
  logger.warn(f"Overriding environment {id}")
/home/jupyter-deuk-c4e4/.conda/envs/ts310/lib/python3.10/site-packages/gym/envs/registration.py:595: UserWarning: [33mWARN: Overriding environment maze2d-eval-umaze-dense-v1[0m
  logger.warn(f"Overriding environment {id}")
/home/jupyter-deuk-c4e4/.conda/envs/ts310/lib/python3.10/site-packages/gym/envs/registration.py:595: UserWarning: [33mWARN: Overriding environment maze2d-eval-medium-dense-v1[0m
  logger.warn(f"Overriding environment {id}")
/home/jupyter-deuk-c4e4/.conda/envs/ts310/lib/python3.10/site-packages/gym/envs/registration.py:595: UserWarning: [33mWARN: Overriding environment maze2d-eval-large-dense-v1[0m
  logger.warn(f"Overriding environment {id}")
/opt/dlami/nvme/home/jupyter-deuk-c4e4/temporal-straightening/custom_resolvers.py:4: UserWarning: 
The version_base parameter is not specified.
Please specify a compatability version level, or None.
Will assume defaults for version 1.1
  @hydra.main(config_path=None)
[2026-07-25 15:13:43,460][__main__][INFO] - Planning result saved dir: /opt/dlami/nvme/home/jupyter-deuk-c4e4/pusht-reproduction/patch_reproduction/plan/gd_seed_300/chunk_40
/home/jupyter-deuk-c4e4/.conda/envs/ts310/lib/python3.10/site-packages/wandb/sdk/internal/internal_api.py:30: UserWarning: pkg_resources is deprecated as an API. See https://setuptools.pypa.io/en/latest/pkg_resources.html. The pkg_resources package is slated for removal as early as 2025-11-30. Refrain from using this package or pin to Setuptools<81.
  from pkg_resources import parse_version
Using cache found in /home/jupyter-deuk-c4e4/.cache/torch/hub/facebookresearch_dinov2_81b2b6419385
Loaded 18685 rollouts
Loaded 21 rollouts
[2026-07-25 15:13:45,930][dinov2][INFO] - using MLP layer as FFN
[2026-07-25 15:13:46,331][models.dino][WARNING] - Unknown projector 'none' for patch tokens; proceeding without projector.
Resuming from epoch 2: /home/jupyter-deuk-c4e4/pusht-reproduction/patch_reproduction/test/pusht_False_agg32_projnone_dim384_hw14_sgTrue_lr1e-06/checkpoints/model_2.pth
[2026-07-25 15:13:46,724][models.visual_world_model][INFO] - num_action_repeat: 1
[2026-07-25 15:13:46,724][models.visual_world_model][INFO] - num_proprio_repeat: 1
[2026-07-25 15:13:46,724][models.visual_world_model][INFO] - proprio encoder: ProprioceptiveEmbedding(
  (patch_embed): Conv1d(4, 10, kernel_size=(1,), stride=(1,))
  (norm): LayerNorm((10,), eps=1e-05, elementwise_affine=True)
)
[2026-07-25 15:13:46,724][models.visual_world_model][INFO] - action encoder: ProprioceptiveEmbedding(
  (patch_embed): Conv1d(10, 10, kernel_size=(1,), stride=(1,))
  (norm): LayerNorm((10,), eps=1e-05, elementwise_affine=True)
)
[2026-07-25 15:13:46,724][models.visual_world_model][INFO] - proprio_dim: 10, after repeat: 10
[2026-07-25 15:13:46,724][models.visual_world_model][INFO] - action_dim: 10, after repeat: 10
[2026-07-25 15:13:46,724][models.visual_world_model][INFO] - emb_dim: 404
[2026-07-25 15:13:46,724][models.visual_world_model][INFO] - Straightening disabled
[2026-07-25 15:13:46,724][models.visual_world_model][INFO] - Speed constancy disabled
[2026-07-25 15:13:46,724][models.visual_world_model][INFO] - Trajectory penalty disabled
[2026-07-25 15:13:46,724][models.visual_world_model][INFO] - Stop-grad enabled: True
[2026-07-25 15:13:46,724][models.visual_world_model][INFO] - VCReg enabled: False, apply_to=enc, std_coeff=0.0, cov_coeff=0.0
[2026-07-25 15:13:46,724][models.visual_world_model][INFO] - Model emb_dim: 404
[timing] setup_model_s=3.266
eval_seed:  [12001, 12301, 12601, 12901, 13201, 13501, 13801, 14101, 14401, 14701]
Dumped plan targets to /opt/dlami/nvme/home/jupyter-deuk-c4e4/pusht-reproduction/patch_reproduction/plan/gd_seed_300/chunk_40/plan_targets.pkl
[timing] setup_workspace_s=6.672

MPC iter 0 Eval ------- 
Success rate:  0.4
{'success': array([ True, False, False,  True,  True, False, False, False,  True,
       False]), 'state_dist': array([ 41.026382, 132.97356 , 120.41527 ,  46.437614,  23.3425  ,
       112.20986 , 107.08112 , 140.99667 ,  25.812181,  36.50523 ],
      dtype=float32)}
self.is_success:  [ True False False  True  True False False False  True False]
Success rate:  0.4
{'success': array([ True, False, False,  True,  True, False, False, False,  True,
       False]), 'state_dist': array([ 41.026382, 132.97356 , 120.41527 ,  46.437614,  23.3425  ,
       112.20986 , 107.08112 , 140.99667 ,  25.812181,  36.50523 ],
      dtype=float32)}
[timing] perform_planning_s=32.794
[timing] total_planning_main_s=42.731
===== patch mpc seed 100 chunk 00 (n_evals=10) =====
/home/jupyter-deuk-c4e4/.conda/envs/ts310/lib/python3.10/site-packages/wandb/sdk/internal/internal_api.py:30: UserWarning: pkg_resources is deprecated as an API. See https://setuptools.pypa.io/en/latest/pkg_resources.html. The pkg_resources package is slated for removal as early as 2025-11-30. Refrain from using this package or pin to Setuptools<81.
  from pkg_resources import parse_version
/home/jupyter-deuk-c4e4/.conda/envs/ts310/lib/python3.10/site-packages/pkg_resources/__init__.py:3148: DeprecationWarning: Deprecated call to `pkg_resources.declare_namespace('mpl_toolkits')`.
Implementing implicit namespace packages (as specified in PEP 420) is preferred to `pkg_resources.declare_namespace`. See https://setuptools.pypa.io/en/latest/references/keywords.html#keyword-namespace-packages
  declare_namespace(pkg)
/home/jupyter-deuk-c4e4/.conda/envs/ts310/lib/python3.10/site-packages/pkg_resources/__init__.py:3148: DeprecationWarning: Deprecated call to `pkg_resources.declare_namespace('google')`.
Implementing implicit namespace packages (as specified in PEP 420) is preferred to `pkg_resources.declare_namespace`. See https://setuptools.pypa.io/en/latest/references/keywords.html#keyword-namespace-packages
  declare_namespace(pkg)
/home/jupyter-deuk-c4e4/.conda/envs/ts310/lib/python3.10/site-packages/Cython/Distutils/old_build_ext.py:15: DeprecationWarning: dep_util is Deprecated. Use functions from setuptools instead.
  from distutils.dep_util import newer, newer_group
<frozen importlib._bootstrap>:283: DeprecationWarning: the load_module() method is deprecated and slated for removal in Python 3.12; use exec_module() instead
Warning: Mujoco-based envs failed to import. Set the environment variable D4RL_SUPPRESS_IMPORT_ERROR=1 to suppress this message.
No module named 'mjrl'
Warning: Flow failed to import. Set the environment variable D4RL_SUPPRESS_IMPORT_ERROR=1 to suppress this message.
No module named 'flow'
Warning: CARLA failed to import. Set the environment variable D4RL_SUPPRESS_IMPORT_ERROR=1 to suppress this message.
No module named 'carla'
pybullet build time: Jan 29 2025 23:16:28
/home/jupyter-deuk-c4e4/.conda/envs/ts310/lib/python3.10/site-packages/gym/envs/registration.py:595: UserWarning: [33mWARN: Overriding environment maze2d-open-v0[0m
  logger.warn(f"Overriding environment {id}")
/home/jupyter-deuk-c4e4/.conda/envs/ts310/lib/python3.10/site-packages/gym/envs/registration.py:595: UserWarning: [33mWARN: Overriding environment maze2d-umaze-v0[0m
  logger.warn(f"Overriding environment {id}")
/home/jupyter-deuk-c4e4/.conda/envs/ts310/lib/python3.10/site-packages/gym/envs/registration.py:595: UserWarning: [33mWARN: Overriding environment maze2d-medium-v0[0m
  logger.warn(f"Overriding environment {id}")
/home/jupyter-deuk-c4e4/.conda/envs/ts310/lib/python3.10/site-packages/gym/envs/registration.py:595: UserWarning: [33mWARN: Overriding environment maze2d-large-v0[0m
  logger.warn(f"Overriding environment {id}")
/home/jupyter-deuk-c4e4/.conda/envs/ts310/lib/python3.10/site-packages/gym/envs/registration.py:595: UserWarning: [33mWARN: Overriding environment maze2d-umaze-v1[0m
  logger.warn(f"Overriding environment {id}")
/home/jupyter-deuk-c4e4/.conda/envs/ts310/lib/python3.10/site-packages/gym/envs/registration.py:595: UserWarning: [33mWARN: Overriding environment maze2d-medium-v1[0m
  logger.warn(f"Overriding environment {id}")
/home/jupyter-deuk-c4e4/.conda/envs/ts310/lib/python3.10/site-packages/gym/envs/registration.py:595: UserWarning: [33mWARN: Overriding environment maze2d-large-v1[0m
  logger.warn(f"Overriding environment {id}")
/home/jupyter-deuk-c4e4/.conda/envs/ts310/lib/python3.10/site-packages/gym/envs/registration.py:595: UserWarning: [33mWARN: Overriding environment maze2d-eval-umaze-v1[0m
  logger.warn(f"Overriding environment {id}")
/home/jupyter-deuk-c4e4/.conda/envs/ts310/lib/python3.10/site-packages/gym/envs/registration.py:595: UserWarning: [33mWARN: Overriding environment maze2d-eval-medium-v1[0m
  logger.warn(f"Overriding environment {id}")
/home/jupyter-deuk-c4e4/.conda/envs/ts310/lib/python3.10/site-packages/gym/envs/registration.py:595: UserWarning: [33mWARN: Overriding environment maze2d-eval-large-v1[0m
  logger.warn(f"Overriding environment {id}")
/home/jupyter-deuk-c4e4/.conda/envs/ts310/lib/python3.10/site-packages/gym/envs/registration.py:595: UserWarning: [33mWARN: Overriding environment maze2d-open-dense-v0[0m
  logger.warn(f"Overriding environment {id}")
/home/jupyter-deuk-c4e4/.conda/envs/ts310/lib/python3.10/site-packages/gym/envs/registration.py:595: UserWarning: [33mWARN: Overriding environment maze2d-umaze-dense-v0[0m
  logger.warn(f"Overriding environment {id}")
/home/jupyter-deuk-c4e4/.conda/envs/ts310/lib/python3.10/site-packages/gym/envs/registration.py:595: UserWarning: [33mWARN: Overriding environment maze2d-medium-dense-v0[0m
  logger.warn(f"Overriding environment {id}")
/home/jupyter-deuk-c4e4/.conda/envs/ts310/lib/python3.10/site-packages/gym/envs/registration.py:595: UserWarning: [33mWARN: Overriding environment maze2d-large-dense-v0[0m
  logger.warn(f"Overriding environment {id}")
/home/jupyter-deuk-c4e4/.conda/envs/ts310/lib/python3.10/site-packages/gym/envs/registration.py:595: UserWarning: [33mWARN: Overriding environment maze2d-umaze-dense-v1[0m
  logger.warn(f"Overriding environment {id}")
/home/jupyter-deuk-c4e4/.conda/envs/ts310/lib/python3.10/site-packages/gym/envs/registration.py:595: UserWarning: [33mWARN: Overriding environment maze2d-medium-dense-v1[0m
  logger.warn(f"Overriding environment {id}")
/home/jupyter-deuk-c4e4/.conda/envs/ts310/lib/python3.10/site-packages/gym/envs/registration.py:595: UserWarning: [33mWARN: Overriding environment maze2d-large-dense-v1[0m
  logger.warn(f"Overriding environment {id}")
/home/jupyter-deuk-c4e4/.conda/envs/ts310/lib/python3.10/site-packages/gym/envs/registration.py:595: UserWarning: [33mWARN: Overriding environment maze2d-eval-umaze-dense-v1[0m
  logger.warn(f"Overriding environment {id}")
/home/jupyter-deuk-c4e4/.conda/envs/ts310/lib/python3.10/site-packages/gym/envs/registration.py:595: UserWarning: [33mWARN: Overriding environment maze2d-eval-medium-dense-v1[0m
  logger.warn(f"Overriding environment {id}")
/home/jupyter-deuk-c4e4/.conda/envs/ts310/lib/python3.10/site-packages/gym/envs/registration.py:595: UserWarning: [33mWARN: Overriding environment maze2d-eval-large-dense-v1[0m
  logger.warn(f"Overriding environment {id}")
/opt/dlami/nvme/home/jupyter-deuk-c4e4/temporal-straightening/custom_resolvers.py:4: UserWarning: 
The version_base parameter is not specified.
Please specify a compatability version level, or None.
Will assume defaults for version 1.1
  @hydra.main(config_path=None)
[2026-07-25 15:14:31,454][__main__][INFO] - Planning result saved dir: /opt/dlami/nvme/home/jupyter-deuk-c4e4/pusht-reproduction/patch_reproduction/plan/mpc_seed_100/chunk_00
/home/jupyter-deuk-c4e4/.conda/envs/ts310/lib/python3.10/site-packages/wandb/sdk/internal/internal_api.py:30: UserWarning: pkg_resources is deprecated as an API. See https://setuptools.pypa.io/en/latest/pkg_resources.html. The pkg_resources package is slated for removal as early as 2025-11-30. Refrain from using this package or pin to Setuptools<81.
  from pkg_resources import parse_version
Using cache found in /home/jupyter-deuk-c4e4/.cache/torch/hub/facebookresearch_dinov2_81b2b6419385
Loaded 18685 rollouts
Loaded 21 rollouts
[2026-07-25 15:14:33,975][dinov2][INFO] - using MLP layer as FFN
[2026-07-25 15:14:34,378][models.dino][WARNING] - Unknown projector 'none' for patch tokens; proceeding without projector.
Resuming from epoch 2: /home/jupyter-deuk-c4e4/pusht-reproduction/patch_reproduction/test/pusht_False_agg32_projnone_dim384_hw14_sgTrue_lr1e-06/checkpoints/model_2.pth
[2026-07-25 15:14:34,777][models.visual_world_model][INFO] - num_action_repeat: 1
[2026-07-25 15:14:34,778][models.visual_world_model][INFO] - num_proprio_repeat: 1
[2026-07-25 15:14:34,778][models.visual_world_model][INFO] - proprio encoder: ProprioceptiveEmbedding(
  (patch_embed): Conv1d(4, 10, kernel_size=(1,), stride=(1,))
  (norm): LayerNorm((10,), eps=1e-05, elementwise_affine=True)
)
[2026-07-25 15:14:34,778][models.visual_world_model][INFO] - action encoder: ProprioceptiveEmbedding(
  (patch_embed): Conv1d(10, 10, kernel_size=(1,), stride=(1,))
  (norm): LayerNorm((10,), eps=1e-05, elementwise_affine=True)
)
[2026-07-25 15:14:34,778][models.visual_world_model][INFO] - proprio_dim: 10, after repeat: 10
[2026-07-25 15:14:34,778][models.visual_world_model][INFO] - action_dim: 10, after repeat: 10
[2026-07-25 15:14:34,778][models.visual_world_model][INFO] - emb_dim: 404
[2026-07-25 15:14:34,778][models.visual_world_model][INFO] - Straightening disabled
[2026-07-25 15:14:34,778][models.visual_world_model][INFO] - Speed constancy disabled
[2026-07-25 15:14:34,778][models.visual_world_model][INFO] - Trajectory penalty disabled
[2026-07-25 15:14:34,778][models.visual_world_model][INFO] - Stop-grad enabled: True
[2026-07-25 15:14:34,778][models.visual_world_model][INFO] - VCReg enabled: False, apply_to=enc, std_coeff=0.0, cov_coeff=0.0
[2026-07-25 15:14:34,778][models.visual_world_model][INFO] - Model emb_dim: 404
[timing] setup_model_s=3.326
eval_seed:  [1, 101, 201, 301, 401, 501, 601, 701, 801, 901]
Dumped plan targets to /opt/dlami/nvme/home/jupyter-deuk-c4e4/pusht-reproduction/patch_reproduction/plan/mpc_seed_100/chunk_00/plan_targets.pkl
[timing] setup_workspace_s=4.210

MPC iter 0 Eval ------- 
Success rate:  0.0
{'success': array([False, False, False, False, False, False, False, False, False,
       False]), 'state_dist': array([102.563446, 176.89166 , 118.77574 , 185.14865 , 118.37447 ,
       138.67094 , 193.6062  ,  99.05472 ,  90.270195, 100.54256 ],
      dtype=float32)}
self.is_success:  [False False False False False False False False False False]

MPC iter 1 Eval ------- 
Success rate:  0.0
{'success': array([False, False, False, False, False, False, False, False, False,
       False]), 'state_dist': array([101.966805, 292.30222 , 118.17613 , 171.2076  ,  98.841934,
       106.444756, 196.70247 , 126.96562 , 112.42502 ,  73.6938  ],
      dtype=float32)}
self.is_success:  [False False False False False False False False False False]

MPC iter 2 Eval ------- 
Success rate:  0.0
{'success': array([False, False, False, False, False, False, False, False, False,
       False]), 'state_dist': array([107.42792 , 297.06516 , 123.06473 , 136.32637 ,  74.70104 ,
        88.05162 , 178.01152 , 140.31612 , 104.490715,  44.90216 ],
      dtype=float32)}
self.is_success:  [False False False False False False False False False False]

MPC iter 3 Eval ------- 
Success rate:  0.0
{'success': array([False, False, False, False, False, False, False, False, False,
       False]), 'state_dist': array([114.32235 , 222.24698 , 114.11459 ,  84.987656,  70.09262 ,
        71.92836 , 142.34328 , 131.90405 ,  67.84834 ,  25.626228],
      dtype=float32)}
self.is_success:  [False False False False False False False False False False]

MPC iter 4 Eval ------- 
Success rate:  0.3
{'success': array([False, False, False,  True,  True, False, False, False, False,
        True]), 'state_dist': array([ 93.29181 , 159.21072 , 142.08821 ,  18.281595,  44.685326,
        74.67088 , 228.73828 ,  60.201458, 115.26443 ,  46.198986],
      dtype=float32)}
self.is_success:  [False False False  True  True False False False False  True]

MPC iter 5 Eval ------- 
Success rate:  0.5
{'success': array([False,  True, False,  True,  True, False, False,  True, False,
        True]), 'state_dist': array([111.21289  ,  32.580566 , 115.259544 ,  18.281595 ,  44.685326 ,
        69.40242  , 138.10048  ,  14.9244995,  61.380604 ,  46.198986 ],
      dtype=float32)}
self.is_success:  [False  True False  True  True False False  True False  True]

MPC iter 6 Eval ------- 
Success rate:  0.6
{'success': array([False,  True, False,  True,  True, False, False,  True,  True,
        True]), 'state_dist': array([109.86304  ,  32.580566 , 107.02753  ,  18.281595 ,  44.685326 ,
        68.862206 , 133.40279  ,  14.9244995,   7.6076493,  46.198986 ],
      dtype=float32)}
self.is_success:  [False  True False  True  True False False  True  True  True]

MPC iter 7 Eval ------- 
Success rate:  0.6
{'success': array([False,  True, False,  True,  True, False, False,  True,  True,
        True]), 'state_dist': array([ 65.59096  ,  32.580566 ,  93.53545  ,  18.281595 ,  44.685326 ,
        68.19902  , 128.38823  ,  14.9244995,   7.6076493,  46.198986 ],
      dtype=float32)}
self.is_success:  [False  True False  True  True False False  True  True  True]

MPC iter 8 Eval ------- 
Success rate:  0.6
{'success': array([False,  True, False,  True,  True, False, False,  True,  True,
        True]), 'state_dist': array([ 70.35451  ,  32.580566 , 113.164444 ,  18.281595 ,  44.685326 ,
        68.23856  , 119.93681  ,  14.9244995,   7.6076493,  46.198986 ],
      dtype=float32)}
self.is_success:  [False  True False  True  True False False  True  True  True]

MPC iter 9 Eval ------- 
Success rate:  0.6
{'success': array([False,  True, False,  True,  True, False, False,  True,  True,
        True]), 'state_dist': array([ 72.49747  ,  32.580566 , 172.0821   ,  18.281595 ,  44.685326 ,
        68.538605 , 106.29284  ,  14.9244995,   7.6076493,  46.198986 ],
      dtype=float32)}
self.is_success:  [False  True False  True  True False False  True  True  True]

MPC iter 10 Eval ------- 
Success rate:  0.6
{'success': array([False,  True, False,  True,  True, False, False,  True,  True,
        True]), 'state_dist': array([ 71.37654  ,  32.580566 , 140.36441  ,  18.281595 ,  44.685326 ,
        68.32708  ,  80.26595  ,  14.9244995,   7.6076493,  46.198986 ],
      dtype=float32)}
self.is_success:  [False  True False  True  True False False  True  True  True]

MPC iter 11 Eval ------- 
Success rate:  0.7
{'success': array([False,  True,  True,  True,  True, False, False,  True,  True,
        True]), 'state_dist': array([ 68.32659  ,  32.580566 ,  90.81386  ,  18.281595 ,  44.685326 ,
        67.97246  , 114.31426  ,  14.9244995,   7.6076493,  46.198986 ],
      dtype=float32)}
self.is_success:  [False  True  True  True  True False False  True  True  True]

MPC iter 12 Eval ------- 
Success rate:  0.7
{'success': array([False,  True,  True,  True,  True, False, False,  True,  True,
        True]), 'state_dist': array([66.56647  , 32.580566 , 90.81386  , 18.281595 , 44.685326 ,
       68.151115 , 74.56899  , 14.9244995,  7.6076493, 46.198986 ],
      dtype=float32)}
self.is_success:  [False  True  True  True  True False False  True  True  True]

MPC iter 13 Eval ------- 
Success rate:  0.7
{'success': array([False,  True,  True,  True,  True, False, False,  True,  True,
        True]), 'state_dist': array([ 66.53499  ,  32.580566 ,  90.81386  ,  18.281595 ,  44.685326 ,
        68.08287  , 114.564705 ,  14.9244995,   7.6076493,  46.198986 ],
      dtype=float32)}
self.is_success:  [False  True  True  True  True False False  True  True  True]

MPC iter 14 Eval ------- 
Success rate:  0.7
{'success': array([False,  True,  True,  True,  True, False, False,  True,  True,
        True]), 'state_dist': array([66.13027  , 32.580566 , 90.81386  , 18.281595 , 44.685326 ,
       68.07034  , 77.95137  , 14.9244995,  7.6076493, 46.198986 ],
      dtype=float32)}
self.is_success:  [False  True  True  True  True False False  True  True  True]

MPC iter 15 Eval ------- 
Success rate:  0.7
{'success': array([False,  True,  True,  True,  True, False, False,  True,  True,
        True]), 'state_dist': array([ 66.17904  ,  32.580566 ,  90.81386  ,  18.281595 ,  44.685326 ,
        68.08547  , 126.757    ,  14.9244995,   7.6076493,  46.198986 ],
      dtype=float32)}
self.is_success:  [False  True  True  True  True False False  True  True  True]

MPC iter 16 Eval ------- 
Success rate:  0.7
{'success': array([False,  True,  True,  True,  True, False, False,  True,  True,
        True]), 'state_dist': array([66.96076  , 32.580566 , 90.81386  , 18.281595 , 44.685326 ,
       68.081535 , 75.67872  , 14.9244995,  7.6076493, 46.198986 ],
      dtype=float32)}
self.is_success:  [False  True  True  True  True False False  True  True  True]

MPC iter 17 Eval ------- 
Success rate:  0.7
{'success': array([False,  True,  True,  True,  True, False, False,  True,  True,
        True]), 'state_dist': array([ 66.64023  ,  32.580566 ,  90.81386  ,  18.281595 ,  44.685326 ,
        68.08825  , 119.97962  ,  14.9244995,   7.6076493,  46.198986 ],
      dtype=float32)}
self.is_success:  [False  True  True  True  True False False  True  True  True]

MPC iter 18 Eval ------- 
Success rate:  0.7
{'success': array([False,  True,  True,  True,  True, False, False,  True,  True,
        True]), 'state_dist': array([66.73405  , 32.580566 , 90.81386  , 18.281595 , 44.685326 ,
       67.99155  , 77.612724 , 14.9244995,  7.6076493, 46.198986 ],
      dtype=float32)}
self.is_success:  [False  True  True  True  True False False  True  True  True]

MPC iter 19 Eval ------- 
Success rate:  0.7
{'success': array([False,  True,  True,  True,  True, False, False,  True,  True,
        True]), 'state_dist': array([ 66.8358   ,  32.580566 ,  90.81386  ,  18.281595 ,  44.685326 ,
        68.10945  , 118.49317  ,  14.9244995,   7.6076493,  46.198986 ],
      dtype=float32)}
self.is_success:  [False  True  True  True  True False False  True  True  True]
Success rate:  0.7
{'success': array([False,  True,  True,  True,  True, False, False,  True,  True,
        True]), 'state_dist': array([ 66.8358   ,  32.580566 ,  90.81386  ,  18.281595 ,  44.685326 ,
        68.10945  , 118.49317  ,  14.9244995,   7.6076493,  46.198986 ],
      dtype=float32)}
[timing] perform_planning_s=652.060
[timing] total_planning_main_s=659.596
===== patch mpc seed 100 chunk 10 (n_evals=10) =====
/home/jupyter-deuk-c4e4/.conda/envs/ts310/lib/python3.10/site-packages/wandb/sdk/internal/internal_api.py:30: UserWarning: pkg_resources is deprecated as an API. See https://setuptools.pypa.io/en/latest/pkg_resources.html. The pkg_resources package is slated for removal as early as 2025-11-30. Refrain from using this package or pin to Setuptools<81.
  from pkg_resources import parse_version
/home/jupyter-deuk-c4e4/.conda/envs/ts310/lib/python3.10/site-packages/pkg_resources/__init__.py:3148: DeprecationWarning: Deprecated call to `pkg_resources.declare_namespace('mpl_toolkits')`.
Implementing implicit namespace packages (as specified in PEP 420) is preferred to `pkg_resources.declare_namespace`. See https://setuptools.pypa.io/en/latest/references/keywords.html#keyword-namespace-packages
  declare_namespace(pkg)
/home/jupyter-deuk-c4e4/.conda/envs/ts310/lib/python3.10/site-packages/pkg_resources/__init__.py:3148: DeprecationWarning: Deprecated call to `pkg_resources.declare_namespace('google')`.
Implementing implicit namespace packages (as specified in PEP 420) is preferred to `pkg_resources.declare_namespace`. See https://setuptools.pypa.io/en/latest/references/keywords.html#keyword-namespace-packages
  declare_namespace(pkg)
/home/jupyter-deuk-c4e4/.conda/envs/ts310/lib/python3.10/site-packages/Cython/Distutils/old_build_ext.py:15: DeprecationWarning: dep_util is Deprecated. Use functions from setuptools instead.
  from distutils.dep_util import newer, newer_group
<frozen importlib._bootstrap>:283: DeprecationWarning: the load_module() method is deprecated and slated for removal in Python 3.12; use exec_module() instead
Warning: Mujoco-based envs failed to import. Set the environment variable D4RL_SUPPRESS_IMPORT_ERROR=1 to suppress this message.
No module named 'mjrl'
Warning: Flow failed to import. Set the environment variable D4RL_SUPPRESS_IMPORT_ERROR=1 to suppress this message.
No module named 'flow'
Warning: CARLA failed to import. Set the environment variable D4RL_SUPPRESS_IMPORT_ERROR=1 to suppress this message.
No module named 'carla'
pybullet build time: Jan 29 2025 23:16:28
/home/jupyter-deuk-c4e4/.conda/envs/ts310/lib/python3.10/site-packages/gym/envs/registration.py:595: UserWarning: [33mWARN: Overriding environment maze2d-open-v0[0m
  logger.warn(f"Overriding environment {id}")
/home/jupyter-deuk-c4e4/.conda/envs/ts310/lib/python3.10/site-packages/gym/envs/registration.py:595: UserWarning: [33mWARN: Overriding environment maze2d-umaze-v0[0m
  logger.warn(f"Overriding environment {id}")
/home/jupyter-deuk-c4e4/.conda/envs/ts310/lib/python3.10/site-packages/gym/envs/registration.py:595: UserWarning: [33mWARN: Overriding environment maze2d-medium-v0[0m
  logger.warn(f"Overriding environment {id}")
/home/jupyter-deuk-c4e4/.conda/envs/ts310/lib/python3.10/site-packages/gym/envs/registration.py:595: UserWarning: [33mWARN: Overriding environment maze2d-large-v0[0m
  logger.warn(f"Overriding environment {id}")
/home/jupyter-deuk-c4e4/.conda/envs/ts310/lib/python3.10/site-packages/gym/envs/registration.py:595: UserWarning: [33mWARN: Overriding environment maze2d-umaze-v1[0m
  logger.warn(f"Overriding environment {id}")
/home/jupyter-deuk-c4e4/.conda/envs/ts310/lib/python3.10/site-packages/gym/envs/registration.py:595: UserWarning: [33mWARN: Overriding environment maze2d-medium-v1[0m
  logger.warn(f"Overriding environment {id}")
/home/jupyter-deuk-c4e4/.conda/envs/ts310/lib/python3.10/site-packages/gym/envs/registration.py:595: UserWarning: [33mWARN: Overriding environment maze2d-large-v1[0m
  logger.warn(f"Overriding environment {id}")
/home/jupyter-deuk-c4e4/.conda/envs/ts310/lib/python3.10/site-packages/gym/envs/registration.py:595: UserWarning: [33mWARN: Overriding environment maze2d-eval-umaze-v1[0m
  logger.warn(f"Overriding environment {id}")
/home/jupyter-deuk-c4e4/.conda/envs/ts310/lib/python3.10/site-packages/gym/envs/registration.py:595: UserWarning: [33mWARN: Overriding environment maze2d-eval-medium-v1[0m
  logger.warn(f"Overriding environment {id}")
/home/jupyter-deuk-c4e4/.conda/envs/ts310/lib/python3.10/site-packages/gym/envs/registration.py:595: UserWarning: [33mWARN: Overriding environment maze2d-eval-large-v1[0m
  logger.warn(f"Overriding environment {id}")
/home/jupyter-deuk-c4e4/.conda/envs/ts310/lib/python3.10/site-packages/gym/envs/registration.py:595: UserWarning: [33mWARN: Overriding environment maze2d-open-dense-v0[0m
  logger.warn(f"Overriding environment {id}")
/home/jupyter-deuk-c4e4/.conda/envs/ts310/lib/python3.10/site-packages/gym/envs/registration.py:595: UserWarning: [33mWARN: Overriding environment maze2d-umaze-dense-v0[0m
  logger.warn(f"Overriding environment {id}")
/home/jupyter-deuk-c4e4/.conda/envs/ts310/lib/python3.10/site-packages/gym/envs/registration.py:595: UserWarning: [33mWARN: Overriding environment maze2d-medium-dense-v0[0m
  logger.warn(f"Overriding environment {id}")
/home/jupyter-deuk-c4e4/.conda/envs/ts310/lib/python3.10/site-packages/gym/envs/registration.py:595: UserWarning: [33mWARN: Overriding environment maze2d-large-dense-v0[0m
  logger.warn(f"Overriding environment {id}")
/home/jupyter-deuk-c4e4/.conda/envs/ts310/lib/python3.10/site-packages/gym/envs/registration.py:595: UserWarning: [33mWARN: Overriding environment maze2d-umaze-dense-v1[0m
  logger.warn(f"Overriding environment {id}")
/home/jupyter-deuk-c4e4/.conda/envs/ts310/lib/python3.10/site-packages/gym/envs/registration.py:595: UserWarning: [33mWARN: Overriding environment maze2d-medium-dense-v1[0m
  logger.warn(f"Overriding environment {id}")
/home/jupyter-deuk-c4e4/.conda/envs/ts310/lib/python3.10/site-packages/gym/envs/registration.py:595: UserWarning: [33mWARN: Overriding environment maze2d-large-dense-v1[0m
  logger.warn(f"Overriding environment {id}")
/home/jupyter-deuk-c4e4/.conda/envs/ts310/lib/python3.10/site-packages/gym/envs/registration.py:595: UserWarning: [33mWARN: Overriding environment maze2d-eval-umaze-dense-v1[0m
  logger.warn(f"Overriding environment {id}")
/home/jupyter-deuk-c4e4/.conda/envs/ts310/lib/python3.10/site-packages/gym/envs/registration.py:595: UserWarning: [33mWARN: Overriding environment maze2d-eval-medium-dense-v1[0m
  logger.warn(f"Overriding environment {id}")
/home/jupyter-deuk-c4e4/.conda/envs/ts310/lib/python3.10/site-packages/gym/envs/registration.py:595: UserWarning: [33mWARN: Overriding environment maze2d-eval-large-dense-v1[0m
  logger.warn(f"Overriding environment {id}")
/opt/dlami/nvme/home/jupyter-deuk-c4e4/temporal-straightening/custom_resolvers.py:4: UserWarning: 
The version_base parameter is not specified.
Please specify a compatability version level, or None.
Will assume defaults for version 1.1
  @hydra.main(config_path=None)
[2026-07-25 15:25:36,364][__main__][INFO] - Planning result saved dir: /opt/dlami/nvme/home/jupyter-deuk-c4e4/pusht-reproduction/patch_reproduction/plan/mpc_seed_100/chunk_10
/home/jupyter-deuk-c4e4/.conda/envs/ts310/lib/python3.10/site-packages/wandb/sdk/internal/internal_api.py:30: UserWarning: pkg_resources is deprecated as an API. See https://setuptools.pypa.io/en/latest/pkg_resources.html. The pkg_resources package is slated for removal as early as 2025-11-30. Refrain from using this package or pin to Setuptools<81.
  from pkg_resources import parse_version
Using cache found in /home/jupyter-deuk-c4e4/.cache/torch/hub/facebookresearch_dinov2_81b2b6419385
Loaded 18685 rollouts
Loaded 21 rollouts
[2026-07-25 15:25:38,853][dinov2][INFO] - using MLP layer as FFN
[2026-07-25 15:25:39,476][models.dino][WARNING] - Unknown projector 'none' for patch tokens; proceeding without projector.
Resuming from epoch 2: /home/jupyter-deuk-c4e4/pusht-reproduction/patch_reproduction/test/pusht_False_agg32_projnone_dim384_hw14_sgTrue_lr1e-06/checkpoints/model_2.pth
[2026-07-25 15:25:39,868][models.visual_world_model][INFO] - num_action_repeat: 1
[2026-07-25 15:25:39,869][models.visual_world_model][INFO] - num_proprio_repeat: 1
[2026-07-25 15:25:39,869][models.visual_world_model][INFO] - proprio encoder: ProprioceptiveEmbedding(
  (patch_embed): Conv1d(4, 10, kernel_size=(1,), stride=(1,))
  (norm): LayerNorm((10,), eps=1e-05, elementwise_affine=True)
)
[2026-07-25 15:25:39,869][models.visual_world_model][INFO] - action encoder: ProprioceptiveEmbedding(
  (patch_embed): Conv1d(10, 10, kernel_size=(1,), stride=(1,))
  (norm): LayerNorm((10,), eps=1e-05, elementwise_affine=True)
)
[2026-07-25 15:25:39,869][models.visual_world_model][INFO] - proprio_dim: 10, after repeat: 10
[2026-07-25 15:25:39,869][models.visual_world_model][INFO] - action_dim: 10, after repeat: 10
[2026-07-25 15:25:39,869][models.visual_world_model][INFO] - emb_dim: 404
[2026-07-25 15:25:39,869][models.visual_world_model][INFO] - Straightening disabled
[2026-07-25 15:25:39,869][models.visual_world_model][INFO] - Speed constancy disabled
[2026-07-25 15:25:39,869][models.visual_world_model][INFO] - Trajectory penalty disabled
[2026-07-25 15:25:39,869][models.visual_world_model][INFO] - Stop-grad enabled: True
[2026-07-25 15:25:39,869][models.visual_world_model][INFO] - VCReg enabled: False, apply_to=enc, std_coeff=0.0, cov_coeff=0.0
[2026-07-25 15:25:39,869][models.visual_world_model][INFO] - Model emb_dim: 404
[timing] setup_model_s=3.507
eval_seed:  [1001, 1101, 1201, 1301, 1401, 1501, 1601, 1701, 1801, 1901]
Dumped plan targets to /opt/dlami/nvme/home/jupyter-deuk-c4e4/pusht-reproduction/patch_reproduction/plan/mpc_seed_100/chunk_10/plan_targets.pkl
[timing] setup_workspace_s=4.804

MPC iter 0 Eval ------- 
Success rate:  0.0
{'success': array([False, False, False, False, False, False, False, False, False,
       False]), 'state_dist': array([131.45486, 129.07497, 189.99052, 136.65562, 151.53635, 128.8627 ,
       165.54187, 167.23425, 245.31764, 252.72313], dtype=float32)}
self.is_success:  [False False False False False False False False False False]

MPC iter 1 Eval ------- 
Success rate:  0.0
{'success': array([False, False, False, False, False, False, False, False, False,
       False]), 'state_dist': array([101.21027, 132.13683, 137.59242, 112.36488, 189.18024, 134.18617,
       127.85417, 159.24634, 262.25818, 238.34314], dtype=float32)}
self.is_success:  [False False False False False False False False False False]

MPC iter 2 Eval ------- 
Success rate:  0.0
{'success': array([False, False, False, False, False, False, False, False, False,
       False]), 'state_dist': array([ 57.14788 ,  72.06032 , 121.74271 ,  87.96453 , 155.54181 ,
        90.108826,  88.81161 , 131.55775 , 250.68344 , 201.14359 ],
      dtype=float32)}
self.is_success:  [False False False False False False False False False False]

MPC iter 3 Eval ------- 
Success rate:  0.1
{'success': array([False, False, False, False, False, False,  True, False, False,
       False]), 'state_dist': array([ 58.488255, 105.74451 , 136.1638  ,  62.81379 , 118.52935 ,
        75.35008 ,  26.184916,  91.74587 , 184.68828 , 147.6037  ],
      dtype=float32)}
self.is_success:  [False False False False False False  True False False False]

MPC iter 4 Eval ------- 
Success rate:  0.4
{'success': array([False, False, False,  True, False, False,  True,  True, False,
        True]), 'state_dist': array([ 37.9582  , 158.32005 , 134.5166  ,  26.724958,  66.13403 ,
       123.240685,  26.184916,  42.478374, 130.73698 , 116.89038 ],
      dtype=float32)}
self.is_success:  [False False False  True False False  True  True False  True]

MPC iter 5 Eval ------- 
Success rate:  0.6
{'success': array([False,  True, False,  True, False, False,  True,  True,  True,
        True]), 'state_dist': array([ 44.75919 ,  65.243675, 126.33203 ,  26.724958, 109.095474,
        50.78457 ,  26.184916,  42.478374,  91.422554, 116.89038 ],
      dtype=float32)}
self.is_success:  [False  True False  True False False  True  True  True  True]

MPC iter 6 Eval ------- 
Success rate:  0.7
{'success': array([ True,  True, False,  True, False, False,  True,  True,  True,
        True]), 'state_dist': array([ 13.070557,  65.243675, 157.80994 ,  26.724958,  82.54121 ,
        25.332378,  26.184916,  42.478374,  91.422554, 116.89038 ],
      dtype=float32)}
self.is_success:  [ True  True False  True False False  True  True  True  True]

MPC iter 7 Eval ------- 
Success rate:  0.7
{'success': array([ True,  True, False,  True, False, False,  True,  True,  True,
        True]), 'state_dist': array([ 13.070557,  65.243675, 159.05217 ,  26.724958,  78.05901 ,
        45.242058,  26.184916,  42.478374,  91.422554, 116.89038 ],
      dtype=float32)}
self.is_success:  [ True  True False  True False False  True  True  True  True]

MPC iter 8 Eval ------- 
Success rate:  0.8
{'success': array([ True,  True, False,  True, False,  True,  True,  True,  True,
        True]), 'state_dist': array([ 13.070557,  65.243675, 172.29019 ,  26.724958,  55.031876,
        19.785452,  26.184916,  42.478374,  91.422554, 116.89038 ],
      dtype=float32)}
self.is_success:  [ True  True False  True False  True  True  True  True  True]

MPC iter 9 Eval ------- 
Success rate:  0.8
{'success': array([ True,  True, False,  True, False,  True,  True,  True,  True,
        True]), 'state_dist': array([ 13.070557,  65.243675, 158.43243 ,  26.724958,  45.399532,
        19.785452,  26.184916,  42.478374,  91.422554, 116.89038 ],
      dtype=float32)}
self.is_success:  [ True  True False  True False  True  True  True  True  True]

MPC iter 10 Eval ------- 
Success rate:  0.8
{'success': array([ True,  True, False,  True, False,  True,  True,  True,  True,
        True]), 'state_dist': array([ 13.070557,  65.243675, 172.22583 ,  26.724958,  31.964865,
        19.785452,  26.184916,  42.478374,  91.422554, 116.89038 ],
      dtype=float32)}
self.is_success:  [ True  True False  True False  True  True  True  True  True]

MPC iter 11 Eval ------- 
Success rate:  0.8
{'success': array([ True,  True, False,  True, False,  True,  True,  True,  True,
        True]), 'state_dist': array([ 13.070557,  65.243675, 178.84102 ,  26.724958,  57.488342,
        19.785452,  26.184916,  42.478374,  91.422554, 116.89038 ],
      dtype=float32)}
self.is_success:  [ True  True False  True False  True  True  True  True  True]

MPC iter 12 Eval ------- 
Success rate:  0.8
{'success': array([ True,  True, False,  True, False,  True,  True,  True,  True,
        True]), 'state_dist': array([ 13.070557,  65.243675, 166.90994 ,  26.724958,  34.345123,
        19.785452,  26.184916,  42.478374,  91.422554, 116.89038 ],
      dtype=float32)}
self.is_success:  [ True  True False  True False  True  True  True  True  True]

MPC iter 13 Eval ------- 
Success rate:  0.8
{'success': array([ True,  True, False,  True, False,  True,  True,  True,  True,
        True]), 'state_dist': array([ 13.070557,  65.243675, 171.64854 ,  26.724958,  60.07053 ,
        19.785452,  26.184916,  42.478374,  91.422554, 116.89038 ],
      dtype=float32)}
self.is_success:  [ True  True False  True False  True  True  True  True  True]

MPC iter 14 Eval ------- 
Success rate:  0.8
{'success': array([ True,  True, False,  True, False,  True,  True,  True,  True,
        True]), 'state_dist': array([ 13.070557,  65.243675, 171.19162 ,  26.724958,  35.48245 ,
        19.785452,  26.184916,  42.478374,  91.422554, 116.89038 ],
      dtype=float32)}
self.is_success:  [ True  True False  True False  True  True  True  True  True]

MPC iter 15 Eval ------- 
Success rate:  0.8
{'success': array([ True,  True, False,  True, False,  True,  True,  True,  True,
        True]), 'state_dist': array([ 13.070557,  65.243675, 163.21957 ,  26.724958,  57.248333,
        19.785452,  26.184916,  42.478374,  91.422554, 116.89038 ],
      dtype=float32)}
self.is_success:  [ True  True False  True False  True  True  True  True  True]

MPC iter 16 Eval ------- 
Success rate:  0.8
{'success': array([ True,  True, False,  True, False,  True,  True,  True,  True,
        True]), 'state_dist': array([ 13.070557,  65.243675, 163.30855 ,  26.724958,  35.35469 ,
        19.785452,  26.184916,  42.478374,  91.422554, 116.89038 ],
      dtype=float32)}
self.is_success:  [ True  True False  True False  True  True  True  True  True]

MPC iter 17 Eval ------- 
Success rate:  0.8
{'success': array([ True,  True, False,  True, False,  True,  True,  True,  True,
        True]), 'state_dist': array([ 13.070557,  65.243675, 173.2756  ,  26.724958,  57.154793,
        19.785452,  26.184916,  42.478374,  91.422554, 116.89038 ],
      dtype=float32)}
self.is_success:  [ True  True False  True False  True  True  True  True  True]

MPC iter 18 Eval ------- 
Success rate:  0.8
{'success': array([ True,  True, False,  True, False,  True,  True,  True,  True,
        True]), 'state_dist': array([ 13.070557,  65.243675, 168.23866 ,  26.724958,  35.196026,
        19.785452,  26.184916,  42.478374,  91.422554, 116.89038 ],
      dtype=float32)}
self.is_success:  [ True  True False  True False  True  True  True  True  True]

MPC iter 19 Eval ------- 
Success rate:  0.8
{'success': array([ True,  True, False,  True, False,  True,  True,  True,  True,
        True]), 'state_dist': array([ 13.070557,  65.243675, 171.32909 ,  26.724958,  54.607388,
        19.785452,  26.184916,  42.478374,  91.422554, 116.89038 ],
      dtype=float32)}
self.is_success:  [ True  True False  True False  True  True  True  True  True]
Success rate:  0.8
{'success': array([ True,  True, False,  True, False,  True,  True,  True,  True,
        True]), 'state_dist': array([ 13.070557,  65.243675, 171.32909 ,  26.724958,  54.607388,
        19.785452,  26.184916,  42.478374,  91.422554, 116.89038 ],
      dtype=float32)}
[timing] perform_planning_s=652.173
[timing] total_planning_main_s=660.484
===== patch mpc seed 100 chunk 20 (n_evals=10) =====
/home/jupyter-deuk-c4e4/.conda/envs/ts310/lib/python3.10/site-packages/wandb/sdk/internal/internal_api.py:30: UserWarning: pkg_resources is deprecated as an API. See https://setuptools.pypa.io/en/latest/pkg_resources.html. The pkg_resources package is slated for removal as early as 2025-11-30. Refrain from using this package or pin to Setuptools<81.
  from pkg_resources import parse_version
/home/jupyter-deuk-c4e4/.conda/envs/ts310/lib/python3.10/site-packages/pkg_resources/__init__.py:3148: DeprecationWarning: Deprecated call to `pkg_resources.declare_namespace('mpl_toolkits')`.
Implementing implicit namespace packages (as specified in PEP 420) is preferred to `pkg_resources.declare_namespace`. See https://setuptools.pypa.io/en/latest/references/keywords.html#keyword-namespace-packages
  declare_namespace(pkg)
/home/jupyter-deuk-c4e4/.conda/envs/ts310/lib/python3.10/site-packages/pkg_resources/__init__.py:3148: DeprecationWarning: Deprecated call to `pkg_resources.declare_namespace('google')`.
Implementing implicit namespace packages (as specified in PEP 420) is preferred to `pkg_resources.declare_namespace`. See https://setuptools.pypa.io/en/latest/references/keywords.html#keyword-namespace-packages
  declare_namespace(pkg)
/home/jupyter-deuk-c4e4/.conda/envs/ts310/lib/python3.10/site-packages/Cython/Distutils/old_build_ext.py:15: DeprecationWarning: dep_util is Deprecated. Use functions from setuptools instead.
  from distutils.dep_util import newer, newer_group
<frozen importlib._bootstrap>:283: DeprecationWarning: the load_module() method is deprecated and slated for removal in Python 3.12; use exec_module() instead
Warning: Mujoco-based envs failed to import. Set the environment variable D4RL_SUPPRESS_IMPORT_ERROR=1 to suppress this message.
No module named 'mjrl'
Warning: Flow failed to import. Set the environment variable D4RL_SUPPRESS_IMPORT_ERROR=1 to suppress this message.
No module named 'flow'
Warning: CARLA failed to import. Set the environment variable D4RL_SUPPRESS_IMPORT_ERROR=1 to suppress this message.
No module named 'carla'
pybullet build time: Jan 29 2025 23:16:28
/home/jupyter-deuk-c4e4/.conda/envs/ts310/lib/python3.10/site-packages/gym/envs/registration.py:595: UserWarning: [33mWARN: Overriding environment maze2d-open-v0[0m
  logger.warn(f"Overriding environment {id}")
/home/jupyter-deuk-c4e4/.conda/envs/ts310/lib/python3.10/site-packages/gym/envs/registration.py:595: UserWarning: [33mWARN: Overriding environment maze2d-umaze-v0[0m
  logger.warn(f"Overriding environment {id}")
/home/jupyter-deuk-c4e4/.conda/envs/ts310/lib/python3.10/site-packages/gym/envs/registration.py:595: UserWarning: [33mWARN: Overriding environment maze2d-medium-v0[0m
  logger.warn(f"Overriding environment {id}")
/home/jupyter-deuk-c4e4/.conda/envs/ts310/lib/python3.10/site-packages/gym/envs/registration.py:595: UserWarning: [33mWARN: Overriding environment maze2d-large-v0[0m
  logger.warn(f"Overriding environment {id}")
/home/jupyter-deuk-c4e4/.conda/envs/ts310/lib/python3.10/site-packages/gym/envs/registration.py:595: UserWarning: [33mWARN: Overriding environment maze2d-umaze-v1[0m
  logger.warn(f"Overriding environment {id}")
/home/jupyter-deuk-c4e4/.conda/envs/ts310/lib/python3.10/site-packages/gym/envs/registration.py:595: UserWarning: [33mWARN: Overriding environment maze2d-medium-v1[0m
  logger.warn(f"Overriding environment {id}")
/home/jupyter-deuk-c4e4/.conda/envs/ts310/lib/python3.10/site-packages/gym/envs/registration.py:595: UserWarning: [33mWARN: Overriding environment maze2d-large-v1[0m
  logger.warn(f"Overriding environment {id}")
/home/jupyter-deuk-c4e4/.conda/envs/ts310/lib/python3.10/site-packages/gym/envs/registration.py:595: UserWarning: [33mWARN: Overriding environment maze2d-eval-umaze-v1[0m
  logger.warn(f"Overriding environment {id}")
/home/jupyter-deuk-c4e4/.conda/envs/ts310/lib/python3.10/site-packages/gym/envs/registration.py:595: UserWarning: [33mWARN: Overriding environment maze2d-eval-medium-v1[0m
  logger.warn(f"Overriding environment {id}")
/home/jupyter-deuk-c4e4/.conda/envs/ts310/lib/python3.10/site-packages/gym/envs/registration.py:595: UserWarning: [33mWARN: Overriding environment maze2d-eval-large-v1[0m
  logger.warn(f"Overriding environment {id}")
/home/jupyter-deuk-c4e4/.conda/envs/ts310/lib/python3.10/site-packages/gym/envs/registration.py:595: UserWarning: [33mWARN: Overriding environment maze2d-open-dense-v0[0m
  logger.warn(f"Overriding environment {id}")
/home/jupyter-deuk-c4e4/.conda/envs/ts310/lib/python3.10/site-packages/gym/envs/registration.py:595: UserWarning: [33mWARN: Overriding environment maze2d-umaze-dense-v0[0m
  logger.warn(f"Overriding environment {id}")
/home/jupyter-deuk-c4e4/.conda/envs/ts310/lib/python3.10/site-packages/gym/envs/registration.py:595: UserWarning: [33mWARN: Overriding environment maze2d-medium-dense-v0[0m
  logger.warn(f"Overriding environment {id}")
/home/jupyter-deuk-c4e4/.conda/envs/ts310/lib/python3.10/site-packages/gym/envs/registration.py:595: UserWarning: [33mWARN: Overriding environment maze2d-large-dense-v0[0m
  logger.warn(f"Overriding environment {id}")
/home/jupyter-deuk-c4e4/.conda/envs/ts310/lib/python3.10/site-packages/gym/envs/registration.py:595: UserWarning: [33mWARN: Overriding environment maze2d-umaze-dense-v1[0m
  logger.warn(f"Overriding environment {id}")
/home/jupyter-deuk-c4e4/.conda/envs/ts310/lib/python3.10/site-packages/gym/envs/registration.py:595: UserWarning: [33mWARN: Overriding environment maze2d-medium-dense-v1[0m
  logger.warn(f"Overriding environment {id}")
/home/jupyter-deuk-c4e4/.conda/envs/ts310/lib/python3.10/site-packages/gym/envs/registration.py:595: UserWarning: [33mWARN: Overriding environment maze2d-large-dense-v1[0m
  logger.warn(f"Overriding environment {id}")
/home/jupyter-deuk-c4e4/.conda/envs/ts310/lib/python3.10/site-packages/gym/envs/registration.py:595: UserWarning: [33mWARN: Overriding environment maze2d-eval-umaze-dense-v1[0m
  logger.warn(f"Overriding environment {id}")
/home/jupyter-deuk-c4e4/.conda/envs/ts310/lib/python3.10/site-packages/gym/envs/registration.py:595: UserWarning: [33mWARN: Overriding environment maze2d-eval-medium-dense-v1[0m
  logger.warn(f"Overriding environment {id}")
/home/jupyter-deuk-c4e4/.conda/envs/ts310/lib/python3.10/site-packages/gym/envs/registration.py:595: UserWarning: [33mWARN: Overriding environment maze2d-eval-large-dense-v1[0m
  logger.warn(f"Overriding environment {id}")
/opt/dlami/nvme/home/jupyter-deuk-c4e4/temporal-straightening/custom_resolvers.py:4: UserWarning: 
The version_base parameter is not specified.
Please specify a compatability version level, or None.
Will assume defaults for version 1.1
  @hydra.main(config_path=None)
[2026-07-25 15:36:42,032][__main__][INFO] - Planning result saved dir: /opt/dlami/nvme/home/jupyter-deuk-c4e4/pusht-reproduction/patch_reproduction/plan/mpc_seed_100/chunk_20
/home/jupyter-deuk-c4e4/.conda/envs/ts310/lib/python3.10/site-packages/wandb/sdk/internal/internal_api.py:30: UserWarning: pkg_resources is deprecated as an API. See https://setuptools.pypa.io/en/latest/pkg_resources.html. The pkg_resources package is slated for removal as early as 2025-11-30. Refrain from using this package or pin to Setuptools<81.
  from pkg_resources import parse_version
Using cache found in /home/jupyter-deuk-c4e4/.cache/torch/hub/facebookresearch_dinov2_81b2b6419385
Loaded 18685 rollouts
Loaded 21 rollouts
[2026-07-25 15:36:44,520][dinov2][INFO] - using MLP layer as FFN
[2026-07-25 15:36:44,927][models.dino][WARNING] - Unknown projector 'none' for patch tokens; proceeding without projector.
Resuming from epoch 2: /home/jupyter-deuk-c4e4/pusht-reproduction/patch_reproduction/test/pusht_False_agg32_projnone_dim384_hw14_sgTrue_lr1e-06/checkpoints/model_2.pth
[2026-07-25 15:36:45,326][models.visual_world_model][INFO] - num_action_repeat: 1
[2026-07-25 15:36:45,326][models.visual_world_model][INFO] - num_proprio_repeat: 1
[2026-07-25 15:36:45,326][models.visual_world_model][INFO] - proprio encoder: ProprioceptiveEmbedding(
  (patch_embed): Conv1d(4, 10, kernel_size=(1,), stride=(1,))
  (norm): LayerNorm((10,), eps=1e-05, elementwise_affine=True)
)
[2026-07-25 15:36:45,326][models.visual_world_model][INFO] - action encoder: ProprioceptiveEmbedding(
  (patch_embed): Conv1d(10, 10, kernel_size=(1,), stride=(1,))
  (norm): LayerNorm((10,), eps=1e-05, elementwise_affine=True)
)
[2026-07-25 15:36:45,326][models.visual_world_model][INFO] - proprio_dim: 10, after repeat: 10
[2026-07-25 15:36:45,326][models.visual_world_model][INFO] - action_dim: 10, after repeat: 10
[2026-07-25 15:36:45,326][models.visual_world_model][INFO] - emb_dim: 404
[2026-07-25 15:36:45,326][models.visual_world_model][INFO] - Straightening disabled
[2026-07-25 15:36:45,326][models.visual_world_model][INFO] - Speed constancy disabled
[2026-07-25 15:36:45,326][models.visual_world_model][INFO] - Trajectory penalty disabled
[2026-07-25 15:36:45,326][models.visual_world_model][INFO] - Stop-grad enabled: True
[2026-07-25 15:36:45,326][models.visual_world_model][INFO] - VCReg enabled: False, apply_to=enc, std_coeff=0.0, cov_coeff=0.0
[2026-07-25 15:36:45,326][models.visual_world_model][INFO] - Model emb_dim: 404
[timing] setup_model_s=3.296
eval_seed:  [2001, 2101, 2201, 2301, 2401, 2501, 2601, 2701, 2801, 2901]
Dumped plan targets to /opt/dlami/nvme/home/jupyter-deuk-c4e4/pusht-reproduction/patch_reproduction/plan/mpc_seed_100/chunk_20/plan_targets.pkl
[timing] setup_workspace_s=5.468

MPC iter 0 Eval ------- 
Success rate:  0.0
{'success': array([False, False, False, False, False, False, False, False, False,
       False]), 'state_dist': array([136.58559 , 125.850204, 217.04877 , 134.10408 , 138.17256 ,
       191.39752 ,  80.39069 ,  68.76604 , 106.0305  , 120.57022 ],
      dtype=float32)}
self.is_success:  [False False False False False False False False False False]

MPC iter 1 Eval ------- 
Success rate:  0.0
{'success': array([False, False, False, False, False, False, False, False, False,
       False]), 'state_dist': array([145.90906 , 112.70739 , 178.38509 , 109.477875, 114.40252 ,
       204.48566 ,  74.60961 ,  49.98378 , 108.429695, 149.59431 ],
      dtype=float32)}
self.is_success:  [False False False False False False False False False False]

MPC iter 2 Eval ------- 
Success rate:  0.0
{'success': array([False, False, False, False, False, False, False, False, False,
       False]), 'state_dist': array([ 81.17838 , 104.95795 , 159.51775 ,  98.67329 , 101.99943 ,
       223.65274 ,  63.98019 ,  39.361687, 125.97171 , 106.07915 ],
      dtype=float32)}
self.is_success:  [False False False False False False False False False False]

MPC iter 3 Eval ------- 
Success rate:  0.1
{'success': array([False, False, False, False, False, False,  True, False, False,
       False]), 'state_dist': array([ 79.63629 ,  69.124016, 188.4078  ,  94.66825 , 125.92956 ,
       179.39546 ,  58.615967,  62.260372, 177.6077  ,  94.804535],
      dtype=float32)}
self.is_success:  [False False False False False False  True False False False]

MPC iter 4 Eval ------- 
Success rate:  0.3
{'success': array([False, False, False, False, False, False,  True,  True,  True,
       False]), 'state_dist': array([152.04196 ,  58.89832 , 115.9831  ,  95.065704, 112.12239 ,
       221.23691 ,  58.615967,  74.342735, 181.69933 ,  43.393234],
      dtype=float32)}
self.is_success:  [False False False False False False  True  True  True False]

MPC iter 5 Eval ------- 
Success rate:  0.5
{'success': array([False,  True, False, False, False, False,  True,  True,  True,
        True]), 'state_dist': array([ 54.135765,  23.455246, 175.2595  ,  50.97803 , 138.72311 ,
       171.88383 ,  58.615967,  74.342735, 181.69933 ,  46.398064],
      dtype=float32)}
self.is_success:  [False  True False False False False  True  True  True  True]

MPC iter 6 Eval ------- 
Success rate:  0.5
{'success': array([False,  True, False, False, False, False,  True,  True,  True,
        True]), 'state_dist': array([ 55.700905,  23.455246, 113.325005,  74.21847 , 163.07437 ,
       136.34428 ,  58.615967,  74.342735, 181.69933 ,  46.398064],
      dtype=float32)}
self.is_success:  [False  True False False False False  True  True  True  True]

MPC iter 7 Eval ------- 
Success rate:  0.5
{'success': array([False,  True, False, False, False, False,  True,  True,  True,
        True]), 'state_dist': array([ 62.70885 ,  23.455246, 109.260056,  25.528696, 145.11987 ,
       144.4878  ,  58.615967,  74.342735, 181.69933 ,  46.398064],
      dtype=float32)}
self.is_success:  [False  True False False False False  True  True  True  True]

MPC iter 8 Eval ------- 
Success rate:  0.5
{'success': array([False,  True, False, False, False, False,  True,  True,  True,
        True]), 'state_dist': array([ 49.098392,  23.455246, 106.663864,  23.522669, 113.11806 ,
       136.47926 ,  58.615967,  74.342735, 181.69933 ,  46.398064],
      dtype=float32)}
self.is_success:  [False  True False False False False  True  True  True  True]

MPC iter 9 Eval ------- 
Success rate:  0.5
{'success': array([False,  True, False, False, False, False,  True,  True,  True,
        True]), 'state_dist': array([ 49.220673,  23.455246,  96.79854 ,  26.235119, 122.30914 ,
       131.44969 ,  58.615967,  74.342735, 181.69933 ,  46.398064],
      dtype=float32)}
self.is_success:  [False  True False False False False  True  True  True  True]

MPC iter 10 Eval ------- 
Success rate:  0.5
{'success': array([False,  True, False, False, False, False,  True,  True,  True,
        True]), 'state_dist': array([ 50.36341 ,  23.455246, 102.894455,  24.396881, 120.992744,
       140.64554 ,  58.615967,  74.342735, 181.69933 ,  46.398064],
      dtype=float32)}
self.is_success:  [False  True False False False False  True  True  True  True]

MPC iter 11 Eval ------- 
Success rate:  0.5
{'success': array([False,  True, False, False, False, False,  True,  True,  True,
        True]), 'state_dist': array([ 51.7311  ,  23.455246, 100.05959 ,  23.89053 , 120.238045,
       133.54288 ,  58.615967,  74.342735, 181.69933 ,  46.398064],
      dtype=float32)}
self.is_success:  [False  True False False False False  True  True  True  True]

MPC iter 12 Eval ------- 
Success rate:  0.5
{'success': array([False,  True, False, False, False, False,  True,  True,  True,
        True]), 'state_dist': array([ 46.332912,  23.455246, 103.264   ,  23.395144, 118.12928 ,
       135.55658 ,  58.615967,  74.342735, 181.69933 ,  46.398064],
      dtype=float32)}
self.is_success:  [False  True False False False False  True  True  True  True]

MPC iter 13 Eval ------- 
Success rate:  0.5
{'success': array([False,  True, False, False, False, False,  True,  True,  True,
        True]), 'state_dist': array([ 44.4734  ,  23.455246,  99.44979 ,  23.969183, 106.06614 ,
       131.05992 ,  58.615967,  74.342735, 181.69933 ,  46.398064],
      dtype=float32)}
self.is_success:  [False  True False False False False  True  True  True  True]

MPC iter 14 Eval ------- 
Success rate:  0.5
{'success': array([False,  True, False, False, False, False,  True,  True,  True,
        True]), 'state_dist': array([ 46.930775,  23.455246, 105.09897 ,  24.11816 , 107.73092 ,
       135.65793 ,  58.615967,  74.342735, 181.69933 ,  46.398064],
      dtype=float32)}
self.is_success:  [False  True False False False False  True  True  True  True]

MPC iter 15 Eval ------- 
Success rate:  0.5
{'success': array([False,  True, False, False, False, False,  True,  True,  True,
        True]), 'state_dist': array([ 44.98871 ,  23.455246, 127.911865,  23.746433, 118.60472 ,
       132.40804 ,  58.615967,  74.342735, 181.69933 ,  46.398064],
      dtype=float32)}
self.is_success:  [False  True False False False False  True  True  True  True]

MPC iter 16 Eval ------- 
Success rate:  0.5
{'success': array([False,  True, False, False, False, False,  True,  True,  True,
        True]), 'state_dist': array([ 48.014095,  23.455246, 149.05388 ,  23.497171, 126.15926 ,
       135.29068 ,  58.615967,  74.342735, 181.69933 ,  46.398064],
      dtype=float32)}
self.is_success:  [False  True False False False False  True  True  True  True]

MPC iter 17 Eval ------- 
Success rate:  0.5
{'success': array([False,  True, False, False, False, False,  True,  True,  True,
        True]), 'state_dist': array([ 47.56367 ,  23.455246, 113.98863 ,  23.404688, 110.602936,
       132.36201 ,  58.615967,  74.342735, 181.69933 ,  46.398064],
      dtype=float32)}
self.is_success:  [False  True False False False False  True  True  True  True]

MPC iter 18 Eval ------- 
Success rate:  0.5
{'success': array([False,  True, False, False, False, False,  True,  True,  True,
        True]), 'state_dist': array([ 46.803493,  23.455246, 129.24654 ,  23.21613 , 107.7591  ,
       141.8166  ,  58.615967,  74.342735, 181.69933 ,  46.398064],
      dtype=float32)}
self.is_success:  [False  True False False False False  True  True  True  True]

MPC iter 19 Eval ------- 
Success rate:  0.5
{'success': array([False,  True, False, False, False, False,  True,  True,  True,
        True]), 'state_dist': array([ 43.87255 ,  23.455246, 145.72041 ,  24.6448  , 123.21273 ,
       131.1446  ,  58.615967,  74.342735, 181.69933 ,  46.398064],
      dtype=float32)}
self.is_success:  [False  True False False False False  True  True  True  True]
Success rate:  0.5
{'success': array([False,  True, False, False, False, False,  True,  True,  True,
        True]), 'state_dist': array([ 43.87255 ,  23.455246, 145.72041 ,  24.6448  , 123.21273 ,
       131.1446  ,  58.615967,  74.342735, 181.69933 ,  46.398064],
      dtype=float32)}
[timing] perform_planning_s=652.377
[timing] total_planning_main_s=661.142
===== patch mpc seed 100 chunk 30 (n_evals=10) =====
/home/jupyter-deuk-c4e4/.conda/envs/ts310/lib/python3.10/site-packages/wandb/sdk/internal/internal_api.py:30: UserWarning: pkg_resources is deprecated as an API. See https://setuptools.pypa.io/en/latest/pkg_resources.html. The pkg_resources package is slated for removal as early as 2025-11-30. Refrain from using this package or pin to Setuptools<81.
  from pkg_resources import parse_version
/home/jupyter-deuk-c4e4/.conda/envs/ts310/lib/python3.10/site-packages/pkg_resources/__init__.py:3148: DeprecationWarning: Deprecated call to `pkg_resources.declare_namespace('mpl_toolkits')`.
Implementing implicit namespace packages (as specified in PEP 420) is preferred to `pkg_resources.declare_namespace`. See https://setuptools.pypa.io/en/latest/references/keywords.html#keyword-namespace-packages
  declare_namespace(pkg)
/home/jupyter-deuk-c4e4/.conda/envs/ts310/lib/python3.10/site-packages/pkg_resources/__init__.py:3148: DeprecationWarning: Deprecated call to `pkg_resources.declare_namespace('google')`.
Implementing implicit namespace packages (as specified in PEP 420) is preferred to `pkg_resources.declare_namespace`. See https://setuptools.pypa.io/en/latest/references/keywords.html#keyword-namespace-packages
  declare_namespace(pkg)
/home/jupyter-deuk-c4e4/.conda/envs/ts310/lib/python3.10/site-packages/Cython/Distutils/old_build_ext.py:15: DeprecationWarning: dep_util is Deprecated. Use functions from setuptools instead.
  from distutils.dep_util import newer, newer_group
<frozen importlib._bootstrap>:283: DeprecationWarning: the load_module() method is deprecated and slated for removal in Python 3.12; use exec_module() instead
Warning: Mujoco-based envs failed to import. Set the environment variable D4RL_SUPPRESS_IMPORT_ERROR=1 to suppress this message.
No module named 'mjrl'
Warning: Flow failed to import. Set the environment variable D4RL_SUPPRESS_IMPORT_ERROR=1 to suppress this message.
No module named 'flow'
Warning: CARLA failed to import. Set the environment variable D4RL_SUPPRESS_IMPORT_ERROR=1 to suppress this message.
No module named 'carla'
pybullet build time: Jan 29 2025 23:16:28
/home/jupyter-deuk-c4e4/.conda/envs/ts310/lib/python3.10/site-packages/gym/envs/registration.py:595: UserWarning: [33mWARN: Overriding environment maze2d-open-v0[0m
  logger.warn(f"Overriding environment {id}")
/home/jupyter-deuk-c4e4/.conda/envs/ts310/lib/python3.10/site-packages/gym/envs/registration.py:595: UserWarning: [33mWARN: Overriding environment maze2d-umaze-v0[0m
  logger.warn(f"Overriding environment {id}")
/home/jupyter-deuk-c4e4/.conda/envs/ts310/lib/python3.10/site-packages/gym/envs/registration.py:595: UserWarning: [33mWARN: Overriding environment maze2d-medium-v0[0m
  logger.warn(f"Overriding environment {id}")
/home/jupyter-deuk-c4e4/.conda/envs/ts310/lib/python3.10/site-packages/gym/envs/registration.py:595: UserWarning: [33mWARN: Overriding environment maze2d-large-v0[0m
  logger.warn(f"Overriding environment {id}")
/home/jupyter-deuk-c4e4/.conda/envs/ts310/lib/python3.10/site-packages/gym/envs/registration.py:595: UserWarning: [33mWARN: Overriding environment maze2d-umaze-v1[0m
  logger.warn(f"Overriding environment {id}")
/home/jupyter-deuk-c4e4/.conda/envs/ts310/lib/python3.10/site-packages/gym/envs/registration.py:595: UserWarning: [33mWARN: Overriding environment maze2d-medium-v1[0m
  logger.warn(f"Overriding environment {id}")
/home/jupyter-deuk-c4e4/.conda/envs/ts310/lib/python3.10/site-packages/gym/envs/registration.py:595: UserWarning: [33mWARN: Overriding environment maze2d-large-v1[0m
  logger.warn(f"Overriding environment {id}")
/home/jupyter-deuk-c4e4/.conda/envs/ts310/lib/python3.10/site-packages/gym/envs/registration.py:595: UserWarning: [33mWARN: Overriding environment maze2d-eval-umaze-v1[0m
  logger.warn(f"Overriding environment {id}")
/home/jupyter-deuk-c4e4/.conda/envs/ts310/lib/python3.10/site-packages/gym/envs/registration.py:595: UserWarning: [33mWARN: Overriding environment maze2d-eval-medium-v1[0m
  logger.warn(f"Overriding environment {id}")
/home/jupyter-deuk-c4e4/.conda/envs/ts310/lib/python3.10/site-packages/gym/envs/registration.py:595: UserWarning: [33mWARN: Overriding environment maze2d-eval-large-v1[0m
  logger.warn(f"Overriding environment {id}")
/home/jupyter-deuk-c4e4/.conda/envs/ts310/lib/python3.10/site-packages/gym/envs/registration.py:595: UserWarning: [33mWARN: Overriding environment maze2d-open-dense-v0[0m
  logger.warn(f"Overriding environment {id}")
/home/jupyter-deuk-c4e4/.conda/envs/ts310/lib/python3.10/site-packages/gym/envs/registration.py:595: UserWarning: [33mWARN: Overriding environment maze2d-umaze-dense-v0[0m
  logger.warn(f"Overriding environment {id}")
/home/jupyter-deuk-c4e4/.conda/envs/ts310/lib/python3.10/site-packages/gym/envs/registration.py:595: UserWarning: [33mWARN: Overriding environment maze2d-medium-dense-v0[0m
  logger.warn(f"Overriding environment {id}")
/home/jupyter-deuk-c4e4/.conda/envs/ts310/lib/python3.10/site-packages/gym/envs/registration.py:595: UserWarning: [33mWARN: Overriding environment maze2d-large-dense-v0[0m
  logger.warn(f"Overriding environment {id}")
/home/jupyter-deuk-c4e4/.conda/envs/ts310/lib/python3.10/site-packages/gym/envs/registration.py:595: UserWarning: [33mWARN: Overriding environment maze2d-umaze-dense-v1[0m
  logger.warn(f"Overriding environment {id}")
/home/jupyter-deuk-c4e4/.conda/envs/ts310/lib/python3.10/site-packages/gym/envs/registration.py:595: UserWarning: [33mWARN: Overriding environment maze2d-medium-dense-v1[0m
  logger.warn(f"Overriding environment {id}")
/home/jupyter-deuk-c4e4/.conda/envs/ts310/lib/python3.10/site-packages/gym/envs/registration.py:595: UserWarning: [33mWARN: Overriding environment maze2d-large-dense-v1[0m
  logger.warn(f"Overriding environment {id}")
/home/jupyter-deuk-c4e4/.conda/envs/ts310/lib/python3.10/site-packages/gym/envs/registration.py:595: UserWarning: [33mWARN: Overriding environment maze2d-eval-umaze-dense-v1[0m
  logger.warn(f"Overriding environment {id}")
/home/jupyter-deuk-c4e4/.conda/envs/ts310/lib/python3.10/site-packages/gym/envs/registration.py:595: UserWarning: [33mWARN: Overriding environment maze2d-eval-medium-dense-v1[0m
  logger.warn(f"Overriding environment {id}")
/home/jupyter-deuk-c4e4/.conda/envs/ts310/lib/python3.10/site-packages/gym/envs/registration.py:595: UserWarning: [33mWARN: Overriding environment maze2d-eval-large-dense-v1[0m
  logger.warn(f"Overriding environment {id}")
/opt/dlami/nvme/home/jupyter-deuk-c4e4/temporal-straightening/custom_resolvers.py:4: UserWarning: 
The version_base parameter is not specified.
Please specify a compatability version level, or None.
Will assume defaults for version 1.1
  @hydra.main(config_path=None)
[2026-07-25 15:47:48,350][__main__][INFO] - Planning result saved dir: /opt/dlami/nvme/home/jupyter-deuk-c4e4/pusht-reproduction/patch_reproduction/plan/mpc_seed_100/chunk_30
/home/jupyter-deuk-c4e4/.conda/envs/ts310/lib/python3.10/site-packages/wandb/sdk/internal/internal_api.py:30: UserWarning: pkg_resources is deprecated as an API. See https://setuptools.pypa.io/en/latest/pkg_resources.html. The pkg_resources package is slated for removal as early as 2025-11-30. Refrain from using this package or pin to Setuptools<81.
  from pkg_resources import parse_version
Using cache found in /home/jupyter-deuk-c4e4/.cache/torch/hub/facebookresearch_dinov2_81b2b6419385
Loaded 18685 rollouts
Loaded 21 rollouts
[2026-07-25 15:47:50,823][dinov2][INFO] - using MLP layer as FFN
[2026-07-25 15:47:51,231][models.dino][WARNING] - Unknown projector 'none' for patch tokens; proceeding without projector.
Resuming from epoch 2: /home/jupyter-deuk-c4e4/pusht-reproduction/patch_reproduction/test/pusht_False_agg32_projnone_dim384_hw14_sgTrue_lr1e-06/checkpoints/model_2.pth
[2026-07-25 15:47:51,627][models.visual_world_model][INFO] - num_action_repeat: 1
[2026-07-25 15:47:51,627][models.visual_world_model][INFO] - num_proprio_repeat: 1
[2026-07-25 15:47:51,627][models.visual_world_model][INFO] - proprio encoder: ProprioceptiveEmbedding(
  (patch_embed): Conv1d(4, 10, kernel_size=(1,), stride=(1,))
  (norm): LayerNorm((10,), eps=1e-05, elementwise_affine=True)
)
[2026-07-25 15:47:51,627][models.visual_world_model][INFO] - action encoder: ProprioceptiveEmbedding(
  (patch_embed): Conv1d(10, 10, kernel_size=(1,), stride=(1,))
  (norm): LayerNorm((10,), eps=1e-05, elementwise_affine=True)
)
[2026-07-25 15:47:51,627][models.visual_world_model][INFO] - proprio_dim: 10, after repeat: 10
[2026-07-25 15:47:51,627][models.visual_world_model][INFO] - action_dim: 10, after repeat: 10
[2026-07-25 15:47:51,627][models.visual_world_model][INFO] - emb_dim: 404
[2026-07-25 15:47:51,627][models.visual_world_model][INFO] - Straightening disabled
[2026-07-25 15:47:51,627][models.visual_world_model][INFO] - Speed constancy disabled
[2026-07-25 15:47:51,627][models.visual_world_model][INFO] - Trajectory penalty disabled
[2026-07-25 15:47:51,627][models.visual_world_model][INFO] - Stop-grad enabled: True
[2026-07-25 15:47:51,627][models.visual_world_model][INFO] - VCReg enabled: False, apply_to=enc, std_coeff=0.0, cov_coeff=0.0
[2026-07-25 15:47:51,627][models.visual_world_model][INFO] - Model emb_dim: 404
[timing] setup_model_s=3.279
eval_seed:  [3001, 3101, 3201, 3301, 3401, 3501, 3601, 3701, 3801, 3901]
Dumped plan targets to /opt/dlami/nvme/home/jupyter-deuk-c4e4/pusht-reproduction/patch_reproduction/plan/mpc_seed_100/chunk_30/plan_targets.pkl
[timing] setup_workspace_s=6.125

MPC iter 0 Eval ------- 
Success rate:  0.0
{'success': array([False, False, False, False, False, False, False, False, False,
       False]), 'state_dist': array([246.0346  , 127.20623 , 156.77145 , 359.58997 ,  50.434105,
        68.89384 , 218.12665 , 195.14919 , 116.04629 , 139.41212 ],
      dtype=float32)}
self.is_success:  [False False False False False False False False False False]

MPC iter 1 Eval ------- 
Success rate:  0.0
{'success': array([False, False, False, False, False, False, False, False, False,
       False]), 'state_dist': array([126.38349 , 114.76795 , 148.18475 , 223.88617 ,  56.299416,
        66.119415, 175.97086 , 198.05952 ,  99.076416, 101.935844],
      dtype=float32)}
self.is_success:  [False False False False False False False False False False]

MPC iter 2 Eval ------- 
Success rate:  0.0
{'success': array([False, False, False, False, False, False, False, False, False,
       False]), 'state_dist': array([140.59479 ,  92.280685, 119.72388 , 249.77086 ,  67.5394  ,
        73.09995 , 149.23792 , 197.9671  , 146.77805 , 102.910965],
      dtype=float32)}
self.is_success:  [False False False False False False False False False False]

MPC iter 3 Eval ------- 
Success rate:  0.1
{'success': array([False, False, False, False,  True, False, False, False, False,
       False]), 'state_dist': array([177.19989 ,  69.70738 , 148.88487 , 233.80505 ,  60.051167,
       101.90282 , 282.87375 , 217.66026 , 114.12256 ,  63.892365],
      dtype=float32)}
self.is_success:  [False False False False  True False False False False False]

MPC iter 4 Eval ------- 
Success rate:  0.4
{'success': array([ True, False, False, False,  True,  True, False, False, False,
        True]), 'state_dist': array([ 79.908264,  27.670496, 165.85873 ,  85.455475,  60.051167,
        39.774933, 209.2403  , 192.51567 , 138.82263 ,  60.540127],
      dtype=float32)}
self.is_success:  [ True False False False  True  True False False False  True]

MPC iter 5 Eval ------- 
Success rate:  0.6
{'success': array([ True,  True, False, False,  True,  True, False,  True, False,
        True]), 'state_dist': array([ 79.908264,  35.397686, 118.169   ,  61.202484,  60.051167,
        39.774933, 147.98691 ,  40.476147,  63.59045 ,  60.540127],
      dtype=float32)}
self.is_success:  [ True  True False False  True  True False  True False  True]

MPC iter 6 Eval ------- 
Success rate:  0.6
{'success': array([ True,  True, False, False,  True,  True, False,  True, False,
        True]), 'state_dist': array([ 79.908264,  35.397686, 142.90314 ,  26.814503,  60.051167,
        39.774933, 142.51595 ,  40.476147,  50.95572 ,  60.540127],
      dtype=float32)}
self.is_success:  [ True  True False False  True  True False  True False  True]

MPC iter 7 Eval ------- 
Success rate:  0.7
{'success': array([ True,  True, False,  True,  True,  True, False,  True, False,
        True]), 'state_dist': array([ 79.908264,  35.397686, 118.73024 ,  60.91598 ,  60.051167,
        39.774933, 181.91182 ,  40.476147, 131.22243 ,  60.540127],
      dtype=float32)}
self.is_success:  [ True  True False  True  True  True False  True False  True]

MPC iter 8 Eval ------- 
Success rate:  0.7
{'success': array([ True,  True, False,  True,  True,  True, False,  True, False,
        True]), 'state_dist': array([ 79.908264,  35.397686, 112.73678 ,  60.91598 ,  60.051167,
        39.774933, 119.46601 ,  40.476147, 104.0704  ,  60.540127],
      dtype=float32)}
self.is_success:  [ True  True False  True  True  True False  True False  True]

MPC iter 9 Eval ------- 
Success rate:  0.7
{'success': array([ True,  True, False,  True,  True,  True, False,  True, False,
        True]), 'state_dist': array([ 79.908264,  35.397686, 107.59173 ,  60.91598 ,  60.051167,
        39.774933, 113.758934,  40.476147,  92.95392 ,  60.540127],
      dtype=float32)}
self.is_success:  [ True  True False  True  True  True False  True False  True]

MPC iter 10 Eval ------- 
Success rate:  0.7
{'success': array([ True,  True, False,  True,  True,  True, False,  True, False,
        True]), 'state_dist': array([ 79.908264,  35.397686, 141.81215 ,  60.91598 ,  60.051167,
        39.774933, 116.94703 ,  40.476147,  93.699646,  60.540127],
      dtype=float32)}
self.is_success:  [ True  True False  True  True  True False  True False  True]

MPC iter 11 Eval ------- 
Success rate:  0.7
{'success': array([ True,  True, False,  True,  True,  True, False,  True, False,
        True]), 'state_dist': array([ 79.908264,  35.397686, 121.82027 ,  60.91598 ,  60.051167,
        39.774933, 111.98793 ,  40.476147,  53.195942,  60.540127],
      dtype=float32)}
self.is_success:  [ True  True False  True  True  True False  True False  True]

MPC iter 12 Eval ------- 
Success rate:  0.7
{'success': array([ True,  True, False,  True,  True,  True, False,  True, False,
        True]), 'state_dist': array([ 79.908264,  35.397686, 129.86172 ,  60.91598 ,  60.051167,
        39.774933, 109.67374 ,  40.476147,  45.92924 ,  60.540127],
      dtype=float32)}
self.is_success:  [ True  True False  True  True  True False  True False  True]

MPC iter 13 Eval ------- 
Success rate:  0.8
{'success': array([ True,  True, False,  True,  True,  True, False,  True,  True,
        True]), 'state_dist': array([ 79.908264,  35.397686, 125.753525,  60.91598 ,  60.051167,
        39.774933, 112.57297 ,  40.476147,  41.257103,  60.540127],
      dtype=float32)}
self.is_success:  [ True  True False  True  True  True False  True  True  True]

MPC iter 14 Eval ------- 
Success rate:  0.8
{'success': array([ True,  True, False,  True,  True,  True, False,  True,  True,
        True]), 'state_dist': array([ 79.908264,  35.397686, 127.82821 ,  60.91598 ,  60.051167,
        39.774933,  97.36728 ,  40.476147,  41.257103,  60.540127],
      dtype=float32)}
self.is_success:  [ True  True False  True  True  True False  True  True  True]

MPC iter 15 Eval ------- 
Success rate:  0.8
{'success': array([ True,  True, False,  True,  True,  True, False,  True,  True,
        True]), 'state_dist': array([ 79.908264,  35.397686, 139.02873 ,  60.91598 ,  60.051167,
        39.774933,  95.28671 ,  40.476147,  41.257103,  60.540127],
      dtype=float32)}
self.is_success:  [ True  True False  True  True  True False  True  True  True]

MPC iter 16 Eval ------- 
Success rate:  0.8
{'success': array([ True,  True, False,  True,  True,  True, False,  True,  True,
        True]), 'state_dist': array([ 79.908264,  35.397686, 142.8305  ,  60.91598 ,  60.051167,
        39.774933,  95.431206,  40.476147,  41.257103,  60.540127],
      dtype=float32)}
self.is_success:  [ True  True False  True  True  True False  True  True  True]

MPC iter 17 Eval ------- 
Success rate:  0.8
{'success': array([ True,  True, False,  True,  True,  True, False,  True,  True,
        True]), 'state_dist': array([ 79.908264,  35.397686, 139.13557 ,  60.91598 ,  60.051167,
        39.774933,  98.9057  ,  40.476147,  41.257103,  60.540127],
      dtype=float32)}
self.is_success:  [ True  True False  True  True  True False  True  True  True]

MPC iter 18 Eval ------- 
Success rate:  0.8
{'success': array([ True,  True, False,  True,  True,  True, False,  True,  True,
        True]), 'state_dist': array([ 79.908264,  35.397686, 138.27162 ,  60.91598 ,  60.051167,
        39.774933, 100.160065,  40.476147,  41.257103,  60.540127],
      dtype=float32)}
self.is_success:  [ True  True False  True  True  True False  True  True  True]

MPC iter 19 Eval ------- 
Success rate:  0.8
{'success': array([ True,  True, False,  True,  True,  True, False,  True,  True,
        True]), 'state_dist': array([ 79.908264,  35.397686, 138.86818 ,  60.91598 ,  60.051167,
        39.774933, 112.69033 ,  40.476147,  41.257103,  60.540127],
      dtype=float32)}
self.is_success:  [ True  True False  True  True  True False  True  True  True]
Success rate:  0.8
{'success': array([ True,  True, False,  True,  True,  True, False,  True,  True,
        True]), 'state_dist': array([ 79.908264,  35.397686, 138.86818 ,  60.91598 ,  60.051167,
        39.774933, 112.69033 ,  40.476147,  41.257103,  60.540127],
      dtype=float32)}
[timing] perform_planning_s=651.840
[timing] total_planning_main_s=661.243
===== patch mpc seed 100 chunk 40 (n_evals=10) =====
/home/jupyter-deuk-c4e4/.conda/envs/ts310/lib/python3.10/site-packages/wandb/sdk/internal/internal_api.py:30: UserWarning: pkg_resources is deprecated as an API. See https://setuptools.pypa.io/en/latest/pkg_resources.html. The pkg_resources package is slated for removal as early as 2025-11-30. Refrain from using this package or pin to Setuptools<81.
  from pkg_resources import parse_version
/home/jupyter-deuk-c4e4/.conda/envs/ts310/lib/python3.10/site-packages/pkg_resources/__init__.py:3148: DeprecationWarning: Deprecated call to `pkg_resources.declare_namespace('mpl_toolkits')`.
Implementing implicit namespace packages (as specified in PEP 420) is preferred to `pkg_resources.declare_namespace`. See https://setuptools.pypa.io/en/latest/references/keywords.html#keyword-namespace-packages
  declare_namespace(pkg)
/home/jupyter-deuk-c4e4/.conda/envs/ts310/lib/python3.10/site-packages/pkg_resources/__init__.py:3148: DeprecationWarning: Deprecated call to `pkg_resources.declare_namespace('google')`.
Implementing implicit namespace packages (as specified in PEP 420) is preferred to `pkg_resources.declare_namespace`. See https://setuptools.pypa.io/en/latest/references/keywords.html#keyword-namespace-packages
  declare_namespace(pkg)
/home/jupyter-deuk-c4e4/.conda/envs/ts310/lib/python3.10/site-packages/Cython/Distutils/old_build_ext.py:15: DeprecationWarning: dep_util is Deprecated. Use functions from setuptools instead.
  from distutils.dep_util import newer, newer_group
<frozen importlib._bootstrap>:283: DeprecationWarning: the load_module() method is deprecated and slated for removal in Python 3.12; use exec_module() instead
Warning: Mujoco-based envs failed to import. Set the environment variable D4RL_SUPPRESS_IMPORT_ERROR=1 to suppress this message.
No module named 'mjrl'
Warning: Flow failed to import. Set the environment variable D4RL_SUPPRESS_IMPORT_ERROR=1 to suppress this message.
No module named 'flow'
Warning: CARLA failed to import. Set the environment variable D4RL_SUPPRESS_IMPORT_ERROR=1 to suppress this message.
No module named 'carla'
pybullet build time: Jan 29 2025 23:16:28
/home/jupyter-deuk-c4e4/.conda/envs/ts310/lib/python3.10/site-packages/gym/envs/registration.py:595: UserWarning: [33mWARN: Overriding environment maze2d-open-v0[0m
  logger.warn(f"Overriding environment {id}")
/home/jupyter-deuk-c4e4/.conda/envs/ts310/lib/python3.10/site-packages/gym/envs/registration.py:595: UserWarning: [33mWARN: Overriding environment maze2d-umaze-v0[0m
  logger.warn(f"Overriding environment {id}")
/home/jupyter-deuk-c4e4/.conda/envs/ts310/lib/python3.10/site-packages/gym/envs/registration.py:595: UserWarning: [33mWARN: Overriding environment maze2d-medium-v0[0m
  logger.warn(f"Overriding environment {id}")
/home/jupyter-deuk-c4e4/.conda/envs/ts310/lib/python3.10/site-packages/gym/envs/registration.py:595: UserWarning: [33mWARN: Overriding environment maze2d-large-v0[0m
  logger.warn(f"Overriding environment {id}")
/home/jupyter-deuk-c4e4/.conda/envs/ts310/lib/python3.10/site-packages/gym/envs/registration.py:595: UserWarning: [33mWARN: Overriding environment maze2d-umaze-v1[0m
  logger.warn(f"Overriding environment {id}")
/home/jupyter-deuk-c4e4/.conda/envs/ts310/lib/python3.10/site-packages/gym/envs/registration.py:595: UserWarning: [33mWARN: Overriding environment maze2d-medium-v1[0m
  logger.warn(f"Overriding environment {id}")
/home/jupyter-deuk-c4e4/.conda/envs/ts310/lib/python3.10/site-packages/gym/envs/registration.py:595: UserWarning: [33mWARN: Overriding environment maze2d-large-v1[0m
  logger.warn(f"Overriding environment {id}")
/home/jupyter-deuk-c4e4/.conda/envs/ts310/lib/python3.10/site-packages/gym/envs/registration.py:595: UserWarning: [33mWARN: Overriding environment maze2d-eval-umaze-v1[0m
  logger.warn(f"Overriding environment {id}")
/home/jupyter-deuk-c4e4/.conda/envs/ts310/lib/python3.10/site-packages/gym/envs/registration.py:595: UserWarning: [33mWARN: Overriding environment maze2d-eval-medium-v1[0m
  logger.warn(f"Overriding environment {id}")
/home/jupyter-deuk-c4e4/.conda/envs/ts310/lib/python3.10/site-packages/gym/envs/registration.py:595: UserWarning: [33mWARN: Overriding environment maze2d-eval-large-v1[0m
  logger.warn(f"Overriding environment {id}")
/home/jupyter-deuk-c4e4/.conda/envs/ts310/lib/python3.10/site-packages/gym/envs/registration.py:595: UserWarning: [33mWARN: Overriding environment maze2d-open-dense-v0[0m
  logger.warn(f"Overriding environment {id}")
/home/jupyter-deuk-c4e4/.conda/envs/ts310/lib/python3.10/site-packages/gym/envs/registration.py:595: UserWarning: [33mWARN: Overriding environment maze2d-umaze-dense-v0[0m
  logger.warn(f"Overriding environment {id}")
/home/jupyter-deuk-c4e4/.conda/envs/ts310/lib/python3.10/site-packages/gym/envs/registration.py:595: UserWarning: [33mWARN: Overriding environment maze2d-medium-dense-v0[0m
  logger.warn(f"Overriding environment {id}")
/home/jupyter-deuk-c4e4/.conda/envs/ts310/lib/python3.10/site-packages/gym/envs/registration.py:595: UserWarning: [33mWARN: Overriding environment maze2d-large-dense-v0[0m
  logger.warn(f"Overriding environment {id}")
/home/jupyter-deuk-c4e4/.conda/envs/ts310/lib/python3.10/site-packages/gym/envs/registration.py:595: UserWarning: [33mWARN: Overriding environment maze2d-umaze-dense-v1[0m
  logger.warn(f"Overriding environment {id}")
/home/jupyter-deuk-c4e4/.conda/envs/ts310/lib/python3.10/site-packages/gym/envs/registration.py:595: UserWarning: [33mWARN: Overriding environment maze2d-medium-dense-v1[0m
  logger.warn(f"Overriding environment {id}")
/home/jupyter-deuk-c4e4/.conda/envs/ts310/lib/python3.10/site-packages/gym/envs/registration.py:595: UserWarning: [33mWARN: Overriding environment maze2d-large-dense-v1[0m
  logger.warn(f"Overriding environment {id}")
/home/jupyter-deuk-c4e4/.conda/envs/ts310/lib/python3.10/site-packages/gym/envs/registration.py:595: UserWarning: [33mWARN: Overriding environment maze2d-eval-umaze-dense-v1[0m
  logger.warn(f"Overriding environment {id}")
/home/jupyter-deuk-c4e4/.conda/envs/ts310/lib/python3.10/site-packages/gym/envs/registration.py:595: UserWarning: [33mWARN: Overriding environment maze2d-eval-medium-dense-v1[0m
  logger.warn(f"Overriding environment {id}")
/home/jupyter-deuk-c4e4/.conda/envs/ts310/lib/python3.10/site-packages/gym/envs/registration.py:595: UserWarning: [33mWARN: Overriding environment maze2d-eval-large-dense-v1[0m
  logger.warn(f"Overriding environment {id}")
/opt/dlami/nvme/home/jupyter-deuk-c4e4/temporal-straightening/custom_resolvers.py:4: UserWarning: 
The version_base parameter is not specified.
Please specify a compatability version level, or None.
Will assume defaults for version 1.1
  @hydra.main(config_path=None)
[2026-07-25 15:58:55,975][__main__][INFO] - Planning result saved dir: /opt/dlami/nvme/home/jupyter-deuk-c4e4/pusht-reproduction/patch_reproduction/plan/mpc_seed_100/chunk_40
/home/jupyter-deuk-c4e4/.conda/envs/ts310/lib/python3.10/site-packages/wandb/sdk/internal/internal_api.py:30: UserWarning: pkg_resources is deprecated as an API. See https://setuptools.pypa.io/en/latest/pkg_resources.html. The pkg_resources package is slated for removal as early as 2025-11-30. Refrain from using this package or pin to Setuptools<81.
  from pkg_resources import parse_version
Using cache found in /home/jupyter-deuk-c4e4/.cache/torch/hub/facebookresearch_dinov2_81b2b6419385
Loaded 18685 rollouts
Loaded 21 rollouts
[2026-07-25 15:58:58,505][dinov2][INFO] - using MLP layer as FFN
[2026-07-25 15:58:58,929][models.dino][WARNING] - Unknown projector 'none' for patch tokens; proceeding without projector.
Resuming from epoch 2: /home/jupyter-deuk-c4e4/pusht-reproduction/patch_reproduction/test/pusht_False_agg32_projnone_dim384_hw14_sgTrue_lr1e-06/checkpoints/model_2.pth
[2026-07-25 15:58:59,352][models.visual_world_model][INFO] - num_action_repeat: 1
[2026-07-25 15:58:59,352][models.visual_world_model][INFO] - num_proprio_repeat: 1
[2026-07-25 15:58:59,352][models.visual_world_model][INFO] - proprio encoder: ProprioceptiveEmbedding(
  (patch_embed): Conv1d(4, 10, kernel_size=(1,), stride=(1,))
  (norm): LayerNorm((10,), eps=1e-05, elementwise_affine=True)
)
[2026-07-25 15:58:59,352][models.visual_world_model][INFO] - action encoder: ProprioceptiveEmbedding(
  (patch_embed): Conv1d(10, 10, kernel_size=(1,), stride=(1,))
  (norm): LayerNorm((10,), eps=1e-05, elementwise_affine=True)
)
[2026-07-25 15:58:59,352][models.visual_world_model][INFO] - proprio_dim: 10, after repeat: 10
[2026-07-25 15:58:59,352][models.visual_world_model][INFO] - action_dim: 10, after repeat: 10
[2026-07-25 15:58:59,352][models.visual_world_model][INFO] - emb_dim: 404
[2026-07-25 15:58:59,352][models.visual_world_model][INFO] - Straightening disabled
[2026-07-25 15:58:59,352][models.visual_world_model][INFO] - Speed constancy disabled
[2026-07-25 15:58:59,352][models.visual_world_model][INFO] - Trajectory penalty disabled
[2026-07-25 15:58:59,352][models.visual_world_model][INFO] - Stop-grad enabled: True
[2026-07-25 15:58:59,352][models.visual_world_model][INFO] - VCReg enabled: False, apply_to=enc, std_coeff=0.0, cov_coeff=0.0
[2026-07-25 15:58:59,353][models.visual_world_model][INFO] - Model emb_dim: 404
[timing] setup_model_s=3.379
eval_seed:  [4001, 4101, 4201, 4301, 4401, 4501, 4601, 4701, 4801, 4901]
Dumped plan targets to /opt/dlami/nvme/home/jupyter-deuk-c4e4/pusht-reproduction/patch_reproduction/plan/mpc_seed_100/chunk_40/plan_targets.pkl
[timing] setup_workspace_s=6.558

MPC iter 0 Eval ------- 
Success rate:  0.0
{'success': array([False, False, False, False, False, False, False, False, False,
       False]), 'state_dist': array([195.02858, 138.40778, 167.60982,  77.86128, 138.2117 , 215.28714,
       213.85529, 165.92116, 186.41599, 162.04626], dtype=float32)}
self.is_success:  [False False False False False False False False False False]

MPC iter 1 Eval ------- 
Success rate:  0.0
{'success': array([False, False, False, False, False, False, False, False, False,
       False]), 'state_dist': array([181.23785 , 159.38048 , 149.10686 ,  55.260098, 132.31834 ,
       183.78879 , 233.70932 , 160.69247 , 211.19957 , 139.1934  ],
      dtype=float32)}
self.is_success:  [False False False False False False False False False False]

MPC iter 2 Eval ------- 
Success rate:  0.0
{'success': array([False, False, False, False, False, False, False, False, False,
       False]), 'state_dist': array([147.93774, 174.42221, 133.62216, 127.55489, 124.35507, 158.99722,
       253.3628 , 136.55826, 213.64642, 120.23686], dtype=float32)}
self.is_success:  [False False False False False False False False False False]

MPC iter 3 Eval ------- 
Success rate:  0.0
{'success': array([False, False, False, False, False, False, False, False, False,
       False]), 'state_dist': array([ 90.55918 , 122.814415, 222.92697 ,  81.12578 ,  92.14226 ,
       143.21722 , 152.6401  , 118.09953 , 162.56999 , 100.67727 ],
      dtype=float32)}
self.is_success:  [False False False False False False False False False False]

MPC iter 4 Eval ------- 
Success rate:  0.2
{'success': array([ True,  True, False, False, False, False, False, False, False,
       False]), 'state_dist': array([ 19.409138, 115.57093 , 184.42828 ,  76.610756,  44.2715  ,
       166.0873  , 114.41424 ,  79.715126,  47.418785,  67.43087 ],
      dtype=float32)}
self.is_success:  [ True  True False False False False False False False False]

MPC iter 5 Eval ------- 
Success rate:  0.3
{'success': array([ True,  True, False,  True, False, False, False, False, False,
       False]), 'state_dist': array([ 19.409138, 115.57093 , 187.95303 ,  75.27042 ,  24.742487,
       121.79158 ,  93.37068 ,  49.220997,  34.6191  ,  27.619312],
      dtype=float32)}
self.is_success:  [ True  True False  True False False False False False False]

MPC iter 6 Eval ------- 
Success rate:  0.7
{'success': array([ True,  True, False,  True,  True, False,  True,  True,  True,
       False]), 'state_dist': array([ 19.409138, 115.57093 , 174.85649 ,  75.27042 ,  15.277871,
       158.81134 ,  57.886414,  42.972805,  16.037664,  67.671295],
      dtype=float32)}
self.is_success:  [ True  True False  True  True False  True  True  True False]

MPC iter 7 Eval ------- 
Success rate:  0.7
{'success': array([ True,  True, False,  True,  True, False,  True,  True,  True,
       False]), 'state_dist': array([ 19.409138, 115.57093 , 164.04605 ,  75.27042 ,  15.277871,
       124.23999 ,  57.886414,  42.972805,  16.037664,  38.413376],
      dtype=float32)}
self.is_success:  [ True  True False  True  True False  True  True  True False]

MPC iter 8 Eval ------- 
Success rate:  0.8
{'success': array([ True,  True, False,  True,  True, False,  True,  True,  True,
        True]), 'state_dist': array([ 19.409138, 115.57093 , 191.76062 ,  75.27042 ,  15.277871,
       143.47057 ,  57.886414,  42.972805,  16.037664,  19.482416],
      dtype=float32)}
self.is_success:  [ True  True False  True  True False  True  True  True  True]

MPC iter 9 Eval ------- 
Success rate:  0.8
{'success': array([ True,  True, False,  True,  True, False,  True,  True,  True,
        True]), 'state_dist': array([ 19.409138, 115.57093 , 169.75163 ,  75.27042 ,  15.277871,
       116.10457 ,  57.886414,  42.972805,  16.037664,  19.482416],
      dtype=float32)}
self.is_success:  [ True  True False  True  True False  True  True  True  True]

MPC iter 10 Eval ------- 
Success rate:  0.8
{'success': array([ True,  True, False,  True,  True, False,  True,  True,  True,
        True]), 'state_dist': array([ 19.409138, 115.57093 , 183.02458 ,  75.27042 ,  15.277871,
       116.39855 ,  57.886414,  42.972805,  16.037664,  19.482416],
      dtype=float32)}
self.is_success:  [ True  True False  True  True False  True  True  True  True]

MPC iter 11 Eval ------- 
Success rate:  0.8
{'success': array([ True,  True, False,  True,  True, False,  True,  True,  True,
        True]), 'state_dist': array([ 19.409138, 115.57093 , 148.77528 ,  75.27042 ,  15.277871,
       104.9658  ,  57.886414,  42.972805,  16.037664,  19.482416],
      dtype=float32)}
self.is_success:  [ True  True False  True  True False  True  True  True  True]

MPC iter 12 Eval ------- 
Success rate:  0.8
{'success': array([ True,  True, False,  True,  True, False,  True,  True,  True,
        True]), 'state_dist': array([ 19.409138, 115.57093 , 196.60588 ,  75.27042 ,  15.277871,
       105.235374,  57.886414,  42.972805,  16.037664,  19.482416],
      dtype=float32)}
self.is_success:  [ True  True False  True  True False  True  True  True  True]

MPC iter 13 Eval ------- 
Success rate:  0.8
{'success': array([ True,  True, False,  True,  True, False,  True,  True,  True,
        True]), 'state_dist': array([ 19.409138, 115.57093 , 156.3071  ,  75.27042 ,  15.277871,
       102.391075,  57.886414,  42.972805,  16.037664,  19.482416],
      dtype=float32)}
self.is_success:  [ True  True False  True  True False  True  True  True  True]

MPC iter 14 Eval ------- 
Success rate:  0.8
{'success': array([ True,  True, False,  True,  True, False,  True,  True,  True,
        True]), 'state_dist': array([ 19.409138, 115.57093 , 174.3843  ,  75.27042 ,  15.277871,
       111.73957 ,  57.886414,  42.972805,  16.037664,  19.482416],
      dtype=float32)}
self.is_success:  [ True  True False  True  True False  True  True  True  True]

MPC iter 15 Eval ------- 
Success rate:  0.8
{'success': array([ True,  True, False,  True,  True, False,  True,  True,  True,
        True]), 'state_dist': array([ 19.409138, 115.57093 , 187.94864 ,  75.27042 ,  15.277871,
        99.06153 ,  57.886414,  42.972805,  16.037664,  19.482416],
      dtype=float32)}
self.is_success:  [ True  True False  True  True False  True  True  True  True]

MPC iter 16 Eval ------- 
Success rate:  0.8
{'success': array([ True,  True, False,  True,  True, False,  True,  True,  True,
        True]), 'state_dist': array([ 19.409138, 115.57093 , 177.27246 ,  75.27042 ,  15.277871,
        96.76505 ,  57.886414,  42.972805,  16.037664,  19.482416],
      dtype=float32)}
self.is_success:  [ True  True False  True  True False  True  True  True  True]

MPC iter 17 Eval ------- 
Success rate:  0.8
{'success': array([ True,  True, False,  True,  True, False,  True,  True,  True,
        True]), 'state_dist': array([ 19.409138, 115.57093 , 196.26268 ,  75.27042 ,  15.277871,
        93.22242 ,  57.886414,  42.972805,  16.037664,  19.482416],
      dtype=float32)}
self.is_success:  [ True  True False  True  True False  True  True  True  True]

MPC iter 18 Eval ------- 
Success rate:  0.8
{'success': array([ True,  True, False,  True,  True, False,  True,  True,  True,
        True]), 'state_dist': array([ 19.409138, 115.57093 , 185.56894 ,  75.27042 ,  15.277871,
       104.68424 ,  57.886414,  42.972805,  16.037664,  19.482416],
      dtype=float32)}
self.is_success:  [ True  True False  True  True False  True  True  True  True]

MPC iter 19 Eval ------- 
Success rate:  0.8
{'success': array([ True,  True, False,  True,  True, False,  True,  True,  True,
        True]), 'state_dist': array([ 19.409138, 115.57093 , 170.97116 ,  75.27042 ,  15.277871,
       115.19618 ,  57.886414,  42.972805,  16.037664,  19.482416],
      dtype=float32)}
self.is_success:  [ True  True False  True  True False  True  True  True  True]
Success rate:  0.8
{'success': array([ True,  True, False,  True,  True, False,  True,  True,  True,
        True]), 'state_dist': array([ 19.409138, 115.57093 , 170.97116 ,  75.27042 ,  15.277871,
       115.19618 ,  57.886414,  42.972805,  16.037664,  19.482416],
      dtype=float32)}
[timing] perform_planning_s=650.804
[timing] total_planning_main_s=660.741
===== patch mpc seed 200 chunk 00 (n_evals=10) =====
/home/jupyter-deuk-c4e4/.conda/envs/ts310/lib/python3.10/site-packages/wandb/sdk/internal/internal_api.py:30: UserWarning: pkg_resources is deprecated as an API. See https://setuptools.pypa.io/en/latest/pkg_resources.html. The pkg_resources package is slated for removal as early as 2025-11-30. Refrain from using this package or pin to Setuptools<81.
  from pkg_resources import parse_version
/home/jupyter-deuk-c4e4/.conda/envs/ts310/lib/python3.10/site-packages/pkg_resources/__init__.py:3148: DeprecationWarning: Deprecated call to `pkg_resources.declare_namespace('mpl_toolkits')`.
Implementing implicit namespace packages (as specified in PEP 420) is preferred to `pkg_resources.declare_namespace`. See https://setuptools.pypa.io/en/latest/references/keywords.html#keyword-namespace-packages
  declare_namespace(pkg)
/home/jupyter-deuk-c4e4/.conda/envs/ts310/lib/python3.10/site-packages/pkg_resources/__init__.py:3148: DeprecationWarning: Deprecated call to `pkg_resources.declare_namespace('google')`.
Implementing implicit namespace packages (as specified in PEP 420) is preferred to `pkg_resources.declare_namespace`. See https://setuptools.pypa.io/en/latest/references/keywords.html#keyword-namespace-packages
  declare_namespace(pkg)
/home/jupyter-deuk-c4e4/.conda/envs/ts310/lib/python3.10/site-packages/Cython/Distutils/old_build_ext.py:15: DeprecationWarning: dep_util is Deprecated. Use functions from setuptools instead.
  from distutils.dep_util import newer, newer_group
<frozen importlib._bootstrap>:283: DeprecationWarning: the load_module() method is deprecated and slated for removal in Python 3.12; use exec_module() instead
Warning: Mujoco-based envs failed to import. Set the environment variable D4RL_SUPPRESS_IMPORT_ERROR=1 to suppress this message.
No module named 'mjrl'
Warning: Flow failed to import. Set the environment variable D4RL_SUPPRESS_IMPORT_ERROR=1 to suppress this message.
No module named 'flow'
Warning: CARLA failed to import. Set the environment variable D4RL_SUPPRESS_IMPORT_ERROR=1 to suppress this message.
No module named 'carla'
pybullet build time: Jan 29 2025 23:16:28
/home/jupyter-deuk-c4e4/.conda/envs/ts310/lib/python3.10/site-packages/gym/envs/registration.py:595: UserWarning: [33mWARN: Overriding environment maze2d-open-v0[0m
  logger.warn(f"Overriding environment {id}")
/home/jupyter-deuk-c4e4/.conda/envs/ts310/lib/python3.10/site-packages/gym/envs/registration.py:595: UserWarning: [33mWARN: Overriding environment maze2d-umaze-v0[0m
  logger.warn(f"Overriding environment {id}")
/home/jupyter-deuk-c4e4/.conda/envs/ts310/lib/python3.10/site-packages/gym/envs/registration.py:595: UserWarning: [33mWARN: Overriding environment maze2d-medium-v0[0m
  logger.warn(f"Overriding environment {id}")
/home/jupyter-deuk-c4e4/.conda/envs/ts310/lib/python3.10/site-packages/gym/envs/registration.py:595: UserWarning: [33mWARN: Overriding environment maze2d-large-v0[0m
  logger.warn(f"Overriding environment {id}")
/home/jupyter-deuk-c4e4/.conda/envs/ts310/lib/python3.10/site-packages/gym/envs/registration.py:595: UserWarning: [33mWARN: Overriding environment maze2d-umaze-v1[0m
  logger.warn(f"Overriding environment {id}")
/home/jupyter-deuk-c4e4/.conda/envs/ts310/lib/python3.10/site-packages/gym/envs/registration.py:595: UserWarning: [33mWARN: Overriding environment maze2d-medium-v1[0m
  logger.warn(f"Overriding environment {id}")
/home/jupyter-deuk-c4e4/.conda/envs/ts310/lib/python3.10/site-packages/gym/envs/registration.py:595: UserWarning: [33mWARN: Overriding environment maze2d-large-v1[0m
  logger.warn(f"Overriding environment {id}")
/home/jupyter-deuk-c4e4/.conda/envs/ts310/lib/python3.10/site-packages/gym/envs/registration.py:595: UserWarning: [33mWARN: Overriding environment maze2d-eval-umaze-v1[0m
  logger.warn(f"Overriding environment {id}")
/home/jupyter-deuk-c4e4/.conda/envs/ts310/lib/python3.10/site-packages/gym/envs/registration.py:595: UserWarning: [33mWARN: Overriding environment maze2d-eval-medium-v1[0m
  logger.warn(f"Overriding environment {id}")
/home/jupyter-deuk-c4e4/.conda/envs/ts310/lib/python3.10/site-packages/gym/envs/registration.py:595: UserWarning: [33mWARN: Overriding environment maze2d-eval-large-v1[0m
  logger.warn(f"Overriding environment {id}")
/home/jupyter-deuk-c4e4/.conda/envs/ts310/lib/python3.10/site-packages/gym/envs/registration.py:595: UserWarning: [33mWARN: Overriding environment maze2d-open-dense-v0[0m
  logger.warn(f"Overriding environment {id}")
/home/jupyter-deuk-c4e4/.conda/envs/ts310/lib/python3.10/site-packages/gym/envs/registration.py:595: UserWarning: [33mWARN: Overriding environment maze2d-umaze-dense-v0[0m
  logger.warn(f"Overriding environment {id}")
/home/jupyter-deuk-c4e4/.conda/envs/ts310/lib/python3.10/site-packages/gym/envs/registration.py:595: UserWarning: [33mWARN: Overriding environment maze2d-medium-dense-v0[0m
  logger.warn(f"Overriding environment {id}")
/home/jupyter-deuk-c4e4/.conda/envs/ts310/lib/python3.10/site-packages/gym/envs/registration.py:595: UserWarning: [33mWARN: Overriding environment maze2d-large-dense-v0[0m
  logger.warn(f"Overriding environment {id}")
/home/jupyter-deuk-c4e4/.conda/envs/ts310/lib/python3.10/site-packages/gym/envs/registration.py:595: UserWarning: [33mWARN: Overriding environment maze2d-umaze-dense-v1[0m
  logger.warn(f"Overriding environment {id}")
/home/jupyter-deuk-c4e4/.conda/envs/ts310/lib/python3.10/site-packages/gym/envs/registration.py:595: UserWarning: [33mWARN: Overriding environment maze2d-medium-dense-v1[0m
  logger.warn(f"Overriding environment {id}")
/home/jupyter-deuk-c4e4/.conda/envs/ts310/lib/python3.10/site-packages/gym/envs/registration.py:595: UserWarning: [33mWARN: Overriding environment maze2d-large-dense-v1[0m
  logger.warn(f"Overriding environment {id}")
/home/jupyter-deuk-c4e4/.conda/envs/ts310/lib/python3.10/site-packages/gym/envs/registration.py:595: UserWarning: [33mWARN: Overriding environment maze2d-eval-umaze-dense-v1[0m
  logger.warn(f"Overriding environment {id}")
/home/jupyter-deuk-c4e4/.conda/envs/ts310/lib/python3.10/site-packages/gym/envs/registration.py:595: UserWarning: [33mWARN: Overriding environment maze2d-eval-medium-dense-v1[0m
  logger.warn(f"Overriding environment {id}")
/home/jupyter-deuk-c4e4/.conda/envs/ts310/lib/python3.10/site-packages/gym/envs/registration.py:595: UserWarning: [33mWARN: Overriding environment maze2d-eval-large-dense-v1[0m
  logger.warn(f"Overriding environment {id}")
/opt/dlami/nvme/home/jupyter-deuk-c4e4/temporal-straightening/custom_resolvers.py:4: UserWarning: 
The version_base parameter is not specified.
Please specify a compatability version level, or None.
Will assume defaults for version 1.1
  @hydra.main(config_path=None)
[2026-07-25 16:10:01,873][__main__][INFO] - Planning result saved dir: /opt/dlami/nvme/home/jupyter-deuk-c4e4/pusht-reproduction/patch_reproduction/plan/mpc_seed_200/chunk_00
/home/jupyter-deuk-c4e4/.conda/envs/ts310/lib/python3.10/site-packages/wandb/sdk/internal/internal_api.py:30: UserWarning: pkg_resources is deprecated as an API. See https://setuptools.pypa.io/en/latest/pkg_resources.html. The pkg_resources package is slated for removal as early as 2025-11-30. Refrain from using this package or pin to Setuptools<81.
  from pkg_resources import parse_version
Using cache found in /home/jupyter-deuk-c4e4/.cache/torch/hub/facebookresearch_dinov2_81b2b6419385
Loaded 18685 rollouts
Loaded 21 rollouts
[2026-07-25 16:10:04,353][dinov2][INFO] - using MLP layer as FFN
[2026-07-25 16:10:04,765][models.dino][WARNING] - Unknown projector 'none' for patch tokens; proceeding without projector.
Resuming from epoch 2: /home/jupyter-deuk-c4e4/pusht-reproduction/patch_reproduction/test/pusht_False_agg32_projnone_dim384_hw14_sgTrue_lr1e-06/checkpoints/model_2.pth
[2026-07-25 16:10:05,259][models.visual_world_model][INFO] - num_action_repeat: 1
[2026-07-25 16:10:05,259][models.visual_world_model][INFO] - num_proprio_repeat: 1
[2026-07-25 16:10:05,259][models.visual_world_model][INFO] - proprio encoder: ProprioceptiveEmbedding(
  (patch_embed): Conv1d(4, 10, kernel_size=(1,), stride=(1,))
  (norm): LayerNorm((10,), eps=1e-05, elementwise_affine=True)
)
[2026-07-25 16:10:05,259][models.visual_world_model][INFO] - action encoder: ProprioceptiveEmbedding(
  (patch_embed): Conv1d(10, 10, kernel_size=(1,), stride=(1,))
  (norm): LayerNorm((10,), eps=1e-05, elementwise_affine=True)
)
[2026-07-25 16:10:05,259][models.visual_world_model][INFO] - proprio_dim: 10, after repeat: 10
[2026-07-25 16:10:05,260][models.visual_world_model][INFO] - action_dim: 10, after repeat: 10
[2026-07-25 16:10:05,260][models.visual_world_model][INFO] - emb_dim: 404
[2026-07-25 16:10:05,260][models.visual_world_model][INFO] - Straightening disabled
[2026-07-25 16:10:05,260][models.visual_world_model][INFO] - Speed constancy disabled
[2026-07-25 16:10:05,260][models.visual_world_model][INFO] - Trajectory penalty disabled
[2026-07-25 16:10:05,260][models.visual_world_model][INFO] - Stop-grad enabled: True
[2026-07-25 16:10:05,260][models.visual_world_model][INFO] - VCReg enabled: False, apply_to=enc, std_coeff=0.0, cov_coeff=0.0
[2026-07-25 16:10:05,260][models.visual_world_model][INFO] - Model emb_dim: 404
[timing] setup_model_s=3.392
eval_seed:  [1, 201, 401, 601, 801, 1001, 1201, 1401, 1601, 1801]
Dumped plan targets to /opt/dlami/nvme/home/jupyter-deuk-c4e4/pusht-reproduction/patch_reproduction/plan/mpc_seed_200/chunk_00/plan_targets.pkl
[timing] setup_workspace_s=4.094

MPC iter 0 Eval ------- 
Success rate:  0.0
{'success': array([False, False, False, False, False, False, False, False, False,
       False]), 'state_dist': array([364.64035 , 115.03161 , 201.03813 , 266.2398  , 265.79074 ,
       156.38564 , 127.51049 , 171.67427 , 250.77634 , 123.452545],
      dtype=float32)}
self.is_success:  [False False False False False False False False False False]

MPC iter 1 Eval ------- 
Success rate:  0.0
{'success': array([False, False, False, False, False, False, False, False, False,
       False]), 'state_dist': array([263.61423 , 106.86223 , 160.91287 , 263.70804 , 254.3415  ,
       121.593025, 111.55984 , 168.11517 , 221.79724 , 116.942406],
      dtype=float32)}
self.is_success:  [False False False False False False False False False False]

MPC iter 2 Eval ------- 
Success rate:  0.0
{'success': array([False, False, False, False, False, False, False, False, False,
       False]), 'state_dist': array([382.3169  ,  99.7171  , 140.98029 , 304.70953 , 196.94199 ,
        93.29005 ,  95.03425 , 166.73917 , 207.32777 , 106.990715],
      dtype=float32)}
self.is_success:  [False False False False False False False False False False]

MPC iter 3 Eval ------- 
Success rate:  0.0
{'success': array([False, False, False, False, False, False, False, False, False,
       False]), 'state_dist': array([264.5279  ,  90.732994, 127.13804 , 257.13904 , 123.92292 ,
       114.426155, 154.9418  , 191.98578 , 130.90623 ,  67.920395],
      dtype=float32)}
self.is_success:  [False False False False False False False False False False]

MPC iter 4 Eval ------- 
Success rate:  0.0
{'success': array([False, False, False, False, False, False, False, False, False,
       False]), 'state_dist': array([ 94.52199 ,  70.33288 , 129.76547 , 100.293274, 105.62401 ,
        32.586597, 131.71011 ,  75.264725,  44.677948,  34.045174],
      dtype=float32)}
self.is_success:  [False False False False False False False False False False]

MPC iter 5 Eval ------- 
Success rate:  0.3
{'success': array([ True, False, False, False,  True, False, False, False, False,
        True]), 'state_dist': array([79.0677  , 81.96273 , 98.38085 , 35.74469 , 56.583282, 51.225986,
       88.43621 , 72.19533 , 30.418407, 27.641104], dtype=float32)}
self.is_success:  [ True False False False  True False False False False  True]

MPC iter 6 Eval ------- 
Success rate:  0.4
{'success': array([ True, False, False,  True,  True, False, False, False, False,
        True]), 'state_dist': array([ 79.0677  ,  77.41031 , 107.40388 ,  11.267081,  56.583282,
        86.08029 ,  31.70603 ,  55.30274 ,  25.762026,  27.641104],
      dtype=float32)}
self.is_success:  [ True False False  True  True False False False False  True]

MPC iter 7 Eval ------- 
Success rate:  0.6
{'success': array([ True, False, False,  True,  True, False,  True, False,  True,
        True]), 'state_dist': array([ 79.0677  , 151.36772 ,  85.2241  ,  11.267081,  56.583282,
        59.378952,  28.331156,  52.490746,  18.566332,  27.641104],
      dtype=float32)}
self.is_success:  [ True False False  True  True False  True False  True  True]

MPC iter 8 Eval ------- 
Success rate:  0.6
{'success': array([ True, False, False,  True,  True, False,  True, False,  True,
        True]), 'state_dist': array([79.0677  , 53.664734, 81.292816, 11.267081, 56.583282, 75.42646 ,
       28.331156, 51.602005, 18.566332, 27.641104], dtype=float32)}
self.is_success:  [ True False False  True  True False  True False  True  True]

MPC iter 9 Eval ------- 
Success rate:  0.6
{'success': array([ True, False, False,  True,  True, False,  True, False,  True,
        True]), 'state_dist': array([79.0677  , 86.251724, 87.007225, 11.267081, 56.583282, 55.141724,
       28.331156, 50.59016 , 18.566332, 27.641104], dtype=float32)}
self.is_success:  [ True False False  True  True False  True False  True  True]

MPC iter 10 Eval ------- 
Success rate:  0.6
{'success': array([ True, False, False,  True,  True, False,  True, False,  True,
        True]), 'state_dist': array([79.0677  , 57.68885 , 78.14807 , 11.267081, 56.583282, 61.291225,
       28.331156, 50.65325 , 18.566332, 27.641104], dtype=float32)}
self.is_success:  [ True False False  True  True False  True False  True  True]

MPC iter 11 Eval ------- 
Success rate:  0.6
{'success': array([ True, False, False,  True,  True, False,  True, False,  True,
        True]), 'state_dist': array([79.0677  , 44.960762, 98.586174, 11.267081, 56.583282, 46.637913,
       28.331156, 50.650448, 18.566332, 27.641104], dtype=float32)}
self.is_success:  [ True False False  True  True False  True False  True  True]

MPC iter 12 Eval ------- 
Success rate:  0.6
{'success': array([ True, False, False,  True,  True, False,  True, False,  True,
        True]), 'state_dist': array([ 79.0677  ,  53.14483 , 155.18336 ,  11.267081,  56.583282,
        47.937378,  28.331156,  50.62904 ,  18.566332,  27.641104],
      dtype=float32)}
self.is_success:  [ True False False  True  True False  True False  True  True]

MPC iter 13 Eval ------- 
Success rate:  0.6
{'success': array([ True, False, False,  True,  True, False,  True, False,  True,
        True]), 'state_dist': array([ 79.0677  ,  53.90381 , 120.455   ,  11.267081,  56.583282,
        49.026905,  28.331156,  50.63311 ,  18.566332,  27.641104],
      dtype=float32)}
self.is_success:  [ True False False  True  True False  True False  True  True]

MPC iter 14 Eval ------- 
Success rate:  0.6
{'success': array([ True, False, False,  True,  True, False,  True, False,  True,
        True]), 'state_dist': array([ 79.0677  , 106.19013 ,  88.830215,  11.267081,  56.583282,
        46.358746,  28.331156,  50.67477 ,  18.566332,  27.641104],
      dtype=float32)}
self.is_success:  [ True False False  True  True False  True False  True  True]

MPC iter 15 Eval ------- 
Success rate:  0.6
{'success': array([ True, False, False,  True,  True, False,  True, False,  True,
        True]), 'state_dist': array([ 79.0677  , 153.88074 , 227.16557 ,  11.267081,  56.583282,
        52.303455,  28.331156,  50.678356,  18.566332,  27.641104],
      dtype=float32)}
self.is_success:  [ True False False  True  True False  True False  True  True]

MPC iter 16 Eval ------- 
Success rate:  0.6
{'success': array([ True, False, False,  True,  True, False,  True, False,  True,
        True]), 'state_dist': array([ 79.0677  ,  61.606384, 183.30112 ,  11.267081,  56.583282,
        49.638645,  28.331156,  50.687157,  18.566332,  27.641104],
      dtype=float32)}
self.is_success:  [ True False False  True  True False  True False  True  True]

MPC iter 17 Eval ------- 
Success rate:  0.6
{'success': array([ True, False, False,  True,  True, False,  True, False,  True,
        True]), 'state_dist': array([79.0677  , 64.96904 , 92.84063 , 11.267081, 56.583282, 49.471073,
       28.331156, 50.68487 , 18.566332, 27.641104], dtype=float32)}
self.is_success:  [ True False False  True  True False  True False  True  True]

MPC iter 18 Eval ------- 
Success rate:  0.6
{'success': array([ True, False, False,  True,  True, False,  True, False,  True,
        True]), 'state_dist': array([79.0677  , 63.44305 , 71.72974 , 11.267081, 56.583282, 54.57019 ,
       28.331156, 50.695145, 18.566332, 27.641104], dtype=float32)}
self.is_success:  [ True False False  True  True False  True False  True  True]

MPC iter 19 Eval ------- 
Success rate:  0.6
{'success': array([ True, False, False,  True,  True, False,  True, False,  True,
        True]), 'state_dist': array([79.0677  , 55.392063, 71.74641 , 11.267081, 56.583282, 49.443214,
       28.331156, 50.693146, 18.566332, 27.641104], dtype=float32)}
self.is_success:  [ True False False  True  True False  True False  True  True]
Success rate:  0.6
{'success': array([ True, False, False,  True,  True, False,  True, False,  True,
        True]), 'state_dist': array([79.0677  , 55.392063, 71.74641 , 11.267081, 56.583282, 49.443214,
       28.331156, 50.693146, 18.566332, 27.641104], dtype=float32)}
[timing] perform_planning_s=651.070
[timing] total_planning_main_s=658.556
===== patch mpc seed 200 chunk 10 (n_evals=10) =====
/home/jupyter-deuk-c4e4/.conda/envs/ts310/lib/python3.10/site-packages/wandb/sdk/internal/internal_api.py:30: UserWarning: pkg_resources is deprecated as an API. See https://setuptools.pypa.io/en/latest/pkg_resources.html. The pkg_resources package is slated for removal as early as 2025-11-30. Refrain from using this package or pin to Setuptools<81.
  from pkg_resources import parse_version
/home/jupyter-deuk-c4e4/.conda/envs/ts310/lib/python3.10/site-packages/pkg_resources/__init__.py:3148: DeprecationWarning: Deprecated call to `pkg_resources.declare_namespace('mpl_toolkits')`.
Implementing implicit namespace packages (as specified in PEP 420) is preferred to `pkg_resources.declare_namespace`. See https://setuptools.pypa.io/en/latest/references/keywords.html#keyword-namespace-packages
  declare_namespace(pkg)
/home/jupyter-deuk-c4e4/.conda/envs/ts310/lib/python3.10/site-packages/pkg_resources/__init__.py:3148: DeprecationWarning: Deprecated call to `pkg_resources.declare_namespace('google')`.
Implementing implicit namespace packages (as specified in PEP 420) is preferred to `pkg_resources.declare_namespace`. See https://setuptools.pypa.io/en/latest/references/keywords.html#keyword-namespace-packages
  declare_namespace(pkg)
/home/jupyter-deuk-c4e4/.conda/envs/ts310/lib/python3.10/site-packages/Cython/Distutils/old_build_ext.py:15: DeprecationWarning: dep_util is Deprecated. Use functions from setuptools instead.
  from distutils.dep_util import newer, newer_group
<frozen importlib._bootstrap>:283: DeprecationWarning: the load_module() method is deprecated and slated for removal in Python 3.12; use exec_module() instead
Warning: Mujoco-based envs failed to import. Set the environment variable D4RL_SUPPRESS_IMPORT_ERROR=1 to suppress this message.
No module named 'mjrl'
Warning: Flow failed to import. Set the environment variable D4RL_SUPPRESS_IMPORT_ERROR=1 to suppress this message.
No module named 'flow'
Warning: CARLA failed to import. Set the environment variable D4RL_SUPPRESS_IMPORT_ERROR=1 to suppress this message.
No module named 'carla'
pybullet build time: Jan 29 2025 23:16:28
/home/jupyter-deuk-c4e4/.conda/envs/ts310/lib/python3.10/site-packages/gym/envs/registration.py:595: UserWarning: [33mWARN: Overriding environment maze2d-open-v0[0m
  logger.warn(f"Overriding environment {id}")
/home/jupyter-deuk-c4e4/.conda/envs/ts310/lib/python3.10/site-packages/gym/envs/registration.py:595: UserWarning: [33mWARN: Overriding environment maze2d-umaze-v0[0m
  logger.warn(f"Overriding environment {id}")
/home/jupyter-deuk-c4e4/.conda/envs/ts310/lib/python3.10/site-packages/gym/envs/registration.py:595: UserWarning: [33mWARN: Overriding environment maze2d-medium-v0[0m
  logger.warn(f"Overriding environment {id}")
/home/jupyter-deuk-c4e4/.conda/envs/ts310/lib/python3.10/site-packages/gym/envs/registration.py:595: UserWarning: [33mWARN: Overriding environment maze2d-large-v0[0m
  logger.warn(f"Overriding environment {id}")
/home/jupyter-deuk-c4e4/.conda/envs/ts310/lib/python3.10/site-packages/gym/envs/registration.py:595: UserWarning: [33mWARN: Overriding environment maze2d-umaze-v1[0m
  logger.warn(f"Overriding environment {id}")
/home/jupyter-deuk-c4e4/.conda/envs/ts310/lib/python3.10/site-packages/gym/envs/registration.py:595: UserWarning: [33mWARN: Overriding environment maze2d-medium-v1[0m
  logger.warn(f"Overriding environment {id}")
/home/jupyter-deuk-c4e4/.conda/envs/ts310/lib/python3.10/site-packages/gym/envs/registration.py:595: UserWarning: [33mWARN: Overriding environment maze2d-large-v1[0m
  logger.warn(f"Overriding environment {id}")
/home/jupyter-deuk-c4e4/.conda/envs/ts310/lib/python3.10/site-packages/gym/envs/registration.py:595: UserWarning: [33mWARN: Overriding environment maze2d-eval-umaze-v1[0m
  logger.warn(f"Overriding environment {id}")
/home/jupyter-deuk-c4e4/.conda/envs/ts310/lib/python3.10/site-packages/gym/envs/registration.py:595: UserWarning: [33mWARN: Overriding environment maze2d-eval-medium-v1[0m
  logger.warn(f"Overriding environment {id}")
/home/jupyter-deuk-c4e4/.conda/envs/ts310/lib/python3.10/site-packages/gym/envs/registration.py:595: UserWarning: [33mWARN: Overriding environment maze2d-eval-large-v1[0m
  logger.warn(f"Overriding environment {id}")
/home/jupyter-deuk-c4e4/.conda/envs/ts310/lib/python3.10/site-packages/gym/envs/registration.py:595: UserWarning: [33mWARN: Overriding environment maze2d-open-dense-v0[0m
  logger.warn(f"Overriding environment {id}")
/home/jupyter-deuk-c4e4/.conda/envs/ts310/lib/python3.10/site-packages/gym/envs/registration.py:595: UserWarning: [33mWARN: Overriding environment maze2d-umaze-dense-v0[0m
  logger.warn(f"Overriding environment {id}")
/home/jupyter-deuk-c4e4/.conda/envs/ts310/lib/python3.10/site-packages/gym/envs/registration.py:595: UserWarning: [33mWARN: Overriding environment maze2d-medium-dense-v0[0m
  logger.warn(f"Overriding environment {id}")
/home/jupyter-deuk-c4e4/.conda/envs/ts310/lib/python3.10/site-packages/gym/envs/registration.py:595: UserWarning: [33mWARN: Overriding environment maze2d-large-dense-v0[0m
  logger.warn(f"Overriding environment {id}")
/home/jupyter-deuk-c4e4/.conda/envs/ts310/lib/python3.10/site-packages/gym/envs/registration.py:595: UserWarning: [33mWARN: Overriding environment maze2d-umaze-dense-v1[0m
  logger.warn(f"Overriding environment {id}")
/home/jupyter-deuk-c4e4/.conda/envs/ts310/lib/python3.10/site-packages/gym/envs/registration.py:595: UserWarning: [33mWARN: Overriding environment maze2d-medium-dense-v1[0m
  logger.warn(f"Overriding environment {id}")
/home/jupyter-deuk-c4e4/.conda/envs/ts310/lib/python3.10/site-packages/gym/envs/registration.py:595: UserWarning: [33mWARN: Overriding environment maze2d-large-dense-v1[0m
  logger.warn(f"Overriding environment {id}")
/home/jupyter-deuk-c4e4/.conda/envs/ts310/lib/python3.10/site-packages/gym/envs/registration.py:595: UserWarning: [33mWARN: Overriding environment maze2d-eval-umaze-dense-v1[0m
  logger.warn(f"Overriding environment {id}")
/home/jupyter-deuk-c4e4/.conda/envs/ts310/lib/python3.10/site-packages/gym/envs/registration.py:595: UserWarning: [33mWARN: Overriding environment maze2d-eval-medium-dense-v1[0m
  logger.warn(f"Overriding environment {id}")
/home/jupyter-deuk-c4e4/.conda/envs/ts310/lib/python3.10/site-packages/gym/envs/registration.py:595: UserWarning: [33mWARN: Overriding environment maze2d-eval-large-dense-v1[0m
  logger.warn(f"Overriding environment {id}")
/opt/dlami/nvme/home/jupyter-deuk-c4e4/temporal-straightening/custom_resolvers.py:4: UserWarning: 
The version_base parameter is not specified.
Please specify a compatability version level, or None.
Will assume defaults for version 1.1
  @hydra.main(config_path=None)
[2026-07-25 16:21:05,664][__main__][INFO] - Planning result saved dir: /opt/dlami/nvme/home/jupyter-deuk-c4e4/pusht-reproduction/patch_reproduction/plan/mpc_seed_200/chunk_10
/home/jupyter-deuk-c4e4/.conda/envs/ts310/lib/python3.10/site-packages/wandb/sdk/internal/internal_api.py:30: UserWarning: pkg_resources is deprecated as an API. See https://setuptools.pypa.io/en/latest/pkg_resources.html. The pkg_resources package is slated for removal as early as 2025-11-30. Refrain from using this package or pin to Setuptools<81.
  from pkg_resources import parse_version
Using cache found in /home/jupyter-deuk-c4e4/.cache/torch/hub/facebookresearch_dinov2_81b2b6419385
Loaded 18685 rollouts
Loaded 21 rollouts
[2026-07-25 16:21:08,115][dinov2][INFO] - using MLP layer as FFN
[2026-07-25 16:21:08,516][models.dino][WARNING] - Unknown projector 'none' for patch tokens; proceeding without projector.
Resuming from epoch 2: /home/jupyter-deuk-c4e4/pusht-reproduction/patch_reproduction/test/pusht_False_agg32_projnone_dim384_hw14_sgTrue_lr1e-06/checkpoints/model_2.pth
[2026-07-25 16:21:08,926][models.visual_world_model][INFO] - num_action_repeat: 1
[2026-07-25 16:21:08,926][models.visual_world_model][INFO] - num_proprio_repeat: 1
[2026-07-25 16:21:08,926][models.visual_world_model][INFO] - proprio encoder: ProprioceptiveEmbedding(
  (patch_embed): Conv1d(4, 10, kernel_size=(1,), stride=(1,))
  (norm): LayerNorm((10,), eps=1e-05, elementwise_affine=True)
)
[2026-07-25 16:21:08,926][models.visual_world_model][INFO] - action encoder: ProprioceptiveEmbedding(
  (patch_embed): Conv1d(10, 10, kernel_size=(1,), stride=(1,))
  (norm): LayerNorm((10,), eps=1e-05, elementwise_affine=True)
)
[2026-07-25 16:21:08,926][models.visual_world_model][INFO] - proprio_dim: 10, after repeat: 10
[2026-07-25 16:21:08,926][models.visual_world_model][INFO] - action_dim: 10, after repeat: 10
[2026-07-25 16:21:08,926][models.visual_world_model][INFO] - emb_dim: 404
[2026-07-25 16:21:08,926][models.visual_world_model][INFO] - Straightening disabled
[2026-07-25 16:21:08,926][models.visual_world_model][INFO] - Speed constancy disabled
[2026-07-25 16:21:08,926][models.visual_world_model][INFO] - Trajectory penalty disabled
[2026-07-25 16:21:08,926][models.visual_world_model][INFO] - Stop-grad enabled: True
[2026-07-25 16:21:08,926][models.visual_world_model][INFO] - VCReg enabled: False, apply_to=enc, std_coeff=0.0, cov_coeff=0.0
[2026-07-25 16:21:08,926][models.visual_world_model][INFO] - Model emb_dim: 404
[timing] setup_model_s=3.264
eval_seed:  [2001, 2201, 2401, 2601, 2801, 3001, 3201, 3401, 3601, 3801]
Dumped plan targets to /opt/dlami/nvme/home/jupyter-deuk-c4e4/pusht-reproduction/patch_reproduction/plan/mpc_seed_200/chunk_10/plan_targets.pkl
[timing] setup_workspace_s=4.697

MPC iter 0 Eval ------- 
Success rate:  0.0
{'success': array([False, False, False, False, False, False, False, False, False,
       False]), 'state_dist': array([118.77574, 275.96805, 184.0024 , 169.36104,  91.54884, 245.31764,
       151.16519,  95.79875,  92.05199, 128.95416], dtype=float32)}
self.is_success:  [False False False False False False False False False False]

MPC iter 1 Eval ------- 
Success rate:  0.0
{'success': array([False, False, False, False, False, False, False, False, False,
       False]), 'state_dist': array([118.17613 , 242.24689 , 186.57962 , 129.16745 ,  69.96314 ,
       262.25818 , 165.09485 , 114.070045,  99.48126 , 117.62817 ],
      dtype=float32)}
self.is_success:  [False False False False False False False False False False]

MPC iter 2 Eval ------- 
Success rate:  0.0
{'success': array([False, False, False, False, False, False, False, False, False,
       False]), 'state_dist': array([123.06473 , 263.08664 , 191.1574  ,  95.77707 ,  49.084164,
       250.68344 , 142.90585 , 124.82965 ,  93.98477 , 127.87179 ],
      dtype=float32)}
self.is_success:  [False False False False False False False False False False]

MPC iter 3 Eval ------- 
Success rate:  0.0
{'success': array([False, False, False, False, False, False, False, False, False,
       False]), 'state_dist': array([114.11459 , 243.09062 , 189.38524 ,  78.39062 ,  34.53679 ,
       184.68828 , 122.207664, 137.25589 ,  63.56125 ,  73.001945],
      dtype=float32)}
self.is_success:  [False False False False False False False False False False]

MPC iter 4 Eval ------- 
Success rate:  0.2
{'success': array([False,  True, False, False, False, False,  True, False, False,
       False]), 'state_dist': array([142.08821 ,  76.79461 , 193.67645 ,  70.32665 ,  45.536312,
       130.73698 ,  40.12551 ,  72.593445,  36.597786,  30.601555],
      dtype=float32)}
self.is_success:  [False  True False False False False  True False False False]

MPC iter 5 Eval ------- 
Success rate:  0.5
{'success': array([False,  True, False, False, False,  True,  True, False,  True,
        True]), 'state_dist': array([115.259544,  76.79461 , 141.78386 ,  22.12645 ,  25.385136,
        91.422554,  40.12551 ,  68.72413 ,  17.99198 ,  32.13418 ],
      dtype=float32)}
self.is_success:  [False  True False False False  True  True False  True  True]

MPC iter 6 Eval ------- 
Success rate:  0.7
{'success': array([False,  True, False,  True,  True,  True,  True, False,  True,
        True]), 'state_dist': array([107.02753 ,  76.79461 , 144.86058 ,  20.795855,  25.000229,
        91.422554,  40.12551 ,  74.75747 ,  17.99198 ,  32.13418 ],
      dtype=float32)}
self.is_success:  [False  True False  True  True  True  True False  True  True]

MPC iter 7 Eval ------- 
Success rate:  0.7
{'success': array([False,  True, False,  True,  True,  True,  True, False,  True,
        True]), 'state_dist': array([ 93.53545 ,  76.79461 , 122.44274 ,  20.795855,  25.000229,
        91.422554,  40.12551 ,  64.26618 ,  17.99198 ,  32.13418 ],
      dtype=float32)}
self.is_success:  [False  True False  True  True  True  True False  True  True]

MPC iter 8 Eval ------- 
Success rate:  0.7
{'success': array([False,  True, False,  True,  True,  True,  True, False,  True,
        True]), 'state_dist': array([113.164444,  76.79461 , 103.25687 ,  20.795855,  25.000229,
        91.422554,  40.12551 ,  67.94805 ,  17.99198 ,  32.13418 ],
      dtype=float32)}
self.is_success:  [False  True False  True  True  True  True False  True  True]

MPC iter 9 Eval ------- 
Success rate:  0.7
{'success': array([False,  True, False,  True,  True,  True,  True, False,  True,
        True]), 'state_dist': array([172.0821  ,  76.79461 , 108.18503 ,  20.795855,  25.000229,
        91.422554,  40.12551 ,  69.06385 ,  17.99198 ,  32.13418 ],
      dtype=float32)}
self.is_success:  [False  True False  True  True  True  True False  True  True]

MPC iter 10 Eval ------- 
Success rate:  0.7
{'success': array([False,  True, False,  True,  True,  True,  True, False,  True,
        True]), 'state_dist': array([140.36441 ,  76.79461 ,  99.99823 ,  20.795855,  25.000229,
        91.422554,  40.12551 ,  65.73915 ,  17.99198 ,  32.13418 ],
      dtype=float32)}
self.is_success:  [False  True False  True  True  True  True False  True  True]

MPC iter 11 Eval ------- 
Success rate:  0.8
{'success': array([ True,  True, False,  True,  True,  True,  True, False,  True,
        True]), 'state_dist': array([90.81386 , 76.79461 , 98.9569  , 20.795855, 25.000229, 91.422554,
       40.12551 , 70.96953 , 17.99198 , 32.13418 ], dtype=float32)}
self.is_success:  [ True  True False  True  True  True  True False  True  True]

MPC iter 12 Eval ------- 
Success rate:  0.8
{'success': array([ True,  True, False,  True,  True,  True,  True, False,  True,
        True]), 'state_dist': array([90.81386 , 76.79461 , 95.89088 , 20.795855, 25.000229, 91.422554,
       40.12551 , 66.56704 , 17.99198 , 32.13418 ], dtype=float32)}
self.is_success:  [ True  True False  True  True  True  True False  True  True]

MPC iter 13 Eval ------- 
Success rate:  0.8
{'success': array([ True,  True, False,  True,  True,  True,  True, False,  True,
        True]), 'state_dist': array([90.81386 , 76.79461 , 98.296425, 20.795855, 25.000229, 91.422554,
       40.12551 , 69.76687 , 17.99198 , 32.13418 ], dtype=float32)}
self.is_success:  [ True  True False  True  True  True  True False  True  True]

MPC iter 14 Eval ------- 
Success rate:  0.8
{'success': array([ True,  True, False,  True,  True,  True,  True, False,  True,
        True]), 'state_dist': array([90.81386 , 76.79461 , 94.21251 , 20.795855, 25.000229, 91.422554,
       40.12551 , 68.10951 , 17.99198 , 32.13418 ], dtype=float32)}
self.is_success:  [ True  True False  True  True  True  True False  True  True]

MPC iter 15 Eval ------- 
Success rate:  0.8
{'success': array([ True,  True, False,  True,  True,  True,  True, False,  True,
        True]), 'state_dist': array([90.81386 , 76.79461 , 96.33191 , 20.795855, 25.000229, 91.422554,
       40.12551 , 68.626   , 17.99198 , 32.13418 ], dtype=float32)}
self.is_success:  [ True  True False  True  True  True  True False  True  True]

MPC iter 16 Eval ------- 
Success rate:  0.8
{'success': array([ True,  True, False,  True,  True,  True,  True, False,  True,
        True]), 'state_dist': array([90.81386 , 76.79461 , 94.72567 , 20.795855, 25.000229, 91.422554,
       40.12551 , 68.514626, 17.99198 , 32.13418 ], dtype=float32)}
self.is_success:  [ True  True False  True  True  True  True False  True  True]

MPC iter 17 Eval ------- 
Success rate:  0.8
{'success': array([ True,  True, False,  True,  True,  True,  True, False,  True,
        True]), 'state_dist': array([90.81386 , 76.79461 , 96.48664 , 20.795855, 25.000229, 91.422554,
       40.12551 , 65.85011 , 17.99198 , 32.13418 ], dtype=float32)}
self.is_success:  [ True  True False  True  True  True  True False  True  True]

MPC iter 18 Eval ------- 
Success rate:  0.8
{'success': array([ True,  True, False,  True,  True,  True,  True, False,  True,
        True]), 'state_dist': array([90.81386 , 76.79461 , 94.652725, 20.795855, 25.000229, 91.422554,
       40.12551 , 70.185394, 17.99198 , 32.13418 ], dtype=float32)}
self.is_success:  [ True  True False  True  True  True  True False  True  True]

MPC iter 19 Eval ------- 
Success rate:  0.8
{'success': array([ True,  True, False,  True,  True,  True,  True, False,  True,
        True]), 'state_dist': array([90.81386 , 76.79461 , 94.88289 , 20.795855, 25.000229, 91.422554,
       40.12551 , 64.58763 , 17.99198 , 32.13418 ], dtype=float32)}
self.is_success:  [ True  True False  True  True  True  True False  True  True]
Success rate:  0.8
{'success': array([ True,  True, False,  True,  True,  True,  True, False,  True,
        True]), 'state_dist': array([90.81386 , 76.79461 , 94.88289 , 20.795855, 25.000229, 91.422554,
       40.12551 , 64.58763 , 17.99198 , 32.13418 ], dtype=float32)}
[timing] perform_planning_s=650.598
[timing] total_planning_main_s=658.560
===== patch mpc seed 200 chunk 20 (n_evals=10) =====
/home/jupyter-deuk-c4e4/.conda/envs/ts310/lib/python3.10/site-packages/wandb/sdk/internal/internal_api.py:30: UserWarning: pkg_resources is deprecated as an API. See https://setuptools.pypa.io/en/latest/pkg_resources.html. The pkg_resources package is slated for removal as early as 2025-11-30. Refrain from using this package or pin to Setuptools<81.
  from pkg_resources import parse_version
/home/jupyter-deuk-c4e4/.conda/envs/ts310/lib/python3.10/site-packages/pkg_resources/__init__.py:3148: DeprecationWarning: Deprecated call to `pkg_resources.declare_namespace('mpl_toolkits')`.
Implementing implicit namespace packages (as specified in PEP 420) is preferred to `pkg_resources.declare_namespace`. See https://setuptools.pypa.io/en/latest/references/keywords.html#keyword-namespace-packages
  declare_namespace(pkg)
/home/jupyter-deuk-c4e4/.conda/envs/ts310/lib/python3.10/site-packages/pkg_resources/__init__.py:3148: DeprecationWarning: Deprecated call to `pkg_resources.declare_namespace('google')`.
Implementing implicit namespace packages (as specified in PEP 420) is preferred to `pkg_resources.declare_namespace`. See https://setuptools.pypa.io/en/latest/references/keywords.html#keyword-namespace-packages
  declare_namespace(pkg)
/home/jupyter-deuk-c4e4/.conda/envs/ts310/lib/python3.10/site-packages/Cython/Distutils/old_build_ext.py:15: DeprecationWarning: dep_util is Deprecated. Use functions from setuptools instead.
  from distutils.dep_util import newer, newer_group
<frozen importlib._bootstrap>:283: DeprecationWarning: the load_module() method is deprecated and slated for removal in Python 3.12; use exec_module() instead
Warning: Mujoco-based envs failed to import. Set the environment variable D4RL_SUPPRESS_IMPORT_ERROR=1 to suppress this message.
No module named 'mjrl'
Warning: Flow failed to import. Set the environment variable D4RL_SUPPRESS_IMPORT_ERROR=1 to suppress this message.
No module named 'flow'
Warning: CARLA failed to import. Set the environment variable D4RL_SUPPRESS_IMPORT_ERROR=1 to suppress this message.
No module named 'carla'
pybullet build time: Jan 29 2025 23:16:28
/home/jupyter-deuk-c4e4/.conda/envs/ts310/lib/python3.10/site-packages/gym/envs/registration.py:595: UserWarning: [33mWARN: Overriding environment maze2d-open-v0[0m
  logger.warn(f"Overriding environment {id}")
/home/jupyter-deuk-c4e4/.conda/envs/ts310/lib/python3.10/site-packages/gym/envs/registration.py:595: UserWarning: [33mWARN: Overriding environment maze2d-umaze-v0[0m
  logger.warn(f"Overriding environment {id}")
/home/jupyter-deuk-c4e4/.conda/envs/ts310/lib/python3.10/site-packages/gym/envs/registration.py:595: UserWarning: [33mWARN: Overriding environment maze2d-medium-v0[0m
  logger.warn(f"Overriding environment {id}")
/home/jupyter-deuk-c4e4/.conda/envs/ts310/lib/python3.10/site-packages/gym/envs/registration.py:595: UserWarning: [33mWARN: Overriding environment maze2d-large-v0[0m
  logger.warn(f"Overriding environment {id}")
/home/jupyter-deuk-c4e4/.conda/envs/ts310/lib/python3.10/site-packages/gym/envs/registration.py:595: UserWarning: [33mWARN: Overriding environment maze2d-umaze-v1[0m
  logger.warn(f"Overriding environment {id}")
/home/jupyter-deuk-c4e4/.conda/envs/ts310/lib/python3.10/site-packages/gym/envs/registration.py:595: UserWarning: [33mWARN: Overriding environment maze2d-medium-v1[0m
  logger.warn(f"Overriding environment {id}")
/home/jupyter-deuk-c4e4/.conda/envs/ts310/lib/python3.10/site-packages/gym/envs/registration.py:595: UserWarning: [33mWARN: Overriding environment maze2d-large-v1[0m
  logger.warn(f"Overriding environment {id}")
/home/jupyter-deuk-c4e4/.conda/envs/ts310/lib/python3.10/site-packages/gym/envs/registration.py:595: UserWarning: [33mWARN: Overriding environment maze2d-eval-umaze-v1[0m
  logger.warn(f"Overriding environment {id}")
/home/jupyter-deuk-c4e4/.conda/envs/ts310/lib/python3.10/site-packages/gym/envs/registration.py:595: UserWarning: [33mWARN: Overriding environment maze2d-eval-medium-v1[0m
  logger.warn(f"Overriding environment {id}")
/home/jupyter-deuk-c4e4/.conda/envs/ts310/lib/python3.10/site-packages/gym/envs/registration.py:595: UserWarning: [33mWARN: Overriding environment maze2d-eval-large-v1[0m
  logger.warn(f"Overriding environment {id}")
/home/jupyter-deuk-c4e4/.conda/envs/ts310/lib/python3.10/site-packages/gym/envs/registration.py:595: UserWarning: [33mWARN: Overriding environment maze2d-open-dense-v0[0m
  logger.warn(f"Overriding environment {id}")
/home/jupyter-deuk-c4e4/.conda/envs/ts310/lib/python3.10/site-packages/gym/envs/registration.py:595: UserWarning: [33mWARN: Overriding environment maze2d-umaze-dense-v0[0m
  logger.warn(f"Overriding environment {id}")
/home/jupyter-deuk-c4e4/.conda/envs/ts310/lib/python3.10/site-packages/gym/envs/registration.py:595: UserWarning: [33mWARN: Overriding environment maze2d-medium-dense-v0[0m
  logger.warn(f"Overriding environment {id}")
/home/jupyter-deuk-c4e4/.conda/envs/ts310/lib/python3.10/site-packages/gym/envs/registration.py:595: UserWarning: [33mWARN: Overriding environment maze2d-large-dense-v0[0m
  logger.warn(f"Overriding environment {id}")
/home/jupyter-deuk-c4e4/.conda/envs/ts310/lib/python3.10/site-packages/gym/envs/registration.py:595: UserWarning: [33mWARN: Overriding environment maze2d-umaze-dense-v1[0m
  logger.warn(f"Overriding environment {id}")
/home/jupyter-deuk-c4e4/.conda/envs/ts310/lib/python3.10/site-packages/gym/envs/registration.py:595: UserWarning: [33mWARN: Overriding environment maze2d-medium-dense-v1[0m
  logger.warn(f"Overriding environment {id}")
/home/jupyter-deuk-c4e4/.conda/envs/ts310/lib/python3.10/site-packages/gym/envs/registration.py:595: UserWarning: [33mWARN: Overriding environment maze2d-large-dense-v1[0m
  logger.warn(f"Overriding environment {id}")
/home/jupyter-deuk-c4e4/.conda/envs/ts310/lib/python3.10/site-packages/gym/envs/registration.py:595: UserWarning: [33mWARN: Overriding environment maze2d-eval-umaze-dense-v1[0m
  logger.warn(f"Overriding environment {id}")
/home/jupyter-deuk-c4e4/.conda/envs/ts310/lib/python3.10/site-packages/gym/envs/registration.py:595: UserWarning: [33mWARN: Overriding environment maze2d-eval-medium-dense-v1[0m
  logger.warn(f"Overriding environment {id}")
/home/jupyter-deuk-c4e4/.conda/envs/ts310/lib/python3.10/site-packages/gym/envs/registration.py:595: UserWarning: [33mWARN: Overriding environment maze2d-eval-large-dense-v1[0m
  logger.warn(f"Overriding environment {id}")
/opt/dlami/nvme/home/jupyter-deuk-c4e4/temporal-straightening/custom_resolvers.py:4: UserWarning: 
The version_base parameter is not specified.
Please specify a compatability version level, or None.
Will assume defaults for version 1.1
  @hydra.main(config_path=None)
[2026-07-25 16:32:09,465][__main__][INFO] - Planning result saved dir: /opt/dlami/nvme/home/jupyter-deuk-c4e4/pusht-reproduction/patch_reproduction/plan/mpc_seed_200/chunk_20
/home/jupyter-deuk-c4e4/.conda/envs/ts310/lib/python3.10/site-packages/wandb/sdk/internal/internal_api.py:30: UserWarning: pkg_resources is deprecated as an API. See https://setuptools.pypa.io/en/latest/pkg_resources.html. The pkg_resources package is slated for removal as early as 2025-11-30. Refrain from using this package or pin to Setuptools<81.
  from pkg_resources import parse_version
Using cache found in /home/jupyter-deuk-c4e4/.cache/torch/hub/facebookresearch_dinov2_81b2b6419385
Loaded 18685 rollouts
Loaded 21 rollouts
[2026-07-25 16:32:11,951][dinov2][INFO] - using MLP layer as FFN
[2026-07-25 16:32:12,367][models.dino][WARNING] - Unknown projector 'none' for patch tokens; proceeding without projector.
Resuming from epoch 2: /home/jupyter-deuk-c4e4/pusht-reproduction/patch_reproduction/test/pusht_False_agg32_projnone_dim384_hw14_sgTrue_lr1e-06/checkpoints/model_2.pth
[2026-07-25 16:32:12,787][models.visual_world_model][INFO] - num_action_repeat: 1
[2026-07-25 16:32:12,788][models.visual_world_model][INFO] - num_proprio_repeat: 1
[2026-07-25 16:32:12,788][models.visual_world_model][INFO] - proprio encoder: ProprioceptiveEmbedding(
  (patch_embed): Conv1d(4, 10, kernel_size=(1,), stride=(1,))
  (norm): LayerNorm((10,), eps=1e-05, elementwise_affine=True)
)
[2026-07-25 16:32:12,788][models.visual_world_model][INFO] - action encoder: ProprioceptiveEmbedding(
  (patch_embed): Conv1d(10, 10, kernel_size=(1,), stride=(1,))
  (norm): LayerNorm((10,), eps=1e-05, elementwise_affine=True)
)
[2026-07-25 16:32:12,788][models.visual_world_model][INFO] - proprio_dim: 10, after repeat: 10
[2026-07-25 16:32:12,788][models.visual_world_model][INFO] - action_dim: 10, after repeat: 10
[2026-07-25 16:32:12,788][models.visual_world_model][INFO] - emb_dim: 404
[2026-07-25 16:32:12,788][models.visual_world_model][INFO] - Straightening disabled
[2026-07-25 16:32:12,788][models.visual_world_model][INFO] - Speed constancy disabled
[2026-07-25 16:32:12,788][models.visual_world_model][INFO] - Trajectory penalty disabled
[2026-07-25 16:32:12,788][models.visual_world_model][INFO] - Stop-grad enabled: True
[2026-07-25 16:32:12,788][models.visual_world_model][INFO] - VCReg enabled: False, apply_to=enc, std_coeff=0.0, cov_coeff=0.0
[2026-07-25 16:32:12,788][models.visual_world_model][INFO] - Model emb_dim: 404
[timing] setup_model_s=3.325
eval_seed:  [4001, 4201, 4401, 4601, 4801, 5001, 5201, 5401, 5601, 5801]
Dumped plan targets to /opt/dlami/nvme/home/jupyter-deuk-c4e4/pusht-reproduction/patch_reproduction/plan/mpc_seed_200/chunk_20/plan_targets.pkl
[timing] setup_workspace_s=5.469

MPC iter 0 Eval ------- 
Success rate:  0.0
{'success': array([False, False, False, False, False, False, False, False, False,
       False]), 'state_dist': array([ 85.04171,  88.77112,  99.35767, 183.78145, 209.66763, 134.96434,
       103.2186 ,  77.86128, 245.00885, 145.03699], dtype=float32)}
self.is_success:  [False False False False False False False False False False]

MPC iter 1 Eval ------- 
Success rate:  0.0
{'success': array([False, False, False, False, False, False, False, False, False,
       False]), 'state_dist': array([ 57.983547,  80.338875,  68.1489  , 178.55159 , 212.89915 ,
       105.352036,  72.52478 ,  55.260098, 176.3139  , 150.55522 ],
      dtype=float32)}
self.is_success:  [False False False False False False False False False False]

MPC iter 2 Eval ------- 
Success rate:  0.1
{'success': array([False, False,  True, False, False, False, False, False, False,
       False]), 'state_dist': array([ 44.5777  ,  81.16761 ,  10.302536, 164.95001 , 178.25667 ,
        94.441246,  74.7159  , 127.55489 , 164.42996 , 140.34328 ],
      dtype=float32)}
self.is_success:  [False False  True False False False False False False False]

MPC iter 3 Eval ------- 
Success rate:  0.2
{'success': array([False,  True,  True, False, False, False, False, False, False,
       False]), 'state_dist': array([ 39.33461 , 105.2737  ,  10.302536, 169.25601 , 175.99672 ,
        64.87823 ,  55.920128,  81.12578 , 154.37387 , 164.33604 ],
      dtype=float32)}
self.is_success:  [False  True  True False False False False False False False]

MPC iter 4 Eval ------- 
Success rate:  0.3
{'success': array([False,  True,  True, False, False, False, False, False,  True,
       False]), 'state_dist': array([ 33.76112 , 105.2737  ,  10.302536, 138.10744 , 163.71361 ,
        45.251404,  32.496807,  76.610756,  22.802221,  57.72947 ],
      dtype=float32)}
self.is_success:  [False  True  True False False False False False  True False]

MPC iter 5 Eval ------- 
Success rate:  0.7
{'success': array([ True,  True,  True, False, False,  True,  True,  True,  True,
       False]), 'state_dist': array([ 17.885347, 105.2737  ,  10.302536, 144.565   , 127.16481 ,
        31.895748,  26.6539  ,  75.27042 ,  22.802221,  37.082153],
      dtype=float32)}
self.is_success:  [ True  True  True False False  True  True  True  True False]

MPC iter 6 Eval ------- 
Success rate:  0.8
{'success': array([ True,  True,  True, False, False,  True,  True,  True,  True,
        True]), 'state_dist': array([ 17.885347, 105.2737  ,  10.302536, 122.52285 , 124.35175 ,
        31.895748,  26.6539  ,  75.27042 ,  22.802221,  22.084423],
      dtype=float32)}
self.is_success:  [ True  True  True False False  True  True  True  True  True]

MPC iter 7 Eval ------- 
Success rate:  0.8
{'success': array([ True,  True,  True, False, False,  True,  True,  True,  True,
        True]), 'state_dist': array([ 17.885347, 105.2737  ,  10.302536, 122.17036 , 126.28758 ,
        31.895748,  26.6539  ,  75.27042 ,  22.802221,  22.084423],
      dtype=float32)}
self.is_success:  [ True  True  True False False  True  True  True  True  True]

MPC iter 8 Eval ------- 
Success rate:  0.8
{'success': array([ True,  True,  True, False, False,  True,  True,  True,  True,
        True]), 'state_dist': array([ 17.885347, 105.2737  ,  10.302536, 106.5004  , 126.08848 ,
        31.895748,  26.6539  ,  75.27042 ,  22.802221,  22.084423],
      dtype=float32)}
self.is_success:  [ True  True  True False False  True  True  True  True  True]

MPC iter 9 Eval ------- 
Success rate:  0.8
{'success': array([ True,  True,  True, False, False,  True,  True,  True,  True,
        True]), 'state_dist': array([ 17.885347, 105.2737  ,  10.302536, 107.454094, 125.730415,
        31.895748,  26.6539  ,  75.27042 ,  22.802221,  22.084423],
      dtype=float32)}
self.is_success:  [ True  True  True False False  True  True  True  True  True]

MPC iter 10 Eval ------- 
Success rate:  0.8
{'success': array([ True,  True,  True, False, False,  True,  True,  True,  True,
        True]), 'state_dist': array([ 17.885347, 105.2737  ,  10.302536, 101.83524 , 125.91492 ,
        31.895748,  26.6539  ,  75.27042 ,  22.802221,  22.084423],
      dtype=float32)}
self.is_success:  [ True  True  True False False  True  True  True  True  True]

MPC iter 11 Eval ------- 
Success rate:  0.8
{'success': array([ True,  True,  True, False, False,  True,  True,  True,  True,
        True]), 'state_dist': array([ 17.885347, 105.2737  ,  10.302536, 101.852745, 125.8824  ,
        31.895748,  26.6539  ,  75.27042 ,  22.802221,  22.084423],
      dtype=float32)}
self.is_success:  [ True  True  True False False  True  True  True  True  True]

MPC iter 12 Eval ------- 
Success rate:  0.8
{'success': array([ True,  True,  True, False, False,  True,  True,  True,  True,
        True]), 'state_dist': array([ 17.885347, 105.2737  ,  10.302536, 103.38684 , 127.14091 ,
        31.895748,  26.6539  ,  75.27042 ,  22.802221,  22.084423],
      dtype=float32)}
self.is_success:  [ True  True  True False False  True  True  True  True  True]

MPC iter 13 Eval ------- 
Success rate:  0.8
{'success': array([ True,  True,  True, False, False,  True,  True,  True,  True,
        True]), 'state_dist': array([ 17.885347, 105.2737  ,  10.302536,  97.58304 , 126.043274,
        31.895748,  26.6539  ,  75.27042 ,  22.802221,  22.084423],
      dtype=float32)}
self.is_success:  [ True  True  True False False  True  True  True  True  True]

MPC iter 14 Eval ------- 
Success rate:  0.8
{'success': array([ True,  True,  True, False, False,  True,  True,  True,  True,
        True]), 'state_dist': array([ 17.885347, 105.2737  ,  10.302536, 100.35739 , 127.15012 ,
        31.895748,  26.6539  ,  75.27042 ,  22.802221,  22.084423],
      dtype=float32)}
self.is_success:  [ True  True  True False False  True  True  True  True  True]

MPC iter 15 Eval ------- 
Success rate:  0.8
{'success': array([ True,  True,  True, False, False,  True,  True,  True,  True,
        True]), 'state_dist': array([ 17.885347, 105.2737  ,  10.302536, 100.0363  , 127.0933  ,
        31.895748,  26.6539  ,  75.27042 ,  22.802221,  22.084423],
      dtype=float32)}
self.is_success:  [ True  True  True False False  True  True  True  True  True]

MPC iter 16 Eval ------- 
Success rate:  0.8
{'success': array([ True,  True,  True, False, False,  True,  True,  True,  True,
        True]), 'state_dist': array([ 17.885347, 105.2737  ,  10.302536,  98.07118 , 125.375114,
        31.895748,  26.6539  ,  75.27042 ,  22.802221,  22.084423],
      dtype=float32)}
self.is_success:  [ True  True  True False False  True  True  True  True  True]

MPC iter 17 Eval ------- 
Success rate:  0.8
{'success': array([ True,  True,  True, False, False,  True,  True,  True,  True,
        True]), 'state_dist': array([ 17.885347, 105.2737  ,  10.302536,  99.24323 , 129.44974 ,
        31.895748,  26.6539  ,  75.27042 ,  22.802221,  22.084423],
      dtype=float32)}
self.is_success:  [ True  True  True False False  True  True  True  True  True]

MPC iter 18 Eval ------- 
Success rate:  0.8
{'success': array([ True,  True,  True, False, False,  True,  True,  True,  True,
        True]), 'state_dist': array([ 17.885347, 105.2737  ,  10.302536, 102.43436 , 123.964554,
        31.895748,  26.6539  ,  75.27042 ,  22.802221,  22.084423],
      dtype=float32)}
self.is_success:  [ True  True  True False False  True  True  True  True  True]

MPC iter 19 Eval ------- 
Success rate:  0.8
{'success': array([ True,  True,  True, False, False,  True,  True,  True,  True,
        True]), 'state_dist': array([ 17.885347, 105.2737  ,  10.302536,  94.96889 , 125.24388 ,
        31.895748,  26.6539  ,  75.27042 ,  22.802221,  22.084423],
      dtype=float32)}
self.is_success:  [ True  True  True False False  True  True  True  True  True]
Success rate:  0.8
{'success': array([ True,  True,  True, False, False,  True,  True,  True,  True,
        True]), 'state_dist': array([ 17.885347, 105.2737  ,  10.302536,  94.96889 , 125.24388 ,
        31.895748,  26.6539  ,  75.27042 ,  22.802221,  22.084423],
      dtype=float32)}
[timing] perform_planning_s=650.533
[timing] total_planning_main_s=659.327
===== patch mpc seed 200 chunk 30 (n_evals=10) =====
/home/jupyter-deuk-c4e4/.conda/envs/ts310/lib/python3.10/site-packages/wandb/sdk/internal/internal_api.py:30: UserWarning: pkg_resources is deprecated as an API. See https://setuptools.pypa.io/en/latest/pkg_resources.html. The pkg_resources package is slated for removal as early as 2025-11-30. Refrain from using this package or pin to Setuptools<81.
  from pkg_resources import parse_version
/home/jupyter-deuk-c4e4/.conda/envs/ts310/lib/python3.10/site-packages/pkg_resources/__init__.py:3148: DeprecationWarning: Deprecated call to `pkg_resources.declare_namespace('mpl_toolkits')`.
Implementing implicit namespace packages (as specified in PEP 420) is preferred to `pkg_resources.declare_namespace`. See https://setuptools.pypa.io/en/latest/references/keywords.html#keyword-namespace-packages
  declare_namespace(pkg)
/home/jupyter-deuk-c4e4/.conda/envs/ts310/lib/python3.10/site-packages/pkg_resources/__init__.py:3148: DeprecationWarning: Deprecated call to `pkg_resources.declare_namespace('google')`.
Implementing implicit namespace packages (as specified in PEP 420) is preferred to `pkg_resources.declare_namespace`. See https://setuptools.pypa.io/en/latest/references/keywords.html#keyword-namespace-packages
  declare_namespace(pkg)
/home/jupyter-deuk-c4e4/.conda/envs/ts310/lib/python3.10/site-packages/Cython/Distutils/old_build_ext.py:15: DeprecationWarning: dep_util is Deprecated. Use functions from setuptools instead.
  from distutils.dep_util import newer, newer_group
<frozen importlib._bootstrap>:283: DeprecationWarning: the load_module() method is deprecated and slated for removal in Python 3.12; use exec_module() instead
Warning: Mujoco-based envs failed to import. Set the environment variable D4RL_SUPPRESS_IMPORT_ERROR=1 to suppress this message.
No module named 'mjrl'
Warning: Flow failed to import. Set the environment variable D4RL_SUPPRESS_IMPORT_ERROR=1 to suppress this message.
No module named 'flow'
Warning: CARLA failed to import. Set the environment variable D4RL_SUPPRESS_IMPORT_ERROR=1 to suppress this message.
No module named 'carla'
pybullet build time: Jan 29 2025 23:16:28
/home/jupyter-deuk-c4e4/.conda/envs/ts310/lib/python3.10/site-packages/gym/envs/registration.py:595: UserWarning: [33mWARN: Overriding environment maze2d-open-v0[0m
  logger.warn(f"Overriding environment {id}")
/home/jupyter-deuk-c4e4/.conda/envs/ts310/lib/python3.10/site-packages/gym/envs/registration.py:595: UserWarning: [33mWARN: Overriding environment maze2d-umaze-v0[0m
  logger.warn(f"Overriding environment {id}")
/home/jupyter-deuk-c4e4/.conda/envs/ts310/lib/python3.10/site-packages/gym/envs/registration.py:595: UserWarning: [33mWARN: Overriding environment maze2d-medium-v0[0m
  logger.warn(f"Overriding environment {id}")
/home/jupyter-deuk-c4e4/.conda/envs/ts310/lib/python3.10/site-packages/gym/envs/registration.py:595: UserWarning: [33mWARN: Overriding environment maze2d-large-v0[0m
  logger.warn(f"Overriding environment {id}")
/home/jupyter-deuk-c4e4/.conda/envs/ts310/lib/python3.10/site-packages/gym/envs/registration.py:595: UserWarning: [33mWARN: Overriding environment maze2d-umaze-v1[0m
  logger.warn(f"Overriding environment {id}")
/home/jupyter-deuk-c4e4/.conda/envs/ts310/lib/python3.10/site-packages/gym/envs/registration.py:595: UserWarning: [33mWARN: Overriding environment maze2d-medium-v1[0m
  logger.warn(f"Overriding environment {id}")
/home/jupyter-deuk-c4e4/.conda/envs/ts310/lib/python3.10/site-packages/gym/envs/registration.py:595: UserWarning: [33mWARN: Overriding environment maze2d-large-v1[0m
  logger.warn(f"Overriding environment {id}")
/home/jupyter-deuk-c4e4/.conda/envs/ts310/lib/python3.10/site-packages/gym/envs/registration.py:595: UserWarning: [33mWARN: Overriding environment maze2d-eval-umaze-v1[0m
  logger.warn(f"Overriding environment {id}")
/home/jupyter-deuk-c4e4/.conda/envs/ts310/lib/python3.10/site-packages/gym/envs/registration.py:595: UserWarning: [33mWARN: Overriding environment maze2d-eval-medium-v1[0m
  logger.warn(f"Overriding environment {id}")
/home/jupyter-deuk-c4e4/.conda/envs/ts310/lib/python3.10/site-packages/gym/envs/registration.py:595: UserWarning: [33mWARN: Overriding environment maze2d-eval-large-v1[0m
  logger.warn(f"Overriding environment {id}")
/home/jupyter-deuk-c4e4/.conda/envs/ts310/lib/python3.10/site-packages/gym/envs/registration.py:595: UserWarning: [33mWARN: Overriding environment maze2d-open-dense-v0[0m
  logger.warn(f"Overriding environment {id}")
/home/jupyter-deuk-c4e4/.conda/envs/ts310/lib/python3.10/site-packages/gym/envs/registration.py:595: UserWarning: [33mWARN: Overriding environment maze2d-umaze-dense-v0[0m
  logger.warn(f"Overriding environment {id}")
/home/jupyter-deuk-c4e4/.conda/envs/ts310/lib/python3.10/site-packages/gym/envs/registration.py:595: UserWarning: [33mWARN: Overriding environment maze2d-medium-dense-v0[0m
  logger.warn(f"Overriding environment {id}")
/home/jupyter-deuk-c4e4/.conda/envs/ts310/lib/python3.10/site-packages/gym/envs/registration.py:595: UserWarning: [33mWARN: Overriding environment maze2d-large-dense-v0[0m
  logger.warn(f"Overriding environment {id}")
/home/jupyter-deuk-c4e4/.conda/envs/ts310/lib/python3.10/site-packages/gym/envs/registration.py:595: UserWarning: [33mWARN: Overriding environment maze2d-umaze-dense-v1[0m
  logger.warn(f"Overriding environment {id}")
/home/jupyter-deuk-c4e4/.conda/envs/ts310/lib/python3.10/site-packages/gym/envs/registration.py:595: UserWarning: [33mWARN: Overriding environment maze2d-medium-dense-v1[0m
  logger.warn(f"Overriding environment {id}")
/home/jupyter-deuk-c4e4/.conda/envs/ts310/lib/python3.10/site-packages/gym/envs/registration.py:595: UserWarning: [33mWARN: Overriding environment maze2d-large-dense-v1[0m
  logger.warn(f"Overriding environment {id}")
/home/jupyter-deuk-c4e4/.conda/envs/ts310/lib/python3.10/site-packages/gym/envs/registration.py:595: UserWarning: [33mWARN: Overriding environment maze2d-eval-umaze-dense-v1[0m
  logger.warn(f"Overriding environment {id}")
/home/jupyter-deuk-c4e4/.conda/envs/ts310/lib/python3.10/site-packages/gym/envs/registration.py:595: UserWarning: [33mWARN: Overriding environment maze2d-eval-medium-dense-v1[0m
  logger.warn(f"Overriding environment {id}")
/home/jupyter-deuk-c4e4/.conda/envs/ts310/lib/python3.10/site-packages/gym/envs/registration.py:595: UserWarning: [33mWARN: Overriding environment maze2d-eval-large-dense-v1[0m
  logger.warn(f"Overriding environment {id}")
/opt/dlami/nvme/home/jupyter-deuk-c4e4/temporal-straightening/custom_resolvers.py:4: UserWarning: 
The version_base parameter is not specified.
Please specify a compatability version level, or None.
Will assume defaults for version 1.1
  @hydra.main(config_path=None)
[2026-07-25 16:43:13,991][__main__][INFO] - Planning result saved dir: /opt/dlami/nvme/home/jupyter-deuk-c4e4/pusht-reproduction/patch_reproduction/plan/mpc_seed_200/chunk_30
/home/jupyter-deuk-c4e4/.conda/envs/ts310/lib/python3.10/site-packages/wandb/sdk/internal/internal_api.py:30: UserWarning: pkg_resources is deprecated as an API. See https://setuptools.pypa.io/en/latest/pkg_resources.html. The pkg_resources package is slated for removal as early as 2025-11-30. Refrain from using this package or pin to Setuptools<81.
  from pkg_resources import parse_version
Using cache found in /home/jupyter-deuk-c4e4/.cache/torch/hub/facebookresearch_dinov2_81b2b6419385
Loaded 18685 rollouts
Loaded 21 rollouts
[2026-07-25 16:43:16,494][dinov2][INFO] - using MLP layer as FFN
[2026-07-25 16:43:16,924][models.dino][WARNING] - Unknown projector 'none' for patch tokens; proceeding without projector.
Resuming from epoch 2: /home/jupyter-deuk-c4e4/pusht-reproduction/patch_reproduction/test/pusht_False_agg32_projnone_dim384_hw14_sgTrue_lr1e-06/checkpoints/model_2.pth
[2026-07-25 16:43:17,363][models.visual_world_model][INFO] - num_action_repeat: 1
[2026-07-25 16:43:17,363][models.visual_world_model][INFO] - num_proprio_repeat: 1
[2026-07-25 16:43:17,363][models.visual_world_model][INFO] - proprio encoder: ProprioceptiveEmbedding(
  (patch_embed): Conv1d(4, 10, kernel_size=(1,), stride=(1,))
  (norm): LayerNorm((10,), eps=1e-05, elementwise_affine=True)
)
[2026-07-25 16:43:17,363][models.visual_world_model][INFO] - action encoder: ProprioceptiveEmbedding(
  (patch_embed): Conv1d(10, 10, kernel_size=(1,), stride=(1,))
  (norm): LayerNorm((10,), eps=1e-05, elementwise_affine=True)
)
[2026-07-25 16:43:17,364][models.visual_world_model][INFO] - proprio_dim: 10, after repeat: 10
[2026-07-25 16:43:17,364][models.visual_world_model][INFO] - action_dim: 10, after repeat: 10
[2026-07-25 16:43:17,364][models.visual_world_model][INFO] - emb_dim: 404
[2026-07-25 16:43:17,364][models.visual_world_model][INFO] - Straightening disabled
[2026-07-25 16:43:17,364][models.visual_world_model][INFO] - Speed constancy disabled
[2026-07-25 16:43:17,364][models.visual_world_model][INFO] - Trajectory penalty disabled
[2026-07-25 16:43:17,364][models.visual_world_model][INFO] - Stop-grad enabled: True
[2026-07-25 16:43:17,364][models.visual_world_model][INFO] - VCReg enabled: False, apply_to=enc, std_coeff=0.0, cov_coeff=0.0
[2026-07-25 16:43:17,364][models.visual_world_model][INFO] - Model emb_dim: 404
[timing] setup_model_s=3.375
eval_seed:  [6001, 6201, 6401, 6601, 6801, 7001, 7201, 7401, 7601, 7801]
Dumped plan targets to /opt/dlami/nvme/home/jupyter-deuk-c4e4/pusht-reproduction/patch_reproduction/plan/mpc_seed_200/chunk_30/plan_targets.pkl
[timing] setup_workspace_s=5.945

MPC iter 0 Eval ------- 
Success rate:  0.0
{'success': array([False, False, False, False, False, False, False, False, False,
       False]), 'state_dist': array([119.74427 , 168.24835 , 169.97865 , 149.0972  , 102.515396,
        95.623924, 234.9643  , 202.51094 ,  75.068085, 131.1169  ],
      dtype=float32)}
self.is_success:  [False False False False False False False False False False]

MPC iter 1 Eval ------- 
Success rate:  0.0
{'success': array([False, False, False, False, False, False, False, False, False,
       False]), 'state_dist': array([109.71301 , 138.40367 , 156.19124 , 173.94893 ,  77.82359 ,
       119.260864, 188.17671 , 161.31607 ,  78.303925, 169.00662 ],
      dtype=float32)}
self.is_success:  [False False False False False False False False False False]

MPC iter 2 Eval ------- 
Success rate:  0.0
{'success': array([False, False, False, False, False, False, False, False, False,
       False]), 'state_dist': array([107.2316  , 155.38756 , 138.66225 , 180.34286 ,  75.051254,
       121.53993 , 126.97525 , 126.30247 ,  88.84306 , 133.73161 ],
      dtype=float32)}
self.is_success:  [False False False False False False False False False False]

MPC iter 3 Eval ------- 
Success rate:  0.0
{'success': array([False, False, False, False, False, False, False, False, False,
       False]), 'state_dist': array([111.454796, 154.69247 , 144.60083 , 153.72162 ,  74.32805 ,
        93.79088 , 144.12627 ,  90.97522 ,  66.96897 ,  47.839584],
      dtype=float32)}
self.is_success:  [False False False False False False False False False False]

MPC iter 4 Eval ------- 
Success rate:  0.1
{'success': array([False, False, False, False, False, False, False, False,  True,
       False]), 'state_dist': array([ 93.94612 , 183.6054  , 126.8786  ,  99.28515 ,  52.616512,
        67.56255 , 114.71666 ,  59.471317,  30.78321 ,  38.697548],
      dtype=float32)}
self.is_success:  [False False False False False False False False  True False]

MPC iter 5 Eval ------- 
Success rate:  0.3
{'success': array([False, False, False, False,  True, False, False,  True,  True,
       False]), 'state_dist': array([ 69.312386,  41.618465,  46.7133  , 111.25536 ,  47.879204,
        38.510853, 144.52678 ,  23.408777,  30.78321 , 116.706154],
      dtype=float32)}
self.is_success:  [False False False False  True False False  True  True False]

MPC iter 6 Eval ------- 
Success rate:  0.5
{'success': array([False,  True, False, False,  True,  True, False,  True,  True,
       False]), 'state_dist': array([ 47.065235,  23.527946, 132.05457 , 107.14875 ,  47.879204,
        40.841515, 106.463165,  23.408777,  30.78321 ,  89.67174 ],
      dtype=float32)}
self.is_success:  [False  True False False  True  True False  True  True False]

MPC iter 7 Eval ------- 
Success rate:  0.7
{'success': array([ True,  True,  True, False,  True,  True, False,  True,  True,
       False]), 'state_dist': array([106.55123 ,  23.527946,  14.02733 , 103.57809 ,  47.879204,
        40.841515, 104.804825,  23.408777,  30.78321 , 149.62904 ],
      dtype=float32)}
self.is_success:  [ True  True  True False  True  True False  True  True False]

MPC iter 8 Eval ------- 
Success rate:  0.8
{'success': array([ True,  True,  True, False,  True,  True, False,  True,  True,
        True]), 'state_dist': array([106.55123 ,  23.527946,  14.02733 ,  96.1594  ,  47.879204,
        40.841515, 142.62166 ,  23.408777,  30.78321 ,  66.08377 ],
      dtype=float32)}
self.is_success:  [ True  True  True False  True  True False  True  True  True]

MPC iter 9 Eval ------- 
Success rate:  0.8
{'success': array([ True,  True,  True, False,  True,  True, False,  True,  True,
        True]), 'state_dist': array([106.55123 ,  23.527946,  14.02733 ,  93.93652 ,  47.879204,
        40.841515, 183.26448 ,  23.408777,  30.78321 ,  66.08377 ],
      dtype=float32)}
self.is_success:  [ True  True  True False  True  True False  True  True  True]

MPC iter 10 Eval ------- 
Success rate:  0.8
{'success': array([ True,  True,  True, False,  True,  True, False,  True,  True,
        True]), 'state_dist': array([106.55123 ,  23.527946,  14.02733 ,  96.16089 ,  47.879204,
        40.841515, 139.45981 ,  23.408777,  30.78321 ,  66.08377 ],
      dtype=float32)}
self.is_success:  [ True  True  True False  True  True False  True  True  True]

MPC iter 11 Eval ------- 
Success rate:  0.8
{'success': array([ True,  True,  True, False,  True,  True, False,  True,  True,
        True]), 'state_dist': array([106.55123 ,  23.527946,  14.02733 ,  96.93817 ,  47.879204,
        40.841515, 129.0972  ,  23.408777,  30.78321 ,  66.08377 ],
      dtype=float32)}
self.is_success:  [ True  True  True False  True  True False  True  True  True]

MPC iter 12 Eval ------- 
Success rate:  0.8
{'success': array([ True,  True,  True, False,  True,  True, False,  True,  True,
        True]), 'state_dist': array([106.55123 ,  23.527946,  14.02733 ,  98.05463 ,  47.879204,
        40.841515,  58.61116 ,  23.408777,  30.78321 ,  66.08377 ],
      dtype=float32)}
self.is_success:  [ True  True  True False  True  True False  True  True  True]

MPC iter 13 Eval ------- 
Success rate:  0.8
{'success': array([ True,  True,  True, False,  True,  True, False,  True,  True,
        True]), 'state_dist': array([106.55123 ,  23.527946,  14.02733 ,  96.316605,  47.879204,
        40.841515,  60.83044 ,  23.408777,  30.78321 ,  66.08377 ],
      dtype=float32)}
self.is_success:  [ True  True  True False  True  True False  True  True  True]

MPC iter 14 Eval ------- 
Success rate:  0.8
{'success': array([ True,  True,  True, False,  True,  True, False,  True,  True,
        True]), 'state_dist': array([106.55123 ,  23.527946,  14.02733 ,  97.09678 ,  47.879204,
        40.841515,  76.02629 ,  23.408777,  30.78321 ,  66.08377 ],
      dtype=float32)}
self.is_success:  [ True  True  True False  True  True False  True  True  True]

MPC iter 15 Eval ------- 
Success rate:  0.8
{'success': array([ True,  True,  True, False,  True,  True, False,  True,  True,
        True]), 'state_dist': array([106.55123 ,  23.527946,  14.02733 ,  97.97816 ,  47.879204,
        40.841515,  58.7795  ,  23.408777,  30.78321 ,  66.08377 ],
      dtype=float32)}
self.is_success:  [ True  True  True False  True  True False  True  True  True]

MPC iter 16 Eval ------- 
Success rate:  0.8
{'success': array([ True,  True,  True, False,  True,  True, False,  True,  True,
        True]), 'state_dist': array([106.55123 ,  23.527946,  14.02733 ,  99.97306 ,  47.879204,
        40.841515,  58.420803,  23.408777,  30.78321 ,  66.08377 ],
      dtype=float32)}
self.is_success:  [ True  True  True False  True  True False  True  True  True]

MPC iter 17 Eval ------- 
Success rate:  0.8
{'success': array([ True,  True,  True, False,  True,  True, False,  True,  True,
        True]), 'state_dist': array([106.55123 ,  23.527946,  14.02733 ,  98.474014,  47.879204,
        40.841515,  58.140823,  23.408777,  30.78321 ,  66.08377 ],
      dtype=float32)}
self.is_success:  [ True  True  True False  True  True False  True  True  True]

MPC iter 18 Eval ------- 
Success rate:  0.8
{'success': array([ True,  True,  True, False,  True,  True, False,  True,  True,
        True]), 'state_dist': array([106.55123 ,  23.527946,  14.02733 ,  96.586624,  47.879204,
        40.841515,  62.473675,  23.408777,  30.78321 ,  66.08377 ],
      dtype=float32)}
self.is_success:  [ True  True  True False  True  True False  True  True  True]

MPC iter 19 Eval ------- 
Success rate:  0.8
{'success': array([ True,  True,  True, False,  True,  True, False,  True,  True,
        True]), 'state_dist': array([106.55123 ,  23.527946,  14.02733 ,  96.271034,  47.879204,
        40.841515,  57.449097,  23.408777,  30.78321 ,  66.08377 ],
      dtype=float32)}
self.is_success:  [ True  True  True False  True  True False  True  True  True]
Success rate:  0.8
{'success': array([ True,  True,  True, False,  True,  True, False,  True,  True,
        True]), 'state_dist': array([106.55123 ,  23.527946,  14.02733 ,  96.271034,  47.879204,
        40.841515,  57.449097,  23.408777,  30.78321 ,  66.08377 ],
      dtype=float32)}
[timing] perform_planning_s=650.623
[timing] total_planning_main_s=659.943
===== patch mpc seed 200 chunk 40 (n_evals=10) =====
/home/jupyter-deuk-c4e4/.conda/envs/ts310/lib/python3.10/site-packages/wandb/sdk/internal/internal_api.py:30: UserWarning: pkg_resources is deprecated as an API. See https://setuptools.pypa.io/en/latest/pkg_resources.html. The pkg_resources package is slated for removal as early as 2025-11-30. Refrain from using this package or pin to Setuptools<81.
  from pkg_resources import parse_version
/home/jupyter-deuk-c4e4/.conda/envs/ts310/lib/python3.10/site-packages/pkg_resources/__init__.py:3148: DeprecationWarning: Deprecated call to `pkg_resources.declare_namespace('mpl_toolkits')`.
Implementing implicit namespace packages (as specified in PEP 420) is preferred to `pkg_resources.declare_namespace`. See https://setuptools.pypa.io/en/latest/references/keywords.html#keyword-namespace-packages
  declare_namespace(pkg)
/home/jupyter-deuk-c4e4/.conda/envs/ts310/lib/python3.10/site-packages/pkg_resources/__init__.py:3148: DeprecationWarning: Deprecated call to `pkg_resources.declare_namespace('google')`.
Implementing implicit namespace packages (as specified in PEP 420) is preferred to `pkg_resources.declare_namespace`. See https://setuptools.pypa.io/en/latest/references/keywords.html#keyword-namespace-packages
  declare_namespace(pkg)
/home/jupyter-deuk-c4e4/.conda/envs/ts310/lib/python3.10/site-packages/Cython/Distutils/old_build_ext.py:15: DeprecationWarning: dep_util is Deprecated. Use functions from setuptools instead.
  from distutils.dep_util import newer, newer_group
<frozen importlib._bootstrap>:283: DeprecationWarning: the load_module() method is deprecated and slated for removal in Python 3.12; use exec_module() instead
Warning: Mujoco-based envs failed to import. Set the environment variable D4RL_SUPPRESS_IMPORT_ERROR=1 to suppress this message.
No module named 'mjrl'
Warning: Flow failed to import. Set the environment variable D4RL_SUPPRESS_IMPORT_ERROR=1 to suppress this message.
No module named 'flow'
Warning: CARLA failed to import. Set the environment variable D4RL_SUPPRESS_IMPORT_ERROR=1 to suppress this message.
No module named 'carla'
pybullet build time: Jan 29 2025 23:16:28
/home/jupyter-deuk-c4e4/.conda/envs/ts310/lib/python3.10/site-packages/gym/envs/registration.py:595: UserWarning: [33mWARN: Overriding environment maze2d-open-v0[0m
  logger.warn(f"Overriding environment {id}")
/home/jupyter-deuk-c4e4/.conda/envs/ts310/lib/python3.10/site-packages/gym/envs/registration.py:595: UserWarning: [33mWARN: Overriding environment maze2d-umaze-v0[0m
  logger.warn(f"Overriding environment {id}")
/home/jupyter-deuk-c4e4/.conda/envs/ts310/lib/python3.10/site-packages/gym/envs/registration.py:595: UserWarning: [33mWARN: Overriding environment maze2d-medium-v0[0m
  logger.warn(f"Overriding environment {id}")
/home/jupyter-deuk-c4e4/.conda/envs/ts310/lib/python3.10/site-packages/gym/envs/registration.py:595: UserWarning: [33mWARN: Overriding environment maze2d-large-v0[0m
  logger.warn(f"Overriding environment {id}")
/home/jupyter-deuk-c4e4/.conda/envs/ts310/lib/python3.10/site-packages/gym/envs/registration.py:595: UserWarning: [33mWARN: Overriding environment maze2d-umaze-v1[0m
  logger.warn(f"Overriding environment {id}")
/home/jupyter-deuk-c4e4/.conda/envs/ts310/lib/python3.10/site-packages/gym/envs/registration.py:595: UserWarning: [33mWARN: Overriding environment maze2d-medium-v1[0m
  logger.warn(f"Overriding environment {id}")
/home/jupyter-deuk-c4e4/.conda/envs/ts310/lib/python3.10/site-packages/gym/envs/registration.py:595: UserWarning: [33mWARN: Overriding environment maze2d-large-v1[0m
  logger.warn(f"Overriding environment {id}")
/home/jupyter-deuk-c4e4/.conda/envs/ts310/lib/python3.10/site-packages/gym/envs/registration.py:595: UserWarning: [33mWARN: Overriding environment maze2d-eval-umaze-v1[0m
  logger.warn(f"Overriding environment {id}")
/home/jupyter-deuk-c4e4/.conda/envs/ts310/lib/python3.10/site-packages/gym/envs/registration.py:595: UserWarning: [33mWARN: Overriding environment maze2d-eval-medium-v1[0m
  logger.warn(f"Overriding environment {id}")
/home/jupyter-deuk-c4e4/.conda/envs/ts310/lib/python3.10/site-packages/gym/envs/registration.py:595: UserWarning: [33mWARN: Overriding environment maze2d-eval-large-v1[0m
  logger.warn(f"Overriding environment {id}")
/home/jupyter-deuk-c4e4/.conda/envs/ts310/lib/python3.10/site-packages/gym/envs/registration.py:595: UserWarning: [33mWARN: Overriding environment maze2d-open-dense-v0[0m
  logger.warn(f"Overriding environment {id}")
/home/jupyter-deuk-c4e4/.conda/envs/ts310/lib/python3.10/site-packages/gym/envs/registration.py:595: UserWarning: [33mWARN: Overriding environment maze2d-umaze-dense-v0[0m
  logger.warn(f"Overriding environment {id}")
/home/jupyter-deuk-c4e4/.conda/envs/ts310/lib/python3.10/site-packages/gym/envs/registration.py:595: UserWarning: [33mWARN: Overriding environment maze2d-medium-dense-v0[0m
  logger.warn(f"Overriding environment {id}")
/home/jupyter-deuk-c4e4/.conda/envs/ts310/lib/python3.10/site-packages/gym/envs/registration.py:595: UserWarning: [33mWARN: Overriding environment maze2d-large-dense-v0[0m
  logger.warn(f"Overriding environment {id}")
/home/jupyter-deuk-c4e4/.conda/envs/ts310/lib/python3.10/site-packages/gym/envs/registration.py:595: UserWarning: [33mWARN: Overriding environment maze2d-umaze-dense-v1[0m
  logger.warn(f"Overriding environment {id}")
/home/jupyter-deuk-c4e4/.conda/envs/ts310/lib/python3.10/site-packages/gym/envs/registration.py:595: UserWarning: [33mWARN: Overriding environment maze2d-medium-dense-v1[0m
  logger.warn(f"Overriding environment {id}")
/home/jupyter-deuk-c4e4/.conda/envs/ts310/lib/python3.10/site-packages/gym/envs/registration.py:595: UserWarning: [33mWARN: Overriding environment maze2d-large-dense-v1[0m
  logger.warn(f"Overriding environment {id}")
/home/jupyter-deuk-c4e4/.conda/envs/ts310/lib/python3.10/site-packages/gym/envs/registration.py:595: UserWarning: [33mWARN: Overriding environment maze2d-eval-umaze-dense-v1[0m
  logger.warn(f"Overriding environment {id}")
/home/jupyter-deuk-c4e4/.conda/envs/ts310/lib/python3.10/site-packages/gym/envs/registration.py:595: UserWarning: [33mWARN: Overriding environment maze2d-eval-medium-dense-v1[0m
  logger.warn(f"Overriding environment {id}")
/home/jupyter-deuk-c4e4/.conda/envs/ts310/lib/python3.10/site-packages/gym/envs/registration.py:595: UserWarning: [33mWARN: Overriding environment maze2d-eval-large-dense-v1[0m
  logger.warn(f"Overriding environment {id}")
/opt/dlami/nvme/home/jupyter-deuk-c4e4/temporal-straightening/custom_resolvers.py:4: UserWarning: 
The version_base parameter is not specified.
Please specify a compatability version level, or None.
Will assume defaults for version 1.1
  @hydra.main(config_path=None)
[2026-07-25 16:54:19,155][__main__][INFO] - Planning result saved dir: /opt/dlami/nvme/home/jupyter-deuk-c4e4/pusht-reproduction/patch_reproduction/plan/mpc_seed_200/chunk_40
/home/jupyter-deuk-c4e4/.conda/envs/ts310/lib/python3.10/site-packages/wandb/sdk/internal/internal_api.py:30: UserWarning: pkg_resources is deprecated as an API. See https://setuptools.pypa.io/en/latest/pkg_resources.html. The pkg_resources package is slated for removal as early as 2025-11-30. Refrain from using this package or pin to Setuptools<81.
  from pkg_resources import parse_version
Using cache found in /home/jupyter-deuk-c4e4/.cache/torch/hub/facebookresearch_dinov2_81b2b6419385
Loaded 18685 rollouts
Loaded 21 rollouts
[2026-07-25 16:54:21,650][dinov2][INFO] - using MLP layer as FFN
[2026-07-25 16:54:22,125][models.dino][WARNING] - Unknown projector 'none' for patch tokens; proceeding without projector.
Resuming from epoch 2: /home/jupyter-deuk-c4e4/pusht-reproduction/patch_reproduction/test/pusht_False_agg32_projnone_dim384_hw14_sgTrue_lr1e-06/checkpoints/model_2.pth
[2026-07-25 16:54:22,546][models.visual_world_model][INFO] - num_action_repeat: 1
[2026-07-25 16:54:22,546][models.visual_world_model][INFO] - num_proprio_repeat: 1
[2026-07-25 16:54:22,547][models.visual_world_model][INFO] - proprio encoder: ProprioceptiveEmbedding(
  (patch_embed): Conv1d(4, 10, kernel_size=(1,), stride=(1,))
  (norm): LayerNorm((10,), eps=1e-05, elementwise_affine=True)
)
[2026-07-25 16:54:22,547][models.visual_world_model][INFO] - action encoder: ProprioceptiveEmbedding(
  (patch_embed): Conv1d(10, 10, kernel_size=(1,), stride=(1,))
  (norm): LayerNorm((10,), eps=1e-05, elementwise_affine=True)
)
[2026-07-25 16:54:22,547][models.visual_world_model][INFO] - proprio_dim: 10, after repeat: 10
[2026-07-25 16:54:22,547][models.visual_world_model][INFO] - action_dim: 10, after repeat: 10
[2026-07-25 16:54:22,547][models.visual_world_model][INFO] - emb_dim: 404
[2026-07-25 16:54:22,547][models.visual_world_model][INFO] - Straightening disabled
[2026-07-25 16:54:22,547][models.visual_world_model][INFO] - Speed constancy disabled
[2026-07-25 16:54:22,547][models.visual_world_model][INFO] - Trajectory penalty disabled
[2026-07-25 16:54:22,547][models.visual_world_model][INFO] - Stop-grad enabled: True
[2026-07-25 16:54:22,547][models.visual_world_model][INFO] - VCReg enabled: False, apply_to=enc, std_coeff=0.0, cov_coeff=0.0
[2026-07-25 16:54:22,547][models.visual_world_model][INFO] - Model emb_dim: 404
[timing] setup_model_s=3.394
eval_seed:  [8001, 8201, 8401, 8601, 8801, 9001, 9201, 9401, 9601, 9801]
Dumped plan targets to /opt/dlami/nvme/home/jupyter-deuk-c4e4/pusht-reproduction/patch_reproduction/plan/mpc_seed_200/chunk_40/plan_targets.pkl
[timing] setup_workspace_s=6.703

MPC iter 0 Eval ------- 
Success rate:  0.0
{'success': array([False, False, False, False, False, False, False, False, False,
       False]), 'state_dist': array([142.11255 , 123.452545, 241.01152 , 276.8039  , 177.81541 ,
       225.97774 ,  91.14573 , 176.7242  , 162.10732 , 150.58307 ],
      dtype=float32)}
self.is_success:  [False False False False False False False False False False]

MPC iter 1 Eval ------- 
Success rate:  0.0
{'success': array([False, False, False, False, False, False, False, False, False,
       False]), 'state_dist': array([106.952866, 116.942406, 184.47684 , 315.58136 , 186.03052 ,
       253.8827  ,  94.98913 , 160.47894 , 162.65321 , 140.04306 ],
      dtype=float32)}
self.is_success:  [False False False False False False False False False False]

MPC iter 2 Eval ------- 
Success rate:  0.0
{'success': array([False, False, False, False, False, False, False, False, False,
       False]), 'state_dist': array([ 87.72886 , 106.990715, 148.46156 , 302.31085 , 221.9571  ,
       167.41087 , 122.801056, 143.17818 , 191.87825 , 130.16522 ],
      dtype=float32)}
self.is_success:  [False False False False False False False False False False]

MPC iter 3 Eval ------- 
Success rate:  0.0
{'success': array([False, False, False, False, False, False, False, False, False,
       False]), 'state_dist': array([ 66.398834,  67.920395,  98.41582 , 211.68153 , 195.07317 ,
        68.60727 , 120.103355, 119.02997 , 213.3544  , 109.863174],
      dtype=float32)}
self.is_success:  [False False False False False False False False False False]

MPC iter 4 Eval ------- 
Success rate:  0.2
{'success': array([False, False,  True, False, False, False,  True, False, False,
       False]), 'state_dist': array([ 61.86289 ,  34.045174,  57.307858, 234.1462  , 285.94742 ,
        86.06989 ,  80.52751 , 221.76378 , 195.63353 ,  27.5956  ],
      dtype=float32)}
self.is_success:  [False False  True False False False  True False False False]

MPC iter 5 Eval ------- 
Success rate:  0.6
{'success': array([ True,  True,  True, False,  True,  True,  True, False, False,
       False]), 'state_dist': array([ 23.62895 ,  27.641104,  57.307858, 248.92577 ,  22.205746,
        26.971409,  80.52751 , 206.61049 , 192.09912 ,  24.043278],
      dtype=float32)}
self.is_success:  [ True  True  True False  True  True  True False False False]

MPC iter 6 Eval ------- 
Success rate:  0.7
{'success': array([ True,  True,  True, False,  True,  True,  True, False, False,
        True]), 'state_dist': array([ 23.62895 ,  27.641104,  57.307858, 196.49097 ,  22.205746,
        26.971409,  80.52751 , 155.9344  , 158.9302  ,  16.99832 ],
      dtype=float32)}
self.is_success:  [ True  True  True False  True  True  True False False  True]

MPC iter 7 Eval ------- 
Success rate:  0.7
{'success': array([ True,  True,  True, False,  True,  True,  True, False, False,
        True]), 'state_dist': array([ 23.62895 ,  27.641104,  57.307858, 150.29262 ,  22.205746,
        26.971409,  80.52751 , 142.35265 , 114.5001  ,  16.99832 ],
      dtype=float32)}
self.is_success:  [ True  True  True False  True  True  True False False  True]

MPC iter 8 Eval ------- 
Success rate:  0.7
{'success': array([ True,  True,  True, False,  True,  True,  True, False, False,
        True]), 'state_dist': array([ 23.62895 ,  27.641104,  57.307858,  98.90805 ,  22.205746,
        26.971409,  80.52751 , 133.56642 , 114.20572 ,  16.99832 ],
      dtype=float32)}
self.is_success:  [ True  True  True False  True  True  True False False  True]

MPC iter 9 Eval ------- 
Success rate:  0.7
{'success': array([ True,  True,  True, False,  True,  True,  True, False, False,
        True]), 'state_dist': array([ 23.62895 ,  27.641104,  57.307858,  81.67883 ,  22.205746,
        26.971409,  80.52751 , 125.51174 ,  82.42921 ,  16.99832 ],
      dtype=float32)}
self.is_success:  [ True  True  True False  True  True  True False False  True]

MPC iter 10 Eval ------- 
Success rate:  0.7
{'success': array([ True,  True,  True, False,  True,  True,  True, False, False,
        True]), 'state_dist': array([ 23.62895 ,  27.641104,  57.307858, 113.837746,  22.205746,
        26.971409,  80.52751 , 127.734215,  69.67728 ,  16.99832 ],
      dtype=float32)}
self.is_success:  [ True  True  True False  True  True  True False False  True]

MPC iter 11 Eval ------- 
Success rate:  0.7
{'success': array([ True,  True,  True, False,  True,  True,  True, False, False,
        True]), 'state_dist': array([ 23.62895 ,  27.641104,  57.307858,  90.273254,  22.205746,
        26.971409,  80.52751 , 128.43047 ,  77.98025 ,  16.99832 ],
      dtype=float32)}
self.is_success:  [ True  True  True False  True  True  True False False  True]

MPC iter 12 Eval ------- 
Success rate:  0.7
{'success': array([ True,  True,  True, False,  True,  True,  True, False, False,
        True]), 'state_dist': array([ 23.62895 ,  27.641104,  57.307858,  95.980576,  22.205746,
        26.971409,  80.52751 , 129.4873  ,  88.240715,  16.99832 ],
      dtype=float32)}
self.is_success:  [ True  True  True False  True  True  True False False  True]

MPC iter 13 Eval ------- 
Success rate:  0.7
{'success': array([ True,  True,  True, False,  True,  True,  True, False, False,
        True]), 'state_dist': array([ 23.62895 ,  27.641104,  57.307858, 114.79813 ,  22.205746,
        26.971409,  80.52751 , 129.589   ,  89.18017 ,  16.99832 ],
      dtype=float32)}
self.is_success:  [ True  True  True False  True  True  True False False  True]

MPC iter 14 Eval ------- 
Success rate:  0.7
{'success': array([ True,  True,  True, False,  True,  True,  True, False, False,
        True]), 'state_dist': array([ 23.62895 ,  27.641104,  57.307858,  66.095474,  22.205746,
        26.971409,  80.52751 , 131.80264 ,  90.47478 ,  16.99832 ],
      dtype=float32)}
self.is_success:  [ True  True  True False  True  True  True False False  True]

MPC iter 15 Eval ------- 
Success rate:  0.7
{'success': array([ True,  True,  True, False,  True,  True,  True, False, False,
        True]), 'state_dist': array([ 23.62895 ,  27.641104,  57.307858,  96.50121 ,  22.205746,
        26.971409,  80.52751 , 130.55946 ,  84.03056 ,  16.99832 ],
      dtype=float32)}
self.is_success:  [ True  True  True False  True  True  True False False  True]

MPC iter 16 Eval ------- 
Success rate:  0.7
{'success': array([ True,  True,  True, False,  True,  True,  True, False, False,
        True]), 'state_dist': array([ 23.62895 ,  27.641104,  57.307858, 135.04333 ,  22.205746,
        26.971409,  80.52751 , 137.90198 ,  88.94484 ,  16.99832 ],
      dtype=float32)}
self.is_success:  [ True  True  True False  True  True  True False False  True]

MPC iter 17 Eval ------- 
Success rate:  0.7
{'success': array([ True,  True,  True, False,  True,  True,  True, False, False,
        True]), 'state_dist': array([ 23.62895 ,  27.641104,  57.307858,  54.51208 ,  22.205746,
        26.971409,  80.52751 , 137.25735 ,  83.95247 ,  16.99832 ],
      dtype=float32)}
self.is_success:  [ True  True  True False  True  True  True False False  True]

MPC iter 18 Eval ------- 
Success rate:  0.7
{'success': array([ True,  True,  True, False,  True,  True,  True, False, False,
        True]), 'state_dist': array([ 23.62895 ,  27.641104,  57.307858,  80.453186,  22.205746,
        26.971409,  80.52751 , 136.01393 ,  90.62222 ,  16.99832 ],
      dtype=float32)}
self.is_success:  [ True  True  True False  True  True  True False False  True]

MPC iter 19 Eval ------- 
Success rate:  0.7
{'success': array([ True,  True,  True, False,  True,  True,  True, False, False,
        True]), 'state_dist': array([ 23.62895 ,  27.641104,  57.307858,  54.936337,  22.205746,
        26.971409,  80.52751 , 141.76903 ,  86.96917 ,  16.99832 ],
      dtype=float32)}
self.is_success:  [ True  True  True False  True  True  True False False  True]
Success rate:  0.7
{'success': array([ True,  True,  True, False,  True,  True,  True, False, False,
        True]), 'state_dist': array([ 23.62895 ,  27.641104,  57.307858,  54.936337,  22.205746,
        26.971409,  80.52751 , 141.76903 ,  86.96917 ,  16.99832 ],
      dtype=float32)}
[timing] perform_planning_s=650.574
[timing] total_planning_main_s=660.671
===== patch mpc seed 300 chunk 00 (n_evals=10) =====
/home/jupyter-deuk-c4e4/.conda/envs/ts310/lib/python3.10/site-packages/wandb/sdk/internal/internal_api.py:30: UserWarning: pkg_resources is deprecated as an API. See https://setuptools.pypa.io/en/latest/pkg_resources.html. The pkg_resources package is slated for removal as early as 2025-11-30. Refrain from using this package or pin to Setuptools<81.
  from pkg_resources import parse_version
/home/jupyter-deuk-c4e4/.conda/envs/ts310/lib/python3.10/site-packages/pkg_resources/__init__.py:3148: DeprecationWarning: Deprecated call to `pkg_resources.declare_namespace('mpl_toolkits')`.
Implementing implicit namespace packages (as specified in PEP 420) is preferred to `pkg_resources.declare_namespace`. See https://setuptools.pypa.io/en/latest/references/keywords.html#keyword-namespace-packages
  declare_namespace(pkg)
/home/jupyter-deuk-c4e4/.conda/envs/ts310/lib/python3.10/site-packages/pkg_resources/__init__.py:3148: DeprecationWarning: Deprecated call to `pkg_resources.declare_namespace('google')`.
Implementing implicit namespace packages (as specified in PEP 420) is preferred to `pkg_resources.declare_namespace`. See https://setuptools.pypa.io/en/latest/references/keywords.html#keyword-namespace-packages
  declare_namespace(pkg)
/home/jupyter-deuk-c4e4/.conda/envs/ts310/lib/python3.10/site-packages/Cython/Distutils/old_build_ext.py:15: DeprecationWarning: dep_util is Deprecated. Use functions from setuptools instead.
  from distutils.dep_util import newer, newer_group
<frozen importlib._bootstrap>:283: DeprecationWarning: the load_module() method is deprecated and slated for removal in Python 3.12; use exec_module() instead
Warning: Mujoco-based envs failed to import. Set the environment variable D4RL_SUPPRESS_IMPORT_ERROR=1 to suppress this message.
No module named 'mjrl'
Warning: Flow failed to import. Set the environment variable D4RL_SUPPRESS_IMPORT_ERROR=1 to suppress this message.
No module named 'flow'
Warning: CARLA failed to import. Set the environment variable D4RL_SUPPRESS_IMPORT_ERROR=1 to suppress this message.
No module named 'carla'
pybullet build time: Jan 29 2025 23:16:28
/home/jupyter-deuk-c4e4/.conda/envs/ts310/lib/python3.10/site-packages/gym/envs/registration.py:595: UserWarning: [33mWARN: Overriding environment maze2d-open-v0[0m
  logger.warn(f"Overriding environment {id}")
/home/jupyter-deuk-c4e4/.conda/envs/ts310/lib/python3.10/site-packages/gym/envs/registration.py:595: UserWarning: [33mWARN: Overriding environment maze2d-umaze-v0[0m
  logger.warn(f"Overriding environment {id}")
/home/jupyter-deuk-c4e4/.conda/envs/ts310/lib/python3.10/site-packages/gym/envs/registration.py:595: UserWarning: [33mWARN: Overriding environment maze2d-medium-v0[0m
  logger.warn(f"Overriding environment {id}")
/home/jupyter-deuk-c4e4/.conda/envs/ts310/lib/python3.10/site-packages/gym/envs/registration.py:595: UserWarning: [33mWARN: Overriding environment maze2d-large-v0[0m
  logger.warn(f"Overriding environment {id}")
/home/jupyter-deuk-c4e4/.conda/envs/ts310/lib/python3.10/site-packages/gym/envs/registration.py:595: UserWarning: [33mWARN: Overriding environment maze2d-umaze-v1[0m
  logger.warn(f"Overriding environment {id}")
/home/jupyter-deuk-c4e4/.conda/envs/ts310/lib/python3.10/site-packages/gym/envs/registration.py:595: UserWarning: [33mWARN: Overriding environment maze2d-medium-v1[0m
  logger.warn(f"Overriding environment {id}")
/home/jupyter-deuk-c4e4/.conda/envs/ts310/lib/python3.10/site-packages/gym/envs/registration.py:595: UserWarning: [33mWARN: Overriding environment maze2d-large-v1[0m
  logger.warn(f"Overriding environment {id}")
/home/jupyter-deuk-c4e4/.conda/envs/ts310/lib/python3.10/site-packages/gym/envs/registration.py:595: UserWarning: [33mWARN: Overriding environment maze2d-eval-umaze-v1[0m
  logger.warn(f"Overriding environment {id}")
/home/jupyter-deuk-c4e4/.conda/envs/ts310/lib/python3.10/site-packages/gym/envs/registration.py:595: UserWarning: [33mWARN: Overriding environment maze2d-eval-medium-v1[0m
  logger.warn(f"Overriding environment {id}")
/home/jupyter-deuk-c4e4/.conda/envs/ts310/lib/python3.10/site-packages/gym/envs/registration.py:595: UserWarning: [33mWARN: Overriding environment maze2d-eval-large-v1[0m
  logger.warn(f"Overriding environment {id}")
/home/jupyter-deuk-c4e4/.conda/envs/ts310/lib/python3.10/site-packages/gym/envs/registration.py:595: UserWarning: [33mWARN: Overriding environment maze2d-open-dense-v0[0m
  logger.warn(f"Overriding environment {id}")
/home/jupyter-deuk-c4e4/.conda/envs/ts310/lib/python3.10/site-packages/gym/envs/registration.py:595: UserWarning: [33mWARN: Overriding environment maze2d-umaze-dense-v0[0m
  logger.warn(f"Overriding environment {id}")
/home/jupyter-deuk-c4e4/.conda/envs/ts310/lib/python3.10/site-packages/gym/envs/registration.py:595: UserWarning: [33mWARN: Overriding environment maze2d-medium-dense-v0[0m
  logger.warn(f"Overriding environment {id}")
/home/jupyter-deuk-c4e4/.conda/envs/ts310/lib/python3.10/site-packages/gym/envs/registration.py:595: UserWarning: [33mWARN: Overriding environment maze2d-large-dense-v0[0m
  logger.warn(f"Overriding environment {id}")
/home/jupyter-deuk-c4e4/.conda/envs/ts310/lib/python3.10/site-packages/gym/envs/registration.py:595: UserWarning: [33mWARN: Overriding environment maze2d-umaze-dense-v1[0m
  logger.warn(f"Overriding environment {id}")
/home/jupyter-deuk-c4e4/.conda/envs/ts310/lib/python3.10/site-packages/gym/envs/registration.py:595: UserWarning: [33mWARN: Overriding environment maze2d-medium-dense-v1[0m
  logger.warn(f"Overriding environment {id}")
/home/jupyter-deuk-c4e4/.conda/envs/ts310/lib/python3.10/site-packages/gym/envs/registration.py:595: UserWarning: [33mWARN: Overriding environment maze2d-large-dense-v1[0m
  logger.warn(f"Overriding environment {id}")
/home/jupyter-deuk-c4e4/.conda/envs/ts310/lib/python3.10/site-packages/gym/envs/registration.py:595: UserWarning: [33mWARN: Overriding environment maze2d-eval-umaze-dense-v1[0m
  logger.warn(f"Overriding environment {id}")
/home/jupyter-deuk-c4e4/.conda/envs/ts310/lib/python3.10/site-packages/gym/envs/registration.py:595: UserWarning: [33mWARN: Overriding environment maze2d-eval-medium-dense-v1[0m
  logger.warn(f"Overriding environment {id}")
/home/jupyter-deuk-c4e4/.conda/envs/ts310/lib/python3.10/site-packages/gym/envs/registration.py:595: UserWarning: [33mWARN: Overriding environment maze2d-eval-large-dense-v1[0m
  logger.warn(f"Overriding environment {id}")
/opt/dlami/nvme/home/jupyter-deuk-c4e4/temporal-straightening/custom_resolvers.py:4: UserWarning: 
The version_base parameter is not specified.
Please specify a compatability version level, or None.
Will assume defaults for version 1.1
  @hydra.main(config_path=None)
[2026-07-25 17:05:25,002][__main__][INFO] - Planning result saved dir: /opt/dlami/nvme/home/jupyter-deuk-c4e4/pusht-reproduction/patch_reproduction/plan/mpc_seed_300/chunk_00
/home/jupyter-deuk-c4e4/.conda/envs/ts310/lib/python3.10/site-packages/wandb/sdk/internal/internal_api.py:30: UserWarning: pkg_resources is deprecated as an API. See https://setuptools.pypa.io/en/latest/pkg_resources.html. The pkg_resources package is slated for removal as early as 2025-11-30. Refrain from using this package or pin to Setuptools<81.
  from pkg_resources import parse_version
Using cache found in /home/jupyter-deuk-c4e4/.cache/torch/hub/facebookresearch_dinov2_81b2b6419385
Loaded 18685 rollouts
Loaded 21 rollouts
[2026-07-25 17:05:27,427][dinov2][INFO] - using MLP layer as FFN
[2026-07-25 17:05:27,827][models.dino][WARNING] - Unknown projector 'none' for patch tokens; proceeding without projector.
Resuming from epoch 2: /home/jupyter-deuk-c4e4/pusht-reproduction/patch_reproduction/test/pusht_False_agg32_projnone_dim384_hw14_sgTrue_lr1e-06/checkpoints/model_2.pth
[2026-07-25 17:05:28,254][models.visual_world_model][INFO] - num_action_repeat: 1
[2026-07-25 17:05:28,255][models.visual_world_model][INFO] - num_proprio_repeat: 1
[2026-07-25 17:05:28,255][models.visual_world_model][INFO] - proprio encoder: ProprioceptiveEmbedding(
  (patch_embed): Conv1d(4, 10, kernel_size=(1,), stride=(1,))
  (norm): LayerNorm((10,), eps=1e-05, elementwise_affine=True)
)
[2026-07-25 17:05:28,255][models.visual_world_model][INFO] - action encoder: ProprioceptiveEmbedding(
  (patch_embed): Conv1d(10, 10, kernel_size=(1,), stride=(1,))
  (norm): LayerNorm((10,), eps=1e-05, elementwise_affine=True)
)
[2026-07-25 17:05:28,255][models.visual_world_model][INFO] - proprio_dim: 10, after repeat: 10
[2026-07-25 17:05:28,255][models.visual_world_model][INFO] - action_dim: 10, after repeat: 10
[2026-07-25 17:05:28,255][models.visual_world_model][INFO] - emb_dim: 404
[2026-07-25 17:05:28,255][models.visual_world_model][INFO] - Straightening disabled
[2026-07-25 17:05:28,255][models.visual_world_model][INFO] - Speed constancy disabled
[2026-07-25 17:05:28,255][models.visual_world_model][INFO] - Trajectory penalty disabled
[2026-07-25 17:05:28,255][models.visual_world_model][INFO] - Stop-grad enabled: True
[2026-07-25 17:05:28,255][models.visual_world_model][INFO] - VCReg enabled: False, apply_to=enc, std_coeff=0.0, cov_coeff=0.0
[2026-07-25 17:05:28,255][models.visual_world_model][INFO] - Model emb_dim: 404
[timing] setup_model_s=3.255
eval_seed:  [1, 301, 601, 901, 1201, 1501, 1801, 2101, 2401, 2701]
Dumped plan targets to /opt/dlami/nvme/home/jupyter-deuk-c4e4/pusht-reproduction/patch_reproduction/plan/mpc_seed_300/chunk_00/plan_targets.pkl
[timing] setup_workspace_s=4.116

MPC iter 0 Eval ------- 
Success rate:  0.0
{'success': array([False, False, False, False, False, False, False, False, False,
       False]), 'state_dist': array([218.14389, 227.75748,  73.94993, 128.18127, 166.29262, 181.09366,
       215.97533,  84.30322, 211.9353 , 166.12584], dtype=float32)}
self.is_success:  [False False False False False False False False False False]

MPC iter 1 Eval ------- 
Success rate:  0.0
{'success': array([False, False, False, False, False, False, False, False, False,
       False]), 'state_dist': array([199.06676 , 194.0622  ,  62.0804  , 154.42686 , 158.94681 ,
       168.58685 , 171.84483 ,  66.946625, 190.24043 , 143.08803 ],
      dtype=float32)}
self.is_success:  [False False False False False False False False False False]

MPC iter 2 Eval ------- 
Success rate:  0.0
{'success': array([False, False, False, False, False, False, False, False, False,
       False]), 'state_dist': array([171.41896 , 143.79826 ,  52.163025, 167.30861 , 149.95302 ,
       142.39172 , 129.65086 ,  57.55348 , 190.74812 , 193.93182 ],
      dtype=float32)}
self.is_success:  [False False False False False False False False False False]

MPC iter 3 Eval ------- 
Success rate:  0.0
{'success': array([False, False, False, False, False, False, False, False, False,
       False]), 'state_dist': array([201.90955,  86.53852,  48.51439, 196.81369, 156.09589, 184.9112 ,
        79.60682,  51.98075, 152.18875, 168.78526], dtype=float32)}
self.is_success:  [False False False False False False False False False False]

MPC iter 4 Eval ------- 
Success rate:  0.1
{'success': array([False, False, False, False, False, False,  True, False, False,
       False]), 'state_dist': array([113.69645 ,  64.68506 ,  40.780643, 123.61022 , 109.904366,
        35.276287,  28.522526,  37.572033, 159.42116 ,  48.72566 ],
      dtype=float32)}
self.is_success:  [False False False False False False  True False False False]

MPC iter 5 Eval ------- 
Success rate:  0.7
{'success': array([False,  True,  True,  True, False,  True,  True,  True, False,
        True]), 'state_dist': array([105.092125,  43.16928 ,  66.66549 ,  25.738134,  81.38036 ,
        49.650578,  28.522526,  19.876606, 128.69943 ,  22.959463],
      dtype=float32)}
self.is_success:  [False  True  True  True False  True  True  True False  True]

MPC iter 6 Eval ------- 
Success rate:  0.7
{'success': array([False,  True,  True,  True, False,  True,  True,  True, False,
        True]), 'state_dist': array([69.803375, 43.16928 , 66.66549 , 25.738134, 68.15159 , 49.650578,
       28.522526, 19.876606, 72.015816, 22.959463], dtype=float32)}
self.is_success:  [False  True  True  True False  True  True  True False  True]

MPC iter 7 Eval ------- 
Success rate:  0.7
{'success': array([False,  True,  True,  True, False,  True,  True,  True, False,
        True]), 'state_dist': array([132.31668 ,  43.16928 ,  66.66549 ,  25.738134,  73.206505,
        49.650578,  28.522526,  19.876606,  87.1988  ,  22.959463],
      dtype=float32)}
self.is_success:  [False  True  True  True False  True  True  True False  True]

MPC iter 8 Eval ------- 
Success rate:  0.7
{'success': array([False,  True,  True,  True, False,  True,  True,  True, False,
        True]), 'state_dist': array([170.9043  ,  43.16928 ,  66.66549 ,  25.738134,  71.185646,
        49.650578,  28.522526,  19.876606, 105.778404,  22.959463],
      dtype=float32)}
self.is_success:  [False  True  True  True False  True  True  True False  True]

MPC iter 9 Eval ------- 
Success rate:  0.7
{'success': array([False,  True,  True,  True, False,  True,  True,  True, False,
        True]), 'state_dist': array([78.581955, 43.16928 , 66.66549 , 25.738134, 73.232414, 49.650578,
       28.522526, 19.876606, 60.71988 , 22.959463], dtype=float32)}
self.is_success:  [False  True  True  True False  True  True  True False  True]

MPC iter 10 Eval ------- 
Success rate:  0.7
{'success': array([False,  True,  True,  True, False,  True,  True,  True, False,
        True]), 'state_dist': array([99.813   , 43.16928 , 66.66549 , 25.738134, 70.8096  , 49.650578,
       28.522526, 19.876606, 85.60645 , 22.959463], dtype=float32)}
self.is_success:  [False  True  True  True False  True  True  True False  True]

MPC iter 11 Eval ------- 
Success rate:  0.7
{'success': array([False,  True,  True,  True, False,  True,  True,  True, False,
        True]), 'state_dist': array([193.96867 ,  43.16928 ,  66.66549 ,  25.738134,  75.44469 ,
        49.650578,  28.522526,  19.876606,  76.73135 ,  22.959463],
      dtype=float32)}
self.is_success:  [False  True  True  True False  True  True  True False  True]

MPC iter 12 Eval ------- 
Success rate:  0.7
{'success': array([False,  True,  True,  True, False,  True,  True,  True, False,
        True]), 'state_dist': array([97.20109 , 43.16928 , 66.66549 , 25.738134, 74.81203 , 49.650578,
       28.522526, 19.876606, 73.85411 , 22.959463], dtype=float32)}
self.is_success:  [False  True  True  True False  True  True  True False  True]

MPC iter 13 Eval ------- 
Success rate:  0.7
{'success': array([False,  True,  True,  True, False,  True,  True,  True, False,
        True]), 'state_dist': array([ 96.89609 ,  43.16928 ,  66.66549 ,  25.738134,  72.61322 ,
        49.650578,  28.522526,  19.876606, 127.81985 ,  22.959463],
      dtype=float32)}
self.is_success:  [False  True  True  True False  True  True  True False  True]

MPC iter 14 Eval ------- 
Success rate:  0.7
{'success': array([False,  True,  True,  True, False,  True,  True,  True, False,
        True]), 'state_dist': array([98.7979  , 43.16928 , 66.66549 , 25.738134, 74.42962 , 49.650578,
       28.522526, 19.876606, 86.34647 , 22.959463], dtype=float32)}
self.is_success:  [False  True  True  True False  True  True  True False  True]

MPC iter 15 Eval ------- 
Success rate:  0.7
{'success': array([False,  True,  True,  True, False,  True,  True,  True, False,
        True]), 'state_dist': array([130.46724 ,  43.16928 ,  66.66549 ,  25.738134,  74.00688 ,
        49.650578,  28.522526,  19.876606,  77.132454,  22.959463],
      dtype=float32)}
self.is_success:  [False  True  True  True False  True  True  True False  True]

MPC iter 16 Eval ------- 
Success rate:  0.7
{'success': array([False,  True,  True,  True, False,  True,  True,  True, False,
        True]), 'state_dist': array([98.91132 , 43.16928 , 66.66549 , 25.738134, 80.319565, 49.650578,
       28.522526, 19.876606, 96.43685 , 22.959463], dtype=float32)}
self.is_success:  [False  True  True  True False  True  True  True False  True]

MPC iter 17 Eval ------- 
Success rate:  0.7
{'success': array([False,  True,  True,  True, False,  True,  True,  True, False,
        True]), 'state_dist': array([95.33615 , 43.16928 , 66.66549 , 25.738134, 81.99367 , 49.650578,
       28.522526, 19.876606, 65.156456, 22.959463], dtype=float32)}
self.is_success:  [False  True  True  True False  True  True  True False  True]

MPC iter 18 Eval ------- 
Success rate:  0.7
{'success': array([False,  True,  True,  True, False,  True,  True,  True, False,
        True]), 'state_dist': array([ 94.27242 ,  43.16928 ,  66.66549 ,  25.738134,  72.84277 ,
        49.650578,  28.522526,  19.876606, 102.345184,  22.959463],
      dtype=float32)}
self.is_success:  [False  True  True  True False  True  True  True False  True]

MPC iter 19 Eval ------- 
Success rate:  0.7
{'success': array([False,  True,  True,  True, False,  True,  True,  True, False,
        True]), 'state_dist': array([113.30972 ,  43.16928 ,  66.66549 ,  25.738134,  73.659065,
        49.650578,  28.522526,  19.876606,  99.94293 ,  22.959463],
      dtype=float32)}
self.is_success:  [False  True  True  True False  True  True  True False  True]
Success rate:  0.7
{'success': array([False,  True,  True,  True, False,  True,  True,  True, False,
        True]), 'state_dist': array([113.30972 ,  43.16928 ,  66.66549 ,  25.738134,  73.659065,
        49.650578,  28.522526,  19.876606,  99.94293 ,  22.959463],
      dtype=float32)}
[timing] perform_planning_s=650.359
[timing] total_planning_main_s=657.731
===== patch mpc seed 300 chunk 10 (n_evals=10) =====
/home/jupyter-deuk-c4e4/.conda/envs/ts310/lib/python3.10/site-packages/wandb/sdk/internal/internal_api.py:30: UserWarning: pkg_resources is deprecated as an API. See https://setuptools.pypa.io/en/latest/pkg_resources.html. The pkg_resources package is slated for removal as early as 2025-11-30. Refrain from using this package or pin to Setuptools<81.
  from pkg_resources import parse_version
/home/jupyter-deuk-c4e4/.conda/envs/ts310/lib/python3.10/site-packages/pkg_resources/__init__.py:3148: DeprecationWarning: Deprecated call to `pkg_resources.declare_namespace('mpl_toolkits')`.
Implementing implicit namespace packages (as specified in PEP 420) is preferred to `pkg_resources.declare_namespace`. See https://setuptools.pypa.io/en/latest/references/keywords.html#keyword-namespace-packages
  declare_namespace(pkg)
/home/jupyter-deuk-c4e4/.conda/envs/ts310/lib/python3.10/site-packages/pkg_resources/__init__.py:3148: DeprecationWarning: Deprecated call to `pkg_resources.declare_namespace('google')`.
Implementing implicit namespace packages (as specified in PEP 420) is preferred to `pkg_resources.declare_namespace`. See https://setuptools.pypa.io/en/latest/references/keywords.html#keyword-namespace-packages
  declare_namespace(pkg)
/home/jupyter-deuk-c4e4/.conda/envs/ts310/lib/python3.10/site-packages/Cython/Distutils/old_build_ext.py:15: DeprecationWarning: dep_util is Deprecated. Use functions from setuptools instead.
  from distutils.dep_util import newer, newer_group
<frozen importlib._bootstrap>:283: DeprecationWarning: the load_module() method is deprecated and slated for removal in Python 3.12; use exec_module() instead
Warning: Mujoco-based envs failed to import. Set the environment variable D4RL_SUPPRESS_IMPORT_ERROR=1 to suppress this message.
No module named 'mjrl'
Warning: Flow failed to import. Set the environment variable D4RL_SUPPRESS_IMPORT_ERROR=1 to suppress this message.
No module named 'flow'
Warning: CARLA failed to import. Set the environment variable D4RL_SUPPRESS_IMPORT_ERROR=1 to suppress this message.
No module named 'carla'
pybullet build time: Jan 29 2025 23:16:28
/home/jupyter-deuk-c4e4/.conda/envs/ts310/lib/python3.10/site-packages/gym/envs/registration.py:595: UserWarning: [33mWARN: Overriding environment maze2d-open-v0[0m
  logger.warn(f"Overriding environment {id}")
/home/jupyter-deuk-c4e4/.conda/envs/ts310/lib/python3.10/site-packages/gym/envs/registration.py:595: UserWarning: [33mWARN: Overriding environment maze2d-umaze-v0[0m
  logger.warn(f"Overriding environment {id}")
/home/jupyter-deuk-c4e4/.conda/envs/ts310/lib/python3.10/site-packages/gym/envs/registration.py:595: UserWarning: [33mWARN: Overriding environment maze2d-medium-v0[0m
  logger.warn(f"Overriding environment {id}")
/home/jupyter-deuk-c4e4/.conda/envs/ts310/lib/python3.10/site-packages/gym/envs/registration.py:595: UserWarning: [33mWARN: Overriding environment maze2d-large-v0[0m
  logger.warn(f"Overriding environment {id}")
/home/jupyter-deuk-c4e4/.conda/envs/ts310/lib/python3.10/site-packages/gym/envs/registration.py:595: UserWarning: [33mWARN: Overriding environment maze2d-umaze-v1[0m
  logger.warn(f"Overriding environment {id}")
/home/jupyter-deuk-c4e4/.conda/envs/ts310/lib/python3.10/site-packages/gym/envs/registration.py:595: UserWarning: [33mWARN: Overriding environment maze2d-medium-v1[0m
  logger.warn(f"Overriding environment {id}")
/home/jupyter-deuk-c4e4/.conda/envs/ts310/lib/python3.10/site-packages/gym/envs/registration.py:595: UserWarning: [33mWARN: Overriding environment maze2d-large-v1[0m
  logger.warn(f"Overriding environment {id}")
/home/jupyter-deuk-c4e4/.conda/envs/ts310/lib/python3.10/site-packages/gym/envs/registration.py:595: UserWarning: [33mWARN: Overriding environment maze2d-eval-umaze-v1[0m
  logger.warn(f"Overriding environment {id}")
/home/jupyter-deuk-c4e4/.conda/envs/ts310/lib/python3.10/site-packages/gym/envs/registration.py:595: UserWarning: [33mWARN: Overriding environment maze2d-eval-medium-v1[0m
  logger.warn(f"Overriding environment {id}")
/home/jupyter-deuk-c4e4/.conda/envs/ts310/lib/python3.10/site-packages/gym/envs/registration.py:595: UserWarning: [33mWARN: Overriding environment maze2d-eval-large-v1[0m
  logger.warn(f"Overriding environment {id}")
/home/jupyter-deuk-c4e4/.conda/envs/ts310/lib/python3.10/site-packages/gym/envs/registration.py:595: UserWarning: [33mWARN: Overriding environment maze2d-open-dense-v0[0m
  logger.warn(f"Overriding environment {id}")
/home/jupyter-deuk-c4e4/.conda/envs/ts310/lib/python3.10/site-packages/gym/envs/registration.py:595: UserWarning: [33mWARN: Overriding environment maze2d-umaze-dense-v0[0m
  logger.warn(f"Overriding environment {id}")
/home/jupyter-deuk-c4e4/.conda/envs/ts310/lib/python3.10/site-packages/gym/envs/registration.py:595: UserWarning: [33mWARN: Overriding environment maze2d-medium-dense-v0[0m
  logger.warn(f"Overriding environment {id}")
/home/jupyter-deuk-c4e4/.conda/envs/ts310/lib/python3.10/site-packages/gym/envs/registration.py:595: UserWarning: [33mWARN: Overriding environment maze2d-large-dense-v0[0m
  logger.warn(f"Overriding environment {id}")
/home/jupyter-deuk-c4e4/.conda/envs/ts310/lib/python3.10/site-packages/gym/envs/registration.py:595: UserWarning: [33mWARN: Overriding environment maze2d-umaze-dense-v1[0m
  logger.warn(f"Overriding environment {id}")
/home/jupyter-deuk-c4e4/.conda/envs/ts310/lib/python3.10/site-packages/gym/envs/registration.py:595: UserWarning: [33mWARN: Overriding environment maze2d-medium-dense-v1[0m
  logger.warn(f"Overriding environment {id}")
/home/jupyter-deuk-c4e4/.conda/envs/ts310/lib/python3.10/site-packages/gym/envs/registration.py:595: UserWarning: [33mWARN: Overriding environment maze2d-large-dense-v1[0m
  logger.warn(f"Overriding environment {id}")
/home/jupyter-deuk-c4e4/.conda/envs/ts310/lib/python3.10/site-packages/gym/envs/registration.py:595: UserWarning: [33mWARN: Overriding environment maze2d-eval-umaze-dense-v1[0m
  logger.warn(f"Overriding environment {id}")
/home/jupyter-deuk-c4e4/.conda/envs/ts310/lib/python3.10/site-packages/gym/envs/registration.py:595: UserWarning: [33mWARN: Overriding environment maze2d-eval-medium-dense-v1[0m
  logger.warn(f"Overriding environment {id}")
/home/jupyter-deuk-c4e4/.conda/envs/ts310/lib/python3.10/site-packages/gym/envs/registration.py:595: UserWarning: [33mWARN: Overriding environment maze2d-eval-large-dense-v1[0m
  logger.warn(f"Overriding environment {id}")
/opt/dlami/nvme/home/jupyter-deuk-c4e4/temporal-straightening/custom_resolvers.py:4: UserWarning: 
The version_base parameter is not specified.
Please specify a compatability version level, or None.
Will assume defaults for version 1.1
  @hydra.main(config_path=None)
[2026-07-25 17:16:27,951][__main__][INFO] - Planning result saved dir: /opt/dlami/nvme/home/jupyter-deuk-c4e4/pusht-reproduction/patch_reproduction/plan/mpc_seed_300/chunk_10
/home/jupyter-deuk-c4e4/.conda/envs/ts310/lib/python3.10/site-packages/wandb/sdk/internal/internal_api.py:30: UserWarning: pkg_resources is deprecated as an API. See https://setuptools.pypa.io/en/latest/pkg_resources.html. The pkg_resources package is slated for removal as early as 2025-11-30. Refrain from using this package or pin to Setuptools<81.
  from pkg_resources import parse_version
Using cache found in /home/jupyter-deuk-c4e4/.cache/torch/hub/facebookresearch_dinov2_81b2b6419385
Loaded 18685 rollouts
Loaded 21 rollouts
[2026-07-25 17:16:30,360][dinov2][INFO] - using MLP layer as FFN
[2026-07-25 17:16:30,763][models.dino][WARNING] - Unknown projector 'none' for patch tokens; proceeding without projector.
Resuming from epoch 2: /home/jupyter-deuk-c4e4/pusht-reproduction/patch_reproduction/test/pusht_False_agg32_projnone_dim384_hw14_sgTrue_lr1e-06/checkpoints/model_2.pth
[2026-07-25 17:16:31,162][models.visual_world_model][INFO] - num_action_repeat: 1
[2026-07-25 17:16:31,162][models.visual_world_model][INFO] - num_proprio_repeat: 1
[2026-07-25 17:16:31,162][models.visual_world_model][INFO] - proprio encoder: ProprioceptiveEmbedding(
  (patch_embed): Conv1d(4, 10, kernel_size=(1,), stride=(1,))
  (norm): LayerNorm((10,), eps=1e-05, elementwise_affine=True)
)
[2026-07-25 17:16:31,162][models.visual_world_model][INFO] - action encoder: ProprioceptiveEmbedding(
  (patch_embed): Conv1d(10, 10, kernel_size=(1,), stride=(1,))
  (norm): LayerNorm((10,), eps=1e-05, elementwise_affine=True)
)
[2026-07-25 17:16:31,162][models.visual_world_model][INFO] - proprio_dim: 10, after repeat: 10
[2026-07-25 17:16:31,162][models.visual_world_model][INFO] - action_dim: 10, after repeat: 10
[2026-07-25 17:16:31,162][models.visual_world_model][INFO] - emb_dim: 404
[2026-07-25 17:16:31,162][models.visual_world_model][INFO] - Straightening disabled
[2026-07-25 17:16:31,162][models.visual_world_model][INFO] - Speed constancy disabled
[2026-07-25 17:16:31,162][models.visual_world_model][INFO] - Trajectory penalty disabled
[2026-07-25 17:16:31,162][models.visual_world_model][INFO] - Stop-grad enabled: True
[2026-07-25 17:16:31,162][models.visual_world_model][INFO] - VCReg enabled: False, apply_to=enc, std_coeff=0.0, cov_coeff=0.0
[2026-07-25 17:16:31,162][models.visual_world_model][INFO] - Model emb_dim: 404
[timing] setup_model_s=3.213
eval_seed:  [3001, 3301, 3601, 3901, 4201, 4501, 4801, 5101, 5401, 5701]
Dumped plan targets to /opt/dlami/nvme/home/jupyter-deuk-c4e4/pusht-reproduction/patch_reproduction/plan/mpc_seed_300/chunk_10/plan_targets.pkl
[timing] setup_workspace_s=4.802

MPC iter 0 Eval ------- 
Success rate:  0.0
{'success': array([False, False, False, False, False, False, False, False, False,
       False]), 'state_dist': array([ 75.75644 , 129.91205 , 201.73936 , 155.02388 , 219.97961 ,
       122.546524, 126.91871 , 205.4752  , 113.37317 , 194.53723 ],
      dtype=float32)}
self.is_success:  [False False False False False False False False False False]

MPC iter 1 Eval ------- 
Success rate:  0.0
{'success': array([False, False, False, False, False, False, False, False, False,
       False]), 'state_dist': array([ 88.865585, 110.35414 , 214.63176 , 135.7349  , 187.58946 ,
       100.49635 , 118.56878 , 180.39035 ,  78.70987 , 114.57859 ],
      dtype=float32)}
self.is_success:  [False False False False False False False False False False]

MPC iter 2 Eval ------- 
Success rate:  0.0
{'success': array([False, False, False, False, False, False, False, False, False,
       False]), 'state_dist': array([128.10852,  94.09655, 180.77242, 147.2397 , 143.74158,  99.72895,
       129.02928, 138.54419, 112.30278, 160.34286], dtype=float32)}
self.is_success:  [False False False False False False False False False False]

MPC iter 3 Eval ------- 
Success rate:  0.1
{'success': array([False, False, False, False, False, False, False, False,  True,
       False]), 'state_dist': array([165.58984 ,  95.48739 , 154.29861 , 199.7272  , 199.6511  ,
       123.73877 , 165.65717 , 106.842766,  65.19139 ,  91.86503 ],
      dtype=float32)}
self.is_success:  [False False False False False False False False  True False]

MPC iter 4 Eval ------- 
Success rate:  0.2
{'success': array([False, False, False, False, False, False, False, False,  True,
        True]), 'state_dist': array([124.86288 ,  88.90469 , 164.15646 , 166.23888 ,  88.556786,
       102.7302  , 137.11789 , 172.17743 ,  65.19139 ,  21.861609],
      dtype=float32)}
self.is_success:  [False False False False False False False False  True  True]

MPC iter 5 Eval ------- 
Success rate:  0.3
{'success': array([False, False, False,  True, False, False, False, False,  True,
        True]), 'state_dist': array([146.2317  , 105.587555, 167.68166 ,  66.376816,  43.499786,
        64.11376 , 230.38673 , 133.62537 ,  65.19139 ,  21.861609],
      dtype=float32)}
self.is_success:  [False False False  True False False False False  True  True]

MPC iter 6 Eval ------- 
Success rate:  0.4
{'success': array([ True, False, False,  True, False, False, False, False,  True,
        True]), 'state_dist': array([ 23.00751 , 121.15545 ,  55.289024,  66.376816,  72.42095 ,
        41.410908, 117.23202 ,  99.93483 ,  65.19139 ,  21.861609],
      dtype=float32)}
self.is_success:  [ True False False  True False False False False  True  True]

MPC iter 7 Eval ------- 
Success rate:  0.5
{'success': array([ True, False, False,  True,  True, False, False, False,  True,
        True]), 'state_dist': array([ 23.00751 ,  40.057262,  46.690197,  66.376816,  16.756348,
        92.59303 , 127.12161 ,  79.84527 ,  65.19139 ,  21.861609],
      dtype=float32)}
self.is_success:  [ True False False  True  True False False False  True  True]

MPC iter 8 Eval ------- 
Success rate:  0.5
{'success': array([ True, False, False,  True,  True, False, False, False,  True,
        True]), 'state_dist': array([ 23.00751 ,  43.635067,  56.77089 ,  66.376816,  16.756348,
        39.42879 , 108.59717 ,  67.679726,  65.19139 ,  21.861609],
      dtype=float32)}
self.is_success:  [ True False False  True  True False False False  True  True]

MPC iter 9 Eval ------- 
Success rate:  0.5
{'success': array([ True, False, False,  True,  True, False, False, False,  True,
        True]), 'state_dist': array([ 23.00751 ,  69.26947 ,  45.282806,  66.376816,  16.756348,
        77.72647 , 129.92989 ,  50.29724 ,  65.19139 ,  21.861609],
      dtype=float32)}
self.is_success:  [ True False False  True  True False False False  True  True]

MPC iter 10 Eval ------- 
Success rate:  0.5
{'success': array([ True, False, False,  True,  True, False, False, False,  True,
        True]), 'state_dist': array([ 23.00751 ,  79.725815,  42.023315,  66.376816,  16.756348,
       104.620056, 123.31887 ,  43.11821 ,  65.19139 ,  21.861609],
      dtype=float32)}
self.is_success:  [ True False False  True  True False False False  True  True]

MPC iter 11 Eval ------- 
Success rate:  0.5
{'success': array([ True, False, False,  True,  True, False, False, False,  True,
        True]), 'state_dist': array([ 23.00751 ,  66.02034 ,  43.40118 ,  66.376816,  16.756348,
        85.53252 , 150.06331 ,  34.278458,  65.19139 ,  21.861609],
      dtype=float32)}
self.is_success:  [ True False False  True  True False False False  True  True]

MPC iter 12 Eval ------- 
Success rate:  0.5
{'success': array([ True, False, False,  True,  True, False, False, False,  True,
        True]), 'state_dist': array([ 23.00751 ,  58.779247,  47.495426,  66.376816,  16.756348,
        76.358315, 147.07985 ,  32.051167,  65.19139 ,  21.861609],
      dtype=float32)}
self.is_success:  [ True False False  True  True False False False  True  True]

MPC iter 13 Eval ------- 
Success rate:  0.5
{'success': array([ True, False, False,  True,  True, False, False, False,  True,
        True]), 'state_dist': array([ 23.00751 ,  69.57966 ,  42.569588,  66.376816,  16.756348,
        86.62915 , 127.40728 ,  29.691362,  65.19139 ,  21.861609],
      dtype=float32)}
self.is_success:  [ True False False  True  True False False False  True  True]

MPC iter 14 Eval ------- 
Success rate:  0.5
{'success': array([ True, False, False,  True,  True, False, False, False,  True,
        True]), 'state_dist': array([ 23.00751 ,  66.45199 ,  43.359695,  66.376816,  16.756348,
        70.95398 , 117.37074 ,  29.99993 ,  65.19139 ,  21.861609],
      dtype=float32)}
self.is_success:  [ True False False  True  True False False False  True  True]

MPC iter 15 Eval ------- 
Success rate:  0.5
{'success': array([ True, False, False,  True,  True, False, False, False,  True,
        True]), 'state_dist': array([ 23.00751 ,  62.755085,  44.123928,  66.376816,  16.756348,
        57.445915, 164.37311 ,  42.7667  ,  65.19139 ,  21.861609],
      dtype=float32)}
self.is_success:  [ True False False  True  True False False False  True  True]

MPC iter 16 Eval ------- 
Success rate:  0.5
{'success': array([ True, False, False,  True,  True, False, False, False,  True,
        True]), 'state_dist': array([ 23.00751 ,  51.438625,  42.983643,  66.376816,  16.756348,
        98.01939 , 112.412224,  32.848923,  65.19139 ,  21.861609],
      dtype=float32)}
self.is_success:  [ True False False  True  True False False False  True  True]

MPC iter 17 Eval ------- 
Success rate:  0.5
{'success': array([ True, False, False,  True,  True, False, False, False,  True,
        True]), 'state_dist': array([ 23.00751 ,  52.382114,  39.74204 ,  66.376816,  16.756348,
        59.301697, 131.39992 ,  38.66121 ,  65.19139 ,  21.861609],
      dtype=float32)}
self.is_success:  [ True False False  True  True False False False  True  True]

MPC iter 18 Eval ------- 
Success rate:  0.5
{'success': array([ True, False, False,  True,  True, False, False, False,  True,
        True]), 'state_dist': array([ 23.00751 ,  55.40322 ,  45.933914,  66.376816,  16.756348,
        84.68885 , 115.0054  ,  44.60397 ,  65.19139 ,  21.861609],
      dtype=float32)}
self.is_success:  [ True False False  True  True False False False  True  True]

MPC iter 19 Eval ------- 
Success rate:  0.5
{'success': array([ True, False, False,  True,  True, False, False, False,  True,
        True]), 'state_dist': array([ 23.00751 ,  53.54786 ,  40.002113,  66.376816,  16.756348,
        84.916725, 122.70138 ,  40.41395 ,  65.19139 ,  21.861609],
      dtype=float32)}
self.is_success:  [ True False False  True  True False False False  True  True]
Success rate:  0.5
{'success': array([ True, False, False,  True,  True, False, False, False,  True,
        True]), 'state_dist': array([ 23.00751 ,  53.54786 ,  40.002113,  66.376816,  16.756348,
        84.916725, 122.70138 ,  40.41395 ,  65.19139 ,  21.861609],
      dtype=float32)}
[timing] perform_planning_s=650.863
[timing] total_planning_main_s=658.878
===== patch mpc seed 300 chunk 20 (n_evals=10) =====
/home/jupyter-deuk-c4e4/.conda/envs/ts310/lib/python3.10/site-packages/wandb/sdk/internal/internal_api.py:30: UserWarning: pkg_resources is deprecated as an API. See https://setuptools.pypa.io/en/latest/pkg_resources.html. The pkg_resources package is slated for removal as early as 2025-11-30. Refrain from using this package or pin to Setuptools<81.
  from pkg_resources import parse_version
/home/jupyter-deuk-c4e4/.conda/envs/ts310/lib/python3.10/site-packages/pkg_resources/__init__.py:3148: DeprecationWarning: Deprecated call to `pkg_resources.declare_namespace('mpl_toolkits')`.
Implementing implicit namespace packages (as specified in PEP 420) is preferred to `pkg_resources.declare_namespace`. See https://setuptools.pypa.io/en/latest/references/keywords.html#keyword-namespace-packages
  declare_namespace(pkg)
/home/jupyter-deuk-c4e4/.conda/envs/ts310/lib/python3.10/site-packages/pkg_resources/__init__.py:3148: DeprecationWarning: Deprecated call to `pkg_resources.declare_namespace('google')`.
Implementing implicit namespace packages (as specified in PEP 420) is preferred to `pkg_resources.declare_namespace`. See https://setuptools.pypa.io/en/latest/references/keywords.html#keyword-namespace-packages
  declare_namespace(pkg)
/home/jupyter-deuk-c4e4/.conda/envs/ts310/lib/python3.10/site-packages/Cython/Distutils/old_build_ext.py:15: DeprecationWarning: dep_util is Deprecated. Use functions from setuptools instead.
  from distutils.dep_util import newer, newer_group
<frozen importlib._bootstrap>:283: DeprecationWarning: the load_module() method is deprecated and slated for removal in Python 3.12; use exec_module() instead
Warning: Mujoco-based envs failed to import. Set the environment variable D4RL_SUPPRESS_IMPORT_ERROR=1 to suppress this message.
No module named 'mjrl'
Warning: Flow failed to import. Set the environment variable D4RL_SUPPRESS_IMPORT_ERROR=1 to suppress this message.
No module named 'flow'
Warning: CARLA failed to import. Set the environment variable D4RL_SUPPRESS_IMPORT_ERROR=1 to suppress this message.
No module named 'carla'
pybullet build time: Jan 29 2025 23:16:28
/home/jupyter-deuk-c4e4/.conda/envs/ts310/lib/python3.10/site-packages/gym/envs/registration.py:595: UserWarning: [33mWARN: Overriding environment maze2d-open-v0[0m
  logger.warn(f"Overriding environment {id}")
/home/jupyter-deuk-c4e4/.conda/envs/ts310/lib/python3.10/site-packages/gym/envs/registration.py:595: UserWarning: [33mWARN: Overriding environment maze2d-umaze-v0[0m
  logger.warn(f"Overriding environment {id}")
/home/jupyter-deuk-c4e4/.conda/envs/ts310/lib/python3.10/site-packages/gym/envs/registration.py:595: UserWarning: [33mWARN: Overriding environment maze2d-medium-v0[0m
  logger.warn(f"Overriding environment {id}")
/home/jupyter-deuk-c4e4/.conda/envs/ts310/lib/python3.10/site-packages/gym/envs/registration.py:595: UserWarning: [33mWARN: Overriding environment maze2d-large-v0[0m
  logger.warn(f"Overriding environment {id}")
/home/jupyter-deuk-c4e4/.conda/envs/ts310/lib/python3.10/site-packages/gym/envs/registration.py:595: UserWarning: [33mWARN: Overriding environment maze2d-umaze-v1[0m
  logger.warn(f"Overriding environment {id}")
/home/jupyter-deuk-c4e4/.conda/envs/ts310/lib/python3.10/site-packages/gym/envs/registration.py:595: UserWarning: [33mWARN: Overriding environment maze2d-medium-v1[0m
  logger.warn(f"Overriding environment {id}")
/home/jupyter-deuk-c4e4/.conda/envs/ts310/lib/python3.10/site-packages/gym/envs/registration.py:595: UserWarning: [33mWARN: Overriding environment maze2d-large-v1[0m
  logger.warn(f"Overriding environment {id}")
/home/jupyter-deuk-c4e4/.conda/envs/ts310/lib/python3.10/site-packages/gym/envs/registration.py:595: UserWarning: [33mWARN: Overriding environment maze2d-eval-umaze-v1[0m
  logger.warn(f"Overriding environment {id}")
/home/jupyter-deuk-c4e4/.conda/envs/ts310/lib/python3.10/site-packages/gym/envs/registration.py:595: UserWarning: [33mWARN: Overriding environment maze2d-eval-medium-v1[0m
  logger.warn(f"Overriding environment {id}")
/home/jupyter-deuk-c4e4/.conda/envs/ts310/lib/python3.10/site-packages/gym/envs/registration.py:595: UserWarning: [33mWARN: Overriding environment maze2d-eval-large-v1[0m
  logger.warn(f"Overriding environment {id}")
/home/jupyter-deuk-c4e4/.conda/envs/ts310/lib/python3.10/site-packages/gym/envs/registration.py:595: UserWarning: [33mWARN: Overriding environment maze2d-open-dense-v0[0m
  logger.warn(f"Overriding environment {id}")
/home/jupyter-deuk-c4e4/.conda/envs/ts310/lib/python3.10/site-packages/gym/envs/registration.py:595: UserWarning: [33mWARN: Overriding environment maze2d-umaze-dense-v0[0m
  logger.warn(f"Overriding environment {id}")
/home/jupyter-deuk-c4e4/.conda/envs/ts310/lib/python3.10/site-packages/gym/envs/registration.py:595: UserWarning: [33mWARN: Overriding environment maze2d-medium-dense-v0[0m
  logger.warn(f"Overriding environment {id}")
/home/jupyter-deuk-c4e4/.conda/envs/ts310/lib/python3.10/site-packages/gym/envs/registration.py:595: UserWarning: [33mWARN: Overriding environment maze2d-large-dense-v0[0m
  logger.warn(f"Overriding environment {id}")
/home/jupyter-deuk-c4e4/.conda/envs/ts310/lib/python3.10/site-packages/gym/envs/registration.py:595: UserWarning: [33mWARN: Overriding environment maze2d-umaze-dense-v1[0m
  logger.warn(f"Overriding environment {id}")
/home/jupyter-deuk-c4e4/.conda/envs/ts310/lib/python3.10/site-packages/gym/envs/registration.py:595: UserWarning: [33mWARN: Overriding environment maze2d-medium-dense-v1[0m
  logger.warn(f"Overriding environment {id}")
/home/jupyter-deuk-c4e4/.conda/envs/ts310/lib/python3.10/site-packages/gym/envs/registration.py:595: UserWarning: [33mWARN: Overriding environment maze2d-large-dense-v1[0m
  logger.warn(f"Overriding environment {id}")
/home/jupyter-deuk-c4e4/.conda/envs/ts310/lib/python3.10/site-packages/gym/envs/registration.py:595: UserWarning: [33mWARN: Overriding environment maze2d-eval-umaze-dense-v1[0m
  logger.warn(f"Overriding environment {id}")
/home/jupyter-deuk-c4e4/.conda/envs/ts310/lib/python3.10/site-packages/gym/envs/registration.py:595: UserWarning: [33mWARN: Overriding environment maze2d-eval-medium-dense-v1[0m
  logger.warn(f"Overriding environment {id}")
/home/jupyter-deuk-c4e4/.conda/envs/ts310/lib/python3.10/site-packages/gym/envs/registration.py:595: UserWarning: [33mWARN: Overriding environment maze2d-eval-large-dense-v1[0m
  logger.warn(f"Overriding environment {id}")
/opt/dlami/nvme/home/jupyter-deuk-c4e4/temporal-straightening/custom_resolvers.py:4: UserWarning: 
The version_base parameter is not specified.
Please specify a compatability version level, or None.
Will assume defaults for version 1.1
  @hydra.main(config_path=None)
[2026-07-25 17:27:32,055][__main__][INFO] - Planning result saved dir: /opt/dlami/nvme/home/jupyter-deuk-c4e4/pusht-reproduction/patch_reproduction/plan/mpc_seed_300/chunk_20
/home/jupyter-deuk-c4e4/.conda/envs/ts310/lib/python3.10/site-packages/wandb/sdk/internal/internal_api.py:30: UserWarning: pkg_resources is deprecated as an API. See https://setuptools.pypa.io/en/latest/pkg_resources.html. The pkg_resources package is slated for removal as early as 2025-11-30. Refrain from using this package or pin to Setuptools<81.
  from pkg_resources import parse_version
Using cache found in /home/jupyter-deuk-c4e4/.cache/torch/hub/facebookresearch_dinov2_81b2b6419385
Loaded 18685 rollouts
Loaded 21 rollouts
[2026-07-25 17:27:34,465][dinov2][INFO] - using MLP layer as FFN
[2026-07-25 17:27:34,870][models.dino][WARNING] - Unknown projector 'none' for patch tokens; proceeding without projector.
Resuming from epoch 2: /home/jupyter-deuk-c4e4/pusht-reproduction/patch_reproduction/test/pusht_False_agg32_projnone_dim384_hw14_sgTrue_lr1e-06/checkpoints/model_2.pth
[2026-07-25 17:27:35,268][models.visual_world_model][INFO] - num_action_repeat: 1
[2026-07-25 17:27:35,268][models.visual_world_model][INFO] - num_proprio_repeat: 1
[2026-07-25 17:27:35,268][models.visual_world_model][INFO] - proprio encoder: ProprioceptiveEmbedding(
  (patch_embed): Conv1d(4, 10, kernel_size=(1,), stride=(1,))
  (norm): LayerNorm((10,), eps=1e-05, elementwise_affine=True)
)
[2026-07-25 17:27:35,268][models.visual_world_model][INFO] - action encoder: ProprioceptiveEmbedding(
  (patch_embed): Conv1d(10, 10, kernel_size=(1,), stride=(1,))
  (norm): LayerNorm((10,), eps=1e-05, elementwise_affine=True)
)
[2026-07-25 17:27:35,268][models.visual_world_model][INFO] - proprio_dim: 10, after repeat: 10
[2026-07-25 17:27:35,268][models.visual_world_model][INFO] - action_dim: 10, after repeat: 10
[2026-07-25 17:27:35,268][models.visual_world_model][INFO] - emb_dim: 404
[2026-07-25 17:27:35,268][models.visual_world_model][INFO] - Straightening disabled
[2026-07-25 17:27:35,268][models.visual_world_model][INFO] - Speed constancy disabled
[2026-07-25 17:27:35,269][models.visual_world_model][INFO] - Trajectory penalty disabled
[2026-07-25 17:27:35,269][models.visual_world_model][INFO] - Stop-grad enabled: True
[2026-07-25 17:27:35,269][models.visual_world_model][INFO] - VCReg enabled: False, apply_to=enc, std_coeff=0.0, cov_coeff=0.0
[2026-07-25 17:27:35,269][models.visual_world_model][INFO] - Model emb_dim: 404
[timing] setup_model_s=3.216
eval_seed:  [6001, 6301, 6601, 6901, 7201, 7501, 7801, 8101, 8401, 8701]
Dumped plan targets to /opt/dlami/nvme/home/jupyter-deuk-c4e4/pusht-reproduction/patch_reproduction/plan/mpc_seed_300/chunk_20/plan_targets.pkl
[timing] setup_workspace_s=5.472

MPC iter 0 Eval ------- 
Success rate:  0.0
{'success': array([False, False, False, False, False, False, False, False, False,
       False]), 'state_dist': array([102.21154, 226.55566, 199.43045, 111.66357, 193.59453, 190.45695,
        92.79489, 268.04498, 167.60982, 206.59741], dtype=float32)}
self.is_success:  [False False False False False False False False False False]

MPC iter 1 Eval ------- 
Success rate:  0.0
{'success': array([False, False, False, False, False, False, False, False, False,
       False]), 'state_dist': array([ 86.00975, 204.72978, 212.93567, 103.37373, 148.26003, 176.945  ,
        72.20099, 275.4168 , 149.10686, 200.68216], dtype=float32)}
self.is_success:  [False False False False False False False False False False]

MPC iter 2 Eval ------- 
Success rate:  0.0
{'success': array([False, False, False, False, False, False, False, False, False,
       False]), 'state_dist': array([ 76.3694 , 155.33405, 203.30829, 134.30609, 118.98358, 162.98479,
        74.20882, 271.91965, 133.62216, 173.895  ], dtype=float32)}
self.is_success:  [False False False False False False False False False False]

MPC iter 3 Eval ------- 
Success rate:  0.0
{'success': array([False, False, False, False, False, False, False, False, False,
       False]), 'state_dist': array([102.38145 , 141.8872  , 158.35695 , 117.51295 ,  65.71344 ,
       189.83759 ,  66.069435, 187.07195 , 222.92697 ,  98.77131 ],
      dtype=float32)}
self.is_success:  [False False False False False False False False False False]

MPC iter 4 Eval ------- 
Success rate:  0.2
{'success': array([False, False,  True, False, False, False, False,  True, False,
       False]), 'state_dist': array([ 52.332058, 136.52536 ,  99.0505  ,  55.59824 ,  36.496494,
        36.016266,  39.20102 ,  64.13684 , 184.42828 ,  44.47853 ],
      dtype=float32)}
self.is_success:  [False False  True False False False False  True False False]

MPC iter 5 Eval ------- 
Success rate:  0.3
{'success': array([False, False,  True, False,  True, False, False,  True, False,
       False]), 'state_dist': array([ 33.180256, 145.00252 ,  99.0505  ,  44.58677 ,  26.926865,
        30.675562,  44.36244 ,  64.13684 , 187.95303 ,  28.56369 ],
      dtype=float32)}
self.is_success:  [False False  True False  True False False  True False False]

MPC iter 6 Eval ------- 
Success rate:  0.5
{'success': array([False, False,  True, False,  True, False,  True,  True, False,
        True]), 'state_dist': array([163.19667 , 139.48163 ,  99.0505  ,  48.81366 ,  26.926865,
        38.444405,  36.24629 ,  64.13684 , 174.85649 ,  19.654129],
      dtype=float32)}
self.is_success:  [False False  True False  True False  True  True False  True]

MPC iter 7 Eval ------- 
Success rate:  0.5
{'success': array([False, False,  True, False,  True, False,  True,  True, False,
        True]), 'state_dist': array([ 89.19467 , 114.69245 ,  99.0505  ,  48.951538,  26.926865,
        28.173203,  36.24629 ,  64.13684 , 164.04605 ,  19.654129],
      dtype=float32)}
self.is_success:  [False False  True False  True False  True  True False  True]

MPC iter 8 Eval ------- 
Success rate:  0.6
{'success': array([False, False,  True,  True,  True, False,  True,  True, False,
        True]), 'state_dist': array([ 59.50288 , 130.71097 ,  99.0505  ,  47.859085,  26.926865,
        29.971985,  36.24629 ,  64.13684 , 191.76062 ,  19.654129],
      dtype=float32)}
self.is_success:  [False False  True  True  True False  True  True False  True]

MPC iter 9 Eval ------- 
Success rate:  0.6
{'success': array([False, False,  True,  True,  True, False,  True,  True, False,
        True]), 'state_dist': array([ 30.18663 , 108.038   ,  99.0505  ,  47.859085,  26.926865,
        30.484352,  36.24629 ,  64.13684 , 169.75163 ,  19.654129],
      dtype=float32)}
self.is_success:  [False False  True  True  True False  True  True False  True]

MPC iter 10 Eval ------- 
Success rate:  0.6
{'success': array([False, False,  True,  True,  True, False,  True,  True, False,
        True]), 'state_dist': array([ 35.322666, 108.59992 ,  99.0505  ,  47.859085,  26.926865,
        30.061255,  36.24629 ,  64.13684 , 183.02458 ,  19.654129],
      dtype=float32)}
self.is_success:  [False False  True  True  True False  True  True False  True]

MPC iter 11 Eval ------- 
Success rate:  0.6
{'success': array([False, False,  True,  True,  True, False,  True,  True, False,
        True]), 'state_dist': array([ 24.342873, 110.08983 ,  99.0505  ,  47.859085,  26.926865,
        28.218193,  36.24629 ,  64.13684 , 148.77528 ,  19.654129],
      dtype=float32)}
self.is_success:  [False False  True  True  True False  True  True False  True]

MPC iter 12 Eval ------- 
Success rate:  0.6
{'success': array([False, False,  True,  True,  True, False,  True,  True, False,
        True]), 'state_dist': array([ 33.927097, 108.82977 ,  99.0505  ,  47.859085,  26.926865,
        28.690426,  36.24629 ,  64.13684 , 196.60588 ,  19.654129],
      dtype=float32)}
self.is_success:  [False False  True  True  True False  True  True False  True]

MPC iter 13 Eval ------- 
Success rate:  0.6
{'success': array([False, False,  True,  True,  True, False,  True,  True, False,
        True]), 'state_dist': array([ 31.512098, 109.25124 ,  99.0505  ,  47.859085,  26.926865,
        28.521843,  36.24629 ,  64.13684 , 156.3071  ,  19.654129],
      dtype=float32)}
self.is_success:  [False False  True  True  True False  True  True False  True]

MPC iter 14 Eval ------- 
Success rate:  0.6
{'success': array([False, False,  True,  True,  True, False,  True,  True, False,
        True]), 'state_dist': array([ 31.162685, 110.40792 ,  99.0505  ,  47.859085,  26.926865,
        27.753345,  36.24629 ,  64.13684 , 174.3843  ,  19.654129],
      dtype=float32)}
self.is_success:  [False False  True  True  True False  True  True False  True]

MPC iter 15 Eval ------- 
Success rate:  0.6
{'success': array([False, False,  True,  True,  True, False,  True,  True, False,
        True]), 'state_dist': array([ 31.610928, 110.4452  ,  99.0505  ,  47.859085,  26.926865,
        29.634449,  36.24629 ,  64.13684 , 187.94864 ,  19.654129],
      dtype=float32)}
self.is_success:  [False False  True  True  True False  True  True False  True]

MPC iter 16 Eval ------- 
Success rate:  0.6
{'success': array([False, False,  True,  True,  True, False,  True,  True, False,
        True]), 'state_dist': array([ 31.600893, 110.331406,  99.0505  ,  47.859085,  26.926865,
        27.451468,  36.24629 ,  64.13684 , 177.27246 ,  19.654129],
      dtype=float32)}
self.is_success:  [False False  True  True  True False  True  True False  True]

MPC iter 17 Eval ------- 
Success rate:  0.6
{'success': array([False, False,  True,  True,  True, False,  True,  True, False,
        True]), 'state_dist': array([ 32.097237, 109.28471 ,  99.0505  ,  47.859085,  26.926865,
        30.804102,  36.24629 ,  64.13684 , 196.26268 ,  19.654129],
      dtype=float32)}
self.is_success:  [False False  True  True  True False  True  True False  True]

MPC iter 18 Eval ------- 
Success rate:  0.6
{'success': array([False, False,  True,  True,  True, False,  True,  True, False,
        True]), 'state_dist': array([ 33.61818 , 108.47391 ,  99.0505  ,  47.859085,  26.926865,
        28.73207 ,  36.24629 ,  64.13684 , 185.56894 ,  19.654129],
      dtype=float32)}
self.is_success:  [False False  True  True  True False  True  True False  True]

MPC iter 19 Eval ------- 
Success rate:  0.6
{'success': array([False, False,  True,  True,  True, False,  True,  True, False,
        True]), 'state_dist': array([ 35.967926, 109.20357 ,  99.0505  ,  47.859085,  26.926865,
        27.927979,  36.24629 ,  64.13684 , 170.97116 ,  19.654129],
      dtype=float32)}
self.is_success:  [False False  True  True  True False  True  True False  True]
Success rate:  0.6
{'success': array([False, False,  True,  True,  True, False,  True,  True, False,
        True]), 'state_dist': array([ 35.967926, 109.20357 ,  99.0505  ,  47.859085,  26.926865,
        27.927979,  36.24629 ,  64.13684 , 170.97116 ,  19.654129],
      dtype=float32)}
[timing] perform_planning_s=650.806
[timing] total_planning_main_s=659.493
===== patch mpc seed 300 chunk 30 (n_evals=10) =====
/home/jupyter-deuk-c4e4/.conda/envs/ts310/lib/python3.10/site-packages/wandb/sdk/internal/internal_api.py:30: UserWarning: pkg_resources is deprecated as an API. See https://setuptools.pypa.io/en/latest/pkg_resources.html. The pkg_resources package is slated for removal as early as 2025-11-30. Refrain from using this package or pin to Setuptools<81.
  from pkg_resources import parse_version
/home/jupyter-deuk-c4e4/.conda/envs/ts310/lib/python3.10/site-packages/pkg_resources/__init__.py:3148: DeprecationWarning: Deprecated call to `pkg_resources.declare_namespace('mpl_toolkits')`.
Implementing implicit namespace packages (as specified in PEP 420) is preferred to `pkg_resources.declare_namespace`. See https://setuptools.pypa.io/en/latest/references/keywords.html#keyword-namespace-packages
  declare_namespace(pkg)
/home/jupyter-deuk-c4e4/.conda/envs/ts310/lib/python3.10/site-packages/pkg_resources/__init__.py:3148: DeprecationWarning: Deprecated call to `pkg_resources.declare_namespace('google')`.
Implementing implicit namespace packages (as specified in PEP 420) is preferred to `pkg_resources.declare_namespace`. See https://setuptools.pypa.io/en/latest/references/keywords.html#keyword-namespace-packages
  declare_namespace(pkg)
/home/jupyter-deuk-c4e4/.conda/envs/ts310/lib/python3.10/site-packages/Cython/Distutils/old_build_ext.py:15: DeprecationWarning: dep_util is Deprecated. Use functions from setuptools instead.
  from distutils.dep_util import newer, newer_group
<frozen importlib._bootstrap>:283: DeprecationWarning: the load_module() method is deprecated and slated for removal in Python 3.12; use exec_module() instead
Warning: Mujoco-based envs failed to import. Set the environment variable D4RL_SUPPRESS_IMPORT_ERROR=1 to suppress this message.
No module named 'mjrl'
Warning: Flow failed to import. Set the environment variable D4RL_SUPPRESS_IMPORT_ERROR=1 to suppress this message.
No module named 'flow'
Warning: CARLA failed to import. Set the environment variable D4RL_SUPPRESS_IMPORT_ERROR=1 to suppress this message.
No module named 'carla'
pybullet build time: Jan 29 2025 23:16:28
/home/jupyter-deuk-c4e4/.conda/envs/ts310/lib/python3.10/site-packages/gym/envs/registration.py:595: UserWarning: [33mWARN: Overriding environment maze2d-open-v0[0m
  logger.warn(f"Overriding environment {id}")
/home/jupyter-deuk-c4e4/.conda/envs/ts310/lib/python3.10/site-packages/gym/envs/registration.py:595: UserWarning: [33mWARN: Overriding environment maze2d-umaze-v0[0m
  logger.warn(f"Overriding environment {id}")
/home/jupyter-deuk-c4e4/.conda/envs/ts310/lib/python3.10/site-packages/gym/envs/registration.py:595: UserWarning: [33mWARN: Overriding environment maze2d-medium-v0[0m
  logger.warn(f"Overriding environment {id}")
/home/jupyter-deuk-c4e4/.conda/envs/ts310/lib/python3.10/site-packages/gym/envs/registration.py:595: UserWarning: [33mWARN: Overriding environment maze2d-large-v0[0m
  logger.warn(f"Overriding environment {id}")
/home/jupyter-deuk-c4e4/.conda/envs/ts310/lib/python3.10/site-packages/gym/envs/registration.py:595: UserWarning: [33mWARN: Overriding environment maze2d-umaze-v1[0m
  logger.warn(f"Overriding environment {id}")
/home/jupyter-deuk-c4e4/.conda/envs/ts310/lib/python3.10/site-packages/gym/envs/registration.py:595: UserWarning: [33mWARN: Overriding environment maze2d-medium-v1[0m
  logger.warn(f"Overriding environment {id}")
/home/jupyter-deuk-c4e4/.conda/envs/ts310/lib/python3.10/site-packages/gym/envs/registration.py:595: UserWarning: [33mWARN: Overriding environment maze2d-large-v1[0m
  logger.warn(f"Overriding environment {id}")
/home/jupyter-deuk-c4e4/.conda/envs/ts310/lib/python3.10/site-packages/gym/envs/registration.py:595: UserWarning: [33mWARN: Overriding environment maze2d-eval-umaze-v1[0m
  logger.warn(f"Overriding environment {id}")
/home/jupyter-deuk-c4e4/.conda/envs/ts310/lib/python3.10/site-packages/gym/envs/registration.py:595: UserWarning: [33mWARN: Overriding environment maze2d-eval-medium-v1[0m
  logger.warn(f"Overriding environment {id}")
/home/jupyter-deuk-c4e4/.conda/envs/ts310/lib/python3.10/site-packages/gym/envs/registration.py:595: UserWarning: [33mWARN: Overriding environment maze2d-eval-large-v1[0m
  logger.warn(f"Overriding environment {id}")
/home/jupyter-deuk-c4e4/.conda/envs/ts310/lib/python3.10/site-packages/gym/envs/registration.py:595: UserWarning: [33mWARN: Overriding environment maze2d-open-dense-v0[0m
  logger.warn(f"Overriding environment {id}")
/home/jupyter-deuk-c4e4/.conda/envs/ts310/lib/python3.10/site-packages/gym/envs/registration.py:595: UserWarning: [33mWARN: Overriding environment maze2d-umaze-dense-v0[0m
  logger.warn(f"Overriding environment {id}")
/home/jupyter-deuk-c4e4/.conda/envs/ts310/lib/python3.10/site-packages/gym/envs/registration.py:595: UserWarning: [33mWARN: Overriding environment maze2d-medium-dense-v0[0m
  logger.warn(f"Overriding environment {id}")
/home/jupyter-deuk-c4e4/.conda/envs/ts310/lib/python3.10/site-packages/gym/envs/registration.py:595: UserWarning: [33mWARN: Overriding environment maze2d-large-dense-v0[0m
  logger.warn(f"Overriding environment {id}")
/home/jupyter-deuk-c4e4/.conda/envs/ts310/lib/python3.10/site-packages/gym/envs/registration.py:595: UserWarning: [33mWARN: Overriding environment maze2d-umaze-dense-v1[0m
  logger.warn(f"Overriding environment {id}")
/home/jupyter-deuk-c4e4/.conda/envs/ts310/lib/python3.10/site-packages/gym/envs/registration.py:595: UserWarning: [33mWARN: Overriding environment maze2d-medium-dense-v1[0m
  logger.warn(f"Overriding environment {id}")
/home/jupyter-deuk-c4e4/.conda/envs/ts310/lib/python3.10/site-packages/gym/envs/registration.py:595: UserWarning: [33mWARN: Overriding environment maze2d-large-dense-v1[0m
  logger.warn(f"Overriding environment {id}")
/home/jupyter-deuk-c4e4/.conda/envs/ts310/lib/python3.10/site-packages/gym/envs/registration.py:595: UserWarning: [33mWARN: Overriding environment maze2d-eval-umaze-dense-v1[0m
  logger.warn(f"Overriding environment {id}")
/home/jupyter-deuk-c4e4/.conda/envs/ts310/lib/python3.10/site-packages/gym/envs/registration.py:595: UserWarning: [33mWARN: Overriding environment maze2d-eval-medium-dense-v1[0m
  logger.warn(f"Overriding environment {id}")
/home/jupyter-deuk-c4e4/.conda/envs/ts310/lib/python3.10/site-packages/gym/envs/registration.py:595: UserWarning: [33mWARN: Overriding environment maze2d-eval-large-dense-v1[0m
  logger.warn(f"Overriding environment {id}")
/opt/dlami/nvme/home/jupyter-deuk-c4e4/temporal-straightening/custom_resolvers.py:4: UserWarning: 
The version_base parameter is not specified.
Please specify a compatability version level, or None.
Will assume defaults for version 1.1
  @hydra.main(config_path=None)
[2026-07-25 17:38:36,748][__main__][INFO] - Planning result saved dir: /opt/dlami/nvme/home/jupyter-deuk-c4e4/pusht-reproduction/patch_reproduction/plan/mpc_seed_300/chunk_30
/home/jupyter-deuk-c4e4/.conda/envs/ts310/lib/python3.10/site-packages/wandb/sdk/internal/internal_api.py:30: UserWarning: pkg_resources is deprecated as an API. See https://setuptools.pypa.io/en/latest/pkg_resources.html. The pkg_resources package is slated for removal as early as 2025-11-30. Refrain from using this package or pin to Setuptools<81.
  from pkg_resources import parse_version
Using cache found in /home/jupyter-deuk-c4e4/.cache/torch/hub/facebookresearch_dinov2_81b2b6419385
Loaded 18685 rollouts
Loaded 21 rollouts
[2026-07-25 17:38:39,147][dinov2][INFO] - using MLP layer as FFN
[2026-07-25 17:38:39,552][models.dino][WARNING] - Unknown projector 'none' for patch tokens; proceeding without projector.
Resuming from epoch 2: /home/jupyter-deuk-c4e4/pusht-reproduction/patch_reproduction/test/pusht_False_agg32_projnone_dim384_hw14_sgTrue_lr1e-06/checkpoints/model_2.pth
[2026-07-25 17:38:39,955][models.visual_world_model][INFO] - num_action_repeat: 1
[2026-07-25 17:38:39,955][models.visual_world_model][INFO] - num_proprio_repeat: 1
[2026-07-25 17:38:39,955][models.visual_world_model][INFO] - proprio encoder: ProprioceptiveEmbedding(
  (patch_embed): Conv1d(4, 10, kernel_size=(1,), stride=(1,))
  (norm): LayerNorm((10,), eps=1e-05, elementwise_affine=True)
)
[2026-07-25 17:38:39,956][models.visual_world_model][INFO] - action encoder: ProprioceptiveEmbedding(
  (patch_embed): Conv1d(10, 10, kernel_size=(1,), stride=(1,))
  (norm): LayerNorm((10,), eps=1e-05, elementwise_affine=True)
)
[2026-07-25 17:38:39,956][models.visual_world_model][INFO] - proprio_dim: 10, after repeat: 10
[2026-07-25 17:38:39,956][models.visual_world_model][INFO] - action_dim: 10, after repeat: 10
[2026-07-25 17:38:39,956][models.visual_world_model][INFO] - emb_dim: 404
[2026-07-25 17:38:39,956][models.visual_world_model][INFO] - Straightening disabled
[2026-07-25 17:38:39,956][models.visual_world_model][INFO] - Speed constancy disabled
[2026-07-25 17:38:39,956][models.visual_world_model][INFO] - Trajectory penalty disabled
[2026-07-25 17:38:39,956][models.visual_world_model][INFO] - Stop-grad enabled: True
[2026-07-25 17:38:39,956][models.visual_world_model][INFO] - VCReg enabled: False, apply_to=enc, std_coeff=0.0, cov_coeff=0.0
[2026-07-25 17:38:39,956][models.visual_world_model][INFO] - Model emb_dim: 404
[timing] setup_model_s=3.210
eval_seed:  [9001, 9301, 9601, 9901, 10201, 10501, 10801, 11101, 11401, 11701]
Dumped plan targets to /opt/dlami/nvme/home/jupyter-deuk-c4e4/pusht-reproduction/patch_reproduction/plan/mpc_seed_300/chunk_30/plan_targets.pkl
[timing] setup_workspace_s=6.119

MPC iter 0 Eval ------- 
Success rate:  0.0
{'success': array([False, False, False, False, False, False, False, False, False,
       False]), 'state_dist': array([175.72917 , 169.72188 , 151.83485 , 164.52864 , 125.18909 ,
       258.37225 , 109.23793 ,  89.28863 , 276.48987 ,  98.076096],
      dtype=float32)}
self.is_success:  [False False False False False False False False False False]

MPC iter 1 Eval ------- 
Success rate:  0.0
{'success': array([False, False, False, False, False, False, False, False, False,
       False]), 'state_dist': array([160.23949, 152.43333, 145.55101, 173.61157, 120.54062, 194.1734 ,
       114.84438,  63.90636, 249.13025, 118.16114], dtype=float32)}
self.is_success:  [False False False False False False False False False False]

MPC iter 2 Eval ------- 
Success rate:  0.0
{'success': array([False, False, False, False, False, False, False, False, False,
       False]), 'state_dist': array([156.10474 , 138.9614  , 125.432   , 214.26613 , 118.26624 ,
       143.10075 , 116.94709 ,  63.293232, 234.61952 , 123.159035],
      dtype=float32)}
self.is_success:  [False False False False False False False False False False]

MPC iter 3 Eval ------- 
Success rate:  0.0
{'success': array([False, False, False, False, False, False, False, False, False,
       False]), 'state_dist': array([175.98299 ,  62.536293, 133.39058 , 232.60277 , 112.64407 ,
       104.769684, 101.829384, 194.77107 , 206.17368 , 130.96469 ],
      dtype=float32)}
self.is_success:  [False False False False False False False False False False]

MPC iter 4 Eval ------- 
Success rate:  0.2
{'success': array([False, False,  True, False, False,  True, False, False, False,
       False]), 'state_dist': array([208.10269 , 186.79407 ,  43.389267,  77.2714  ,  59.50012 ,
        29.245083, 140.8799  ,  78.03871 , 215.46684 ,  64.48011 ],
      dtype=float32)}
self.is_success:  [False False  True False False  True False False False False]

MPC iter 5 Eval ------- 
Success rate:  0.5
{'success': array([False, False,  True,  True,  True,  True, False, False, False,
        True]), 'state_dist': array([149.98508 , 110.78759 ,  43.389267,  24.268917,  43.080463,
        29.245083, 106.03596 ,  87.42667 , 222.6468  ,  37.18578 ],
      dtype=float32)}
self.is_success:  [False False  True  True  True  True False False False  True]

MPC iter 6 Eval ------- 
Success rate:  0.5
{'success': array([False, False,  True,  True,  True,  True, False, False, False,
        True]), 'state_dist': array([138.58412 ,  53.168304,  43.389267,  24.268917,  43.080463,
        29.245083, 145.76727 ,  79.44209 , 200.97174 ,  37.18578 ],
      dtype=float32)}
self.is_success:  [False False  True  True  True  True False False False  True]

MPC iter 7 Eval ------- 
Success rate:  0.5
{'success': array([False, False,  True,  True,  True,  True, False, False, False,
        True]), 'state_dist': array([131.36903 ,  60.60378 ,  43.389267,  24.268917,  43.080463,
        29.245083, 122.45154 ,  62.20405 , 149.81099 ,  37.18578 ],
      dtype=float32)}
self.is_success:  [False False  True  True  True  True False False False  True]

MPC iter 8 Eval ------- 
Success rate:  0.6
{'success': array([False, False,  True,  True,  True,  True,  True, False, False,
        True]), 'state_dist': array([121.97978 ,  93.40304 ,  43.389267,  24.268917,  43.080463,
        29.245083,  48.6462  ,  50.81679 , 155.80537 ,  37.18578 ],
      dtype=float32)}
self.is_success:  [False False  True  True  True  True  True False False  True]

MPC iter 9 Eval ------- 
Success rate:  0.6
{'success': array([False, False,  True,  True,  True,  True,  True, False, False,
        True]), 'state_dist': array([119.33367 ,  44.004013,  43.389267,  24.268917,  43.080463,
        29.245083,  48.6462  ,  65.968025, 150.98181 ,  37.18578 ],
      dtype=float32)}
self.is_success:  [False False  True  True  True  True  True False False  True]

MPC iter 10 Eval ------- 
Success rate:  0.6
{'success': array([False, False,  True,  True,  True,  True,  True, False, False,
        True]), 'state_dist': array([114.95373 ,  52.888832,  43.389267,  24.268917,  43.080463,
        29.245083,  48.6462  ,  48.587345, 138.15701 ,  37.18578 ],
      dtype=float32)}
self.is_success:  [False False  True  True  True  True  True False False  True]

MPC iter 11 Eval ------- 
Success rate:  0.6
{'success': array([False, False,  True,  True,  True,  True,  True, False, False,
        True]), 'state_dist': array([110.4887  ,  49.41996 ,  43.389267,  24.268917,  43.080463,
        29.245083,  48.6462  ,  72.24383 , 149.6419  ,  37.18578 ],
      dtype=float32)}
self.is_success:  [False False  True  True  True  True  True False False  True]

MPC iter 12 Eval ------- 
Success rate:  0.6
{'success': array([False, False,  True,  True,  True,  True,  True, False, False,
        True]), 'state_dist': array([103.83062 ,  45.701874,  43.389267,  24.268917,  43.080463,
        29.245083,  48.6462  ,  65.35626 , 154.33807 ,  37.18578 ],
      dtype=float32)}
self.is_success:  [False False  True  True  True  True  True False False  True]

MPC iter 13 Eval ------- 
Success rate:  0.6
{'success': array([False, False,  True,  True,  True,  True,  True, False, False,
        True]), 'state_dist': array([103.424095,  53.393097,  43.389267,  24.268917,  43.080463,
        29.245083,  48.6462  ,  62.838882, 153.29436 ,  37.18578 ],
      dtype=float32)}
self.is_success:  [False False  True  True  True  True  True False False  True]

MPC iter 14 Eval ------- 
Success rate:  0.6
{'success': array([False, False,  True,  True,  True,  True,  True, False, False,
        True]), 'state_dist': array([101.61494 ,  48.51577 ,  43.389267,  24.268917,  43.080463,
        29.245083,  48.6462  ,  69.78072 , 146.76622 ,  37.18578 ],
      dtype=float32)}
self.is_success:  [False False  True  True  True  True  True False False  True]

MPC iter 15 Eval ------- 
Success rate:  0.6
{'success': array([False, False,  True,  True,  True,  True,  True, False, False,
        True]), 'state_dist': array([104.72871 ,  44.700195,  43.389267,  24.268917,  43.080463,
        29.245083,  48.6462  ,  60.39676 , 155.8313  ,  37.18578 ],
      dtype=float32)}
self.is_success:  [False False  True  True  True  True  True False False  True]

MPC iter 16 Eval ------- 
Success rate:  0.6
{'success': array([False, False,  True,  True,  True,  True,  True, False, False,
        True]), 'state_dist': array([100.80433 ,  62.788414,  43.389267,  24.268917,  43.080463,
        29.245083,  48.6462  ,  62.785816, 149.33653 ,  37.18578 ],
      dtype=float32)}
self.is_success:  [False False  True  True  True  True  True False False  True]

MPC iter 17 Eval ------- 
Success rate:  0.6
{'success': array([False, False,  True,  True,  True,  True,  True, False, False,
        True]), 'state_dist': array([100.322014,  47.347065,  43.389267,  24.268917,  43.080463,
        29.245083,  48.6462  ,  61.913944, 150.52876 ,  37.18578 ],
      dtype=float32)}
self.is_success:  [False False  True  True  True  True  True False False  True]

MPC iter 18 Eval ------- 
Success rate:  0.6
{'success': array([False, False,  True,  True,  True,  True,  True, False, False,
        True]), 'state_dist': array([100.9264  ,  44.48049 ,  43.389267,  24.268917,  43.080463,
        29.245083,  48.6462  ,  50.639706, 141.58151 ,  37.18578 ],
      dtype=float32)}
self.is_success:  [False False  True  True  True  True  True False False  True]

MPC iter 19 Eval ------- 
Success rate:  0.6
{'success': array([False, False,  True,  True,  True,  True,  True, False, False,
        True]), 'state_dist': array([102.53352 ,  65.95668 ,  43.389267,  24.268917,  43.080463,
        29.245083,  48.6462  ,  71.59865 , 133.46944 ,  37.18578 ],
      dtype=float32)}
self.is_success:  [False False  True  True  True  True  True False False  True]
Success rate:  0.6
{'success': array([False, False,  True,  True,  True,  True,  True, False, False,
        True]), 'state_dist': array([102.53352 ,  65.95668 ,  43.389267,  24.268917,  43.080463,
        29.245083,  48.6462  ,  71.59865 , 133.46944 ,  37.18578 ],
      dtype=float32)}
[timing] perform_planning_s=650.571
[timing] total_planning_main_s=659.900
===== patch mpc seed 300 chunk 40 (n_evals=10) =====
/home/jupyter-deuk-c4e4/.conda/envs/ts310/lib/python3.10/site-packages/wandb/sdk/internal/internal_api.py:30: UserWarning: pkg_resources is deprecated as an API. See https://setuptools.pypa.io/en/latest/pkg_resources.html. The pkg_resources package is slated for removal as early as 2025-11-30. Refrain from using this package or pin to Setuptools<81.
  from pkg_resources import parse_version
/home/jupyter-deuk-c4e4/.conda/envs/ts310/lib/python3.10/site-packages/pkg_resources/__init__.py:3148: DeprecationWarning: Deprecated call to `pkg_resources.declare_namespace('mpl_toolkits')`.
Implementing implicit namespace packages (as specified in PEP 420) is preferred to `pkg_resources.declare_namespace`. See https://setuptools.pypa.io/en/latest/references/keywords.html#keyword-namespace-packages
  declare_namespace(pkg)
/home/jupyter-deuk-c4e4/.conda/envs/ts310/lib/python3.10/site-packages/pkg_resources/__init__.py:3148: DeprecationWarning: Deprecated call to `pkg_resources.declare_namespace('google')`.
Implementing implicit namespace packages (as specified in PEP 420) is preferred to `pkg_resources.declare_namespace`. See https://setuptools.pypa.io/en/latest/references/keywords.html#keyword-namespace-packages
  declare_namespace(pkg)
/home/jupyter-deuk-c4e4/.conda/envs/ts310/lib/python3.10/site-packages/Cython/Distutils/old_build_ext.py:15: DeprecationWarning: dep_util is Deprecated. Use functions from setuptools instead.
  from distutils.dep_util import newer, newer_group
<frozen importlib._bootstrap>:283: DeprecationWarning: the load_module() method is deprecated and slated for removal in Python 3.12; use exec_module() instead
Warning: Mujoco-based envs failed to import. Set the environment variable D4RL_SUPPRESS_IMPORT_ERROR=1 to suppress this message.
No module named 'mjrl'
Warning: Flow failed to import. Set the environment variable D4RL_SUPPRESS_IMPORT_ERROR=1 to suppress this message.
No module named 'flow'
Warning: CARLA failed to import. Set the environment variable D4RL_SUPPRESS_IMPORT_ERROR=1 to suppress this message.
No module named 'carla'
pybullet build time: Jan 29 2025 23:16:28
/home/jupyter-deuk-c4e4/.conda/envs/ts310/lib/python3.10/site-packages/gym/envs/registration.py:595: UserWarning: [33mWARN: Overriding environment maze2d-open-v0[0m
  logger.warn(f"Overriding environment {id}")
/home/jupyter-deuk-c4e4/.conda/envs/ts310/lib/python3.10/site-packages/gym/envs/registration.py:595: UserWarning: [33mWARN: Overriding environment maze2d-umaze-v0[0m
  logger.warn(f"Overriding environment {id}")
/home/jupyter-deuk-c4e4/.conda/envs/ts310/lib/python3.10/site-packages/gym/envs/registration.py:595: UserWarning: [33mWARN: Overriding environment maze2d-medium-v0[0m
  logger.warn(f"Overriding environment {id}")
/home/jupyter-deuk-c4e4/.conda/envs/ts310/lib/python3.10/site-packages/gym/envs/registration.py:595: UserWarning: [33mWARN: Overriding environment maze2d-large-v0[0m
  logger.warn(f"Overriding environment {id}")
/home/jupyter-deuk-c4e4/.conda/envs/ts310/lib/python3.10/site-packages/gym/envs/registration.py:595: UserWarning: [33mWARN: Overriding environment maze2d-umaze-v1[0m
  logger.warn(f"Overriding environment {id}")
/home/jupyter-deuk-c4e4/.conda/envs/ts310/lib/python3.10/site-packages/gym/envs/registration.py:595: UserWarning: [33mWARN: Overriding environment maze2d-medium-v1[0m
  logger.warn(f"Overriding environment {id}")
/home/jupyter-deuk-c4e4/.conda/envs/ts310/lib/python3.10/site-packages/gym/envs/registration.py:595: UserWarning: [33mWARN: Overriding environment maze2d-large-v1[0m
  logger.warn(f"Overriding environment {id}")
/home/jupyter-deuk-c4e4/.conda/envs/ts310/lib/python3.10/site-packages/gym/envs/registration.py:595: UserWarning: [33mWARN: Overriding environment maze2d-eval-umaze-v1[0m
  logger.warn(f"Overriding environment {id}")
/home/jupyter-deuk-c4e4/.conda/envs/ts310/lib/python3.10/site-packages/gym/envs/registration.py:595: UserWarning: [33mWARN: Overriding environment maze2d-eval-medium-v1[0m
  logger.warn(f"Overriding environment {id}")
/home/jupyter-deuk-c4e4/.conda/envs/ts310/lib/python3.10/site-packages/gym/envs/registration.py:595: UserWarning: [33mWARN: Overriding environment maze2d-eval-large-v1[0m
  logger.warn(f"Overriding environment {id}")
/home/jupyter-deuk-c4e4/.conda/envs/ts310/lib/python3.10/site-packages/gym/envs/registration.py:595: UserWarning: [33mWARN: Overriding environment maze2d-open-dense-v0[0m
  logger.warn(f"Overriding environment {id}")
/home/jupyter-deuk-c4e4/.conda/envs/ts310/lib/python3.10/site-packages/gym/envs/registration.py:595: UserWarning: [33mWARN: Overriding environment maze2d-umaze-dense-v0[0m
  logger.warn(f"Overriding environment {id}")
/home/jupyter-deuk-c4e4/.conda/envs/ts310/lib/python3.10/site-packages/gym/envs/registration.py:595: UserWarning: [33mWARN: Overriding environment maze2d-medium-dense-v0[0m
  logger.warn(f"Overriding environment {id}")
/home/jupyter-deuk-c4e4/.conda/envs/ts310/lib/python3.10/site-packages/gym/envs/registration.py:595: UserWarning: [33mWARN: Overriding environment maze2d-large-dense-v0[0m
  logger.warn(f"Overriding environment {id}")
/home/jupyter-deuk-c4e4/.conda/envs/ts310/lib/python3.10/site-packages/gym/envs/registration.py:595: UserWarning: [33mWARN: Overriding environment maze2d-umaze-dense-v1[0m
  logger.warn(f"Overriding environment {id}")
/home/jupyter-deuk-c4e4/.conda/envs/ts310/lib/python3.10/site-packages/gym/envs/registration.py:595: UserWarning: [33mWARN: Overriding environment maze2d-medium-dense-v1[0m
  logger.warn(f"Overriding environment {id}")
/home/jupyter-deuk-c4e4/.conda/envs/ts310/lib/python3.10/site-packages/gym/envs/registration.py:595: UserWarning: [33mWARN: Overriding environment maze2d-large-dense-v1[0m
  logger.warn(f"Overriding environment {id}")
/home/jupyter-deuk-c4e4/.conda/envs/ts310/lib/python3.10/site-packages/gym/envs/registration.py:595: UserWarning: [33mWARN: Overriding environment maze2d-eval-umaze-dense-v1[0m
  logger.warn(f"Overriding environment {id}")
/home/jupyter-deuk-c4e4/.conda/envs/ts310/lib/python3.10/site-packages/gym/envs/registration.py:595: UserWarning: [33mWARN: Overriding environment maze2d-eval-medium-dense-v1[0m
  logger.warn(f"Overriding environment {id}")
/home/jupyter-deuk-c4e4/.conda/envs/ts310/lib/python3.10/site-packages/gym/envs/registration.py:595: UserWarning: [33mWARN: Overriding environment maze2d-eval-large-dense-v1[0m
  logger.warn(f"Overriding environment {id}")
/opt/dlami/nvme/home/jupyter-deuk-c4e4/temporal-straightening/custom_resolvers.py:4: UserWarning: 
The version_base parameter is not specified.
Please specify a compatability version level, or None.
Will assume defaults for version 1.1
  @hydra.main(config_path=None)
[2026-07-25 17:49:41,870][__main__][INFO] - Planning result saved dir: /opt/dlami/nvme/home/jupyter-deuk-c4e4/pusht-reproduction/patch_reproduction/plan/mpc_seed_300/chunk_40
/home/jupyter-deuk-c4e4/.conda/envs/ts310/lib/python3.10/site-packages/wandb/sdk/internal/internal_api.py:30: UserWarning: pkg_resources is deprecated as an API. See https://setuptools.pypa.io/en/latest/pkg_resources.html. The pkg_resources package is slated for removal as early as 2025-11-30. Refrain from using this package or pin to Setuptools<81.
  from pkg_resources import parse_version
Using cache found in /home/jupyter-deuk-c4e4/.cache/torch/hub/facebookresearch_dinov2_81b2b6419385
Loaded 18685 rollouts
Loaded 21 rollouts
[2026-07-25 17:49:44,276][dinov2][INFO] - using MLP layer as FFN
[2026-07-25 17:49:44,681][models.dino][WARNING] - Unknown projector 'none' for patch tokens; proceeding without projector.
Resuming from epoch 2: /home/jupyter-deuk-c4e4/pusht-reproduction/patch_reproduction/test/pusht_False_agg32_projnone_dim384_hw14_sgTrue_lr1e-06/checkpoints/model_2.pth
[2026-07-25 17:49:45,086][models.visual_world_model][INFO] - num_action_repeat: 1
[2026-07-25 17:49:45,086][models.visual_world_model][INFO] - num_proprio_repeat: 1
[2026-07-25 17:49:45,086][models.visual_world_model][INFO] - proprio encoder: ProprioceptiveEmbedding(
  (patch_embed): Conv1d(4, 10, kernel_size=(1,), stride=(1,))
  (norm): LayerNorm((10,), eps=1e-05, elementwise_affine=True)
)
[2026-07-25 17:49:45,086][models.visual_world_model][INFO] - action encoder: ProprioceptiveEmbedding(
  (patch_embed): Conv1d(10, 10, kernel_size=(1,), stride=(1,))
  (norm): LayerNorm((10,), eps=1e-05, elementwise_affine=True)
)
[2026-07-25 17:49:45,086][models.visual_world_model][INFO] - proprio_dim: 10, after repeat: 10
[2026-07-25 17:49:45,086][models.visual_world_model][INFO] - action_dim: 10, after repeat: 10
[2026-07-25 17:49:45,086][models.visual_world_model][INFO] - emb_dim: 404
[2026-07-25 17:49:45,086][models.visual_world_model][INFO] - Straightening disabled
[2026-07-25 17:49:45,086][models.visual_world_model][INFO] - Speed constancy disabled
[2026-07-25 17:49:45,086][models.visual_world_model][INFO] - Trajectory penalty disabled
[2026-07-25 17:49:45,086][models.visual_world_model][INFO] - Stop-grad enabled: True
[2026-07-25 17:49:45,086][models.visual_world_model][INFO] - VCReg enabled: False, apply_to=enc, std_coeff=0.0, cov_coeff=0.0
[2026-07-25 17:49:45,086][models.visual_world_model][INFO] - Model emb_dim: 404
[timing] setup_model_s=3.219
eval_seed:  [12001, 12301, 12601, 12901, 13201, 13501, 13801, 14101, 14401, 14701]
Dumped plan targets to /opt/dlami/nvme/home/jupyter-deuk-c4e4/pusht-reproduction/patch_reproduction/plan/mpc_seed_300/chunk_40/plan_targets.pkl
[timing] setup_workspace_s=6.736

MPC iter 0 Eval ------- 
Success rate:  0.0
{'success': array([False, False, False, False, False, False, False, False, False,
       False]), 'state_dist': array([ 95.27394 , 248.74345 , 247.21593 , 235.9106  ,  77.572075,
       174.31465 , 182.1135  , 279.3281  , 214.6339  , 200.9261  ],
      dtype=float32)}
self.is_success:  [False False False False False False False False False False]

MPC iter 1 Eval ------- 
Success rate:  0.0
{'success': array([False, False, False, False, False, False, False, False, False,
       False]), 'state_dist': array([ 71.069534, 235.53175 , 237.11871 , 202.3977  , 103.73101 ,
       164.40935 , 177.5389  , 281.31497 , 205.82506 , 205.17857 ],
      dtype=float32)}
self.is_success:  [False False False False False False False False False False]

MPC iter 2 Eval ------- 
Success rate:  0.0
{'success': array([False, False, False, False, False, False, False, False, False,
       False]), 'state_dist': array([ 61.126083, 218.5274  , 205.24739 , 167.0313  , 108.1347  ,
       160.17351 , 213.17924 , 225.4093  , 186.69955 , 211.00761 ],
      dtype=float32)}
self.is_success:  [False False False False False False False False False False]

MPC iter 3 Eval ------- 
Success rate:  0.0
{'success': array([False, False, False, False, False, False, False, False, False,
       False]), 'state_dist': array([ 78.290764, 198.85918 , 193.14128 , 199.32959 ,  78.14397 ,
       155.2254  , 196.64798 , 263.20447 , 130.43254 , 109.648224],
      dtype=float32)}
self.is_success:  [False False False False False False False False False False]

MPC iter 4 Eval ------- 
Success rate:  0.3
{'success': array([ True, False, False,  True, False, False, False, False,  True,
       False]), 'state_dist': array([ 46.487423, 182.10477 , 154.71013 ,  84.95979 ,  59.57133 ,
       211.73376 , 126.0478  , 164.94746 ,  50.10306 ,  37.40906 ],
      dtype=float32)}
self.is_success:  [ True False False  True False False False False  True False]

MPC iter 5 Eval ------- 
Success rate:  0.6
{'success': array([ True,  True, False,  True,  True, False,  True, False,  True,
       False]), 'state_dist': array([ 46.487423,  65.46045 , 122.048035,  84.95979 ,  34.581615,
       187.69829 ,  33.508152, 176.31264 ,  50.10306 ,  80.09142 ],
      dtype=float32)}
self.is_success:  [ True  True False  True  True False  True False  True False]

MPC iter 6 Eval ------- 
Success rate:  0.6
{'success': array([ True,  True, False,  True,  True, False,  True, False,  True,
       False]), 'state_dist': array([ 46.487423,  65.46045 , 112.60782 ,  84.95979 ,  34.581615,
       149.53609 ,  33.508152, 138.229   ,  50.10306 ,  59.543816],
      dtype=float32)}
self.is_success:  [ True  True False  True  True False  True False  True False]

MPC iter 7 Eval ------- 
Success rate:  0.7
{'success': array([ True,  True,  True,  True,  True, False,  True, False,  True,
       False]), 'state_dist': array([ 46.487423,  65.46045 ,  34.513103,  84.95979 ,  34.581615,
       131.56758 ,  33.508152, 153.10422 ,  50.10306 ,  54.017273],
      dtype=float32)}
self.is_success:  [ True  True  True  True  True False  True False  True False]

MPC iter 8 Eval ------- 
Success rate:  0.7
{'success': array([ True,  True,  True,  True,  True, False,  True, False,  True,
       False]), 'state_dist': array([ 46.487423,  65.46045 ,  34.513103,  84.95979 ,  34.581615,
       101.63445 ,  33.508152, 161.98622 ,  50.10306 ,  73.23856 ],
      dtype=float32)}
self.is_success:  [ True  True  True  True  True False  True False  True False]

MPC iter 9 Eval ------- 
Success rate:  0.7
{'success': array([ True,  True,  True,  True,  True, False,  True, False,  True,
       False]), 'state_dist': array([ 46.487423,  65.46045 ,  34.513103,  84.95979 ,  34.581615,
       117.46186 ,  33.508152, 133.33725 ,  50.10306 ,  76.271255],
      dtype=float32)}
self.is_success:  [ True  True  True  True  True False  True False  True False]

MPC iter 10 Eval ------- 
Success rate:  0.7
{'success': array([ True,  True,  True,  True,  True, False,  True, False,  True,
       False]), 'state_dist': array([ 46.487423,  65.46045 ,  34.513103,  84.95979 ,  34.581615,
       111.49519 ,  33.508152, 147.01073 ,  50.10306 ,  57.466618],
      dtype=float32)}
self.is_success:  [ True  True  True  True  True False  True False  True False]

MPC iter 11 Eval ------- 
Success rate:  0.7
{'success': array([ True,  True,  True,  True,  True, False,  True, False,  True,
       False]), 'state_dist': array([ 46.487423,  65.46045 ,  34.513103,  84.95979 ,  34.581615,
        98.24003 ,  33.508152, 122.93724 ,  50.10306 ,  64.27323 ],
      dtype=float32)}
self.is_success:  [ True  True  True  True  True False  True False  True False]

MPC iter 12 Eval ------- 
Success rate:  0.7
{'success': array([ True,  True,  True,  True,  True, False,  True, False,  True,
       False]), 'state_dist': array([ 46.487423,  65.46045 ,  34.513103,  84.95979 ,  34.581615,
       112.53762 ,  33.508152, 126.90177 ,  50.10306 ,  57.67902 ],
      dtype=float32)}
self.is_success:  [ True  True  True  True  True False  True False  True False]

MPC iter 13 Eval ------- 
Success rate:  0.7
{'success': array([ True,  True,  True,  True,  True, False,  True, False,  True,
       False]), 'state_dist': array([ 46.487423,  65.46045 ,  34.513103,  84.95979 ,  34.581615,
       120.06032 ,  33.508152, 122.477806,  50.10306 ,  64.013756],
      dtype=float32)}
self.is_success:  [ True  True  True  True  True False  True False  True False]

MPC iter 14 Eval ------- 
Success rate:  0.7
{'success': array([ True,  True,  True,  True,  True, False,  True, False,  True,
       False]), 'state_dist': array([ 46.487423,  65.46045 ,  34.513103,  84.95979 ,  34.581615,
       116.34428 ,  33.508152, 128.06664 ,  50.10306 ,  64.154594],
      dtype=float32)}
self.is_success:  [ True  True  True  True  True False  True False  True False]

MPC iter 15 Eval ------- 
Success rate:  0.7
{'success': array([ True,  True,  True,  True,  True, False,  True, False,  True,
       False]), 'state_dist': array([ 46.487423,  65.46045 ,  34.513103,  84.95979 ,  34.581615,
       113.821335,  33.508152, 127.20069 ,  50.10306 ,  65.18695 ],
      dtype=float32)}
self.is_success:  [ True  True  True  True  True False  True False  True False]

MPC iter 16 Eval ------- 
Success rate:  0.7
{'success': array([ True,  True,  True,  True,  True, False,  True, False,  True,
       False]), 'state_dist': array([ 46.487423,  65.46045 ,  34.513103,  84.95979 ,  34.581615,
       104.8821  ,  33.508152, 124.775826,  50.10306 ,  68.622986],
      dtype=float32)}
self.is_success:  [ True  True  True  True  True False  True False  True False]

MPC iter 17 Eval ------- 
Success rate:  0.7
{'success': array([ True,  True,  True,  True,  True, False,  True, False,  True,
       False]), 'state_dist': array([ 46.487423,  65.46045 ,  34.513103,  84.95979 ,  34.581615,
       118.11927 ,  33.508152, 126.42481 ,  50.10306 ,  65.82345 ],
      dtype=float32)}
self.is_success:  [ True  True  True  True  True False  True False  True False]

MPC iter 18 Eval ------- 
Success rate:  0.7
{'success': array([ True,  True,  True,  True,  True, False,  True, False,  True,
       False]), 'state_dist': array([ 46.487423,  65.46045 ,  34.513103,  84.95979 ,  34.581615,
       114.12098 ,  33.508152, 122.71068 ,  50.10306 ,  53.737457],
      dtype=float32)}
self.is_success:  [ True  True  True  True  True False  True False  True False]

MPC iter 19 Eval ------- 
Success rate:  0.7
{'success': array([ True,  True,  True,  True,  True, False,  True, False,  True,
       False]), 'state_dist': array([ 46.487423,  65.46045 ,  34.513103,  84.95979 ,  34.581615,
       109.514725,  33.508152, 124.16875 ,  50.10306 ,  71.428085],
      dtype=float32)}
self.is_success:  [ True  True  True  True  True False  True False  True False]
Success rate:  0.7
{'success': array([ True,  True,  True,  True,  True, False,  True, False,  True,
       False]), 'state_dist': array([ 46.487423,  65.46045 ,  34.513103,  84.95979 ,  34.581615,
       109.514725,  33.508152, 124.16875 ,  50.10306 ,  71.428085],
      dtype=float32)}
[timing] perform_planning_s=650.965
[timing] total_planning_main_s=660.920
PLAN_DONE cond=patch
