[config] set data_path=/home/jupyter-deuk-c4e4/data/pusht_noise in /home/jupyter-deuk-c4e4/pusht-reproduction/cls_reproduction/test/pusht_False_agg32_projnone_dim384_hw14_sgTrue_lr1e-06/hydra.yaml
===== cls gd seed 100 chunk 00 (n_evals=10) =====
/home/jupyter-deuk-c4e4/.conda/envs/ts310/lib/python3.10/site-packages/wandb/sdk/internal/internal_api.py:30: UserWarning: pkg_resources is deprecated as an API. See https://setuptools.pypa.io/en/latest/pkg_resources.html. The pkg_resources package is slated for removal as early as 2025-11-30. Refrain from using this package or pin to Setuptools<81.
  from pkg_resources import parse_version
/home/jupyter-deuk-c4e4/.conda/envs/ts310/lib/python3.10/site-packages/pkg_resources/__init__.py:3148: DeprecationWarning: Deprecated call to `pkg_resources.declare_namespace('mpl_toolkits')`.
Implementing implicit namespace packages (as specified in PEP 420) is preferred to `pkg_resources.declare_namespace`. See https://setuptools.pypa.io/en/latest/references/keywords.html#keyword-namespace-packages
  declare_namespace(pkg)
/home/jupyter-deuk-c4e4/.conda/envs/ts310/lib/python3.10/site-packages/pkg_resources/__init__.py:3148: DeprecationWarning: Deprecated call to `pkg_resources.declare_namespace('google')`.
Implementing implicit namespace packages (as specified in PEP 420) is preferred to `pkg_resources.declare_namespace`. See https://setuptools.pypa.io/en/latest/references/keywords.html#keyword-namespace-packages
  declare_namespace(pkg)
/home/jupyter-deuk-c4e4/.conda/envs/ts310/lib/python3.10/site-packages/Cython/Distutils/old_build_ext.py:15: DeprecationWarning: dep_util is Deprecated. Use functions from setuptools instead.
  from distutils.dep_util import newer, newer_group
<frozen importlib._bootstrap>:283: DeprecationWarning: the load_module() method is deprecated and slated for removal in Python 3.12; use exec_module() instead
Warning: Mujoco-based envs failed to import. Set the environment variable D4RL_SUPPRESS_IMPORT_ERROR=1 to suppress this message.
No module named 'mjrl'
Warning: Flow failed to import. Set the environment variable D4RL_SUPPRESS_IMPORT_ERROR=1 to suppress this message.
No module named 'flow'
Warning: CARLA failed to import. Set the environment variable D4RL_SUPPRESS_IMPORT_ERROR=1 to suppress this message.
No module named 'carla'
pybullet build time: Jan 29 2025 23:16:28
/home/jupyter-deuk-c4e4/.conda/envs/ts310/lib/python3.10/site-packages/gym/envs/registration.py:595: UserWarning: [33mWARN: Overriding environment maze2d-open-v0[0m
  logger.warn(f"Overriding environment {id}")
/home/jupyter-deuk-c4e4/.conda/envs/ts310/lib/python3.10/site-packages/gym/envs/registration.py:595: UserWarning: [33mWARN: Overriding environment maze2d-umaze-v0[0m
  logger.warn(f"Overriding environment {id}")
/home/jupyter-deuk-c4e4/.conda/envs/ts310/lib/python3.10/site-packages/gym/envs/registration.py:595: UserWarning: [33mWARN: Overriding environment maze2d-medium-v0[0m
  logger.warn(f"Overriding environment {id}")
/home/jupyter-deuk-c4e4/.conda/envs/ts310/lib/python3.10/site-packages/gym/envs/registration.py:595: UserWarning: [33mWARN: Overriding environment maze2d-large-v0[0m
  logger.warn(f"Overriding environment {id}")
/home/jupyter-deuk-c4e4/.conda/envs/ts310/lib/python3.10/site-packages/gym/envs/registration.py:595: UserWarning: [33mWARN: Overriding environment maze2d-umaze-v1[0m
  logger.warn(f"Overriding environment {id}")
/home/jupyter-deuk-c4e4/.conda/envs/ts310/lib/python3.10/site-packages/gym/envs/registration.py:595: UserWarning: [33mWARN: Overriding environment maze2d-medium-v1[0m
  logger.warn(f"Overriding environment {id}")
/home/jupyter-deuk-c4e4/.conda/envs/ts310/lib/python3.10/site-packages/gym/envs/registration.py:595: UserWarning: [33mWARN: Overriding environment maze2d-large-v1[0m
  logger.warn(f"Overriding environment {id}")
/home/jupyter-deuk-c4e4/.conda/envs/ts310/lib/python3.10/site-packages/gym/envs/registration.py:595: UserWarning: [33mWARN: Overriding environment maze2d-eval-umaze-v1[0m
  logger.warn(f"Overriding environment {id}")
/home/jupyter-deuk-c4e4/.conda/envs/ts310/lib/python3.10/site-packages/gym/envs/registration.py:595: UserWarning: [33mWARN: Overriding environment maze2d-eval-medium-v1[0m
  logger.warn(f"Overriding environment {id}")
/home/jupyter-deuk-c4e4/.conda/envs/ts310/lib/python3.10/site-packages/gym/envs/registration.py:595: UserWarning: [33mWARN: Overriding environment maze2d-eval-large-v1[0m
  logger.warn(f"Overriding environment {id}")
/home/jupyter-deuk-c4e4/.conda/envs/ts310/lib/python3.10/site-packages/gym/envs/registration.py:595: UserWarning: [33mWARN: Overriding environment maze2d-open-dense-v0[0m
  logger.warn(f"Overriding environment {id}")
/home/jupyter-deuk-c4e4/.conda/envs/ts310/lib/python3.10/site-packages/gym/envs/registration.py:595: UserWarning: [33mWARN: Overriding environment maze2d-umaze-dense-v0[0m
  logger.warn(f"Overriding environment {id}")
/home/jupyter-deuk-c4e4/.conda/envs/ts310/lib/python3.10/site-packages/gym/envs/registration.py:595: UserWarning: [33mWARN: Overriding environment maze2d-medium-dense-v0[0m
  logger.warn(f"Overriding environment {id}")
/home/jupyter-deuk-c4e4/.conda/envs/ts310/lib/python3.10/site-packages/gym/envs/registration.py:595: UserWarning: [33mWARN: Overriding environment maze2d-large-dense-v0[0m
  logger.warn(f"Overriding environment {id}")
/home/jupyter-deuk-c4e4/.conda/envs/ts310/lib/python3.10/site-packages/gym/envs/registration.py:595: UserWarning: [33mWARN: Overriding environment maze2d-umaze-dense-v1[0m
  logger.warn(f"Overriding environment {id}")
/home/jupyter-deuk-c4e4/.conda/envs/ts310/lib/python3.10/site-packages/gym/envs/registration.py:595: UserWarning: [33mWARN: Overriding environment maze2d-medium-dense-v1[0m
  logger.warn(f"Overriding environment {id}")
/home/jupyter-deuk-c4e4/.conda/envs/ts310/lib/python3.10/site-packages/gym/envs/registration.py:595: UserWarning: [33mWARN: Overriding environment maze2d-large-dense-v1[0m
  logger.warn(f"Overriding environment {id}")
/home/jupyter-deuk-c4e4/.conda/envs/ts310/lib/python3.10/site-packages/gym/envs/registration.py:595: UserWarning: [33mWARN: Overriding environment maze2d-eval-umaze-dense-v1[0m
  logger.warn(f"Overriding environment {id}")
/home/jupyter-deuk-c4e4/.conda/envs/ts310/lib/python3.10/site-packages/gym/envs/registration.py:595: UserWarning: [33mWARN: Overriding environment maze2d-eval-medium-dense-v1[0m
  logger.warn(f"Overriding environment {id}")
/home/jupyter-deuk-c4e4/.conda/envs/ts310/lib/python3.10/site-packages/gym/envs/registration.py:595: UserWarning: [33mWARN: Overriding environment maze2d-eval-large-dense-v1[0m
  logger.warn(f"Overriding environment {id}")
/opt/dlami/nvme/home/jupyter-deuk-c4e4/temporal-straightening/custom_resolvers.py:4: UserWarning: 
The version_base parameter is not specified.
Please specify a compatability version level, or None.
Will assume defaults for version 1.1
  @hydra.main(config_path=None)
[2026-07-25 15:02:32,477][__main__][INFO] - Planning result saved dir: /opt/dlami/nvme/home/jupyter-deuk-c4e4/pusht-reproduction/cls_reproduction/plan/gd_seed_100/chunk_00
/home/jupyter-deuk-c4e4/.conda/envs/ts310/lib/python3.10/site-packages/wandb/sdk/internal/internal_api.py:30: UserWarning: pkg_resources is deprecated as an API. See https://setuptools.pypa.io/en/latest/pkg_resources.html. The pkg_resources package is slated for removal as early as 2025-11-30. Refrain from using this package or pin to Setuptools<81.
  from pkg_resources import parse_version
Using cache found in /home/jupyter-deuk-c4e4/.cache/torch/hub/facebookresearch_dinov2_81b2b6419385
Loaded 18685 rollouts
Loaded 21 rollouts
[2026-07-25 15:02:35,368][dinov2][INFO] - using MLP layer as FFN
[2026-07-25 15:02:38,932][models.dino][WARNING] - Unknown projector 'none' for patch tokens; proceeding without projector.
Resuming from epoch 2: /home/jupyter-deuk-c4e4/pusht-reproduction/cls_reproduction/test/pusht_False_agg32_projnone_dim384_hw14_sgTrue_lr1e-06/checkpoints/model_2.pth
[2026-07-25 15:02:39,545][models.visual_world_model][INFO] - num_action_repeat: 1
[2026-07-25 15:02:39,546][models.visual_world_model][INFO] - num_proprio_repeat: 1
[2026-07-25 15:02:39,546][models.visual_world_model][INFO] - proprio encoder: ProprioceptiveEmbedding(
  (patch_embed): Conv1d(4, 10, kernel_size=(1,), stride=(1,))
  (norm): LayerNorm((10,), eps=1e-05, elementwise_affine=True)
)
[2026-07-25 15:02:39,546][models.visual_world_model][INFO] - action encoder: ProprioceptiveEmbedding(
  (patch_embed): Conv1d(10, 10, kernel_size=(1,), stride=(1,))
  (norm): LayerNorm((10,), eps=1e-05, elementwise_affine=True)
)
[2026-07-25 15:02:39,546][models.visual_world_model][INFO] - proprio_dim: 10, after repeat: 10
[2026-07-25 15:02:39,546][models.visual_world_model][INFO] - action_dim: 10, after repeat: 10
[2026-07-25 15:02:39,546][models.visual_world_model][INFO] - emb_dim: 404
[2026-07-25 15:02:39,546][models.visual_world_model][INFO] - Straightening disabled
[2026-07-25 15:02:39,546][models.visual_world_model][INFO] - Speed constancy disabled
[2026-07-25 15:02:39,546][models.visual_world_model][INFO] - Trajectory penalty disabled
[2026-07-25 15:02:39,546][models.visual_world_model][INFO] - Stop-grad enabled: True
[2026-07-25 15:02:39,547][models.visual_world_model][INFO] - VCReg enabled: False, apply_to=enc, std_coeff=0.0, cov_coeff=0.0
[2026-07-25 15:02:39,547][models.visual_world_model][INFO] - Model emb_dim: 404
[timing] setup_model_s=7.087
eval_seed:  [1, 101, 201, 301, 401, 501, 601, 701, 801, 901]
Dumped plan targets to /opt/dlami/nvme/home/jupyter-deuk-c4e4/pusht-reproduction/cls_reproduction/plan/gd_seed_100/chunk_00/plan_targets.pkl
[timing] setup_workspace_s=6.173

MPC iter 0 Eval ------- 
Success rate:  0.2
{'success': array([False, False, False, False,  True, False, False, False, False,
        True]), 'state_dist': array([46.317657, 57.168434, 59.21239 , 41.946796, 21.406164, 66.24503 ,
       52.87114 , 51.809265, 56.881824, 14.671686], dtype=float32)}
self.is_success:  [False False False False  True False False False False  True]
Success rate:  0.2
{'success': array([False, False, False, False,  True, False, False, False, False,
        True]), 'state_dist': array([46.317657, 57.168434, 59.21239 , 41.946796, 21.406164, 66.24503 ,
       52.87114 , 51.809265, 56.881824, 14.671686], dtype=float32)}
[timing] perform_planning_s=6.135
[timing] total_planning_main_s=19.395
===== cls gd seed 100 chunk 10 (n_evals=10) =====
/home/jupyter-deuk-c4e4/.conda/envs/ts310/lib/python3.10/site-packages/wandb/sdk/internal/internal_api.py:30: UserWarning: pkg_resources is deprecated as an API. See https://setuptools.pypa.io/en/latest/pkg_resources.html. The pkg_resources package is slated for removal as early as 2025-11-30. Refrain from using this package or pin to Setuptools<81.
  from pkg_resources import parse_version
/home/jupyter-deuk-c4e4/.conda/envs/ts310/lib/python3.10/site-packages/pkg_resources/__init__.py:3148: DeprecationWarning: Deprecated call to `pkg_resources.declare_namespace('mpl_toolkits')`.
Implementing implicit namespace packages (as specified in PEP 420) is preferred to `pkg_resources.declare_namespace`. See https://setuptools.pypa.io/en/latest/references/keywords.html#keyword-namespace-packages
  declare_namespace(pkg)
/home/jupyter-deuk-c4e4/.conda/envs/ts310/lib/python3.10/site-packages/pkg_resources/__init__.py:3148: DeprecationWarning: Deprecated call to `pkg_resources.declare_namespace('google')`.
Implementing implicit namespace packages (as specified in PEP 420) is preferred to `pkg_resources.declare_namespace`. See https://setuptools.pypa.io/en/latest/references/keywords.html#keyword-namespace-packages
  declare_namespace(pkg)
/home/jupyter-deuk-c4e4/.conda/envs/ts310/lib/python3.10/site-packages/Cython/Distutils/old_build_ext.py:15: DeprecationWarning: dep_util is Deprecated. Use functions from setuptools instead.
  from distutils.dep_util import newer, newer_group
<frozen importlib._bootstrap>:283: DeprecationWarning: the load_module() method is deprecated and slated for removal in Python 3.12; use exec_module() instead
Warning: Mujoco-based envs failed to import. Set the environment variable D4RL_SUPPRESS_IMPORT_ERROR=1 to suppress this message.
No module named 'mjrl'
Warning: Flow failed to import. Set the environment variable D4RL_SUPPRESS_IMPORT_ERROR=1 to suppress this message.
No module named 'flow'
Warning: CARLA failed to import. Set the environment variable D4RL_SUPPRESS_IMPORT_ERROR=1 to suppress this message.
No module named 'carla'
pybullet build time: Jan 29 2025 23:16:28
/home/jupyter-deuk-c4e4/.conda/envs/ts310/lib/python3.10/site-packages/gym/envs/registration.py:595: UserWarning: [33mWARN: Overriding environment maze2d-open-v0[0m
  logger.warn(f"Overriding environment {id}")
/home/jupyter-deuk-c4e4/.conda/envs/ts310/lib/python3.10/site-packages/gym/envs/registration.py:595: UserWarning: [33mWARN: Overriding environment maze2d-umaze-v0[0m
  logger.warn(f"Overriding environment {id}")
/home/jupyter-deuk-c4e4/.conda/envs/ts310/lib/python3.10/site-packages/gym/envs/registration.py:595: UserWarning: [33mWARN: Overriding environment maze2d-medium-v0[0m
  logger.warn(f"Overriding environment {id}")
/home/jupyter-deuk-c4e4/.conda/envs/ts310/lib/python3.10/site-packages/gym/envs/registration.py:595: UserWarning: [33mWARN: Overriding environment maze2d-large-v0[0m
  logger.warn(f"Overriding environment {id}")
/home/jupyter-deuk-c4e4/.conda/envs/ts310/lib/python3.10/site-packages/gym/envs/registration.py:595: UserWarning: [33mWARN: Overriding environment maze2d-umaze-v1[0m
  logger.warn(f"Overriding environment {id}")
/home/jupyter-deuk-c4e4/.conda/envs/ts310/lib/python3.10/site-packages/gym/envs/registration.py:595: UserWarning: [33mWARN: Overriding environment maze2d-medium-v1[0m
  logger.warn(f"Overriding environment {id}")
/home/jupyter-deuk-c4e4/.conda/envs/ts310/lib/python3.10/site-packages/gym/envs/registration.py:595: UserWarning: [33mWARN: Overriding environment maze2d-large-v1[0m
  logger.warn(f"Overriding environment {id}")
/home/jupyter-deuk-c4e4/.conda/envs/ts310/lib/python3.10/site-packages/gym/envs/registration.py:595: UserWarning: [33mWARN: Overriding environment maze2d-eval-umaze-v1[0m
  logger.warn(f"Overriding environment {id}")
/home/jupyter-deuk-c4e4/.conda/envs/ts310/lib/python3.10/site-packages/gym/envs/registration.py:595: UserWarning: [33mWARN: Overriding environment maze2d-eval-medium-v1[0m
  logger.warn(f"Overriding environment {id}")
/home/jupyter-deuk-c4e4/.conda/envs/ts310/lib/python3.10/site-packages/gym/envs/registration.py:595: UserWarning: [33mWARN: Overriding environment maze2d-eval-large-v1[0m
  logger.warn(f"Overriding environment {id}")
/home/jupyter-deuk-c4e4/.conda/envs/ts310/lib/python3.10/site-packages/gym/envs/registration.py:595: UserWarning: [33mWARN: Overriding environment maze2d-open-dense-v0[0m
  logger.warn(f"Overriding environment {id}")
/home/jupyter-deuk-c4e4/.conda/envs/ts310/lib/python3.10/site-packages/gym/envs/registration.py:595: UserWarning: [33mWARN: Overriding environment maze2d-umaze-dense-v0[0m
  logger.warn(f"Overriding environment {id}")
/home/jupyter-deuk-c4e4/.conda/envs/ts310/lib/python3.10/site-packages/gym/envs/registration.py:595: UserWarning: [33mWARN: Overriding environment maze2d-medium-dense-v0[0m
  logger.warn(f"Overriding environment {id}")
/home/jupyter-deuk-c4e4/.conda/envs/ts310/lib/python3.10/site-packages/gym/envs/registration.py:595: UserWarning: [33mWARN: Overriding environment maze2d-large-dense-v0[0m
  logger.warn(f"Overriding environment {id}")
/home/jupyter-deuk-c4e4/.conda/envs/ts310/lib/python3.10/site-packages/gym/envs/registration.py:595: UserWarning: [33mWARN: Overriding environment maze2d-umaze-dense-v1[0m
  logger.warn(f"Overriding environment {id}")
/home/jupyter-deuk-c4e4/.conda/envs/ts310/lib/python3.10/site-packages/gym/envs/registration.py:595: UserWarning: [33mWARN: Overriding environment maze2d-medium-dense-v1[0m
  logger.warn(f"Overriding environment {id}")
/home/jupyter-deuk-c4e4/.conda/envs/ts310/lib/python3.10/site-packages/gym/envs/registration.py:595: UserWarning: [33mWARN: Overriding environment maze2d-large-dense-v1[0m
  logger.warn(f"Overriding environment {id}")
/home/jupyter-deuk-c4e4/.conda/envs/ts310/lib/python3.10/site-packages/gym/envs/registration.py:595: UserWarning: [33mWARN: Overriding environment maze2d-eval-umaze-dense-v1[0m
  logger.warn(f"Overriding environment {id}")
/home/jupyter-deuk-c4e4/.conda/envs/ts310/lib/python3.10/site-packages/gym/envs/registration.py:595: UserWarning: [33mWARN: Overriding environment maze2d-eval-medium-dense-v1[0m
  logger.warn(f"Overriding environment {id}")
/home/jupyter-deuk-c4e4/.conda/envs/ts310/lib/python3.10/site-packages/gym/envs/registration.py:595: UserWarning: [33mWARN: Overriding environment maze2d-eval-large-dense-v1[0m
  logger.warn(f"Overriding environment {id}")
/opt/dlami/nvme/home/jupyter-deuk-c4e4/temporal-straightening/custom_resolvers.py:4: UserWarning: 
The version_base parameter is not specified.
Please specify a compatability version level, or None.
Will assume defaults for version 1.1
  @hydra.main(config_path=None)
[2026-07-25 15:02:57,062][__main__][INFO] - Planning result saved dir: /opt/dlami/nvme/home/jupyter-deuk-c4e4/pusht-reproduction/cls_reproduction/plan/gd_seed_100/chunk_10
/home/jupyter-deuk-c4e4/.conda/envs/ts310/lib/python3.10/site-packages/wandb/sdk/internal/internal_api.py:30: UserWarning: pkg_resources is deprecated as an API. See https://setuptools.pypa.io/en/latest/pkg_resources.html. The pkg_resources package is slated for removal as early as 2025-11-30. Refrain from using this package or pin to Setuptools<81.
  from pkg_resources import parse_version
Using cache found in /home/jupyter-deuk-c4e4/.cache/torch/hub/facebookresearch_dinov2_81b2b6419385
Loaded 18685 rollouts
Loaded 21 rollouts
[2026-07-25 15:02:59,568][dinov2][INFO] - using MLP layer as FFN
[2026-07-25 15:02:59,969][models.dino][WARNING] - Unknown projector 'none' for patch tokens; proceeding without projector.
Resuming from epoch 2: /home/jupyter-deuk-c4e4/pusht-reproduction/cls_reproduction/test/pusht_False_agg32_projnone_dim384_hw14_sgTrue_lr1e-06/checkpoints/model_2.pth
[2026-07-25 15:03:00,366][models.visual_world_model][INFO] - num_action_repeat: 1
[2026-07-25 15:03:00,366][models.visual_world_model][INFO] - num_proprio_repeat: 1
[2026-07-25 15:03:00,366][models.visual_world_model][INFO] - proprio encoder: ProprioceptiveEmbedding(
  (patch_embed): Conv1d(4, 10, kernel_size=(1,), stride=(1,))
  (norm): LayerNorm((10,), eps=1e-05, elementwise_affine=True)
)
[2026-07-25 15:03:00,366][models.visual_world_model][INFO] - action encoder: ProprioceptiveEmbedding(
  (patch_embed): Conv1d(10, 10, kernel_size=(1,), stride=(1,))
  (norm): LayerNorm((10,), eps=1e-05, elementwise_affine=True)
)
[2026-07-25 15:03:00,366][models.visual_world_model][INFO] - proprio_dim: 10, after repeat: 10
[2026-07-25 15:03:00,366][models.visual_world_model][INFO] - action_dim: 10, after repeat: 10
[2026-07-25 15:03:00,367][models.visual_world_model][INFO] - emb_dim: 404
[2026-07-25 15:03:00,367][models.visual_world_model][INFO] - Straightening disabled
[2026-07-25 15:03:00,367][models.visual_world_model][INFO] - Speed constancy disabled
[2026-07-25 15:03:00,367][models.visual_world_model][INFO] - Trajectory penalty disabled
[2026-07-25 15:03:00,367][models.visual_world_model][INFO] - Stop-grad enabled: True
[2026-07-25 15:03:00,367][models.visual_world_model][INFO] - VCReg enabled: False, apply_to=enc, std_coeff=0.0, cov_coeff=0.0
[2026-07-25 15:03:00,367][models.visual_world_model][INFO] - Model emb_dim: 404
[timing] setup_model_s=3.307
eval_seed:  [1001, 1101, 1201, 1301, 1401, 1501, 1601, 1701, 1801, 1901]
Dumped plan targets to /opt/dlami/nvme/home/jupyter-deuk-c4e4/pusht-reproduction/cls_reproduction/plan/gd_seed_100/chunk_10/plan_targets.pkl
[timing] setup_workspace_s=4.768

MPC iter 0 Eval ------- 
Success rate:  0.0
{'success': array([False, False, False, False, False, False, False, False, False,
       False]), 'state_dist': array([ 22.352411,  56.783627, 197.3637  ,  24.018406,  45.23508 ,
        28.163988,  61.80383 ,  63.458088,  50.34423 ,  59.318504],
      dtype=float32)}
self.is_success:  [False False False False False False False False False False]
Success rate:  0.0
{'success': array([False, False, False, False, False, False, False, False, False,
       False]), 'state_dist': array([ 22.352411,  56.783627, 197.3637  ,  24.018406,  45.23508 ,
        28.163988,  61.80383 ,  63.458088,  50.34423 ,  59.318504],
      dtype=float32)}
[timing] perform_planning_s=7.016
[timing] total_planning_main_s=15.091
===== cls gd seed 100 chunk 20 (n_evals=10) =====
/home/jupyter-deuk-c4e4/.conda/envs/ts310/lib/python3.10/site-packages/wandb/sdk/internal/internal_api.py:30: UserWarning: pkg_resources is deprecated as an API. See https://setuptools.pypa.io/en/latest/pkg_resources.html. The pkg_resources package is slated for removal as early as 2025-11-30. Refrain from using this package or pin to Setuptools<81.
  from pkg_resources import parse_version
/home/jupyter-deuk-c4e4/.conda/envs/ts310/lib/python3.10/site-packages/pkg_resources/__init__.py:3148: DeprecationWarning: Deprecated call to `pkg_resources.declare_namespace('mpl_toolkits')`.
Implementing implicit namespace packages (as specified in PEP 420) is preferred to `pkg_resources.declare_namespace`. See https://setuptools.pypa.io/en/latest/references/keywords.html#keyword-namespace-packages
  declare_namespace(pkg)
/home/jupyter-deuk-c4e4/.conda/envs/ts310/lib/python3.10/site-packages/pkg_resources/__init__.py:3148: DeprecationWarning: Deprecated call to `pkg_resources.declare_namespace('google')`.
Implementing implicit namespace packages (as specified in PEP 420) is preferred to `pkg_resources.declare_namespace`. See https://setuptools.pypa.io/en/latest/references/keywords.html#keyword-namespace-packages
  declare_namespace(pkg)
/home/jupyter-deuk-c4e4/.conda/envs/ts310/lib/python3.10/site-packages/Cython/Distutils/old_build_ext.py:15: DeprecationWarning: dep_util is Deprecated. Use functions from setuptools instead.
  from distutils.dep_util import newer, newer_group
<frozen importlib._bootstrap>:283: DeprecationWarning: the load_module() method is deprecated and slated for removal in Python 3.12; use exec_module() instead
Warning: Mujoco-based envs failed to import. Set the environment variable D4RL_SUPPRESS_IMPORT_ERROR=1 to suppress this message.
No module named 'mjrl'
Warning: Flow failed to import. Set the environment variable D4RL_SUPPRESS_IMPORT_ERROR=1 to suppress this message.
No module named 'flow'
Warning: CARLA failed to import. Set the environment variable D4RL_SUPPRESS_IMPORT_ERROR=1 to suppress this message.
No module named 'carla'
pybullet build time: Jan 29 2025 23:16:28
/home/jupyter-deuk-c4e4/.conda/envs/ts310/lib/python3.10/site-packages/gym/envs/registration.py:595: UserWarning: [33mWARN: Overriding environment maze2d-open-v0[0m
  logger.warn(f"Overriding environment {id}")
/home/jupyter-deuk-c4e4/.conda/envs/ts310/lib/python3.10/site-packages/gym/envs/registration.py:595: UserWarning: [33mWARN: Overriding environment maze2d-umaze-v0[0m
  logger.warn(f"Overriding environment {id}")
/home/jupyter-deuk-c4e4/.conda/envs/ts310/lib/python3.10/site-packages/gym/envs/registration.py:595: UserWarning: [33mWARN: Overriding environment maze2d-medium-v0[0m
  logger.warn(f"Overriding environment {id}")
/home/jupyter-deuk-c4e4/.conda/envs/ts310/lib/python3.10/site-packages/gym/envs/registration.py:595: UserWarning: [33mWARN: Overriding environment maze2d-large-v0[0m
  logger.warn(f"Overriding environment {id}")
/home/jupyter-deuk-c4e4/.conda/envs/ts310/lib/python3.10/site-packages/gym/envs/registration.py:595: UserWarning: [33mWARN: Overriding environment maze2d-umaze-v1[0m
  logger.warn(f"Overriding environment {id}")
/home/jupyter-deuk-c4e4/.conda/envs/ts310/lib/python3.10/site-packages/gym/envs/registration.py:595: UserWarning: [33mWARN: Overriding environment maze2d-medium-v1[0m
  logger.warn(f"Overriding environment {id}")
/home/jupyter-deuk-c4e4/.conda/envs/ts310/lib/python3.10/site-packages/gym/envs/registration.py:595: UserWarning: [33mWARN: Overriding environment maze2d-large-v1[0m
  logger.warn(f"Overriding environment {id}")
/home/jupyter-deuk-c4e4/.conda/envs/ts310/lib/python3.10/site-packages/gym/envs/registration.py:595: UserWarning: [33mWARN: Overriding environment maze2d-eval-umaze-v1[0m
  logger.warn(f"Overriding environment {id}")
/home/jupyter-deuk-c4e4/.conda/envs/ts310/lib/python3.10/site-packages/gym/envs/registration.py:595: UserWarning: [33mWARN: Overriding environment maze2d-eval-medium-v1[0m
  logger.warn(f"Overriding environment {id}")
/home/jupyter-deuk-c4e4/.conda/envs/ts310/lib/python3.10/site-packages/gym/envs/registration.py:595: UserWarning: [33mWARN: Overriding environment maze2d-eval-large-v1[0m
  logger.warn(f"Overriding environment {id}")
/home/jupyter-deuk-c4e4/.conda/envs/ts310/lib/python3.10/site-packages/gym/envs/registration.py:595: UserWarning: [33mWARN: Overriding environment maze2d-open-dense-v0[0m
  logger.warn(f"Overriding environment {id}")
/home/jupyter-deuk-c4e4/.conda/envs/ts310/lib/python3.10/site-packages/gym/envs/registration.py:595: UserWarning: [33mWARN: Overriding environment maze2d-umaze-dense-v0[0m
  logger.warn(f"Overriding environment {id}")
/home/jupyter-deuk-c4e4/.conda/envs/ts310/lib/python3.10/site-packages/gym/envs/registration.py:595: UserWarning: [33mWARN: Overriding environment maze2d-medium-dense-v0[0m
  logger.warn(f"Overriding environment {id}")
/home/jupyter-deuk-c4e4/.conda/envs/ts310/lib/python3.10/site-packages/gym/envs/registration.py:595: UserWarning: [33mWARN: Overriding environment maze2d-large-dense-v0[0m
  logger.warn(f"Overriding environment {id}")
/home/jupyter-deuk-c4e4/.conda/envs/ts310/lib/python3.10/site-packages/gym/envs/registration.py:595: UserWarning: [33mWARN: Overriding environment maze2d-umaze-dense-v1[0m
  logger.warn(f"Overriding environment {id}")
/home/jupyter-deuk-c4e4/.conda/envs/ts310/lib/python3.10/site-packages/gym/envs/registration.py:595: UserWarning: [33mWARN: Overriding environment maze2d-medium-dense-v1[0m
  logger.warn(f"Overriding environment {id}")
/home/jupyter-deuk-c4e4/.conda/envs/ts310/lib/python3.10/site-packages/gym/envs/registration.py:595: UserWarning: [33mWARN: Overriding environment maze2d-large-dense-v1[0m
  logger.warn(f"Overriding environment {id}")
/home/jupyter-deuk-c4e4/.conda/envs/ts310/lib/python3.10/site-packages/gym/envs/registration.py:595: UserWarning: [33mWARN: Overriding environment maze2d-eval-umaze-dense-v1[0m
  logger.warn(f"Overriding environment {id}")
/home/jupyter-deuk-c4e4/.conda/envs/ts310/lib/python3.10/site-packages/gym/envs/registration.py:595: UserWarning: [33mWARN: Overriding environment maze2d-eval-medium-dense-v1[0m
  logger.warn(f"Overriding environment {id}")
/home/jupyter-deuk-c4e4/.conda/envs/ts310/lib/python3.10/site-packages/gym/envs/registration.py:595: UserWarning: [33mWARN: Overriding environment maze2d-eval-large-dense-v1[0m
  logger.warn(f"Overriding environment {id}")
/opt/dlami/nvme/home/jupyter-deuk-c4e4/temporal-straightening/custom_resolvers.py:4: UserWarning: 
The version_base parameter is not specified.
Please specify a compatability version level, or None.
Will assume defaults for version 1.1
  @hydra.main(config_path=None)
[2026-07-25 15:03:17,583][__main__][INFO] - Planning result saved dir: /opt/dlami/nvme/home/jupyter-deuk-c4e4/pusht-reproduction/cls_reproduction/plan/gd_seed_100/chunk_20
/home/jupyter-deuk-c4e4/.conda/envs/ts310/lib/python3.10/site-packages/wandb/sdk/internal/internal_api.py:30: UserWarning: pkg_resources is deprecated as an API. See https://setuptools.pypa.io/en/latest/pkg_resources.html. The pkg_resources package is slated for removal as early as 2025-11-30. Refrain from using this package or pin to Setuptools<81.
  from pkg_resources import parse_version
Using cache found in /home/jupyter-deuk-c4e4/.cache/torch/hub/facebookresearch_dinov2_81b2b6419385
Loaded 18685 rollouts
Loaded 21 rollouts
[2026-07-25 15:03:20,790][dinov2][INFO] - using MLP layer as FFN
[2026-07-25 15:03:21,458][models.dino][WARNING] - Unknown projector 'none' for patch tokens; proceeding without projector.
Resuming from epoch 2: /home/jupyter-deuk-c4e4/pusht-reproduction/cls_reproduction/test/pusht_False_agg32_projnone_dim384_hw14_sgTrue_lr1e-06/checkpoints/model_2.pth
[2026-07-25 15:03:21,898][models.visual_world_model][INFO] - num_action_repeat: 1
[2026-07-25 15:03:21,898][models.visual_world_model][INFO] - num_proprio_repeat: 1
[2026-07-25 15:03:21,898][models.visual_world_model][INFO] - proprio encoder: ProprioceptiveEmbedding(
  (patch_embed): Conv1d(4, 10, kernel_size=(1,), stride=(1,))
  (norm): LayerNorm((10,), eps=1e-05, elementwise_affine=True)
)
[2026-07-25 15:03:21,899][models.visual_world_model][INFO] - action encoder: ProprioceptiveEmbedding(
  (patch_embed): Conv1d(10, 10, kernel_size=(1,), stride=(1,))
  (norm): LayerNorm((10,), eps=1e-05, elementwise_affine=True)
)
[2026-07-25 15:03:21,899][models.visual_world_model][INFO] - proprio_dim: 10, after repeat: 10
[2026-07-25 15:03:21,899][models.visual_world_model][INFO] - action_dim: 10, after repeat: 10
[2026-07-25 15:03:21,899][models.visual_world_model][INFO] - emb_dim: 404
[2026-07-25 15:03:21,899][models.visual_world_model][INFO] - Straightening disabled
[2026-07-25 15:03:21,899][models.visual_world_model][INFO] - Speed constancy disabled
[2026-07-25 15:03:21,899][models.visual_world_model][INFO] - Trajectory penalty disabled
[2026-07-25 15:03:21,899][models.visual_world_model][INFO] - Stop-grad enabled: True
[2026-07-25 15:03:21,899][models.visual_world_model][INFO] - VCReg enabled: False, apply_to=enc, std_coeff=0.0, cov_coeff=0.0
[2026-07-25 15:03:21,899][models.visual_world_model][INFO] - Model emb_dim: 404
[timing] setup_model_s=4.318
eval_seed:  [2001, 2101, 2201, 2301, 2401, 2501, 2601, 2701, 2801, 2901]
Dumped plan targets to /opt/dlami/nvme/home/jupyter-deuk-c4e4/pusht-reproduction/cls_reproduction/plan/gd_seed_100/chunk_20/plan_targets.pkl
[timing] setup_workspace_s=6.265

MPC iter 0 Eval ------- 
Success rate:  0.2
{'success': array([False, False,  True, False, False, False, False, False, False,
        True]), 'state_dist': array([ 97.36624 ,  32.921326,  76.50284 ,  61.518173,  98.44742 ,
       212.94093 ,  53.49814 ,  38.802795,  38.30587 ,  20.890657],
      dtype=float32)}
self.is_success:  [False False  True False False False False False False  True]
Success rate:  0.2
{'success': array([False, False,  True, False, False, False, False, False, False,
        True]), 'state_dist': array([ 97.36624 ,  32.921326,  76.50284 ,  61.518173,  98.44742 ,
       212.94093 ,  53.49814 ,  38.802795,  38.30587 ,  20.890657],
      dtype=float32)}
[timing] perform_planning_s=7.480
[timing] total_planning_main_s=18.063
===== cls gd seed 100 chunk 30 (n_evals=10) =====
/home/jupyter-deuk-c4e4/.conda/envs/ts310/lib/python3.10/site-packages/wandb/sdk/internal/internal_api.py:30: UserWarning: pkg_resources is deprecated as an API. See https://setuptools.pypa.io/en/latest/pkg_resources.html. The pkg_resources package is slated for removal as early as 2025-11-30. Refrain from using this package or pin to Setuptools<81.
  from pkg_resources import parse_version
/home/jupyter-deuk-c4e4/.conda/envs/ts310/lib/python3.10/site-packages/pkg_resources/__init__.py:3148: DeprecationWarning: Deprecated call to `pkg_resources.declare_namespace('mpl_toolkits')`.
Implementing implicit namespace packages (as specified in PEP 420) is preferred to `pkg_resources.declare_namespace`. See https://setuptools.pypa.io/en/latest/references/keywords.html#keyword-namespace-packages
  declare_namespace(pkg)
/home/jupyter-deuk-c4e4/.conda/envs/ts310/lib/python3.10/site-packages/pkg_resources/__init__.py:3148: DeprecationWarning: Deprecated call to `pkg_resources.declare_namespace('google')`.
Implementing implicit namespace packages (as specified in PEP 420) is preferred to `pkg_resources.declare_namespace`. See https://setuptools.pypa.io/en/latest/references/keywords.html#keyword-namespace-packages
  declare_namespace(pkg)
/home/jupyter-deuk-c4e4/.conda/envs/ts310/lib/python3.10/site-packages/Cython/Distutils/old_build_ext.py:15: DeprecationWarning: dep_util is Deprecated. Use functions from setuptools instead.
  from distutils.dep_util import newer, newer_group
<frozen importlib._bootstrap>:283: DeprecationWarning: the load_module() method is deprecated and slated for removal in Python 3.12; use exec_module() instead
Warning: Mujoco-based envs failed to import. Set the environment variable D4RL_SUPPRESS_IMPORT_ERROR=1 to suppress this message.
No module named 'mjrl'
Warning: Flow failed to import. Set the environment variable D4RL_SUPPRESS_IMPORT_ERROR=1 to suppress this message.
No module named 'flow'
Warning: CARLA failed to import. Set the environment variable D4RL_SUPPRESS_IMPORT_ERROR=1 to suppress this message.
No module named 'carla'
pybullet build time: Jan 29 2025 23:16:28
/home/jupyter-deuk-c4e4/.conda/envs/ts310/lib/python3.10/site-packages/gym/envs/registration.py:595: UserWarning: [33mWARN: Overriding environment maze2d-open-v0[0m
  logger.warn(f"Overriding environment {id}")
/home/jupyter-deuk-c4e4/.conda/envs/ts310/lib/python3.10/site-packages/gym/envs/registration.py:595: UserWarning: [33mWARN: Overriding environment maze2d-umaze-v0[0m
  logger.warn(f"Overriding environment {id}")
/home/jupyter-deuk-c4e4/.conda/envs/ts310/lib/python3.10/site-packages/gym/envs/registration.py:595: UserWarning: [33mWARN: Overriding environment maze2d-medium-v0[0m
  logger.warn(f"Overriding environment {id}")
/home/jupyter-deuk-c4e4/.conda/envs/ts310/lib/python3.10/site-packages/gym/envs/registration.py:595: UserWarning: [33mWARN: Overriding environment maze2d-large-v0[0m
  logger.warn(f"Overriding environment {id}")
/home/jupyter-deuk-c4e4/.conda/envs/ts310/lib/python3.10/site-packages/gym/envs/registration.py:595: UserWarning: [33mWARN: Overriding environment maze2d-umaze-v1[0m
  logger.warn(f"Overriding environment {id}")
/home/jupyter-deuk-c4e4/.conda/envs/ts310/lib/python3.10/site-packages/gym/envs/registration.py:595: UserWarning: [33mWARN: Overriding environment maze2d-medium-v1[0m
  logger.warn(f"Overriding environment {id}")
/home/jupyter-deuk-c4e4/.conda/envs/ts310/lib/python3.10/site-packages/gym/envs/registration.py:595: UserWarning: [33mWARN: Overriding environment maze2d-large-v1[0m
  logger.warn(f"Overriding environment {id}")
/home/jupyter-deuk-c4e4/.conda/envs/ts310/lib/python3.10/site-packages/gym/envs/registration.py:595: UserWarning: [33mWARN: Overriding environment maze2d-eval-umaze-v1[0m
  logger.warn(f"Overriding environment {id}")
/home/jupyter-deuk-c4e4/.conda/envs/ts310/lib/python3.10/site-packages/gym/envs/registration.py:595: UserWarning: [33mWARN: Overriding environment maze2d-eval-medium-v1[0m
  logger.warn(f"Overriding environment {id}")
/home/jupyter-deuk-c4e4/.conda/envs/ts310/lib/python3.10/site-packages/gym/envs/registration.py:595: UserWarning: [33mWARN: Overriding environment maze2d-eval-large-v1[0m
  logger.warn(f"Overriding environment {id}")
/home/jupyter-deuk-c4e4/.conda/envs/ts310/lib/python3.10/site-packages/gym/envs/registration.py:595: UserWarning: [33mWARN: Overriding environment maze2d-open-dense-v0[0m
  logger.warn(f"Overriding environment {id}")
/home/jupyter-deuk-c4e4/.conda/envs/ts310/lib/python3.10/site-packages/gym/envs/registration.py:595: UserWarning: [33mWARN: Overriding environment maze2d-umaze-dense-v0[0m
  logger.warn(f"Overriding environment {id}")
/home/jupyter-deuk-c4e4/.conda/envs/ts310/lib/python3.10/site-packages/gym/envs/registration.py:595: UserWarning: [33mWARN: Overriding environment maze2d-medium-dense-v0[0m
  logger.warn(f"Overriding environment {id}")
/home/jupyter-deuk-c4e4/.conda/envs/ts310/lib/python3.10/site-packages/gym/envs/registration.py:595: UserWarning: [33mWARN: Overriding environment maze2d-large-dense-v0[0m
  logger.warn(f"Overriding environment {id}")
/home/jupyter-deuk-c4e4/.conda/envs/ts310/lib/python3.10/site-packages/gym/envs/registration.py:595: UserWarning: [33mWARN: Overriding environment maze2d-umaze-dense-v1[0m
  logger.warn(f"Overriding environment {id}")
/home/jupyter-deuk-c4e4/.conda/envs/ts310/lib/python3.10/site-packages/gym/envs/registration.py:595: UserWarning: [33mWARN: Overriding environment maze2d-medium-dense-v1[0m
  logger.warn(f"Overriding environment {id}")
/home/jupyter-deuk-c4e4/.conda/envs/ts310/lib/python3.10/site-packages/gym/envs/registration.py:595: UserWarning: [33mWARN: Overriding environment maze2d-large-dense-v1[0m
  logger.warn(f"Overriding environment {id}")
/home/jupyter-deuk-c4e4/.conda/envs/ts310/lib/python3.10/site-packages/gym/envs/registration.py:595: UserWarning: [33mWARN: Overriding environment maze2d-eval-umaze-dense-v1[0m
  logger.warn(f"Overriding environment {id}")
/home/jupyter-deuk-c4e4/.conda/envs/ts310/lib/python3.10/site-packages/gym/envs/registration.py:595: UserWarning: [33mWARN: Overriding environment maze2d-eval-medium-dense-v1[0m
  logger.warn(f"Overriding environment {id}")
/home/jupyter-deuk-c4e4/.conda/envs/ts310/lib/python3.10/site-packages/gym/envs/registration.py:595: UserWarning: [33mWARN: Overriding environment maze2d-eval-large-dense-v1[0m
  logger.warn(f"Overriding environment {id}")
/opt/dlami/nvme/home/jupyter-deuk-c4e4/temporal-straightening/custom_resolvers.py:4: UserWarning: 
The version_base parameter is not specified.
Please specify a compatability version level, or None.
Will assume defaults for version 1.1
  @hydra.main(config_path=None)
[2026-07-25 15:03:40,856][__main__][INFO] - Planning result saved dir: /opt/dlami/nvme/home/jupyter-deuk-c4e4/pusht-reproduction/cls_reproduction/plan/gd_seed_100/chunk_30
/home/jupyter-deuk-c4e4/.conda/envs/ts310/lib/python3.10/site-packages/wandb/sdk/internal/internal_api.py:30: UserWarning: pkg_resources is deprecated as an API. See https://setuptools.pypa.io/en/latest/pkg_resources.html. The pkg_resources package is slated for removal as early as 2025-11-30. Refrain from using this package or pin to Setuptools<81.
  from pkg_resources import parse_version
Using cache found in /home/jupyter-deuk-c4e4/.cache/torch/hub/facebookresearch_dinov2_81b2b6419385
Loaded 18685 rollouts
Loaded 21 rollouts
[2026-07-25 15:03:43,325][dinov2][INFO] - using MLP layer as FFN
[2026-07-25 15:03:43,729][models.dino][WARNING] - Unknown projector 'none' for patch tokens; proceeding without projector.
Resuming from epoch 2: /home/jupyter-deuk-c4e4/pusht-reproduction/cls_reproduction/test/pusht_False_agg32_projnone_dim384_hw14_sgTrue_lr1e-06/checkpoints/model_2.pth
[2026-07-25 15:03:44,132][models.visual_world_model][INFO] - num_action_repeat: 1
[2026-07-25 15:03:44,132][models.visual_world_model][INFO] - num_proprio_repeat: 1
[2026-07-25 15:03:44,132][models.visual_world_model][INFO] - proprio encoder: ProprioceptiveEmbedding(
  (patch_embed): Conv1d(4, 10, kernel_size=(1,), stride=(1,))
  (norm): LayerNorm((10,), eps=1e-05, elementwise_affine=True)
)
[2026-07-25 15:03:44,133][models.visual_world_model][INFO] - action encoder: ProprioceptiveEmbedding(
  (patch_embed): Conv1d(10, 10, kernel_size=(1,), stride=(1,))
  (norm): LayerNorm((10,), eps=1e-05, elementwise_affine=True)
)
[2026-07-25 15:03:44,133][models.visual_world_model][INFO] - proprio_dim: 10, after repeat: 10
[2026-07-25 15:03:44,133][models.visual_world_model][INFO] - action_dim: 10, after repeat: 10
[2026-07-25 15:03:44,133][models.visual_world_model][INFO] - emb_dim: 404
[2026-07-25 15:03:44,133][models.visual_world_model][INFO] - Straightening disabled
[2026-07-25 15:03:44,133][models.visual_world_model][INFO] - Speed constancy disabled
[2026-07-25 15:03:44,133][models.visual_world_model][INFO] - Trajectory penalty disabled
[2026-07-25 15:03:44,133][models.visual_world_model][INFO] - Stop-grad enabled: True
[2026-07-25 15:03:44,133][models.visual_world_model][INFO] - VCReg enabled: False, apply_to=enc, std_coeff=0.0, cov_coeff=0.0
[2026-07-25 15:03:44,133][models.visual_world_model][INFO] - Model emb_dim: 404
[timing] setup_model_s=3.279
eval_seed:  [3001, 3101, 3201, 3301, 3401, 3501, 3601, 3701, 3801, 3901]
Dumped plan targets to /opt/dlami/nvme/home/jupyter-deuk-c4e4/pusht-reproduction/cls_reproduction/plan/gd_seed_100/chunk_30/plan_targets.pkl
[timing] setup_workspace_s=6.406

MPC iter 0 Eval ------- 
Success rate:  0.2
{'success': array([False,  True, False, False,  True, False, False, False, False,
       False]), 'state_dist': array([140.36166 ,  21.514107,  42.214592,  33.512543,   4.798752,
        29.033375, 210.6555  ,  85.98057 ,  58.54172 ,  69.71697 ],
      dtype=float32)}
self.is_success:  [False  True False False  True False False False False False]
Success rate:  0.2
{'success': array([False,  True, False, False,  True, False, False, False, False,
       False]), 'state_dist': array([140.36166 ,  21.514107,  42.214592,  33.512543,   4.798752,
        29.033375, 210.6555  ,  85.98057 ,  58.54172 ,  69.71697 ],
      dtype=float32)}
[timing] perform_planning_s=7.124
[timing] total_planning_main_s=16.808
===== cls gd seed 100 chunk 40 (n_evals=10) =====
/home/jupyter-deuk-c4e4/.conda/envs/ts310/lib/python3.10/site-packages/wandb/sdk/internal/internal_api.py:30: UserWarning: pkg_resources is deprecated as an API. See https://setuptools.pypa.io/en/latest/pkg_resources.html. The pkg_resources package is slated for removal as early as 2025-11-30. Refrain from using this package or pin to Setuptools<81.
  from pkg_resources import parse_version
/home/jupyter-deuk-c4e4/.conda/envs/ts310/lib/python3.10/site-packages/pkg_resources/__init__.py:3148: DeprecationWarning: Deprecated call to `pkg_resources.declare_namespace('mpl_toolkits')`.
Implementing implicit namespace packages (as specified in PEP 420) is preferred to `pkg_resources.declare_namespace`. See https://setuptools.pypa.io/en/latest/references/keywords.html#keyword-namespace-packages
  declare_namespace(pkg)
/home/jupyter-deuk-c4e4/.conda/envs/ts310/lib/python3.10/site-packages/pkg_resources/__init__.py:3148: DeprecationWarning: Deprecated call to `pkg_resources.declare_namespace('google')`.
Implementing implicit namespace packages (as specified in PEP 420) is preferred to `pkg_resources.declare_namespace`. See https://setuptools.pypa.io/en/latest/references/keywords.html#keyword-namespace-packages
  declare_namespace(pkg)
/home/jupyter-deuk-c4e4/.conda/envs/ts310/lib/python3.10/site-packages/Cython/Distutils/old_build_ext.py:15: DeprecationWarning: dep_util is Deprecated. Use functions from setuptools instead.
  from distutils.dep_util import newer, newer_group
<frozen importlib._bootstrap>:283: DeprecationWarning: the load_module() method is deprecated and slated for removal in Python 3.12; use exec_module() instead
Warning: Mujoco-based envs failed to import. Set the environment variable D4RL_SUPPRESS_IMPORT_ERROR=1 to suppress this message.
No module named 'mjrl'
Warning: Flow failed to import. Set the environment variable D4RL_SUPPRESS_IMPORT_ERROR=1 to suppress this message.
No module named 'flow'
Warning: CARLA failed to import. Set the environment variable D4RL_SUPPRESS_IMPORT_ERROR=1 to suppress this message.
No module named 'carla'
pybullet build time: Jan 29 2025 23:16:28
/home/jupyter-deuk-c4e4/.conda/envs/ts310/lib/python3.10/site-packages/gym/envs/registration.py:595: UserWarning: [33mWARN: Overriding environment maze2d-open-v0[0m
  logger.warn(f"Overriding environment {id}")
/home/jupyter-deuk-c4e4/.conda/envs/ts310/lib/python3.10/site-packages/gym/envs/registration.py:595: UserWarning: [33mWARN: Overriding environment maze2d-umaze-v0[0m
  logger.warn(f"Overriding environment {id}")
/home/jupyter-deuk-c4e4/.conda/envs/ts310/lib/python3.10/site-packages/gym/envs/registration.py:595: UserWarning: [33mWARN: Overriding environment maze2d-medium-v0[0m
  logger.warn(f"Overriding environment {id}")
/home/jupyter-deuk-c4e4/.conda/envs/ts310/lib/python3.10/site-packages/gym/envs/registration.py:595: UserWarning: [33mWARN: Overriding environment maze2d-large-v0[0m
  logger.warn(f"Overriding environment {id}")
/home/jupyter-deuk-c4e4/.conda/envs/ts310/lib/python3.10/site-packages/gym/envs/registration.py:595: UserWarning: [33mWARN: Overriding environment maze2d-umaze-v1[0m
  logger.warn(f"Overriding environment {id}")
/home/jupyter-deuk-c4e4/.conda/envs/ts310/lib/python3.10/site-packages/gym/envs/registration.py:595: UserWarning: [33mWARN: Overriding environment maze2d-medium-v1[0m
  logger.warn(f"Overriding environment {id}")
/home/jupyter-deuk-c4e4/.conda/envs/ts310/lib/python3.10/site-packages/gym/envs/registration.py:595: UserWarning: [33mWARN: Overriding environment maze2d-large-v1[0m
  logger.warn(f"Overriding environment {id}")
/home/jupyter-deuk-c4e4/.conda/envs/ts310/lib/python3.10/site-packages/gym/envs/registration.py:595: UserWarning: [33mWARN: Overriding environment maze2d-eval-umaze-v1[0m
  logger.warn(f"Overriding environment {id}")
/home/jupyter-deuk-c4e4/.conda/envs/ts310/lib/python3.10/site-packages/gym/envs/registration.py:595: UserWarning: [33mWARN: Overriding environment maze2d-eval-medium-v1[0m
  logger.warn(f"Overriding environment {id}")
/home/jupyter-deuk-c4e4/.conda/envs/ts310/lib/python3.10/site-packages/gym/envs/registration.py:595: UserWarning: [33mWARN: Overriding environment maze2d-eval-large-v1[0m
  logger.warn(f"Overriding environment {id}")
/home/jupyter-deuk-c4e4/.conda/envs/ts310/lib/python3.10/site-packages/gym/envs/registration.py:595: UserWarning: [33mWARN: Overriding environment maze2d-open-dense-v0[0m
  logger.warn(f"Overriding environment {id}")
/home/jupyter-deuk-c4e4/.conda/envs/ts310/lib/python3.10/site-packages/gym/envs/registration.py:595: UserWarning: [33mWARN: Overriding environment maze2d-umaze-dense-v0[0m
  logger.warn(f"Overriding environment {id}")
/home/jupyter-deuk-c4e4/.conda/envs/ts310/lib/python3.10/site-packages/gym/envs/registration.py:595: UserWarning: [33mWARN: Overriding environment maze2d-medium-dense-v0[0m
  logger.warn(f"Overriding environment {id}")
/home/jupyter-deuk-c4e4/.conda/envs/ts310/lib/python3.10/site-packages/gym/envs/registration.py:595: UserWarning: [33mWARN: Overriding environment maze2d-large-dense-v0[0m
  logger.warn(f"Overriding environment {id}")
/home/jupyter-deuk-c4e4/.conda/envs/ts310/lib/python3.10/site-packages/gym/envs/registration.py:595: UserWarning: [33mWARN: Overriding environment maze2d-umaze-dense-v1[0m
  logger.warn(f"Overriding environment {id}")
/home/jupyter-deuk-c4e4/.conda/envs/ts310/lib/python3.10/site-packages/gym/envs/registration.py:595: UserWarning: [33mWARN: Overriding environment maze2d-medium-dense-v1[0m
  logger.warn(f"Overriding environment {id}")
/home/jupyter-deuk-c4e4/.conda/envs/ts310/lib/python3.10/site-packages/gym/envs/registration.py:595: UserWarning: [33mWARN: Overriding environment maze2d-large-dense-v1[0m
  logger.warn(f"Overriding environment {id}")
/home/jupyter-deuk-c4e4/.conda/envs/ts310/lib/python3.10/site-packages/gym/envs/registration.py:595: UserWarning: [33mWARN: Overriding environment maze2d-eval-umaze-dense-v1[0m
  logger.warn(f"Overriding environment {id}")
/home/jupyter-deuk-c4e4/.conda/envs/ts310/lib/python3.10/site-packages/gym/envs/registration.py:595: UserWarning: [33mWARN: Overriding environment maze2d-eval-medium-dense-v1[0m
  logger.warn(f"Overriding environment {id}")
/home/jupyter-deuk-c4e4/.conda/envs/ts310/lib/python3.10/site-packages/gym/envs/registration.py:595: UserWarning: [33mWARN: Overriding environment maze2d-eval-large-dense-v1[0m
  logger.warn(f"Overriding environment {id}")
/opt/dlami/nvme/home/jupyter-deuk-c4e4/temporal-straightening/custom_resolvers.py:4: UserWarning: 
The version_base parameter is not specified.
Please specify a compatability version level, or None.
Will assume defaults for version 1.1
  @hydra.main(config_path=None)
[2026-07-25 15:04:03,967][__main__][INFO] - Planning result saved dir: /opt/dlami/nvme/home/jupyter-deuk-c4e4/pusht-reproduction/cls_reproduction/plan/gd_seed_100/chunk_40
/home/jupyter-deuk-c4e4/.conda/envs/ts310/lib/python3.10/site-packages/wandb/sdk/internal/internal_api.py:30: UserWarning: pkg_resources is deprecated as an API. See https://setuptools.pypa.io/en/latest/pkg_resources.html. The pkg_resources package is slated for removal as early as 2025-11-30. Refrain from using this package or pin to Setuptools<81.
  from pkg_resources import parse_version
Using cache found in /home/jupyter-deuk-c4e4/.cache/torch/hub/facebookresearch_dinov2_81b2b6419385
Loaded 18685 rollouts
Loaded 21 rollouts
[2026-07-25 15:04:06,512][dinov2][INFO] - using MLP layer as FFN
[2026-07-25 15:04:06,919][models.dino][WARNING] - Unknown projector 'none' for patch tokens; proceeding without projector.
Resuming from epoch 2: /home/jupyter-deuk-c4e4/pusht-reproduction/cls_reproduction/test/pusht_False_agg32_projnone_dim384_hw14_sgTrue_lr1e-06/checkpoints/model_2.pth
[2026-07-25 15:04:07,311][models.visual_world_model][INFO] - num_action_repeat: 1
[2026-07-25 15:04:07,311][models.visual_world_model][INFO] - num_proprio_repeat: 1
[2026-07-25 15:04:07,311][models.visual_world_model][INFO] - proprio encoder: ProprioceptiveEmbedding(
  (patch_embed): Conv1d(4, 10, kernel_size=(1,), stride=(1,))
  (norm): LayerNorm((10,), eps=1e-05, elementwise_affine=True)
)
[2026-07-25 15:04:07,311][models.visual_world_model][INFO] - action encoder: ProprioceptiveEmbedding(
  (patch_embed): Conv1d(10, 10, kernel_size=(1,), stride=(1,))
  (norm): LayerNorm((10,), eps=1e-05, elementwise_affine=True)
)
[2026-07-25 15:04:07,311][models.visual_world_model][INFO] - proprio_dim: 10, after repeat: 10
[2026-07-25 15:04:07,311][models.visual_world_model][INFO] - action_dim: 10, after repeat: 10
[2026-07-25 15:04:07,311][models.visual_world_model][INFO] - emb_dim: 404
[2026-07-25 15:04:07,311][models.visual_world_model][INFO] - Straightening disabled
[2026-07-25 15:04:07,311][models.visual_world_model][INFO] - Speed constancy disabled
[2026-07-25 15:04:07,311][models.visual_world_model][INFO] - Trajectory penalty disabled
[2026-07-25 15:04:07,311][models.visual_world_model][INFO] - Stop-grad enabled: True
[2026-07-25 15:04:07,311][models.visual_world_model][INFO] - VCReg enabled: False, apply_to=enc, std_coeff=0.0, cov_coeff=0.0
[2026-07-25 15:04:07,311][models.visual_world_model][INFO] - Model emb_dim: 404
[timing] setup_model_s=3.347
eval_seed:  [4001, 4101, 4201, 4301, 4401, 4501, 4601, 4701, 4801, 4901]
Dumped plan targets to /opt/dlami/nvme/home/jupyter-deuk-c4e4/pusht-reproduction/cls_reproduction/plan/gd_seed_100/chunk_40/plan_targets.pkl
[timing] setup_workspace_s=6.811

MPC iter 0 Eval ------- 
Success rate:  0.0
{'success': array([False, False, False, False, False, False, False, False, False,
       False]), 'state_dist': array([ 61.06679 ,  24.89703 , 143.10043 ,  42.944923,  66.14905 ,
       128.00702 ,  54.882717,  84.976776,  45.987026,  81.69059 ],
      dtype=float32)}
self.is_success:  [False False False False False False False False False False]
Success rate:  0.0
{'success': array([False, False, False, False, False, False, False, False, False,
       False]), 'state_dist': array([ 61.06679 ,  24.89703 , 143.10043 ,  42.944923,  66.14905 ,
       128.00702 ,  54.882717,  84.976776,  45.987026,  81.69059 ],
      dtype=float32)}
[timing] perform_planning_s=7.764
[timing] total_planning_main_s=17.921
===== cls gd seed 200 chunk 00 (n_evals=10) =====
/home/jupyter-deuk-c4e4/.conda/envs/ts310/lib/python3.10/site-packages/wandb/sdk/internal/internal_api.py:30: UserWarning: pkg_resources is deprecated as an API. See https://setuptools.pypa.io/en/latest/pkg_resources.html. The pkg_resources package is slated for removal as early as 2025-11-30. Refrain from using this package or pin to Setuptools<81.
  from pkg_resources import parse_version
/home/jupyter-deuk-c4e4/.conda/envs/ts310/lib/python3.10/site-packages/pkg_resources/__init__.py:3148: DeprecationWarning: Deprecated call to `pkg_resources.declare_namespace('mpl_toolkits')`.
Implementing implicit namespace packages (as specified in PEP 420) is preferred to `pkg_resources.declare_namespace`. See https://setuptools.pypa.io/en/latest/references/keywords.html#keyword-namespace-packages
  declare_namespace(pkg)
/home/jupyter-deuk-c4e4/.conda/envs/ts310/lib/python3.10/site-packages/pkg_resources/__init__.py:3148: DeprecationWarning: Deprecated call to `pkg_resources.declare_namespace('google')`.
Implementing implicit namespace packages (as specified in PEP 420) is preferred to `pkg_resources.declare_namespace`. See https://setuptools.pypa.io/en/latest/references/keywords.html#keyword-namespace-packages
  declare_namespace(pkg)
/home/jupyter-deuk-c4e4/.conda/envs/ts310/lib/python3.10/site-packages/Cython/Distutils/old_build_ext.py:15: DeprecationWarning: dep_util is Deprecated. Use functions from setuptools instead.
  from distutils.dep_util import newer, newer_group
<frozen importlib._bootstrap>:283: DeprecationWarning: the load_module() method is deprecated and slated for removal in Python 3.12; use exec_module() instead
Warning: Mujoco-based envs failed to import. Set the environment variable D4RL_SUPPRESS_IMPORT_ERROR=1 to suppress this message.
No module named 'mjrl'
Warning: Flow failed to import. Set the environment variable D4RL_SUPPRESS_IMPORT_ERROR=1 to suppress this message.
No module named 'flow'
Warning: CARLA failed to import. Set the environment variable D4RL_SUPPRESS_IMPORT_ERROR=1 to suppress this message.
No module named 'carla'
pybullet build time: Jan 29 2025 23:16:28
/home/jupyter-deuk-c4e4/.conda/envs/ts310/lib/python3.10/site-packages/gym/envs/registration.py:595: UserWarning: [33mWARN: Overriding environment maze2d-open-v0[0m
  logger.warn(f"Overriding environment {id}")
/home/jupyter-deuk-c4e4/.conda/envs/ts310/lib/python3.10/site-packages/gym/envs/registration.py:595: UserWarning: [33mWARN: Overriding environment maze2d-umaze-v0[0m
  logger.warn(f"Overriding environment {id}")
/home/jupyter-deuk-c4e4/.conda/envs/ts310/lib/python3.10/site-packages/gym/envs/registration.py:595: UserWarning: [33mWARN: Overriding environment maze2d-medium-v0[0m
  logger.warn(f"Overriding environment {id}")
/home/jupyter-deuk-c4e4/.conda/envs/ts310/lib/python3.10/site-packages/gym/envs/registration.py:595: UserWarning: [33mWARN: Overriding environment maze2d-large-v0[0m
  logger.warn(f"Overriding environment {id}")
/home/jupyter-deuk-c4e4/.conda/envs/ts310/lib/python3.10/site-packages/gym/envs/registration.py:595: UserWarning: [33mWARN: Overriding environment maze2d-umaze-v1[0m
  logger.warn(f"Overriding environment {id}")
/home/jupyter-deuk-c4e4/.conda/envs/ts310/lib/python3.10/site-packages/gym/envs/registration.py:595: UserWarning: [33mWARN: Overriding environment maze2d-medium-v1[0m
  logger.warn(f"Overriding environment {id}")
/home/jupyter-deuk-c4e4/.conda/envs/ts310/lib/python3.10/site-packages/gym/envs/registration.py:595: UserWarning: [33mWARN: Overriding environment maze2d-large-v1[0m
  logger.warn(f"Overriding environment {id}")
/home/jupyter-deuk-c4e4/.conda/envs/ts310/lib/python3.10/site-packages/gym/envs/registration.py:595: UserWarning: [33mWARN: Overriding environment maze2d-eval-umaze-v1[0m
  logger.warn(f"Overriding environment {id}")
/home/jupyter-deuk-c4e4/.conda/envs/ts310/lib/python3.10/site-packages/gym/envs/registration.py:595: UserWarning: [33mWARN: Overriding environment maze2d-eval-medium-v1[0m
  logger.warn(f"Overriding environment {id}")
/home/jupyter-deuk-c4e4/.conda/envs/ts310/lib/python3.10/site-packages/gym/envs/registration.py:595: UserWarning: [33mWARN: Overriding environment maze2d-eval-large-v1[0m
  logger.warn(f"Overriding environment {id}")
/home/jupyter-deuk-c4e4/.conda/envs/ts310/lib/python3.10/site-packages/gym/envs/registration.py:595: UserWarning: [33mWARN: Overriding environment maze2d-open-dense-v0[0m
  logger.warn(f"Overriding environment {id}")
/home/jupyter-deuk-c4e4/.conda/envs/ts310/lib/python3.10/site-packages/gym/envs/registration.py:595: UserWarning: [33mWARN: Overriding environment maze2d-umaze-dense-v0[0m
  logger.warn(f"Overriding environment {id}")
/home/jupyter-deuk-c4e4/.conda/envs/ts310/lib/python3.10/site-packages/gym/envs/registration.py:595: UserWarning: [33mWARN: Overriding environment maze2d-medium-dense-v0[0m
  logger.warn(f"Overriding environment {id}")
/home/jupyter-deuk-c4e4/.conda/envs/ts310/lib/python3.10/site-packages/gym/envs/registration.py:595: UserWarning: [33mWARN: Overriding environment maze2d-large-dense-v0[0m
  logger.warn(f"Overriding environment {id}")
/home/jupyter-deuk-c4e4/.conda/envs/ts310/lib/python3.10/site-packages/gym/envs/registration.py:595: UserWarning: [33mWARN: Overriding environment maze2d-umaze-dense-v1[0m
  logger.warn(f"Overriding environment {id}")
/home/jupyter-deuk-c4e4/.conda/envs/ts310/lib/python3.10/site-packages/gym/envs/registration.py:595: UserWarning: [33mWARN: Overriding environment maze2d-medium-dense-v1[0m
  logger.warn(f"Overriding environment {id}")
/home/jupyter-deuk-c4e4/.conda/envs/ts310/lib/python3.10/site-packages/gym/envs/registration.py:595: UserWarning: [33mWARN: Overriding environment maze2d-large-dense-v1[0m
  logger.warn(f"Overriding environment {id}")
/home/jupyter-deuk-c4e4/.conda/envs/ts310/lib/python3.10/site-packages/gym/envs/registration.py:595: UserWarning: [33mWARN: Overriding environment maze2d-eval-umaze-dense-v1[0m
  logger.warn(f"Overriding environment {id}")
/home/jupyter-deuk-c4e4/.conda/envs/ts310/lib/python3.10/site-packages/gym/envs/registration.py:595: UserWarning: [33mWARN: Overriding environment maze2d-eval-medium-dense-v1[0m
  logger.warn(f"Overriding environment {id}")
/home/jupyter-deuk-c4e4/.conda/envs/ts310/lib/python3.10/site-packages/gym/envs/registration.py:595: UserWarning: [33mWARN: Overriding environment maze2d-eval-large-dense-v1[0m
  logger.warn(f"Overriding environment {id}")
/opt/dlami/nvme/home/jupyter-deuk-c4e4/temporal-straightening/custom_resolvers.py:4: UserWarning: 
The version_base parameter is not specified.
Please specify a compatability version level, or None.
Will assume defaults for version 1.1
  @hydra.main(config_path=None)
[2026-07-25 15:04:26,997][__main__][INFO] - Planning result saved dir: /opt/dlami/nvme/home/jupyter-deuk-c4e4/pusht-reproduction/cls_reproduction/plan/gd_seed_200/chunk_00
/home/jupyter-deuk-c4e4/.conda/envs/ts310/lib/python3.10/site-packages/wandb/sdk/internal/internal_api.py:30: UserWarning: pkg_resources is deprecated as an API. See https://setuptools.pypa.io/en/latest/pkg_resources.html. The pkg_resources package is slated for removal as early as 2025-11-30. Refrain from using this package or pin to Setuptools<81.
  from pkg_resources import parse_version
Using cache found in /home/jupyter-deuk-c4e4/.cache/torch/hub/facebookresearch_dinov2_81b2b6419385
Loaded 18685 rollouts
Loaded 21 rollouts
[2026-07-25 15:04:29,526][dinov2][INFO] - using MLP layer as FFN
[2026-07-25 15:04:30,468][models.dino][WARNING] - Unknown projector 'none' for patch tokens; proceeding without projector.
Resuming from epoch 2: /home/jupyter-deuk-c4e4/pusht-reproduction/cls_reproduction/test/pusht_False_agg32_projnone_dim384_hw14_sgTrue_lr1e-06/checkpoints/model_2.pth
[2026-07-25 15:04:30,873][models.visual_world_model][INFO] - num_action_repeat: 1
[2026-07-25 15:04:30,873][models.visual_world_model][INFO] - num_proprio_repeat: 1
[2026-07-25 15:04:30,873][models.visual_world_model][INFO] - proprio encoder: ProprioceptiveEmbedding(
  (patch_embed): Conv1d(4, 10, kernel_size=(1,), stride=(1,))
  (norm): LayerNorm((10,), eps=1e-05, elementwise_affine=True)
)
[2026-07-25 15:04:30,874][models.visual_world_model][INFO] - action encoder: ProprioceptiveEmbedding(
  (patch_embed): Conv1d(10, 10, kernel_size=(1,), stride=(1,))
  (norm): LayerNorm((10,), eps=1e-05, elementwise_affine=True)
)
[2026-07-25 15:04:30,874][models.visual_world_model][INFO] - proprio_dim: 10, after repeat: 10
[2026-07-25 15:04:30,874][models.visual_world_model][INFO] - action_dim: 10, after repeat: 10
[2026-07-25 15:04:30,874][models.visual_world_model][INFO] - emb_dim: 404
[2026-07-25 15:04:30,874][models.visual_world_model][INFO] - Straightening disabled
[2026-07-25 15:04:30,874][models.visual_world_model][INFO] - Speed constancy disabled
[2026-07-25 15:04:30,874][models.visual_world_model][INFO] - Trajectory penalty disabled
[2026-07-25 15:04:30,874][models.visual_world_model][INFO] - Stop-grad enabled: True
[2026-07-25 15:04:30,874][models.visual_world_model][INFO] - VCReg enabled: False, apply_to=enc, std_coeff=0.0, cov_coeff=0.0
[2026-07-25 15:04:30,874][models.visual_world_model][INFO] - Model emb_dim: 404
[timing] setup_model_s=3.879
eval_seed:  [1, 201, 401, 601, 801, 1001, 1201, 1401, 1601, 1801]
Dumped plan targets to /opt/dlami/nvme/home/jupyter-deuk-c4e4/pusht-reproduction/cls_reproduction/plan/gd_seed_200/chunk_00/plan_targets.pkl
[timing] setup_workspace_s=4.910

MPC iter 0 Eval ------- 
Success rate:  0.0
{'success': array([False, False, False, False, False, False, False, False, False,
       False]), 'state_dist': array([203.50494 ,  42.396095,  51.501488, 116.39719 ,  46.32687 ,
        37.963326,  63.513268, 109.72932 ,  64.35064 ,  32.039013],
      dtype=float32)}
self.is_success:  [False False False False False False False False False False]
Success rate:  0.0
{'success': array([False, False, False, False, False, False, False, False, False,
       False]), 'state_dist': array([203.50494 ,  42.396095,  51.501488, 116.39719 ,  46.32687 ,
        37.963326,  63.513268, 109.72932 ,  64.35064 ,  32.039013],
      dtype=float32)}
[timing] perform_planning_s=7.809
[timing] total_planning_main_s=16.598
===== cls gd seed 200 chunk 10 (n_evals=10) =====
/home/jupyter-deuk-c4e4/.conda/envs/ts310/lib/python3.10/site-packages/wandb/sdk/internal/internal_api.py:30: UserWarning: pkg_resources is deprecated as an API. See https://setuptools.pypa.io/en/latest/pkg_resources.html. The pkg_resources package is slated for removal as early as 2025-11-30. Refrain from using this package or pin to Setuptools<81.
  from pkg_resources import parse_version
/home/jupyter-deuk-c4e4/.conda/envs/ts310/lib/python3.10/site-packages/pkg_resources/__init__.py:3148: DeprecationWarning: Deprecated call to `pkg_resources.declare_namespace('mpl_toolkits')`.
Implementing implicit namespace packages (as specified in PEP 420) is preferred to `pkg_resources.declare_namespace`. See https://setuptools.pypa.io/en/latest/references/keywords.html#keyword-namespace-packages
  declare_namespace(pkg)
/home/jupyter-deuk-c4e4/.conda/envs/ts310/lib/python3.10/site-packages/pkg_resources/__init__.py:3148: DeprecationWarning: Deprecated call to `pkg_resources.declare_namespace('google')`.
Implementing implicit namespace packages (as specified in PEP 420) is preferred to `pkg_resources.declare_namespace`. See https://setuptools.pypa.io/en/latest/references/keywords.html#keyword-namespace-packages
  declare_namespace(pkg)
/home/jupyter-deuk-c4e4/.conda/envs/ts310/lib/python3.10/site-packages/Cython/Distutils/old_build_ext.py:15: DeprecationWarning: dep_util is Deprecated. Use functions from setuptools instead.
  from distutils.dep_util import newer, newer_group
<frozen importlib._bootstrap>:283: DeprecationWarning: the load_module() method is deprecated and slated for removal in Python 3.12; use exec_module() instead
Warning: Mujoco-based envs failed to import. Set the environment variable D4RL_SUPPRESS_IMPORT_ERROR=1 to suppress this message.
No module named 'mjrl'
Warning: Flow failed to import. Set the environment variable D4RL_SUPPRESS_IMPORT_ERROR=1 to suppress this message.
No module named 'flow'
Warning: CARLA failed to import. Set the environment variable D4RL_SUPPRESS_IMPORT_ERROR=1 to suppress this message.
No module named 'carla'
pybullet build time: Jan 29 2025 23:16:28
/home/jupyter-deuk-c4e4/.conda/envs/ts310/lib/python3.10/site-packages/gym/envs/registration.py:595: UserWarning: [33mWARN: Overriding environment maze2d-open-v0[0m
  logger.warn(f"Overriding environment {id}")
/home/jupyter-deuk-c4e4/.conda/envs/ts310/lib/python3.10/site-packages/gym/envs/registration.py:595: UserWarning: [33mWARN: Overriding environment maze2d-umaze-v0[0m
  logger.warn(f"Overriding environment {id}")
/home/jupyter-deuk-c4e4/.conda/envs/ts310/lib/python3.10/site-packages/gym/envs/registration.py:595: UserWarning: [33mWARN: Overriding environment maze2d-medium-v0[0m
  logger.warn(f"Overriding environment {id}")
/home/jupyter-deuk-c4e4/.conda/envs/ts310/lib/python3.10/site-packages/gym/envs/registration.py:595: UserWarning: [33mWARN: Overriding environment maze2d-large-v0[0m
  logger.warn(f"Overriding environment {id}")
/home/jupyter-deuk-c4e4/.conda/envs/ts310/lib/python3.10/site-packages/gym/envs/registration.py:595: UserWarning: [33mWARN: Overriding environment maze2d-umaze-v1[0m
  logger.warn(f"Overriding environment {id}")
/home/jupyter-deuk-c4e4/.conda/envs/ts310/lib/python3.10/site-packages/gym/envs/registration.py:595: UserWarning: [33mWARN: Overriding environment maze2d-medium-v1[0m
  logger.warn(f"Overriding environment {id}")
/home/jupyter-deuk-c4e4/.conda/envs/ts310/lib/python3.10/site-packages/gym/envs/registration.py:595: UserWarning: [33mWARN: Overriding environment maze2d-large-v1[0m
  logger.warn(f"Overriding environment {id}")
/home/jupyter-deuk-c4e4/.conda/envs/ts310/lib/python3.10/site-packages/gym/envs/registration.py:595: UserWarning: [33mWARN: Overriding environment maze2d-eval-umaze-v1[0m
  logger.warn(f"Overriding environment {id}")
/home/jupyter-deuk-c4e4/.conda/envs/ts310/lib/python3.10/site-packages/gym/envs/registration.py:595: UserWarning: [33mWARN: Overriding environment maze2d-eval-medium-v1[0m
  logger.warn(f"Overriding environment {id}")
/home/jupyter-deuk-c4e4/.conda/envs/ts310/lib/python3.10/site-packages/gym/envs/registration.py:595: UserWarning: [33mWARN: Overriding environment maze2d-eval-large-v1[0m
  logger.warn(f"Overriding environment {id}")
/home/jupyter-deuk-c4e4/.conda/envs/ts310/lib/python3.10/site-packages/gym/envs/registration.py:595: UserWarning: [33mWARN: Overriding environment maze2d-open-dense-v0[0m
  logger.warn(f"Overriding environment {id}")
/home/jupyter-deuk-c4e4/.conda/envs/ts310/lib/python3.10/site-packages/gym/envs/registration.py:595: UserWarning: [33mWARN: Overriding environment maze2d-umaze-dense-v0[0m
  logger.warn(f"Overriding environment {id}")
/home/jupyter-deuk-c4e4/.conda/envs/ts310/lib/python3.10/site-packages/gym/envs/registration.py:595: UserWarning: [33mWARN: Overriding environment maze2d-medium-dense-v0[0m
  logger.warn(f"Overriding environment {id}")
/home/jupyter-deuk-c4e4/.conda/envs/ts310/lib/python3.10/site-packages/gym/envs/registration.py:595: UserWarning: [33mWARN: Overriding environment maze2d-large-dense-v0[0m
  logger.warn(f"Overriding environment {id}")
/home/jupyter-deuk-c4e4/.conda/envs/ts310/lib/python3.10/site-packages/gym/envs/registration.py:595: UserWarning: [33mWARN: Overriding environment maze2d-umaze-dense-v1[0m
  logger.warn(f"Overriding environment {id}")
/home/jupyter-deuk-c4e4/.conda/envs/ts310/lib/python3.10/site-packages/gym/envs/registration.py:595: UserWarning: [33mWARN: Overriding environment maze2d-medium-dense-v1[0m
  logger.warn(f"Overriding environment {id}")
/home/jupyter-deuk-c4e4/.conda/envs/ts310/lib/python3.10/site-packages/gym/envs/registration.py:595: UserWarning: [33mWARN: Overriding environment maze2d-large-dense-v1[0m
  logger.warn(f"Overriding environment {id}")
/home/jupyter-deuk-c4e4/.conda/envs/ts310/lib/python3.10/site-packages/gym/envs/registration.py:595: UserWarning: [33mWARN: Overriding environment maze2d-eval-umaze-dense-v1[0m
  logger.warn(f"Overriding environment {id}")
/home/jupyter-deuk-c4e4/.conda/envs/ts310/lib/python3.10/site-packages/gym/envs/registration.py:595: UserWarning: [33mWARN: Overriding environment maze2d-eval-medium-dense-v1[0m
  logger.warn(f"Overriding environment {id}")
/home/jupyter-deuk-c4e4/.conda/envs/ts310/lib/python3.10/site-packages/gym/envs/registration.py:595: UserWarning: [33mWARN: Overriding environment maze2d-eval-large-dense-v1[0m
  logger.warn(f"Overriding environment {id}")
/opt/dlami/nvme/home/jupyter-deuk-c4e4/temporal-straightening/custom_resolvers.py:4: UserWarning: 
The version_base parameter is not specified.
Please specify a compatability version level, or None.
Will assume defaults for version 1.1
  @hydra.main(config_path=None)
[2026-07-25 15:04:48,649][__main__][INFO] - Planning result saved dir: /opt/dlami/nvme/home/jupyter-deuk-c4e4/pusht-reproduction/cls_reproduction/plan/gd_seed_200/chunk_10
/home/jupyter-deuk-c4e4/.conda/envs/ts310/lib/python3.10/site-packages/wandb/sdk/internal/internal_api.py:30: UserWarning: pkg_resources is deprecated as an API. See https://setuptools.pypa.io/en/latest/pkg_resources.html. The pkg_resources package is slated for removal as early as 2025-11-30. Refrain from using this package or pin to Setuptools<81.
  from pkg_resources import parse_version
Using cache found in /home/jupyter-deuk-c4e4/.cache/torch/hub/facebookresearch_dinov2_81b2b6419385
Loaded 18685 rollouts
Loaded 21 rollouts
[2026-07-25 15:04:51,120][dinov2][INFO] - using MLP layer as FFN
[2026-07-25 15:04:51,522][models.dino][WARNING] - Unknown projector 'none' for patch tokens; proceeding without projector.
Resuming from epoch 2: /home/jupyter-deuk-c4e4/pusht-reproduction/cls_reproduction/test/pusht_False_agg32_projnone_dim384_hw14_sgTrue_lr1e-06/checkpoints/model_2.pth
[2026-07-25 15:04:51,909][models.visual_world_model][INFO] - num_action_repeat: 1
[2026-07-25 15:04:51,909][models.visual_world_model][INFO] - num_proprio_repeat: 1
[2026-07-25 15:04:51,910][models.visual_world_model][INFO] - proprio encoder: ProprioceptiveEmbedding(
  (patch_embed): Conv1d(4, 10, kernel_size=(1,), stride=(1,))
  (norm): LayerNorm((10,), eps=1e-05, elementwise_affine=True)
)
[2026-07-25 15:04:51,910][models.visual_world_model][INFO] - action encoder: ProprioceptiveEmbedding(
  (patch_embed): Conv1d(10, 10, kernel_size=(1,), stride=(1,))
  (norm): LayerNorm((10,), eps=1e-05, elementwise_affine=True)
)
[2026-07-25 15:04:51,910][models.visual_world_model][INFO] - proprio_dim: 10, after repeat: 10
[2026-07-25 15:04:51,910][models.visual_world_model][INFO] - action_dim: 10, after repeat: 10
[2026-07-25 15:04:51,910][models.visual_world_model][INFO] - emb_dim: 404
[2026-07-25 15:04:51,910][models.visual_world_model][INFO] - Straightening disabled
[2026-07-25 15:04:51,910][models.visual_world_model][INFO] - Speed constancy disabled
[2026-07-25 15:04:51,910][models.visual_world_model][INFO] - Trajectory penalty disabled
[2026-07-25 15:04:51,910][models.visual_world_model][INFO] - Stop-grad enabled: True
[2026-07-25 15:04:51,910][models.visual_world_model][INFO] - VCReg enabled: False, apply_to=enc, std_coeff=0.0, cov_coeff=0.0
[2026-07-25 15:04:51,910][models.visual_world_model][INFO] - Model emb_dim: 404
[timing] setup_model_s=3.263
eval_seed:  [2001, 2201, 2401, 2601, 2801, 3001, 3201, 3401, 3601, 3801]
Dumped plan targets to /opt/dlami/nvme/home/jupyter-deuk-c4e4/pusht-reproduction/cls_reproduction/plan/gd_seed_200/chunk_10/plan_targets.pkl
[timing] setup_workspace_s=5.143

MPC iter 0 Eval ------- 
Success rate:  0.2
{'success': array([False, False, False,  True, False, False,  True, False, False,
       False]), 'state_dist': array([ 59.21239 ,  59.407337, 108.97759 ,  17.450354,  22.588402,
        50.34423 ,   8.393996,  37.612087,  34.462685,  56.213184],
      dtype=float32)}
self.is_success:  [False False False  True False False  True False False False]
Success rate:  0.2
{'success': array([False, False, False,  True, False, False,  True, False, False,
       False]), 'state_dist': array([ 59.21239 ,  59.407337, 108.97759 ,  17.450354,  22.588402,
        50.34423 ,   8.393996,  37.612087,  34.462685,  56.213184],
      dtype=float32)}
[timing] perform_planning_s=7.273
[timing] total_planning_main_s=15.680
===== cls gd seed 200 chunk 20 (n_evals=10) =====
/home/jupyter-deuk-c4e4/.conda/envs/ts310/lib/python3.10/site-packages/wandb/sdk/internal/internal_api.py:30: UserWarning: pkg_resources is deprecated as an API. See https://setuptools.pypa.io/en/latest/pkg_resources.html. The pkg_resources package is slated for removal as early as 2025-11-30. Refrain from using this package or pin to Setuptools<81.
  from pkg_resources import parse_version
/home/jupyter-deuk-c4e4/.conda/envs/ts310/lib/python3.10/site-packages/pkg_resources/__init__.py:3148: DeprecationWarning: Deprecated call to `pkg_resources.declare_namespace('mpl_toolkits')`.
Implementing implicit namespace packages (as specified in PEP 420) is preferred to `pkg_resources.declare_namespace`. See https://setuptools.pypa.io/en/latest/references/keywords.html#keyword-namespace-packages
  declare_namespace(pkg)
/home/jupyter-deuk-c4e4/.conda/envs/ts310/lib/python3.10/site-packages/pkg_resources/__init__.py:3148: DeprecationWarning: Deprecated call to `pkg_resources.declare_namespace('google')`.
Implementing implicit namespace packages (as specified in PEP 420) is preferred to `pkg_resources.declare_namespace`. See https://setuptools.pypa.io/en/latest/references/keywords.html#keyword-namespace-packages
  declare_namespace(pkg)
/home/jupyter-deuk-c4e4/.conda/envs/ts310/lib/python3.10/site-packages/Cython/Distutils/old_build_ext.py:15: DeprecationWarning: dep_util is Deprecated. Use functions from setuptools instead.
  from distutils.dep_util import newer, newer_group
<frozen importlib._bootstrap>:283: DeprecationWarning: the load_module() method is deprecated and slated for removal in Python 3.12; use exec_module() instead
Warning: Mujoco-based envs failed to import. Set the environment variable D4RL_SUPPRESS_IMPORT_ERROR=1 to suppress this message.
No module named 'mjrl'
Warning: Flow failed to import. Set the environment variable D4RL_SUPPRESS_IMPORT_ERROR=1 to suppress this message.
No module named 'flow'
Warning: CARLA failed to import. Set the environment variable D4RL_SUPPRESS_IMPORT_ERROR=1 to suppress this message.
No module named 'carla'
pybullet build time: Jan 29 2025 23:16:28
/home/jupyter-deuk-c4e4/.conda/envs/ts310/lib/python3.10/site-packages/gym/envs/registration.py:595: UserWarning: [33mWARN: Overriding environment maze2d-open-v0[0m
  logger.warn(f"Overriding environment {id}")
/home/jupyter-deuk-c4e4/.conda/envs/ts310/lib/python3.10/site-packages/gym/envs/registration.py:595: UserWarning: [33mWARN: Overriding environment maze2d-umaze-v0[0m
  logger.warn(f"Overriding environment {id}")
/home/jupyter-deuk-c4e4/.conda/envs/ts310/lib/python3.10/site-packages/gym/envs/registration.py:595: UserWarning: [33mWARN: Overriding environment maze2d-medium-v0[0m
  logger.warn(f"Overriding environment {id}")
/home/jupyter-deuk-c4e4/.conda/envs/ts310/lib/python3.10/site-packages/gym/envs/registration.py:595: UserWarning: [33mWARN: Overriding environment maze2d-large-v0[0m
  logger.warn(f"Overriding environment {id}")
/home/jupyter-deuk-c4e4/.conda/envs/ts310/lib/python3.10/site-packages/gym/envs/registration.py:595: UserWarning: [33mWARN: Overriding environment maze2d-umaze-v1[0m
  logger.warn(f"Overriding environment {id}")
/home/jupyter-deuk-c4e4/.conda/envs/ts310/lib/python3.10/site-packages/gym/envs/registration.py:595: UserWarning: [33mWARN: Overriding environment maze2d-medium-v1[0m
  logger.warn(f"Overriding environment {id}")
/home/jupyter-deuk-c4e4/.conda/envs/ts310/lib/python3.10/site-packages/gym/envs/registration.py:595: UserWarning: [33mWARN: Overriding environment maze2d-large-v1[0m
  logger.warn(f"Overriding environment {id}")
/home/jupyter-deuk-c4e4/.conda/envs/ts310/lib/python3.10/site-packages/gym/envs/registration.py:595: UserWarning: [33mWARN: Overriding environment maze2d-eval-umaze-v1[0m
  logger.warn(f"Overriding environment {id}")
/home/jupyter-deuk-c4e4/.conda/envs/ts310/lib/python3.10/site-packages/gym/envs/registration.py:595: UserWarning: [33mWARN: Overriding environment maze2d-eval-medium-v1[0m
  logger.warn(f"Overriding environment {id}")
/home/jupyter-deuk-c4e4/.conda/envs/ts310/lib/python3.10/site-packages/gym/envs/registration.py:595: UserWarning: [33mWARN: Overriding environment maze2d-eval-large-v1[0m
  logger.warn(f"Overriding environment {id}")
/home/jupyter-deuk-c4e4/.conda/envs/ts310/lib/python3.10/site-packages/gym/envs/registration.py:595: UserWarning: [33mWARN: Overriding environment maze2d-open-dense-v0[0m
  logger.warn(f"Overriding environment {id}")
/home/jupyter-deuk-c4e4/.conda/envs/ts310/lib/python3.10/site-packages/gym/envs/registration.py:595: UserWarning: [33mWARN: Overriding environment maze2d-umaze-dense-v0[0m
  logger.warn(f"Overriding environment {id}")
/home/jupyter-deuk-c4e4/.conda/envs/ts310/lib/python3.10/site-packages/gym/envs/registration.py:595: UserWarning: [33mWARN: Overriding environment maze2d-medium-dense-v0[0m
  logger.warn(f"Overriding environment {id}")
/home/jupyter-deuk-c4e4/.conda/envs/ts310/lib/python3.10/site-packages/gym/envs/registration.py:595: UserWarning: [33mWARN: Overriding environment maze2d-large-dense-v0[0m
  logger.warn(f"Overriding environment {id}")
/home/jupyter-deuk-c4e4/.conda/envs/ts310/lib/python3.10/site-packages/gym/envs/registration.py:595: UserWarning: [33mWARN: Overriding environment maze2d-umaze-dense-v1[0m
  logger.warn(f"Overriding environment {id}")
/home/jupyter-deuk-c4e4/.conda/envs/ts310/lib/python3.10/site-packages/gym/envs/registration.py:595: UserWarning: [33mWARN: Overriding environment maze2d-medium-dense-v1[0m
  logger.warn(f"Overriding environment {id}")
/home/jupyter-deuk-c4e4/.conda/envs/ts310/lib/python3.10/site-packages/gym/envs/registration.py:595: UserWarning: [33mWARN: Overriding environment maze2d-large-dense-v1[0m
  logger.warn(f"Overriding environment {id}")
/home/jupyter-deuk-c4e4/.conda/envs/ts310/lib/python3.10/site-packages/gym/envs/registration.py:595: UserWarning: [33mWARN: Overriding environment maze2d-eval-umaze-dense-v1[0m
  logger.warn(f"Overriding environment {id}")
/home/jupyter-deuk-c4e4/.conda/envs/ts310/lib/python3.10/site-packages/gym/envs/registration.py:595: UserWarning: [33mWARN: Overriding environment maze2d-eval-medium-dense-v1[0m
  logger.warn(f"Overriding environment {id}")
/home/jupyter-deuk-c4e4/.conda/envs/ts310/lib/python3.10/site-packages/gym/envs/registration.py:595: UserWarning: [33mWARN: Overriding environment maze2d-eval-large-dense-v1[0m
  logger.warn(f"Overriding environment {id}")
/opt/dlami/nvme/home/jupyter-deuk-c4e4/temporal-straightening/custom_resolvers.py:4: UserWarning: 
The version_base parameter is not specified.
Please specify a compatability version level, or None.
Will assume defaults for version 1.1
  @hydra.main(config_path=None)
[2026-07-25 15:05:09,963][__main__][INFO] - Planning result saved dir: /opt/dlami/nvme/home/jupyter-deuk-c4e4/pusht-reproduction/cls_reproduction/plan/gd_seed_200/chunk_20
/home/jupyter-deuk-c4e4/.conda/envs/ts310/lib/python3.10/site-packages/wandb/sdk/internal/internal_api.py:30: UserWarning: pkg_resources is deprecated as an API. See https://setuptools.pypa.io/en/latest/pkg_resources.html. The pkg_resources package is slated for removal as early as 2025-11-30. Refrain from using this package or pin to Setuptools<81.
  from pkg_resources import parse_version
Using cache found in /home/jupyter-deuk-c4e4/.cache/torch/hub/facebookresearch_dinov2_81b2b6419385
Loaded 18685 rollouts
Loaded 21 rollouts
[2026-07-25 15:05:12,615][dinov2][INFO] - using MLP layer as FFN
[2026-07-25 15:05:12,977][models.dino][WARNING] - Unknown projector 'none' for patch tokens; proceeding without projector.
Resuming from epoch 2: /home/jupyter-deuk-c4e4/pusht-reproduction/cls_reproduction/test/pusht_False_agg32_projnone_dim384_hw14_sgTrue_lr1e-06/checkpoints/model_2.pth
[2026-07-25 15:05:13,378][models.visual_world_model][INFO] - num_action_repeat: 1
[2026-07-25 15:05:13,379][models.visual_world_model][INFO] - num_proprio_repeat: 1
[2026-07-25 15:05:13,379][models.visual_world_model][INFO] - proprio encoder: ProprioceptiveEmbedding(
  (patch_embed): Conv1d(4, 10, kernel_size=(1,), stride=(1,))
  (norm): LayerNorm((10,), eps=1e-05, elementwise_affine=True)
)
[2026-07-25 15:05:13,379][models.visual_world_model][INFO] - action encoder: ProprioceptiveEmbedding(
  (patch_embed): Conv1d(10, 10, kernel_size=(1,), stride=(1,))
  (norm): LayerNorm((10,), eps=1e-05, elementwise_affine=True)
)
[2026-07-25 15:05:13,379][models.visual_world_model][INFO] - proprio_dim: 10, after repeat: 10
[2026-07-25 15:05:13,379][models.visual_world_model][INFO] - action_dim: 10, after repeat: 10
[2026-07-25 15:05:13,379][models.visual_world_model][INFO] - emb_dim: 404
[2026-07-25 15:05:13,379][models.visual_world_model][INFO] - Straightening disabled
[2026-07-25 15:05:13,379][models.visual_world_model][INFO] - Speed constancy disabled
[2026-07-25 15:05:13,379][models.visual_world_model][INFO] - Trajectory penalty disabled
[2026-07-25 15:05:13,379][models.visual_world_model][INFO] - Stop-grad enabled: True
[2026-07-25 15:05:13,379][models.visual_world_model][INFO] - VCReg enabled: False, apply_to=enc, std_coeff=0.0, cov_coeff=0.0
[2026-07-25 15:05:13,379][models.visual_world_model][INFO] - Model emb_dim: 404
[timing] setup_model_s=3.419
eval_seed:  [4001, 4201, 4401, 4601, 4801, 5001, 5201, 5401, 5601, 5801]
Dumped plan targets to /opt/dlami/nvme/home/jupyter-deuk-c4e4/pusht-reproduction/cls_reproduction/plan/gd_seed_200/chunk_20/plan_targets.pkl
[timing] setup_workspace_s=7.687

MPC iter 0 Eval ------- 
Success rate:  0.4
{'success': array([False,  True,  True, False, False,  True, False, False, False,
        True]), 'state_dist': array([ 27.736395,  13.625073,  19.453218,  32.010963, 115.78332 ,
        18.657625,  80.99239 ,  42.944923,  90.00168 ,  29.478085],
      dtype=float32)}
self.is_success:  [False  True  True False False  True False False False  True]
Success rate:  0.4
{'success': array([False,  True,  True, False, False,  True, False, False, False,
        True]), 'state_dist': array([ 27.736395,  13.625073,  19.453218,  32.010963, 115.78332 ,
        18.657625,  80.99239 ,  42.944923,  90.00168 ,  29.478085],
      dtype=float32)}
[timing] perform_planning_s=6.915
[timing] total_planning_main_s=18.021
===== cls gd seed 200 chunk 30 (n_evals=10) =====
/home/jupyter-deuk-c4e4/.conda/envs/ts310/lib/python3.10/site-packages/wandb/sdk/internal/internal_api.py:30: UserWarning: pkg_resources is deprecated as an API. See https://setuptools.pypa.io/en/latest/pkg_resources.html. The pkg_resources package is slated for removal as early as 2025-11-30. Refrain from using this package or pin to Setuptools<81.
  from pkg_resources import parse_version
/home/jupyter-deuk-c4e4/.conda/envs/ts310/lib/python3.10/site-packages/pkg_resources/__init__.py:3148: DeprecationWarning: Deprecated call to `pkg_resources.declare_namespace('mpl_toolkits')`.
Implementing implicit namespace packages (as specified in PEP 420) is preferred to `pkg_resources.declare_namespace`. See https://setuptools.pypa.io/en/latest/references/keywords.html#keyword-namespace-packages
  declare_namespace(pkg)
/home/jupyter-deuk-c4e4/.conda/envs/ts310/lib/python3.10/site-packages/pkg_resources/__init__.py:3148: DeprecationWarning: Deprecated call to `pkg_resources.declare_namespace('google')`.
Implementing implicit namespace packages (as specified in PEP 420) is preferred to `pkg_resources.declare_namespace`. See https://setuptools.pypa.io/en/latest/references/keywords.html#keyword-namespace-packages
  declare_namespace(pkg)
/home/jupyter-deuk-c4e4/.conda/envs/ts310/lib/python3.10/site-packages/Cython/Distutils/old_build_ext.py:15: DeprecationWarning: dep_util is Deprecated. Use functions from setuptools instead.
  from distutils.dep_util import newer, newer_group
<frozen importlib._bootstrap>:283: DeprecationWarning: the load_module() method is deprecated and slated for removal in Python 3.12; use exec_module() instead
Warning: Mujoco-based envs failed to import. Set the environment variable D4RL_SUPPRESS_IMPORT_ERROR=1 to suppress this message.
No module named 'mjrl'
Warning: Flow failed to import. Set the environment variable D4RL_SUPPRESS_IMPORT_ERROR=1 to suppress this message.
No module named 'flow'
Warning: CARLA failed to import. Set the environment variable D4RL_SUPPRESS_IMPORT_ERROR=1 to suppress this message.
No module named 'carla'
pybullet build time: Jan 29 2025 23:16:28
/home/jupyter-deuk-c4e4/.conda/envs/ts310/lib/python3.10/site-packages/gym/envs/registration.py:595: UserWarning: [33mWARN: Overriding environment maze2d-open-v0[0m
  logger.warn(f"Overriding environment {id}")
/home/jupyter-deuk-c4e4/.conda/envs/ts310/lib/python3.10/site-packages/gym/envs/registration.py:595: UserWarning: [33mWARN: Overriding environment maze2d-umaze-v0[0m
  logger.warn(f"Overriding environment {id}")
/home/jupyter-deuk-c4e4/.conda/envs/ts310/lib/python3.10/site-packages/gym/envs/registration.py:595: UserWarning: [33mWARN: Overriding environment maze2d-medium-v0[0m
  logger.warn(f"Overriding environment {id}")
/home/jupyter-deuk-c4e4/.conda/envs/ts310/lib/python3.10/site-packages/gym/envs/registration.py:595: UserWarning: [33mWARN: Overriding environment maze2d-large-v0[0m
  logger.warn(f"Overriding environment {id}")
/home/jupyter-deuk-c4e4/.conda/envs/ts310/lib/python3.10/site-packages/gym/envs/registration.py:595: UserWarning: [33mWARN: Overriding environment maze2d-umaze-v1[0m
  logger.warn(f"Overriding environment {id}")
/home/jupyter-deuk-c4e4/.conda/envs/ts310/lib/python3.10/site-packages/gym/envs/registration.py:595: UserWarning: [33mWARN: Overriding environment maze2d-medium-v1[0m
  logger.warn(f"Overriding environment {id}")
/home/jupyter-deuk-c4e4/.conda/envs/ts310/lib/python3.10/site-packages/gym/envs/registration.py:595: UserWarning: [33mWARN: Overriding environment maze2d-large-v1[0m
  logger.warn(f"Overriding environment {id}")
/home/jupyter-deuk-c4e4/.conda/envs/ts310/lib/python3.10/site-packages/gym/envs/registration.py:595: UserWarning: [33mWARN: Overriding environment maze2d-eval-umaze-v1[0m
  logger.warn(f"Overriding environment {id}")
/home/jupyter-deuk-c4e4/.conda/envs/ts310/lib/python3.10/site-packages/gym/envs/registration.py:595: UserWarning: [33mWARN: Overriding environment maze2d-eval-medium-v1[0m
  logger.warn(f"Overriding environment {id}")
/home/jupyter-deuk-c4e4/.conda/envs/ts310/lib/python3.10/site-packages/gym/envs/registration.py:595: UserWarning: [33mWARN: Overriding environment maze2d-eval-large-v1[0m
  logger.warn(f"Overriding environment {id}")
/home/jupyter-deuk-c4e4/.conda/envs/ts310/lib/python3.10/site-packages/gym/envs/registration.py:595: UserWarning: [33mWARN: Overriding environment maze2d-open-dense-v0[0m
  logger.warn(f"Overriding environment {id}")
/home/jupyter-deuk-c4e4/.conda/envs/ts310/lib/python3.10/site-packages/gym/envs/registration.py:595: UserWarning: [33mWARN: Overriding environment maze2d-umaze-dense-v0[0m
  logger.warn(f"Overriding environment {id}")
/home/jupyter-deuk-c4e4/.conda/envs/ts310/lib/python3.10/site-packages/gym/envs/registration.py:595: UserWarning: [33mWARN: Overriding environment maze2d-medium-dense-v0[0m
  logger.warn(f"Overriding environment {id}")
/home/jupyter-deuk-c4e4/.conda/envs/ts310/lib/python3.10/site-packages/gym/envs/registration.py:595: UserWarning: [33mWARN: Overriding environment maze2d-large-dense-v0[0m
  logger.warn(f"Overriding environment {id}")
/home/jupyter-deuk-c4e4/.conda/envs/ts310/lib/python3.10/site-packages/gym/envs/registration.py:595: UserWarning: [33mWARN: Overriding environment maze2d-umaze-dense-v1[0m
  logger.warn(f"Overriding environment {id}")
/home/jupyter-deuk-c4e4/.conda/envs/ts310/lib/python3.10/site-packages/gym/envs/registration.py:595: UserWarning: [33mWARN: Overriding environment maze2d-medium-dense-v1[0m
  logger.warn(f"Overriding environment {id}")
/home/jupyter-deuk-c4e4/.conda/envs/ts310/lib/python3.10/site-packages/gym/envs/registration.py:595: UserWarning: [33mWARN: Overriding environment maze2d-large-dense-v1[0m
  logger.warn(f"Overriding environment {id}")
/home/jupyter-deuk-c4e4/.conda/envs/ts310/lib/python3.10/site-packages/gym/envs/registration.py:595: UserWarning: [33mWARN: Overriding environment maze2d-eval-umaze-dense-v1[0m
  logger.warn(f"Overriding environment {id}")
/home/jupyter-deuk-c4e4/.conda/envs/ts310/lib/python3.10/site-packages/gym/envs/registration.py:595: UserWarning: [33mWARN: Overriding environment maze2d-eval-medium-dense-v1[0m
  logger.warn(f"Overriding environment {id}")
/home/jupyter-deuk-c4e4/.conda/envs/ts310/lib/python3.10/site-packages/gym/envs/registration.py:595: UserWarning: [33mWARN: Overriding environment maze2d-eval-large-dense-v1[0m
  logger.warn(f"Overriding environment {id}")
/opt/dlami/nvme/home/jupyter-deuk-c4e4/temporal-straightening/custom_resolvers.py:4: UserWarning: 
The version_base parameter is not specified.
Please specify a compatability version level, or None.
Will assume defaults for version 1.1
  @hydra.main(config_path=None)
[2026-07-25 15:05:33,185][__main__][INFO] - Planning result saved dir: /opt/dlami/nvme/home/jupyter-deuk-c4e4/pusht-reproduction/cls_reproduction/plan/gd_seed_200/chunk_30
/home/jupyter-deuk-c4e4/.conda/envs/ts310/lib/python3.10/site-packages/wandb/sdk/internal/internal_api.py:30: UserWarning: pkg_resources is deprecated as an API. See https://setuptools.pypa.io/en/latest/pkg_resources.html. The pkg_resources package is slated for removal as early as 2025-11-30. Refrain from using this package or pin to Setuptools<81.
  from pkg_resources import parse_version
Using cache found in /home/jupyter-deuk-c4e4/.cache/torch/hub/facebookresearch_dinov2_81b2b6419385
Loaded 18685 rollouts
Loaded 21 rollouts
[2026-07-25 15:05:35,686][dinov2][INFO] - using MLP layer as FFN
[2026-07-25 15:05:36,087][models.dino][WARNING] - Unknown projector 'none' for patch tokens; proceeding without projector.
Resuming from epoch 2: /home/jupyter-deuk-c4e4/pusht-reproduction/cls_reproduction/test/pusht_False_agg32_projnone_dim384_hw14_sgTrue_lr1e-06/checkpoints/model_2.pth
[2026-07-25 15:05:36,485][models.visual_world_model][INFO] - num_action_repeat: 1
[2026-07-25 15:05:36,485][models.visual_world_model][INFO] - num_proprio_repeat: 1
[2026-07-25 15:05:36,485][models.visual_world_model][INFO] - proprio encoder: ProprioceptiveEmbedding(
  (patch_embed): Conv1d(4, 10, kernel_size=(1,), stride=(1,))
  (norm): LayerNorm((10,), eps=1e-05, elementwise_affine=True)
)
[2026-07-25 15:05:36,485][models.visual_world_model][INFO] - action encoder: ProprioceptiveEmbedding(
  (patch_embed): Conv1d(10, 10, kernel_size=(1,), stride=(1,))
  (norm): LayerNorm((10,), eps=1e-05, elementwise_affine=True)
)
[2026-07-25 15:05:36,485][models.visual_world_model][INFO] - proprio_dim: 10, after repeat: 10
[2026-07-25 15:05:36,486][models.visual_world_model][INFO] - action_dim: 10, after repeat: 10
[2026-07-25 15:05:36,486][models.visual_world_model][INFO] - emb_dim: 404
[2026-07-25 15:05:36,486][models.visual_world_model][INFO] - Straightening disabled
[2026-07-25 15:05:36,486][models.visual_world_model][INFO] - Speed constancy disabled
[2026-07-25 15:05:36,486][models.visual_world_model][INFO] - Trajectory penalty disabled
[2026-07-25 15:05:36,486][models.visual_world_model][INFO] - Stop-grad enabled: True
[2026-07-25 15:05:36,486][models.visual_world_model][INFO] - VCReg enabled: False, apply_to=enc, std_coeff=0.0, cov_coeff=0.0
[2026-07-25 15:05:36,486][models.visual_world_model][INFO] - Model emb_dim: 404
[timing] setup_model_s=3.303
eval_seed:  [6001, 6201, 6401, 6601, 6801, 7001, 7201, 7401, 7601, 7801]
Dumped plan targets to /opt/dlami/nvme/home/jupyter-deuk-c4e4/pusht-reproduction/cls_reproduction/plan/gd_seed_200/chunk_30/plan_targets.pkl
[timing] setup_workspace_s=6.144

MPC iter 0 Eval ------- 
Success rate:  0.3
{'success': array([ True, False, False,  True, False, False, False,  True, False,
       False]), 'state_dist': array([32.927544 , 37.040813 , 57.88816  ,  7.8163266, 27.48562  ,
       31.783463 , 63.82023  , 24.226545 , 30.939667 , 39.40329  ],
      dtype=float32)}
self.is_success:  [ True False False  True False False False  True False False]
Success rate:  0.3
{'success': array([ True, False, False,  True, False, False, False,  True, False,
       False]), 'state_dist': array([32.927544 , 37.040813 , 57.88816  ,  7.8163266, 27.48562  ,
       31.783463 , 63.82023  , 24.226545 , 30.939667 , 39.40329  ],
      dtype=float32)}
[timing] perform_planning_s=6.538
[timing] total_planning_main_s=15.985
===== cls gd seed 200 chunk 40 (n_evals=10) =====
/home/jupyter-deuk-c4e4/.conda/envs/ts310/lib/python3.10/site-packages/wandb/sdk/internal/internal_api.py:30: UserWarning: pkg_resources is deprecated as an API. See https://setuptools.pypa.io/en/latest/pkg_resources.html. The pkg_resources package is slated for removal as early as 2025-11-30. Refrain from using this package or pin to Setuptools<81.
  from pkg_resources import parse_version
/home/jupyter-deuk-c4e4/.conda/envs/ts310/lib/python3.10/site-packages/pkg_resources/__init__.py:3148: DeprecationWarning: Deprecated call to `pkg_resources.declare_namespace('mpl_toolkits')`.
Implementing implicit namespace packages (as specified in PEP 420) is preferred to `pkg_resources.declare_namespace`. See https://setuptools.pypa.io/en/latest/references/keywords.html#keyword-namespace-packages
  declare_namespace(pkg)
/home/jupyter-deuk-c4e4/.conda/envs/ts310/lib/python3.10/site-packages/pkg_resources/__init__.py:3148: DeprecationWarning: Deprecated call to `pkg_resources.declare_namespace('google')`.
Implementing implicit namespace packages (as specified in PEP 420) is preferred to `pkg_resources.declare_namespace`. See https://setuptools.pypa.io/en/latest/references/keywords.html#keyword-namespace-packages
  declare_namespace(pkg)
/home/jupyter-deuk-c4e4/.conda/envs/ts310/lib/python3.10/site-packages/Cython/Distutils/old_build_ext.py:15: DeprecationWarning: dep_util is Deprecated. Use functions from setuptools instead.
  from distutils.dep_util import newer, newer_group
<frozen importlib._bootstrap>:283: DeprecationWarning: the load_module() method is deprecated and slated for removal in Python 3.12; use exec_module() instead
Warning: Mujoco-based envs failed to import. Set the environment variable D4RL_SUPPRESS_IMPORT_ERROR=1 to suppress this message.
No module named 'mjrl'
Warning: Flow failed to import. Set the environment variable D4RL_SUPPRESS_IMPORT_ERROR=1 to suppress this message.
No module named 'flow'
Warning: CARLA failed to import. Set the environment variable D4RL_SUPPRESS_IMPORT_ERROR=1 to suppress this message.
No module named 'carla'
pybullet build time: Jan 29 2025 23:16:28
/home/jupyter-deuk-c4e4/.conda/envs/ts310/lib/python3.10/site-packages/gym/envs/registration.py:595: UserWarning: [33mWARN: Overriding environment maze2d-open-v0[0m
  logger.warn(f"Overriding environment {id}")
/home/jupyter-deuk-c4e4/.conda/envs/ts310/lib/python3.10/site-packages/gym/envs/registration.py:595: UserWarning: [33mWARN: Overriding environment maze2d-umaze-v0[0m
  logger.warn(f"Overriding environment {id}")
/home/jupyter-deuk-c4e4/.conda/envs/ts310/lib/python3.10/site-packages/gym/envs/registration.py:595: UserWarning: [33mWARN: Overriding environment maze2d-medium-v0[0m
  logger.warn(f"Overriding environment {id}")
/home/jupyter-deuk-c4e4/.conda/envs/ts310/lib/python3.10/site-packages/gym/envs/registration.py:595: UserWarning: [33mWARN: Overriding environment maze2d-large-v0[0m
  logger.warn(f"Overriding environment {id}")
/home/jupyter-deuk-c4e4/.conda/envs/ts310/lib/python3.10/site-packages/gym/envs/registration.py:595: UserWarning: [33mWARN: Overriding environment maze2d-umaze-v1[0m
  logger.warn(f"Overriding environment {id}")
/home/jupyter-deuk-c4e4/.conda/envs/ts310/lib/python3.10/site-packages/gym/envs/registration.py:595: UserWarning: [33mWARN: Overriding environment maze2d-medium-v1[0m
  logger.warn(f"Overriding environment {id}")
/home/jupyter-deuk-c4e4/.conda/envs/ts310/lib/python3.10/site-packages/gym/envs/registration.py:595: UserWarning: [33mWARN: Overriding environment maze2d-large-v1[0m
  logger.warn(f"Overriding environment {id}")
/home/jupyter-deuk-c4e4/.conda/envs/ts310/lib/python3.10/site-packages/gym/envs/registration.py:595: UserWarning: [33mWARN: Overriding environment maze2d-eval-umaze-v1[0m
  logger.warn(f"Overriding environment {id}")
/home/jupyter-deuk-c4e4/.conda/envs/ts310/lib/python3.10/site-packages/gym/envs/registration.py:595: UserWarning: [33mWARN: Overriding environment maze2d-eval-medium-v1[0m
  logger.warn(f"Overriding environment {id}")
/home/jupyter-deuk-c4e4/.conda/envs/ts310/lib/python3.10/site-packages/gym/envs/registration.py:595: UserWarning: [33mWARN: Overriding environment maze2d-eval-large-v1[0m
  logger.warn(f"Overriding environment {id}")
/home/jupyter-deuk-c4e4/.conda/envs/ts310/lib/python3.10/site-packages/gym/envs/registration.py:595: UserWarning: [33mWARN: Overriding environment maze2d-open-dense-v0[0m
  logger.warn(f"Overriding environment {id}")
/home/jupyter-deuk-c4e4/.conda/envs/ts310/lib/python3.10/site-packages/gym/envs/registration.py:595: UserWarning: [33mWARN: Overriding environment maze2d-umaze-dense-v0[0m
  logger.warn(f"Overriding environment {id}")
/home/jupyter-deuk-c4e4/.conda/envs/ts310/lib/python3.10/site-packages/gym/envs/registration.py:595: UserWarning: [33mWARN: Overriding environment maze2d-medium-dense-v0[0m
  logger.warn(f"Overriding environment {id}")
/home/jupyter-deuk-c4e4/.conda/envs/ts310/lib/python3.10/site-packages/gym/envs/registration.py:595: UserWarning: [33mWARN: Overriding environment maze2d-large-dense-v0[0m
  logger.warn(f"Overriding environment {id}")
/home/jupyter-deuk-c4e4/.conda/envs/ts310/lib/python3.10/site-packages/gym/envs/registration.py:595: UserWarning: [33mWARN: Overriding environment maze2d-umaze-dense-v1[0m
  logger.warn(f"Overriding environment {id}")
/home/jupyter-deuk-c4e4/.conda/envs/ts310/lib/python3.10/site-packages/gym/envs/registration.py:595: UserWarning: [33mWARN: Overriding environment maze2d-medium-dense-v1[0m
  logger.warn(f"Overriding environment {id}")
/home/jupyter-deuk-c4e4/.conda/envs/ts310/lib/python3.10/site-packages/gym/envs/registration.py:595: UserWarning: [33mWARN: Overriding environment maze2d-large-dense-v1[0m
  logger.warn(f"Overriding environment {id}")
/home/jupyter-deuk-c4e4/.conda/envs/ts310/lib/python3.10/site-packages/gym/envs/registration.py:595: UserWarning: [33mWARN: Overriding environment maze2d-eval-umaze-dense-v1[0m
  logger.warn(f"Overriding environment {id}")
/home/jupyter-deuk-c4e4/.conda/envs/ts310/lib/python3.10/site-packages/gym/envs/registration.py:595: UserWarning: [33mWARN: Overriding environment maze2d-eval-medium-dense-v1[0m
  logger.warn(f"Overriding environment {id}")
/home/jupyter-deuk-c4e4/.conda/envs/ts310/lib/python3.10/site-packages/gym/envs/registration.py:595: UserWarning: [33mWARN: Overriding environment maze2d-eval-large-dense-v1[0m
  logger.warn(f"Overriding environment {id}")
/opt/dlami/nvme/home/jupyter-deuk-c4e4/temporal-straightening/custom_resolvers.py:4: UserWarning: 
The version_base parameter is not specified.
Please specify a compatability version level, or None.
Will assume defaults for version 1.1
  @hydra.main(config_path=None)
[2026-07-25 15:05:54,957][__main__][INFO] - Planning result saved dir: /opt/dlami/nvme/home/jupyter-deuk-c4e4/pusht-reproduction/cls_reproduction/plan/gd_seed_200/chunk_40
/home/jupyter-deuk-c4e4/.conda/envs/ts310/lib/python3.10/site-packages/wandb/sdk/internal/internal_api.py:30: UserWarning: pkg_resources is deprecated as an API. See https://setuptools.pypa.io/en/latest/pkg_resources.html. The pkg_resources package is slated for removal as early as 2025-11-30. Refrain from using this package or pin to Setuptools<81.
  from pkg_resources import parse_version
Using cache found in /home/jupyter-deuk-c4e4/.cache/torch/hub/facebookresearch_dinov2_81b2b6419385
Loaded 18685 rollouts
Loaded 21 rollouts
[2026-07-25 15:05:58,306][dinov2][INFO] - using MLP layer as FFN
[2026-07-25 15:05:59,231][models.dino][WARNING] - Unknown projector 'none' for patch tokens; proceeding without projector.
Resuming from epoch 2: /home/jupyter-deuk-c4e4/pusht-reproduction/cls_reproduction/test/pusht_False_agg32_projnone_dim384_hw14_sgTrue_lr1e-06/checkpoints/model_2.pth
[2026-07-25 15:05:59,673][models.visual_world_model][INFO] - num_action_repeat: 1
[2026-07-25 15:05:59,673][models.visual_world_model][INFO] - num_proprio_repeat: 1
[2026-07-25 15:05:59,673][models.visual_world_model][INFO] - proprio encoder: ProprioceptiveEmbedding(
  (patch_embed): Conv1d(4, 10, kernel_size=(1,), stride=(1,))
  (norm): LayerNorm((10,), eps=1e-05, elementwise_affine=True)
)
[2026-07-25 15:05:59,673][models.visual_world_model][INFO] - action encoder: ProprioceptiveEmbedding(
  (patch_embed): Conv1d(10, 10, kernel_size=(1,), stride=(1,))
  (norm): LayerNorm((10,), eps=1e-05, elementwise_affine=True)
)
[2026-07-25 15:05:59,673][models.visual_world_model][INFO] - proprio_dim: 10, after repeat: 10
[2026-07-25 15:05:59,673][models.visual_world_model][INFO] - action_dim: 10, after repeat: 10
[2026-07-25 15:05:59,673][models.visual_world_model][INFO] - emb_dim: 404
[2026-07-25 15:05:59,673][models.visual_world_model][INFO] - Straightening disabled
[2026-07-25 15:05:59,673][models.visual_world_model][INFO] - Speed constancy disabled
[2026-07-25 15:05:59,673][models.visual_world_model][INFO] - Trajectory penalty disabled
[2026-07-25 15:05:59,673][models.visual_world_model][INFO] - Stop-grad enabled: True
[2026-07-25 15:05:59,674][models.visual_world_model][INFO] - VCReg enabled: False, apply_to=enc, std_coeff=0.0, cov_coeff=0.0
[2026-07-25 15:05:59,674][models.visual_world_model][INFO] - Model emb_dim: 404
[timing] setup_model_s=4.719
eval_seed:  [8001, 8201, 8401, 8601, 8801, 9001, 9201, 9401, 9601, 9801]
Dumped plan targets to /opt/dlami/nvme/home/jupyter-deuk-c4e4/pusht-reproduction/cls_reproduction/plan/gd_seed_200/chunk_40/plan_targets.pkl
[timing] setup_workspace_s=7.067

MPC iter 0 Eval ------- 
Success rate:  0.2
{'success': array([False, False, False, False, False,  True,  True, False, False,
       False]), 'state_dist': array([49.12095 , 32.039013, 87.2641  , 99.86363 , 53.143017, 30.407804,
       21.981422, 55.029808, 87.06054 , 21.413109], dtype=float32)}
self.is_success:  [False False False False False  True  True False False False]
Success rate:  0.2
{'success': array([False, False, False, False, False,  True,  True, False, False,
       False]), 'state_dist': array([49.12095 , 32.039013, 87.2641  , 99.86363 , 53.143017, 30.407804,
       21.981422, 55.029808, 87.06054 , 21.413109], dtype=float32)}
[timing] perform_planning_s=6.983
[timing] total_planning_main_s=18.769
===== cls gd seed 300 chunk 00 (n_evals=10) =====
/home/jupyter-deuk-c4e4/.conda/envs/ts310/lib/python3.10/site-packages/wandb/sdk/internal/internal_api.py:30: UserWarning: pkg_resources is deprecated as an API. See https://setuptools.pypa.io/en/latest/pkg_resources.html. The pkg_resources package is slated for removal as early as 2025-11-30. Refrain from using this package or pin to Setuptools<81.
  from pkg_resources import parse_version
/home/jupyter-deuk-c4e4/.conda/envs/ts310/lib/python3.10/site-packages/pkg_resources/__init__.py:3148: DeprecationWarning: Deprecated call to `pkg_resources.declare_namespace('mpl_toolkits')`.
Implementing implicit namespace packages (as specified in PEP 420) is preferred to `pkg_resources.declare_namespace`. See https://setuptools.pypa.io/en/latest/references/keywords.html#keyword-namespace-packages
  declare_namespace(pkg)
/home/jupyter-deuk-c4e4/.conda/envs/ts310/lib/python3.10/site-packages/pkg_resources/__init__.py:3148: DeprecationWarning: Deprecated call to `pkg_resources.declare_namespace('google')`.
Implementing implicit namespace packages (as specified in PEP 420) is preferred to `pkg_resources.declare_namespace`. See https://setuptools.pypa.io/en/latest/references/keywords.html#keyword-namespace-packages
  declare_namespace(pkg)
/home/jupyter-deuk-c4e4/.conda/envs/ts310/lib/python3.10/site-packages/Cython/Distutils/old_build_ext.py:15: DeprecationWarning: dep_util is Deprecated. Use functions from setuptools instead.
  from distutils.dep_util import newer, newer_group
<frozen importlib._bootstrap>:283: DeprecationWarning: the load_module() method is deprecated and slated for removal in Python 3.12; use exec_module() instead
Warning: Mujoco-based envs failed to import. Set the environment variable D4RL_SUPPRESS_IMPORT_ERROR=1 to suppress this message.
No module named 'mjrl'
Warning: Flow failed to import. Set the environment variable D4RL_SUPPRESS_IMPORT_ERROR=1 to suppress this message.
No module named 'flow'
Warning: CARLA failed to import. Set the environment variable D4RL_SUPPRESS_IMPORT_ERROR=1 to suppress this message.
No module named 'carla'
pybullet build time: Jan 29 2025 23:16:28
/home/jupyter-deuk-c4e4/.conda/envs/ts310/lib/python3.10/site-packages/gym/envs/registration.py:595: UserWarning: [33mWARN: Overriding environment maze2d-open-v0[0m
  logger.warn(f"Overriding environment {id}")
/home/jupyter-deuk-c4e4/.conda/envs/ts310/lib/python3.10/site-packages/gym/envs/registration.py:595: UserWarning: [33mWARN: Overriding environment maze2d-umaze-v0[0m
  logger.warn(f"Overriding environment {id}")
/home/jupyter-deuk-c4e4/.conda/envs/ts310/lib/python3.10/site-packages/gym/envs/registration.py:595: UserWarning: [33mWARN: Overriding environment maze2d-medium-v0[0m
  logger.warn(f"Overriding environment {id}")
/home/jupyter-deuk-c4e4/.conda/envs/ts310/lib/python3.10/site-packages/gym/envs/registration.py:595: UserWarning: [33mWARN: Overriding environment maze2d-large-v0[0m
  logger.warn(f"Overriding environment {id}")
/home/jupyter-deuk-c4e4/.conda/envs/ts310/lib/python3.10/site-packages/gym/envs/registration.py:595: UserWarning: [33mWARN: Overriding environment maze2d-umaze-v1[0m
  logger.warn(f"Overriding environment {id}")
/home/jupyter-deuk-c4e4/.conda/envs/ts310/lib/python3.10/site-packages/gym/envs/registration.py:595: UserWarning: [33mWARN: Overriding environment maze2d-medium-v1[0m
  logger.warn(f"Overriding environment {id}")
/home/jupyter-deuk-c4e4/.conda/envs/ts310/lib/python3.10/site-packages/gym/envs/registration.py:595: UserWarning: [33mWARN: Overriding environment maze2d-large-v1[0m
  logger.warn(f"Overriding environment {id}")
/home/jupyter-deuk-c4e4/.conda/envs/ts310/lib/python3.10/site-packages/gym/envs/registration.py:595: UserWarning: [33mWARN: Overriding environment maze2d-eval-umaze-v1[0m
  logger.warn(f"Overriding environment {id}")
/home/jupyter-deuk-c4e4/.conda/envs/ts310/lib/python3.10/site-packages/gym/envs/registration.py:595: UserWarning: [33mWARN: Overriding environment maze2d-eval-medium-v1[0m
  logger.warn(f"Overriding environment {id}")
/home/jupyter-deuk-c4e4/.conda/envs/ts310/lib/python3.10/site-packages/gym/envs/registration.py:595: UserWarning: [33mWARN: Overriding environment maze2d-eval-large-v1[0m
  logger.warn(f"Overriding environment {id}")
/home/jupyter-deuk-c4e4/.conda/envs/ts310/lib/python3.10/site-packages/gym/envs/registration.py:595: UserWarning: [33mWARN: Overriding environment maze2d-open-dense-v0[0m
  logger.warn(f"Overriding environment {id}")
/home/jupyter-deuk-c4e4/.conda/envs/ts310/lib/python3.10/site-packages/gym/envs/registration.py:595: UserWarning: [33mWARN: Overriding environment maze2d-umaze-dense-v0[0m
  logger.warn(f"Overriding environment {id}")
/home/jupyter-deuk-c4e4/.conda/envs/ts310/lib/python3.10/site-packages/gym/envs/registration.py:595: UserWarning: [33mWARN: Overriding environment maze2d-medium-dense-v0[0m
  logger.warn(f"Overriding environment {id}")
/home/jupyter-deuk-c4e4/.conda/envs/ts310/lib/python3.10/site-packages/gym/envs/registration.py:595: UserWarning: [33mWARN: Overriding environment maze2d-large-dense-v0[0m
  logger.warn(f"Overriding environment {id}")
/home/jupyter-deuk-c4e4/.conda/envs/ts310/lib/python3.10/site-packages/gym/envs/registration.py:595: UserWarning: [33mWARN: Overriding environment maze2d-umaze-dense-v1[0m
  logger.warn(f"Overriding environment {id}")
/home/jupyter-deuk-c4e4/.conda/envs/ts310/lib/python3.10/site-packages/gym/envs/registration.py:595: UserWarning: [33mWARN: Overriding environment maze2d-medium-dense-v1[0m
  logger.warn(f"Overriding environment {id}")
/home/jupyter-deuk-c4e4/.conda/envs/ts310/lib/python3.10/site-packages/gym/envs/registration.py:595: UserWarning: [33mWARN: Overriding environment maze2d-large-dense-v1[0m
  logger.warn(f"Overriding environment {id}")
/home/jupyter-deuk-c4e4/.conda/envs/ts310/lib/python3.10/site-packages/gym/envs/registration.py:595: UserWarning: [33mWARN: Overriding environment maze2d-eval-umaze-dense-v1[0m
  logger.warn(f"Overriding environment {id}")
/home/jupyter-deuk-c4e4/.conda/envs/ts310/lib/python3.10/site-packages/gym/envs/registration.py:595: UserWarning: [33mWARN: Overriding environment maze2d-eval-medium-dense-v1[0m
  logger.warn(f"Overriding environment {id}")
/home/jupyter-deuk-c4e4/.conda/envs/ts310/lib/python3.10/site-packages/gym/envs/registration.py:595: UserWarning: [33mWARN: Overriding environment maze2d-eval-large-dense-v1[0m
  logger.warn(f"Overriding environment {id}")
/opt/dlami/nvme/home/jupyter-deuk-c4e4/temporal-straightening/custom_resolvers.py:4: UserWarning: 
The version_base parameter is not specified.
Please specify a compatability version level, or None.
Will assume defaults for version 1.1
  @hydra.main(config_path=None)
[2026-07-25 15:06:18,931][__main__][INFO] - Planning result saved dir: /opt/dlami/nvme/home/jupyter-deuk-c4e4/pusht-reproduction/cls_reproduction/plan/gd_seed_300/chunk_00
/home/jupyter-deuk-c4e4/.conda/envs/ts310/lib/python3.10/site-packages/wandb/sdk/internal/internal_api.py:30: UserWarning: pkg_resources is deprecated as an API. See https://setuptools.pypa.io/en/latest/pkg_resources.html. The pkg_resources package is slated for removal as early as 2025-11-30. Refrain from using this package or pin to Setuptools<81.
  from pkg_resources import parse_version
Using cache found in /home/jupyter-deuk-c4e4/.cache/torch/hub/facebookresearch_dinov2_81b2b6419385
Loaded 18685 rollouts
Loaded 21 rollouts
[2026-07-25 15:06:21,404][dinov2][INFO] - using MLP layer as FFN
[2026-07-25 15:06:21,804][models.dino][WARNING] - Unknown projector 'none' for patch tokens; proceeding without projector.
Resuming from epoch 2: /home/jupyter-deuk-c4e4/pusht-reproduction/cls_reproduction/test/pusht_False_agg32_projnone_dim384_hw14_sgTrue_lr1e-06/checkpoints/model_2.pth
[2026-07-25 15:06:22,205][models.visual_world_model][INFO] - num_action_repeat: 1
[2026-07-25 15:06:22,205][models.visual_world_model][INFO] - num_proprio_repeat: 1
[2026-07-25 15:06:22,205][models.visual_world_model][INFO] - proprio encoder: ProprioceptiveEmbedding(
  (patch_embed): Conv1d(4, 10, kernel_size=(1,), stride=(1,))
  (norm): LayerNorm((10,), eps=1e-05, elementwise_affine=True)
)
[2026-07-25 15:06:22,206][models.visual_world_model][INFO] - action encoder: ProprioceptiveEmbedding(
  (patch_embed): Conv1d(10, 10, kernel_size=(1,), stride=(1,))
  (norm): LayerNorm((10,), eps=1e-05, elementwise_affine=True)
)
[2026-07-25 15:06:22,206][models.visual_world_model][INFO] - proprio_dim: 10, after repeat: 10
[2026-07-25 15:06:22,206][models.visual_world_model][INFO] - action_dim: 10, after repeat: 10
[2026-07-25 15:06:22,206][models.visual_world_model][INFO] - emb_dim: 404
[2026-07-25 15:06:22,206][models.visual_world_model][INFO] - Straightening disabled
[2026-07-25 15:06:22,206][models.visual_world_model][INFO] - Speed constancy disabled
[2026-07-25 15:06:22,206][models.visual_world_model][INFO] - Trajectory penalty disabled
[2026-07-25 15:06:22,206][models.visual_world_model][INFO] - Stop-grad enabled: True
[2026-07-25 15:06:22,206][models.visual_world_model][INFO] - VCReg enabled: False, apply_to=enc, std_coeff=0.0, cov_coeff=0.0
[2026-07-25 15:06:22,206][models.visual_world_model][INFO] - Model emb_dim: 404
[timing] setup_model_s=3.277
eval_seed:  [1, 301, 601, 901, 1201, 1501, 1801, 2101, 2401, 2701]
Dumped plan targets to /opt/dlami/nvme/home/jupyter-deuk-c4e4/pusht-reproduction/cls_reproduction/plan/gd_seed_300/chunk_00/plan_targets.pkl
[timing] setup_workspace_s=4.221

MPC iter 0 Eval ------- 
Success rate:  0.3
{'success': array([False,  True,  True, False, False, False, False,  True, False,
       False]), 'state_dist': array([ 83.00284 ,  21.547312,  17.38537 ,  20.026712,  73.60555 ,
        45.481564, 122.145615,  15.197558,  81.448746,  31.092768],
      dtype=float32)}
self.is_success:  [False  True  True False False False False  True False False]
Success rate:  0.3
{'success': array([False,  True,  True, False, False, False, False,  True, False,
       False]), 'state_dist': array([ 83.00284 ,  21.547312,  17.38537 ,  20.026712,  73.60555 ,
        45.481564, 122.145615,  15.197558,  81.448746,  31.092768],
      dtype=float32)}
[timing] perform_planning_s=6.658
[timing] total_planning_main_s=14.156
===== cls gd seed 300 chunk 10 (n_evals=10) =====
/home/jupyter-deuk-c4e4/.conda/envs/ts310/lib/python3.10/site-packages/wandb/sdk/internal/internal_api.py:30: UserWarning: pkg_resources is deprecated as an API. See https://setuptools.pypa.io/en/latest/pkg_resources.html. The pkg_resources package is slated for removal as early as 2025-11-30. Refrain from using this package or pin to Setuptools<81.
  from pkg_resources import parse_version
/home/jupyter-deuk-c4e4/.conda/envs/ts310/lib/python3.10/site-packages/pkg_resources/__init__.py:3148: DeprecationWarning: Deprecated call to `pkg_resources.declare_namespace('mpl_toolkits')`.
Implementing implicit namespace packages (as specified in PEP 420) is preferred to `pkg_resources.declare_namespace`. See https://setuptools.pypa.io/en/latest/references/keywords.html#keyword-namespace-packages
  declare_namespace(pkg)
/home/jupyter-deuk-c4e4/.conda/envs/ts310/lib/python3.10/site-packages/pkg_resources/__init__.py:3148: DeprecationWarning: Deprecated call to `pkg_resources.declare_namespace('google')`.
Implementing implicit namespace packages (as specified in PEP 420) is preferred to `pkg_resources.declare_namespace`. See https://setuptools.pypa.io/en/latest/references/keywords.html#keyword-namespace-packages
  declare_namespace(pkg)
/home/jupyter-deuk-c4e4/.conda/envs/ts310/lib/python3.10/site-packages/Cython/Distutils/old_build_ext.py:15: DeprecationWarning: dep_util is Deprecated. Use functions from setuptools instead.
  from distutils.dep_util import newer, newer_group
<frozen importlib._bootstrap>:283: DeprecationWarning: the load_module() method is deprecated and slated for removal in Python 3.12; use exec_module() instead
Warning: Mujoco-based envs failed to import. Set the environment variable D4RL_SUPPRESS_IMPORT_ERROR=1 to suppress this message.
No module named 'mjrl'
Warning: Flow failed to import. Set the environment variable D4RL_SUPPRESS_IMPORT_ERROR=1 to suppress this message.
No module named 'flow'
Warning: CARLA failed to import. Set the environment variable D4RL_SUPPRESS_IMPORT_ERROR=1 to suppress this message.
No module named 'carla'
pybullet build time: Jan 29 2025 23:16:28
/home/jupyter-deuk-c4e4/.conda/envs/ts310/lib/python3.10/site-packages/gym/envs/registration.py:595: UserWarning: [33mWARN: Overriding environment maze2d-open-v0[0m
  logger.warn(f"Overriding environment {id}")
/home/jupyter-deuk-c4e4/.conda/envs/ts310/lib/python3.10/site-packages/gym/envs/registration.py:595: UserWarning: [33mWARN: Overriding environment maze2d-umaze-v0[0m
  logger.warn(f"Overriding environment {id}")
/home/jupyter-deuk-c4e4/.conda/envs/ts310/lib/python3.10/site-packages/gym/envs/registration.py:595: UserWarning: [33mWARN: Overriding environment maze2d-medium-v0[0m
  logger.warn(f"Overriding environment {id}")
/home/jupyter-deuk-c4e4/.conda/envs/ts310/lib/python3.10/site-packages/gym/envs/registration.py:595: UserWarning: [33mWARN: Overriding environment maze2d-large-v0[0m
  logger.warn(f"Overriding environment {id}")
/home/jupyter-deuk-c4e4/.conda/envs/ts310/lib/python3.10/site-packages/gym/envs/registration.py:595: UserWarning: [33mWARN: Overriding environment maze2d-umaze-v1[0m
  logger.warn(f"Overriding environment {id}")
/home/jupyter-deuk-c4e4/.conda/envs/ts310/lib/python3.10/site-packages/gym/envs/registration.py:595: UserWarning: [33mWARN: Overriding environment maze2d-medium-v1[0m
  logger.warn(f"Overriding environment {id}")
/home/jupyter-deuk-c4e4/.conda/envs/ts310/lib/python3.10/site-packages/gym/envs/registration.py:595: UserWarning: [33mWARN: Overriding environment maze2d-large-v1[0m
  logger.warn(f"Overriding environment {id}")
/home/jupyter-deuk-c4e4/.conda/envs/ts310/lib/python3.10/site-packages/gym/envs/registration.py:595: UserWarning: [33mWARN: Overriding environment maze2d-eval-umaze-v1[0m
  logger.warn(f"Overriding environment {id}")
/home/jupyter-deuk-c4e4/.conda/envs/ts310/lib/python3.10/site-packages/gym/envs/registration.py:595: UserWarning: [33mWARN: Overriding environment maze2d-eval-medium-v1[0m
  logger.warn(f"Overriding environment {id}")
/home/jupyter-deuk-c4e4/.conda/envs/ts310/lib/python3.10/site-packages/gym/envs/registration.py:595: UserWarning: [33mWARN: Overriding environment maze2d-eval-large-v1[0m
  logger.warn(f"Overriding environment {id}")
/home/jupyter-deuk-c4e4/.conda/envs/ts310/lib/python3.10/site-packages/gym/envs/registration.py:595: UserWarning: [33mWARN: Overriding environment maze2d-open-dense-v0[0m
  logger.warn(f"Overriding environment {id}")
/home/jupyter-deuk-c4e4/.conda/envs/ts310/lib/python3.10/site-packages/gym/envs/registration.py:595: UserWarning: [33mWARN: Overriding environment maze2d-umaze-dense-v0[0m
  logger.warn(f"Overriding environment {id}")
/home/jupyter-deuk-c4e4/.conda/envs/ts310/lib/python3.10/site-packages/gym/envs/registration.py:595: UserWarning: [33mWARN: Overriding environment maze2d-medium-dense-v0[0m
  logger.warn(f"Overriding environment {id}")
/home/jupyter-deuk-c4e4/.conda/envs/ts310/lib/python3.10/site-packages/gym/envs/registration.py:595: UserWarning: [33mWARN: Overriding environment maze2d-large-dense-v0[0m
  logger.warn(f"Overriding environment {id}")
/home/jupyter-deuk-c4e4/.conda/envs/ts310/lib/python3.10/site-packages/gym/envs/registration.py:595: UserWarning: [33mWARN: Overriding environment maze2d-umaze-dense-v1[0m
  logger.warn(f"Overriding environment {id}")
/home/jupyter-deuk-c4e4/.conda/envs/ts310/lib/python3.10/site-packages/gym/envs/registration.py:595: UserWarning: [33mWARN: Overriding environment maze2d-medium-dense-v1[0m
  logger.warn(f"Overriding environment {id}")
/home/jupyter-deuk-c4e4/.conda/envs/ts310/lib/python3.10/site-packages/gym/envs/registration.py:595: UserWarning: [33mWARN: Overriding environment maze2d-large-dense-v1[0m
  logger.warn(f"Overriding environment {id}")
/home/jupyter-deuk-c4e4/.conda/envs/ts310/lib/python3.10/site-packages/gym/envs/registration.py:595: UserWarning: [33mWARN: Overriding environment maze2d-eval-umaze-dense-v1[0m
  logger.warn(f"Overriding environment {id}")
/home/jupyter-deuk-c4e4/.conda/envs/ts310/lib/python3.10/site-packages/gym/envs/registration.py:595: UserWarning: [33mWARN: Overriding environment maze2d-eval-medium-dense-v1[0m
  logger.warn(f"Overriding environment {id}")
/home/jupyter-deuk-c4e4/.conda/envs/ts310/lib/python3.10/site-packages/gym/envs/registration.py:595: UserWarning: [33mWARN: Overriding environment maze2d-eval-large-dense-v1[0m
  logger.warn(f"Overriding environment {id}")
/opt/dlami/nvme/home/jupyter-deuk-c4e4/temporal-straightening/custom_resolvers.py:4: UserWarning: 
The version_base parameter is not specified.
Please specify a compatability version level, or None.
Will assume defaults for version 1.1
  @hydra.main(config_path=None)
[2026-07-25 15:06:39,498][__main__][INFO] - Planning result saved dir: /opt/dlami/nvme/home/jupyter-deuk-c4e4/pusht-reproduction/cls_reproduction/plan/gd_seed_300/chunk_10
/home/jupyter-deuk-c4e4/.conda/envs/ts310/lib/python3.10/site-packages/wandb/sdk/internal/internal_api.py:30: UserWarning: pkg_resources is deprecated as an API. See https://setuptools.pypa.io/en/latest/pkg_resources.html. The pkg_resources package is slated for removal as early as 2025-11-30. Refrain from using this package or pin to Setuptools<81.
  from pkg_resources import parse_version
Using cache found in /home/jupyter-deuk-c4e4/.cache/torch/hub/facebookresearch_dinov2_81b2b6419385
Loaded 18685 rollouts
Loaded 21 rollouts
[2026-07-25 15:06:42,207][dinov2][INFO] - using MLP layer as FFN
[2026-07-25 15:06:42,656][models.dino][WARNING] - Unknown projector 'none' for patch tokens; proceeding without projector.
Resuming from epoch 2: /home/jupyter-deuk-c4e4/pusht-reproduction/cls_reproduction/test/pusht_False_agg32_projnone_dim384_hw14_sgTrue_lr1e-06/checkpoints/model_2.pth
[2026-07-25 15:06:43,079][models.visual_world_model][INFO] - num_action_repeat: 1
[2026-07-25 15:06:43,079][models.visual_world_model][INFO] - num_proprio_repeat: 1
[2026-07-25 15:06:43,079][models.visual_world_model][INFO] - proprio encoder: ProprioceptiveEmbedding(
  (patch_embed): Conv1d(4, 10, kernel_size=(1,), stride=(1,))
  (norm): LayerNorm((10,), eps=1e-05, elementwise_affine=True)
)
[2026-07-25 15:06:43,079][models.visual_world_model][INFO] - action encoder: ProprioceptiveEmbedding(
  (patch_embed): Conv1d(10, 10, kernel_size=(1,), stride=(1,))
  (norm): LayerNorm((10,), eps=1e-05, elementwise_affine=True)
)
[2026-07-25 15:06:43,079][models.visual_world_model][INFO] - proprio_dim: 10, after repeat: 10
[2026-07-25 15:06:43,079][models.visual_world_model][INFO] - action_dim: 10, after repeat: 10
[2026-07-25 15:06:43,079][models.visual_world_model][INFO] - emb_dim: 404
[2026-07-25 15:06:43,080][models.visual_world_model][INFO] - Straightening disabled
[2026-07-25 15:06:43,080][models.visual_world_model][INFO] - Speed constancy disabled
[2026-07-25 15:06:43,080][models.visual_world_model][INFO] - Trajectory penalty disabled
[2026-07-25 15:06:43,080][models.visual_world_model][INFO] - Stop-grad enabled: True
[2026-07-25 15:06:43,080][models.visual_world_model][INFO] - VCReg enabled: False, apply_to=enc, std_coeff=0.0, cov_coeff=0.0
[2026-07-25 15:06:43,080][models.visual_world_model][INFO] - Model emb_dim: 404
[timing] setup_model_s=3.584
eval_seed:  [3001, 3301, 3601, 3901, 4201, 4501, 4801, 5101, 5401, 5701]
Dumped plan targets to /opt/dlami/nvme/home/jupyter-deuk-c4e4/pusht-reproduction/cls_reproduction/plan/gd_seed_300/chunk_10/plan_targets.pkl
[timing] setup_workspace_s=4.761

MPC iter 0 Eval ------- 
Success rate:  0.0
{'success': array([False, False, False, False, False, False, False, False, False,
       False]), 'state_dist': array([57.99077 , 33.6717  , 49.94492 , 32.246727, 88.66708 , 45.647114,
       35.7402  , 50.90806 , 34.726795, 54.339878], dtype=float32)}
self.is_success:  [False False False False False False False False False False]
Success rate:  0.0
{'success': array([False, False, False, False, False, False, False, False, False,
       False]), 'state_dist': array([57.99077 , 33.6717  , 49.94492 , 32.246727, 88.66708 , 45.647114,
       35.7402  , 50.90806 , 34.726795, 54.339878], dtype=float32)}
[timing] perform_planning_s=6.198
[timing] total_planning_main_s=14.542
===== cls gd seed 300 chunk 20 (n_evals=10) =====
/home/jupyter-deuk-c4e4/.conda/envs/ts310/lib/python3.10/site-packages/wandb/sdk/internal/internal_api.py:30: UserWarning: pkg_resources is deprecated as an API. See https://setuptools.pypa.io/en/latest/pkg_resources.html. The pkg_resources package is slated for removal as early as 2025-11-30. Refrain from using this package or pin to Setuptools<81.
  from pkg_resources import parse_version
/home/jupyter-deuk-c4e4/.conda/envs/ts310/lib/python3.10/site-packages/pkg_resources/__init__.py:3148: DeprecationWarning: Deprecated call to `pkg_resources.declare_namespace('mpl_toolkits')`.
Implementing implicit namespace packages (as specified in PEP 420) is preferred to `pkg_resources.declare_namespace`. See https://setuptools.pypa.io/en/latest/references/keywords.html#keyword-namespace-packages
  declare_namespace(pkg)
/home/jupyter-deuk-c4e4/.conda/envs/ts310/lib/python3.10/site-packages/pkg_resources/__init__.py:3148: DeprecationWarning: Deprecated call to `pkg_resources.declare_namespace('google')`.
Implementing implicit namespace packages (as specified in PEP 420) is preferred to `pkg_resources.declare_namespace`. See https://setuptools.pypa.io/en/latest/references/keywords.html#keyword-namespace-packages
  declare_namespace(pkg)
/home/jupyter-deuk-c4e4/.conda/envs/ts310/lib/python3.10/site-packages/Cython/Distutils/old_build_ext.py:15: DeprecationWarning: dep_util is Deprecated. Use functions from setuptools instead.
  from distutils.dep_util import newer, newer_group
<frozen importlib._bootstrap>:283: DeprecationWarning: the load_module() method is deprecated and slated for removal in Python 3.12; use exec_module() instead
Warning: Mujoco-based envs failed to import. Set the environment variable D4RL_SUPPRESS_IMPORT_ERROR=1 to suppress this message.
No module named 'mjrl'
Warning: Flow failed to import. Set the environment variable D4RL_SUPPRESS_IMPORT_ERROR=1 to suppress this message.
No module named 'flow'
Warning: CARLA failed to import. Set the environment variable D4RL_SUPPRESS_IMPORT_ERROR=1 to suppress this message.
No module named 'carla'
pybullet build time: Jan 29 2025 23:16:28
/home/jupyter-deuk-c4e4/.conda/envs/ts310/lib/python3.10/site-packages/gym/envs/registration.py:595: UserWarning: [33mWARN: Overriding environment maze2d-open-v0[0m
  logger.warn(f"Overriding environment {id}")
/home/jupyter-deuk-c4e4/.conda/envs/ts310/lib/python3.10/site-packages/gym/envs/registration.py:595: UserWarning: [33mWARN: Overriding environment maze2d-umaze-v0[0m
  logger.warn(f"Overriding environment {id}")
/home/jupyter-deuk-c4e4/.conda/envs/ts310/lib/python3.10/site-packages/gym/envs/registration.py:595: UserWarning: [33mWARN: Overriding environment maze2d-medium-v0[0m
  logger.warn(f"Overriding environment {id}")
/home/jupyter-deuk-c4e4/.conda/envs/ts310/lib/python3.10/site-packages/gym/envs/registration.py:595: UserWarning: [33mWARN: Overriding environment maze2d-large-v0[0m
  logger.warn(f"Overriding environment {id}")
/home/jupyter-deuk-c4e4/.conda/envs/ts310/lib/python3.10/site-packages/gym/envs/registration.py:595: UserWarning: [33mWARN: Overriding environment maze2d-umaze-v1[0m
  logger.warn(f"Overriding environment {id}")
/home/jupyter-deuk-c4e4/.conda/envs/ts310/lib/python3.10/site-packages/gym/envs/registration.py:595: UserWarning: [33mWARN: Overriding environment maze2d-medium-v1[0m
  logger.warn(f"Overriding environment {id}")
/home/jupyter-deuk-c4e4/.conda/envs/ts310/lib/python3.10/site-packages/gym/envs/registration.py:595: UserWarning: [33mWARN: Overriding environment maze2d-large-v1[0m
  logger.warn(f"Overriding environment {id}")
/home/jupyter-deuk-c4e4/.conda/envs/ts310/lib/python3.10/site-packages/gym/envs/registration.py:595: UserWarning: [33mWARN: Overriding environment maze2d-eval-umaze-v1[0m
  logger.warn(f"Overriding environment {id}")
/home/jupyter-deuk-c4e4/.conda/envs/ts310/lib/python3.10/site-packages/gym/envs/registration.py:595: UserWarning: [33mWARN: Overriding environment maze2d-eval-medium-v1[0m
  logger.warn(f"Overriding environment {id}")
/home/jupyter-deuk-c4e4/.conda/envs/ts310/lib/python3.10/site-packages/gym/envs/registration.py:595: UserWarning: [33mWARN: Overriding environment maze2d-eval-large-v1[0m
  logger.warn(f"Overriding environment {id}")
/home/jupyter-deuk-c4e4/.conda/envs/ts310/lib/python3.10/site-packages/gym/envs/registration.py:595: UserWarning: [33mWARN: Overriding environment maze2d-open-dense-v0[0m
  logger.warn(f"Overriding environment {id}")
/home/jupyter-deuk-c4e4/.conda/envs/ts310/lib/python3.10/site-packages/gym/envs/registration.py:595: UserWarning: [33mWARN: Overriding environment maze2d-umaze-dense-v0[0m
  logger.warn(f"Overriding environment {id}")
/home/jupyter-deuk-c4e4/.conda/envs/ts310/lib/python3.10/site-packages/gym/envs/registration.py:595: UserWarning: [33mWARN: Overriding environment maze2d-medium-dense-v0[0m
  logger.warn(f"Overriding environment {id}")
/home/jupyter-deuk-c4e4/.conda/envs/ts310/lib/python3.10/site-packages/gym/envs/registration.py:595: UserWarning: [33mWARN: Overriding environment maze2d-large-dense-v0[0m
  logger.warn(f"Overriding environment {id}")
/home/jupyter-deuk-c4e4/.conda/envs/ts310/lib/python3.10/site-packages/gym/envs/registration.py:595: UserWarning: [33mWARN: Overriding environment maze2d-umaze-dense-v1[0m
  logger.warn(f"Overriding environment {id}")
/home/jupyter-deuk-c4e4/.conda/envs/ts310/lib/python3.10/site-packages/gym/envs/registration.py:595: UserWarning: [33mWARN: Overriding environment maze2d-medium-dense-v1[0m
  logger.warn(f"Overriding environment {id}")
/home/jupyter-deuk-c4e4/.conda/envs/ts310/lib/python3.10/site-packages/gym/envs/registration.py:595: UserWarning: [33mWARN: Overriding environment maze2d-large-dense-v1[0m
  logger.warn(f"Overriding environment {id}")
/home/jupyter-deuk-c4e4/.conda/envs/ts310/lib/python3.10/site-packages/gym/envs/registration.py:595: UserWarning: [33mWARN: Overriding environment maze2d-eval-umaze-dense-v1[0m
  logger.warn(f"Overriding environment {id}")
/home/jupyter-deuk-c4e4/.conda/envs/ts310/lib/python3.10/site-packages/gym/envs/registration.py:595: UserWarning: [33mWARN: Overriding environment maze2d-eval-medium-dense-v1[0m
  logger.warn(f"Overriding environment {id}")
/home/jupyter-deuk-c4e4/.conda/envs/ts310/lib/python3.10/site-packages/gym/envs/registration.py:595: UserWarning: [33mWARN: Overriding environment maze2d-eval-large-dense-v1[0m
  logger.warn(f"Overriding environment {id}")
/opt/dlami/nvme/home/jupyter-deuk-c4e4/temporal-straightening/custom_resolvers.py:4: UserWarning: 
The version_base parameter is not specified.
Please specify a compatability version level, or None.
Will assume defaults for version 1.1
  @hydra.main(config_path=None)
[2026-07-25 15:06:59,216][__main__][INFO] - Planning result saved dir: /opt/dlami/nvme/home/jupyter-deuk-c4e4/pusht-reproduction/cls_reproduction/plan/gd_seed_300/chunk_20
/home/jupyter-deuk-c4e4/.conda/envs/ts310/lib/python3.10/site-packages/wandb/sdk/internal/internal_api.py:30: UserWarning: pkg_resources is deprecated as an API. See https://setuptools.pypa.io/en/latest/pkg_resources.html. The pkg_resources package is slated for removal as early as 2025-11-30. Refrain from using this package or pin to Setuptools<81.
  from pkg_resources import parse_version
Using cache found in /home/jupyter-deuk-c4e4/.cache/torch/hub/facebookresearch_dinov2_81b2b6419385
Loaded 18685 rollouts
Loaded 21 rollouts
[2026-07-25 15:07:01,662][dinov2][INFO] - using MLP layer as FFN
[2026-07-25 15:07:02,072][models.dino][WARNING] - Unknown projector 'none' for patch tokens; proceeding without projector.
Resuming from epoch 2: /home/jupyter-deuk-c4e4/pusht-reproduction/cls_reproduction/test/pusht_False_agg32_projnone_dim384_hw14_sgTrue_lr1e-06/checkpoints/model_2.pth
[2026-07-25 15:07:02,510][models.visual_world_model][INFO] - num_action_repeat: 1
[2026-07-25 15:07:02,510][models.visual_world_model][INFO] - num_proprio_repeat: 1
[2026-07-25 15:07:02,510][models.visual_world_model][INFO] - proprio encoder: ProprioceptiveEmbedding(
  (patch_embed): Conv1d(4, 10, kernel_size=(1,), stride=(1,))
  (norm): LayerNorm((10,), eps=1e-05, elementwise_affine=True)
)
[2026-07-25 15:07:02,511][models.visual_world_model][INFO] - action encoder: ProprioceptiveEmbedding(
  (patch_embed): Conv1d(10, 10, kernel_size=(1,), stride=(1,))
  (norm): LayerNorm((10,), eps=1e-05, elementwise_affine=True)
)
[2026-07-25 15:07:02,511][models.visual_world_model][INFO] - proprio_dim: 10, after repeat: 10
[2026-07-25 15:07:02,511][models.visual_world_model][INFO] - action_dim: 10, after repeat: 10
[2026-07-25 15:07:02,511][models.visual_world_model][INFO] - emb_dim: 404
[2026-07-25 15:07:02,511][models.visual_world_model][INFO] - Straightening disabled
[2026-07-25 15:07:02,511][models.visual_world_model][INFO] - Speed constancy disabled
[2026-07-25 15:07:02,511][models.visual_world_model][INFO] - Trajectory penalty disabled
[2026-07-25 15:07:02,511][models.visual_world_model][INFO] - Stop-grad enabled: True
[2026-07-25 15:07:02,511][models.visual_world_model][INFO] - VCReg enabled: False, apply_to=enc, std_coeff=0.0, cov_coeff=0.0
[2026-07-25 15:07:02,511][models.visual_world_model][INFO] - Model emb_dim: 404
[timing] setup_model_s=3.297
eval_seed:  [6001, 6301, 6601, 6901, 7201, 7501, 7801, 8101, 8401, 8701]
Dumped plan targets to /opt/dlami/nvme/home/jupyter-deuk-c4e4/pusht-reproduction/cls_reproduction/plan/gd_seed_300/chunk_20/plan_targets.pkl
[timing] setup_workspace_s=5.510

MPC iter 0 Eval ------- 
Success rate:  0.2
{'success': array([False, False,  True, False, False, False, False, False, False,
        True]), 'state_dist': array([ 65.42051  ,  99.95869  ,   9.693112 ,  42.760002 , 129.85071  ,
        40.65453  ,  57.58618  ,  35.911484 , 143.10043  ,   7.1725674],
      dtype=float32)}
self.is_success:  [False False  True False False False False False False  True]
Success rate:  0.2
{'success': array([False, False,  True, False, False, False, False, False, False,
        True]), 'state_dist': array([ 65.42051  ,  99.95869  ,   9.693112 ,  42.760002 , 129.85071  ,
        40.65453  ,  57.58618  ,  35.911484 , 143.10043  ,   7.1725674],
      dtype=float32)}
[timing] perform_planning_s=7.932
[timing] total_planning_main_s=16.739
===== cls gd seed 300 chunk 30 (n_evals=10) =====
/home/jupyter-deuk-c4e4/.conda/envs/ts310/lib/python3.10/site-packages/wandb/sdk/internal/internal_api.py:30: UserWarning: pkg_resources is deprecated as an API. See https://setuptools.pypa.io/en/latest/pkg_resources.html. The pkg_resources package is slated for removal as early as 2025-11-30. Refrain from using this package or pin to Setuptools<81.
  from pkg_resources import parse_version
/home/jupyter-deuk-c4e4/.conda/envs/ts310/lib/python3.10/site-packages/pkg_resources/__init__.py:3148: DeprecationWarning: Deprecated call to `pkg_resources.declare_namespace('mpl_toolkits')`.
Implementing implicit namespace packages (as specified in PEP 420) is preferred to `pkg_resources.declare_namespace`. See https://setuptools.pypa.io/en/latest/references/keywords.html#keyword-namespace-packages
  declare_namespace(pkg)
/home/jupyter-deuk-c4e4/.conda/envs/ts310/lib/python3.10/site-packages/pkg_resources/__init__.py:3148: DeprecationWarning: Deprecated call to `pkg_resources.declare_namespace('google')`.
Implementing implicit namespace packages (as specified in PEP 420) is preferred to `pkg_resources.declare_namespace`. See https://setuptools.pypa.io/en/latest/references/keywords.html#keyword-namespace-packages
  declare_namespace(pkg)
/home/jupyter-deuk-c4e4/.conda/envs/ts310/lib/python3.10/site-packages/Cython/Distutils/old_build_ext.py:15: DeprecationWarning: dep_util is Deprecated. Use functions from setuptools instead.
  from distutils.dep_util import newer, newer_group
<frozen importlib._bootstrap>:283: DeprecationWarning: the load_module() method is deprecated and slated for removal in Python 3.12; use exec_module() instead
Warning: Mujoco-based envs failed to import. Set the environment variable D4RL_SUPPRESS_IMPORT_ERROR=1 to suppress this message.
No module named 'mjrl'
Warning: Flow failed to import. Set the environment variable D4RL_SUPPRESS_IMPORT_ERROR=1 to suppress this message.
No module named 'flow'
Warning: CARLA failed to import. Set the environment variable D4RL_SUPPRESS_IMPORT_ERROR=1 to suppress this message.
No module named 'carla'
pybullet build time: Jan 29 2025 23:16:28
/home/jupyter-deuk-c4e4/.conda/envs/ts310/lib/python3.10/site-packages/gym/envs/registration.py:595: UserWarning: [33mWARN: Overriding environment maze2d-open-v0[0m
  logger.warn(f"Overriding environment {id}")
/home/jupyter-deuk-c4e4/.conda/envs/ts310/lib/python3.10/site-packages/gym/envs/registration.py:595: UserWarning: [33mWARN: Overriding environment maze2d-umaze-v0[0m
  logger.warn(f"Overriding environment {id}")
/home/jupyter-deuk-c4e4/.conda/envs/ts310/lib/python3.10/site-packages/gym/envs/registration.py:595: UserWarning: [33mWARN: Overriding environment maze2d-medium-v0[0m
  logger.warn(f"Overriding environment {id}")
/home/jupyter-deuk-c4e4/.conda/envs/ts310/lib/python3.10/site-packages/gym/envs/registration.py:595: UserWarning: [33mWARN: Overriding environment maze2d-large-v0[0m
  logger.warn(f"Overriding environment {id}")
/home/jupyter-deuk-c4e4/.conda/envs/ts310/lib/python3.10/site-packages/gym/envs/registration.py:595: UserWarning: [33mWARN: Overriding environment maze2d-umaze-v1[0m
  logger.warn(f"Overriding environment {id}")
/home/jupyter-deuk-c4e4/.conda/envs/ts310/lib/python3.10/site-packages/gym/envs/registration.py:595: UserWarning: [33mWARN: Overriding environment maze2d-medium-v1[0m
  logger.warn(f"Overriding environment {id}")
/home/jupyter-deuk-c4e4/.conda/envs/ts310/lib/python3.10/site-packages/gym/envs/registration.py:595: UserWarning: [33mWARN: Overriding environment maze2d-large-v1[0m
  logger.warn(f"Overriding environment {id}")
/home/jupyter-deuk-c4e4/.conda/envs/ts310/lib/python3.10/site-packages/gym/envs/registration.py:595: UserWarning: [33mWARN: Overriding environment maze2d-eval-umaze-v1[0m
  logger.warn(f"Overriding environment {id}")
/home/jupyter-deuk-c4e4/.conda/envs/ts310/lib/python3.10/site-packages/gym/envs/registration.py:595: UserWarning: [33mWARN: Overriding environment maze2d-eval-medium-v1[0m
  logger.warn(f"Overriding environment {id}")
/home/jupyter-deuk-c4e4/.conda/envs/ts310/lib/python3.10/site-packages/gym/envs/registration.py:595: UserWarning: [33mWARN: Overriding environment maze2d-eval-large-v1[0m
  logger.warn(f"Overriding environment {id}")
/home/jupyter-deuk-c4e4/.conda/envs/ts310/lib/python3.10/site-packages/gym/envs/registration.py:595: UserWarning: [33mWARN: Overriding environment maze2d-open-dense-v0[0m
  logger.warn(f"Overriding environment {id}")
/home/jupyter-deuk-c4e4/.conda/envs/ts310/lib/python3.10/site-packages/gym/envs/registration.py:595: UserWarning: [33mWARN: Overriding environment maze2d-umaze-dense-v0[0m
  logger.warn(f"Overriding environment {id}")
/home/jupyter-deuk-c4e4/.conda/envs/ts310/lib/python3.10/site-packages/gym/envs/registration.py:595: UserWarning: [33mWARN: Overriding environment maze2d-medium-dense-v0[0m
  logger.warn(f"Overriding environment {id}")
/home/jupyter-deuk-c4e4/.conda/envs/ts310/lib/python3.10/site-packages/gym/envs/registration.py:595: UserWarning: [33mWARN: Overriding environment maze2d-large-dense-v0[0m
  logger.warn(f"Overriding environment {id}")
/home/jupyter-deuk-c4e4/.conda/envs/ts310/lib/python3.10/site-packages/gym/envs/registration.py:595: UserWarning: [33mWARN: Overriding environment maze2d-umaze-dense-v1[0m
  logger.warn(f"Overriding environment {id}")
/home/jupyter-deuk-c4e4/.conda/envs/ts310/lib/python3.10/site-packages/gym/envs/registration.py:595: UserWarning: [33mWARN: Overriding environment maze2d-medium-dense-v1[0m
  logger.warn(f"Overriding environment {id}")
/home/jupyter-deuk-c4e4/.conda/envs/ts310/lib/python3.10/site-packages/gym/envs/registration.py:595: UserWarning: [33mWARN: Overriding environment maze2d-large-dense-v1[0m
  logger.warn(f"Overriding environment {id}")
/home/jupyter-deuk-c4e4/.conda/envs/ts310/lib/python3.10/site-packages/gym/envs/registration.py:595: UserWarning: [33mWARN: Overriding environment maze2d-eval-umaze-dense-v1[0m
  logger.warn(f"Overriding environment {id}")
/home/jupyter-deuk-c4e4/.conda/envs/ts310/lib/python3.10/site-packages/gym/envs/registration.py:595: UserWarning: [33mWARN: Overriding environment maze2d-eval-medium-dense-v1[0m
  logger.warn(f"Overriding environment {id}")
/home/jupyter-deuk-c4e4/.conda/envs/ts310/lib/python3.10/site-packages/gym/envs/registration.py:595: UserWarning: [33mWARN: Overriding environment maze2d-eval-large-dense-v1[0m
  logger.warn(f"Overriding environment {id}")
/opt/dlami/nvme/home/jupyter-deuk-c4e4/temporal-straightening/custom_resolvers.py:4: UserWarning: 
The version_base parameter is not specified.
Please specify a compatability version level, or None.
Will assume defaults for version 1.1
  @hydra.main(config_path=None)
[2026-07-25 15:07:21,779][__main__][INFO] - Planning result saved dir: /opt/dlami/nvme/home/jupyter-deuk-c4e4/pusht-reproduction/cls_reproduction/plan/gd_seed_300/chunk_30
/home/jupyter-deuk-c4e4/.conda/envs/ts310/lib/python3.10/site-packages/wandb/sdk/internal/internal_api.py:30: UserWarning: pkg_resources is deprecated as an API. See https://setuptools.pypa.io/en/latest/pkg_resources.html. The pkg_resources package is slated for removal as early as 2025-11-30. Refrain from using this package or pin to Setuptools<81.
  from pkg_resources import parse_version
Using cache found in /home/jupyter-deuk-c4e4/.cache/torch/hub/facebookresearch_dinov2_81b2b6419385
Loaded 18685 rollouts
Loaded 21 rollouts
[2026-07-25 15:07:24,317][dinov2][INFO] - using MLP layer as FFN
[2026-07-25 15:07:24,743][models.dino][WARNING] - Unknown projector 'none' for patch tokens; proceeding without projector.
Resuming from epoch 2: /home/jupyter-deuk-c4e4/pusht-reproduction/cls_reproduction/test/pusht_False_agg32_projnone_dim384_hw14_sgTrue_lr1e-06/checkpoints/model_2.pth
[2026-07-25 15:07:25,147][models.visual_world_model][INFO] - num_action_repeat: 1
[2026-07-25 15:07:25,147][models.visual_world_model][INFO] - num_proprio_repeat: 1
[2026-07-25 15:07:25,147][models.visual_world_model][INFO] - proprio encoder: ProprioceptiveEmbedding(
  (patch_embed): Conv1d(4, 10, kernel_size=(1,), stride=(1,))
  (norm): LayerNorm((10,), eps=1e-05, elementwise_affine=True)
)
[2026-07-25 15:07:25,148][models.visual_world_model][INFO] - action encoder: ProprioceptiveEmbedding(
  (patch_embed): Conv1d(10, 10, kernel_size=(1,), stride=(1,))
  (norm): LayerNorm((10,), eps=1e-05, elementwise_affine=True)
)
[2026-07-25 15:07:25,148][models.visual_world_model][INFO] - proprio_dim: 10, after repeat: 10
[2026-07-25 15:07:25,148][models.visual_world_model][INFO] - action_dim: 10, after repeat: 10
[2026-07-25 15:07:25,148][models.visual_world_model][INFO] - emb_dim: 404
[2026-07-25 15:07:25,148][models.visual_world_model][INFO] - Straightening disabled
[2026-07-25 15:07:25,148][models.visual_world_model][INFO] - Speed constancy disabled
[2026-07-25 15:07:25,148][models.visual_world_model][INFO] - Trajectory penalty disabled
[2026-07-25 15:07:25,148][models.visual_world_model][INFO] - Stop-grad enabled: True
[2026-07-25 15:07:25,148][models.visual_world_model][INFO] - VCReg enabled: False, apply_to=enc, std_coeff=0.0, cov_coeff=0.0
[2026-07-25 15:07:25,148][models.visual_world_model][INFO] - Model emb_dim: 404
[timing] setup_model_s=3.372
eval_seed:  [9001, 9301, 9601, 9901, 10201, 10501, 10801, 11101, 11401, 11701]
Dumped plan targets to /opt/dlami/nvme/home/jupyter-deuk-c4e4/pusht-reproduction/cls_reproduction/plan/gd_seed_300/chunk_30/plan_targets.pkl
[timing] setup_workspace_s=6.919

MPC iter 0 Eval ------- 
Success rate:  0.4
{'success': array([False,  True,  True, False,  True, False, False, False, False,
        True]), 'state_dist': array([ 95.930405,  15.362887,  24.389896,  39.00599 ,   9.9592  ,
        86.25687 ,  69.947365,  49.195477, 151.14294 ,  20.947897],
      dtype=float32)}
self.is_success:  [False  True  True False  True False False False False  True]
Success rate:  0.4
{'success': array([False,  True,  True, False,  True, False, False, False, False,
        True]), 'state_dist': array([ 95.930405,  15.362887,  24.389896,  39.00599 ,   9.9592  ,
        86.25687 ,  69.947365,  49.195477, 151.14294 ,  20.947897],
      dtype=float32)}
[timing] perform_planning_s=6.204
[timing] total_planning_main_s=16.496
===== cls gd seed 300 chunk 40 (n_evals=10) =====
/home/jupyter-deuk-c4e4/.conda/envs/ts310/lib/python3.10/site-packages/wandb/sdk/internal/internal_api.py:30: UserWarning: pkg_resources is deprecated as an API. See https://setuptools.pypa.io/en/latest/pkg_resources.html. The pkg_resources package is slated for removal as early as 2025-11-30. Refrain from using this package or pin to Setuptools<81.
  from pkg_resources import parse_version
/home/jupyter-deuk-c4e4/.conda/envs/ts310/lib/python3.10/site-packages/pkg_resources/__init__.py:3148: DeprecationWarning: Deprecated call to `pkg_resources.declare_namespace('mpl_toolkits')`.
Implementing implicit namespace packages (as specified in PEP 420) is preferred to `pkg_resources.declare_namespace`. See https://setuptools.pypa.io/en/latest/references/keywords.html#keyword-namespace-packages
  declare_namespace(pkg)
/home/jupyter-deuk-c4e4/.conda/envs/ts310/lib/python3.10/site-packages/pkg_resources/__init__.py:3148: DeprecationWarning: Deprecated call to `pkg_resources.declare_namespace('google')`.
Implementing implicit namespace packages (as specified in PEP 420) is preferred to `pkg_resources.declare_namespace`. See https://setuptools.pypa.io/en/latest/references/keywords.html#keyword-namespace-packages
  declare_namespace(pkg)
/home/jupyter-deuk-c4e4/.conda/envs/ts310/lib/python3.10/site-packages/Cython/Distutils/old_build_ext.py:15: DeprecationWarning: dep_util is Deprecated. Use functions from setuptools instead.
  from distutils.dep_util import newer, newer_group
<frozen importlib._bootstrap>:283: DeprecationWarning: the load_module() method is deprecated and slated for removal in Python 3.12; use exec_module() instead
Warning: Mujoco-based envs failed to import. Set the environment variable D4RL_SUPPRESS_IMPORT_ERROR=1 to suppress this message.
No module named 'mjrl'
Warning: Flow failed to import. Set the environment variable D4RL_SUPPRESS_IMPORT_ERROR=1 to suppress this message.
No module named 'flow'
Warning: CARLA failed to import. Set the environment variable D4RL_SUPPRESS_IMPORT_ERROR=1 to suppress this message.
No module named 'carla'
pybullet build time: Jan 29 2025 23:16:28
/home/jupyter-deuk-c4e4/.conda/envs/ts310/lib/python3.10/site-packages/gym/envs/registration.py:595: UserWarning: [33mWARN: Overriding environment maze2d-open-v0[0m
  logger.warn(f"Overriding environment {id}")
/home/jupyter-deuk-c4e4/.conda/envs/ts310/lib/python3.10/site-packages/gym/envs/registration.py:595: UserWarning: [33mWARN: Overriding environment maze2d-umaze-v0[0m
  logger.warn(f"Overriding environment {id}")
/home/jupyter-deuk-c4e4/.conda/envs/ts310/lib/python3.10/site-packages/gym/envs/registration.py:595: UserWarning: [33mWARN: Overriding environment maze2d-medium-v0[0m
  logger.warn(f"Overriding environment {id}")
/home/jupyter-deuk-c4e4/.conda/envs/ts310/lib/python3.10/site-packages/gym/envs/registration.py:595: UserWarning: [33mWARN: Overriding environment maze2d-large-v0[0m
  logger.warn(f"Overriding environment {id}")
/home/jupyter-deuk-c4e4/.conda/envs/ts310/lib/python3.10/site-packages/gym/envs/registration.py:595: UserWarning: [33mWARN: Overriding environment maze2d-umaze-v1[0m
  logger.warn(f"Overriding environment {id}")
/home/jupyter-deuk-c4e4/.conda/envs/ts310/lib/python3.10/site-packages/gym/envs/registration.py:595: UserWarning: [33mWARN: Overriding environment maze2d-medium-v1[0m
  logger.warn(f"Overriding environment {id}")
/home/jupyter-deuk-c4e4/.conda/envs/ts310/lib/python3.10/site-packages/gym/envs/registration.py:595: UserWarning: [33mWARN: Overriding environment maze2d-large-v1[0m
  logger.warn(f"Overriding environment {id}")
/home/jupyter-deuk-c4e4/.conda/envs/ts310/lib/python3.10/site-packages/gym/envs/registration.py:595: UserWarning: [33mWARN: Overriding environment maze2d-eval-umaze-v1[0m
  logger.warn(f"Overriding environment {id}")
/home/jupyter-deuk-c4e4/.conda/envs/ts310/lib/python3.10/site-packages/gym/envs/registration.py:595: UserWarning: [33mWARN: Overriding environment maze2d-eval-medium-v1[0m
  logger.warn(f"Overriding environment {id}")
/home/jupyter-deuk-c4e4/.conda/envs/ts310/lib/python3.10/site-packages/gym/envs/registration.py:595: UserWarning: [33mWARN: Overriding environment maze2d-eval-large-v1[0m
  logger.warn(f"Overriding environment {id}")
/home/jupyter-deuk-c4e4/.conda/envs/ts310/lib/python3.10/site-packages/gym/envs/registration.py:595: UserWarning: [33mWARN: Overriding environment maze2d-open-dense-v0[0m
  logger.warn(f"Overriding environment {id}")
/home/jupyter-deuk-c4e4/.conda/envs/ts310/lib/python3.10/site-packages/gym/envs/registration.py:595: UserWarning: [33mWARN: Overriding environment maze2d-umaze-dense-v0[0m
  logger.warn(f"Overriding environment {id}")
/home/jupyter-deuk-c4e4/.conda/envs/ts310/lib/python3.10/site-packages/gym/envs/registration.py:595: UserWarning: [33mWARN: Overriding environment maze2d-medium-dense-v0[0m
  logger.warn(f"Overriding environment {id}")
/home/jupyter-deuk-c4e4/.conda/envs/ts310/lib/python3.10/site-packages/gym/envs/registration.py:595: UserWarning: [33mWARN: Overriding environment maze2d-large-dense-v0[0m
  logger.warn(f"Overriding environment {id}")
/home/jupyter-deuk-c4e4/.conda/envs/ts310/lib/python3.10/site-packages/gym/envs/registration.py:595: UserWarning: [33mWARN: Overriding environment maze2d-umaze-dense-v1[0m
  logger.warn(f"Overriding environment {id}")
/home/jupyter-deuk-c4e4/.conda/envs/ts310/lib/python3.10/site-packages/gym/envs/registration.py:595: UserWarning: [33mWARN: Overriding environment maze2d-medium-dense-v1[0m
  logger.warn(f"Overriding environment {id}")
/home/jupyter-deuk-c4e4/.conda/envs/ts310/lib/python3.10/site-packages/gym/envs/registration.py:595: UserWarning: [33mWARN: Overriding environment maze2d-large-dense-v1[0m
  logger.warn(f"Overriding environment {id}")
/home/jupyter-deuk-c4e4/.conda/envs/ts310/lib/python3.10/site-packages/gym/envs/registration.py:595: UserWarning: [33mWARN: Overriding environment maze2d-eval-umaze-dense-v1[0m
  logger.warn(f"Overriding environment {id}")
/home/jupyter-deuk-c4e4/.conda/envs/ts310/lib/python3.10/site-packages/gym/envs/registration.py:595: UserWarning: [33mWARN: Overriding environment maze2d-eval-medium-dense-v1[0m
  logger.warn(f"Overriding environment {id}")
/home/jupyter-deuk-c4e4/.conda/envs/ts310/lib/python3.10/site-packages/gym/envs/registration.py:595: UserWarning: [33mWARN: Overriding environment maze2d-eval-large-dense-v1[0m
  logger.warn(f"Overriding environment {id}")
/opt/dlami/nvme/home/jupyter-deuk-c4e4/temporal-straightening/custom_resolvers.py:4: UserWarning: 
The version_base parameter is not specified.
Please specify a compatability version level, or None.
Will assume defaults for version 1.1
  @hydra.main(config_path=None)
[2026-07-25 15:07:43,456][__main__][INFO] - Planning result saved dir: /opt/dlami/nvme/home/jupyter-deuk-c4e4/pusht-reproduction/cls_reproduction/plan/gd_seed_300/chunk_40
/home/jupyter-deuk-c4e4/.conda/envs/ts310/lib/python3.10/site-packages/wandb/sdk/internal/internal_api.py:30: UserWarning: pkg_resources is deprecated as an API. See https://setuptools.pypa.io/en/latest/pkg_resources.html. The pkg_resources package is slated for removal as early as 2025-11-30. Refrain from using this package or pin to Setuptools<81.
  from pkg_resources import parse_version
Using cache found in /home/jupyter-deuk-c4e4/.cache/torch/hub/facebookresearch_dinov2_81b2b6419385
Loaded 18685 rollouts
Loaded 21 rollouts
[2026-07-25 15:07:46,014][dinov2][INFO] - using MLP layer as FFN
[2026-07-25 15:07:46,962][models.dino][WARNING] - Unknown projector 'none' for patch tokens; proceeding without projector.
Resuming from epoch 2: /home/jupyter-deuk-c4e4/pusht-reproduction/cls_reproduction/test/pusht_False_agg32_projnone_dim384_hw14_sgTrue_lr1e-06/checkpoints/model_2.pth
[2026-07-25 15:07:47,361][models.visual_world_model][INFO] - num_action_repeat: 1
[2026-07-25 15:07:47,361][models.visual_world_model][INFO] - num_proprio_repeat: 1
[2026-07-25 15:07:47,361][models.visual_world_model][INFO] - proprio encoder: ProprioceptiveEmbedding(
  (patch_embed): Conv1d(4, 10, kernel_size=(1,), stride=(1,))
  (norm): LayerNorm((10,), eps=1e-05, elementwise_affine=True)
)
[2026-07-25 15:07:47,361][models.visual_world_model][INFO] - action encoder: ProprioceptiveEmbedding(
  (patch_embed): Conv1d(10, 10, kernel_size=(1,), stride=(1,))
  (norm): LayerNorm((10,), eps=1e-05, elementwise_affine=True)
)
[2026-07-25 15:07:47,361][models.visual_world_model][INFO] - proprio_dim: 10, after repeat: 10
[2026-07-25 15:07:47,361][models.visual_world_model][INFO] - action_dim: 10, after repeat: 10
[2026-07-25 15:07:47,361][models.visual_world_model][INFO] - emb_dim: 404
[2026-07-25 15:07:47,361][models.visual_world_model][INFO] - Straightening disabled
[2026-07-25 15:07:47,361][models.visual_world_model][INFO] - Speed constancy disabled
[2026-07-25 15:07:47,361][models.visual_world_model][INFO] - Trajectory penalty disabled
[2026-07-25 15:07:47,361][models.visual_world_model][INFO] - Stop-grad enabled: True
[2026-07-25 15:07:47,361][models.visual_world_model][INFO] - VCReg enabled: False, apply_to=enc, std_coeff=0.0, cov_coeff=0.0
[2026-07-25 15:07:47,361][models.visual_world_model][INFO] - Model emb_dim: 404
[timing] setup_model_s=3.907
eval_seed:  [12001, 12301, 12601, 12901, 13201, 13501, 13801, 14101, 14401, 14701]
Dumped plan targets to /opt/dlami/nvme/home/jupyter-deuk-c4e4/pusht-reproduction/cls_reproduction/plan/gd_seed_300/chunk_40/plan_targets.pkl
[timing] setup_workspace_s=8.415

MPC iter 0 Eval ------- 
Success rate:  0.2
{'success': array([False, False, False, False,  True, False, False, False,  True,
       False]), 'state_dist': array([ 22.587715,  77.180885,  64.605804,  96.803696,  16.553738,
        47.810432,  76.45045 , 142.10852 ,  42.289207,  44.034508],
      dtype=float32)}
self.is_success:  [False False False False  True False False False  True False]
Success rate:  0.2
{'success': array([False, False, False, False,  True, False, False, False,  True,
       False]), 'state_dist': array([ 22.587715,  77.180885,  64.605804,  96.803696,  16.553738,
        47.810432,  76.45045 , 142.10852 ,  42.289207,  44.034508],
      dtype=float32)}
[timing] perform_planning_s=7.525
[timing] total_planning_main_s=19.848
===== cls mpc seed 100 chunk 00 (n_evals=10) =====
/home/jupyter-deuk-c4e4/.conda/envs/ts310/lib/python3.10/site-packages/wandb/sdk/internal/internal_api.py:30: UserWarning: pkg_resources is deprecated as an API. See https://setuptools.pypa.io/en/latest/pkg_resources.html. The pkg_resources package is slated for removal as early as 2025-11-30. Refrain from using this package or pin to Setuptools<81.
  from pkg_resources import parse_version
/home/jupyter-deuk-c4e4/.conda/envs/ts310/lib/python3.10/site-packages/pkg_resources/__init__.py:3148: DeprecationWarning: Deprecated call to `pkg_resources.declare_namespace('mpl_toolkits')`.
Implementing implicit namespace packages (as specified in PEP 420) is preferred to `pkg_resources.declare_namespace`. See https://setuptools.pypa.io/en/latest/references/keywords.html#keyword-namespace-packages
  declare_namespace(pkg)
/home/jupyter-deuk-c4e4/.conda/envs/ts310/lib/python3.10/site-packages/pkg_resources/__init__.py:3148: DeprecationWarning: Deprecated call to `pkg_resources.declare_namespace('google')`.
Implementing implicit namespace packages (as specified in PEP 420) is preferred to `pkg_resources.declare_namespace`. See https://setuptools.pypa.io/en/latest/references/keywords.html#keyword-namespace-packages
  declare_namespace(pkg)
/home/jupyter-deuk-c4e4/.conda/envs/ts310/lib/python3.10/site-packages/Cython/Distutils/old_build_ext.py:15: DeprecationWarning: dep_util is Deprecated. Use functions from setuptools instead.
  from distutils.dep_util import newer, newer_group
<frozen importlib._bootstrap>:283: DeprecationWarning: the load_module() method is deprecated and slated for removal in Python 3.12; use exec_module() instead
Warning: Mujoco-based envs failed to import. Set the environment variable D4RL_SUPPRESS_IMPORT_ERROR=1 to suppress this message.
No module named 'mjrl'
Warning: Flow failed to import. Set the environment variable D4RL_SUPPRESS_IMPORT_ERROR=1 to suppress this message.
No module named 'flow'
Warning: CARLA failed to import. Set the environment variable D4RL_SUPPRESS_IMPORT_ERROR=1 to suppress this message.
No module named 'carla'
pybullet build time: Jan 29 2025 23:16:28
/home/jupyter-deuk-c4e4/.conda/envs/ts310/lib/python3.10/site-packages/gym/envs/registration.py:595: UserWarning: [33mWARN: Overriding environment maze2d-open-v0[0m
  logger.warn(f"Overriding environment {id}")
/home/jupyter-deuk-c4e4/.conda/envs/ts310/lib/python3.10/site-packages/gym/envs/registration.py:595: UserWarning: [33mWARN: Overriding environment maze2d-umaze-v0[0m
  logger.warn(f"Overriding environment {id}")
/home/jupyter-deuk-c4e4/.conda/envs/ts310/lib/python3.10/site-packages/gym/envs/registration.py:595: UserWarning: [33mWARN: Overriding environment maze2d-medium-v0[0m
  logger.warn(f"Overriding environment {id}")
/home/jupyter-deuk-c4e4/.conda/envs/ts310/lib/python3.10/site-packages/gym/envs/registration.py:595: UserWarning: [33mWARN: Overriding environment maze2d-large-v0[0m
  logger.warn(f"Overriding environment {id}")
/home/jupyter-deuk-c4e4/.conda/envs/ts310/lib/python3.10/site-packages/gym/envs/registration.py:595: UserWarning: [33mWARN: Overriding environment maze2d-umaze-v1[0m
  logger.warn(f"Overriding environment {id}")
/home/jupyter-deuk-c4e4/.conda/envs/ts310/lib/python3.10/site-packages/gym/envs/registration.py:595: UserWarning: [33mWARN: Overriding environment maze2d-medium-v1[0m
  logger.warn(f"Overriding environment {id}")
/home/jupyter-deuk-c4e4/.conda/envs/ts310/lib/python3.10/site-packages/gym/envs/registration.py:595: UserWarning: [33mWARN: Overriding environment maze2d-large-v1[0m
  logger.warn(f"Overriding environment {id}")
/home/jupyter-deuk-c4e4/.conda/envs/ts310/lib/python3.10/site-packages/gym/envs/registration.py:595: UserWarning: [33mWARN: Overriding environment maze2d-eval-umaze-v1[0m
  logger.warn(f"Overriding environment {id}")
/home/jupyter-deuk-c4e4/.conda/envs/ts310/lib/python3.10/site-packages/gym/envs/registration.py:595: UserWarning: [33mWARN: Overriding environment maze2d-eval-medium-v1[0m
  logger.warn(f"Overriding environment {id}")
/home/jupyter-deuk-c4e4/.conda/envs/ts310/lib/python3.10/site-packages/gym/envs/registration.py:595: UserWarning: [33mWARN: Overriding environment maze2d-eval-large-v1[0m
  logger.warn(f"Overriding environment {id}")
/home/jupyter-deuk-c4e4/.conda/envs/ts310/lib/python3.10/site-packages/gym/envs/registration.py:595: UserWarning: [33mWARN: Overriding environment maze2d-open-dense-v0[0m
  logger.warn(f"Overriding environment {id}")
/home/jupyter-deuk-c4e4/.conda/envs/ts310/lib/python3.10/site-packages/gym/envs/registration.py:595: UserWarning: [33mWARN: Overriding environment maze2d-umaze-dense-v0[0m
  logger.warn(f"Overriding environment {id}")
/home/jupyter-deuk-c4e4/.conda/envs/ts310/lib/python3.10/site-packages/gym/envs/registration.py:595: UserWarning: [33mWARN: Overriding environment maze2d-medium-dense-v0[0m
  logger.warn(f"Overriding environment {id}")
/home/jupyter-deuk-c4e4/.conda/envs/ts310/lib/python3.10/site-packages/gym/envs/registration.py:595: UserWarning: [33mWARN: Overriding environment maze2d-large-dense-v0[0m
  logger.warn(f"Overriding environment {id}")
/home/jupyter-deuk-c4e4/.conda/envs/ts310/lib/python3.10/site-packages/gym/envs/registration.py:595: UserWarning: [33mWARN: Overriding environment maze2d-umaze-dense-v1[0m
  logger.warn(f"Overriding environment {id}")
/home/jupyter-deuk-c4e4/.conda/envs/ts310/lib/python3.10/site-packages/gym/envs/registration.py:595: UserWarning: [33mWARN: Overriding environment maze2d-medium-dense-v1[0m
  logger.warn(f"Overriding environment {id}")
/home/jupyter-deuk-c4e4/.conda/envs/ts310/lib/python3.10/site-packages/gym/envs/registration.py:595: UserWarning: [33mWARN: Overriding environment maze2d-large-dense-v1[0m
  logger.warn(f"Overriding environment {id}")
/home/jupyter-deuk-c4e4/.conda/envs/ts310/lib/python3.10/site-packages/gym/envs/registration.py:595: UserWarning: [33mWARN: Overriding environment maze2d-eval-umaze-dense-v1[0m
  logger.warn(f"Overriding environment {id}")
/home/jupyter-deuk-c4e4/.conda/envs/ts310/lib/python3.10/site-packages/gym/envs/registration.py:595: UserWarning: [33mWARN: Overriding environment maze2d-eval-medium-dense-v1[0m
  logger.warn(f"Overriding environment {id}")
/home/jupyter-deuk-c4e4/.conda/envs/ts310/lib/python3.10/site-packages/gym/envs/registration.py:595: UserWarning: [33mWARN: Overriding environment maze2d-eval-large-dense-v1[0m
  logger.warn(f"Overriding environment {id}")
/opt/dlami/nvme/home/jupyter-deuk-c4e4/temporal-straightening/custom_resolvers.py:4: UserWarning: 
The version_base parameter is not specified.
Please specify a compatability version level, or None.
Will assume defaults for version 1.1
  @hydra.main(config_path=None)
[2026-07-25 15:08:08,570][__main__][INFO] - Planning result saved dir: /opt/dlami/nvme/home/jupyter-deuk-c4e4/pusht-reproduction/cls_reproduction/plan/mpc_seed_100/chunk_00
/home/jupyter-deuk-c4e4/.conda/envs/ts310/lib/python3.10/site-packages/wandb/sdk/internal/internal_api.py:30: UserWarning: pkg_resources is deprecated as an API. See https://setuptools.pypa.io/en/latest/pkg_resources.html. The pkg_resources package is slated for removal as early as 2025-11-30. Refrain from using this package or pin to Setuptools<81.
  from pkg_resources import parse_version
Using cache found in /home/jupyter-deuk-c4e4/.cache/torch/hub/facebookresearch_dinov2_81b2b6419385
Loaded 18685 rollouts
Loaded 21 rollouts
[2026-07-25 15:08:11,021][dinov2][INFO] - using MLP layer as FFN
[2026-07-25 15:08:11,426][models.dino][WARNING] - Unknown projector 'none' for patch tokens; proceeding without projector.
Resuming from epoch 2: /home/jupyter-deuk-c4e4/pusht-reproduction/cls_reproduction/test/pusht_False_agg32_projnone_dim384_hw14_sgTrue_lr1e-06/checkpoints/model_2.pth
[2026-07-25 15:08:11,840][models.visual_world_model][INFO] - num_action_repeat: 1
[2026-07-25 15:08:11,841][models.visual_world_model][INFO] - num_proprio_repeat: 1
[2026-07-25 15:08:11,841][models.visual_world_model][INFO] - proprio encoder: ProprioceptiveEmbedding(
  (patch_embed): Conv1d(4, 10, kernel_size=(1,), stride=(1,))
  (norm): LayerNorm((10,), eps=1e-05, elementwise_affine=True)
)
[2026-07-25 15:08:11,841][models.visual_world_model][INFO] - action encoder: ProprioceptiveEmbedding(
  (patch_embed): Conv1d(10, 10, kernel_size=(1,), stride=(1,))
  (norm): LayerNorm((10,), eps=1e-05, elementwise_affine=True)
)
[2026-07-25 15:08:11,841][models.visual_world_model][INFO] - proprio_dim: 10, after repeat: 10
[2026-07-25 15:08:11,841][models.visual_world_model][INFO] - action_dim: 10, after repeat: 10
[2026-07-25 15:08:11,841][models.visual_world_model][INFO] - emb_dim: 404
[2026-07-25 15:08:11,841][models.visual_world_model][INFO] - Straightening disabled
[2026-07-25 15:08:11,841][models.visual_world_model][INFO] - Speed constancy disabled
[2026-07-25 15:08:11,841][models.visual_world_model][INFO] - Trajectory penalty disabled
[2026-07-25 15:08:11,841][models.visual_world_model][INFO] - Stop-grad enabled: True
[2026-07-25 15:08:11,841][models.visual_world_model][INFO] - VCReg enabled: False, apply_to=enc, std_coeff=0.0, cov_coeff=0.0
[2026-07-25 15:08:11,841][models.visual_world_model][INFO] - Model emb_dim: 404
[timing] setup_model_s=3.273
eval_seed:  [1, 101, 201, 301, 401, 501, 601, 701, 801, 901]
Dumped plan targets to /opt/dlami/nvme/home/jupyter-deuk-c4e4/pusht-reproduction/cls_reproduction/plan/mpc_seed_100/chunk_00/plan_targets.pkl
[timing] setup_workspace_s=4.708

MPC iter 0 Eval ------- 
Success rate:  0.0
{'success': array([False, False, False, False, False, False, False, False, False,
       False]), 'state_dist': array([ 94.929535, 185.54483 , 118.78914 , 169.10059 , 108.23445 ,
       179.07072 , 187.53323 , 116.0549  ,  85.7135  ,  96.91642 ],
      dtype=float32)}
self.is_success:  [False False False False False False False False False False]

MPC iter 1 Eval ------- 
Success rate:  0.0
{'success': array([False, False, False, False, False, False, False, False, False,
       False]), 'state_dist': array([ 85.464165, 150.72974 , 118.65683 , 165.75581 ,  93.79279 ,
       178.39117 , 171.97948 , 116.2543  , 134.52753 ,  72.92197 ],
      dtype=float32)}
self.is_success:  [False False False False False False False False False False]

MPC iter 2 Eval ------- 
Success rate:  0.0
{'success': array([False, False, False, False, False, False, False, False, False,
       False]), 'state_dist': array([ 85.16329 , 154.03487 ,  98.0633  , 148.23955 ,  87.29241 ,
       156.58453 , 150.69957 , 135.55382 , 180.06215 ,  52.910988],
      dtype=float32)}
self.is_success:  [False False False False False False False False False False]

MPC iter 3 Eval ------- 
Success rate:  0.0
{'success': array([False, False, False, False, False, False, False, False, False,
       False]), 'state_dist': array([138.02036 , 169.77916 , 342.29587 , 130.50386 ,  90.17008 ,
       167.36383 , 134.63446 ,  51.295597,  59.248962,  29.658335],
      dtype=float32)}
self.is_success:  [False False False False False False False False False False]

MPC iter 4 Eval ------- 
Success rate:  0.1
{'success': array([False, False, False, False, False, False, False, False, False,
        True]), 'state_dist': array([102.800964, 312.0091  ,  89.82895 ,  79.69619 , 134.34685 ,
       145.48457 , 101.50059 , 126.24096 ,  47.118176,  55.690975],
      dtype=float32)}
self.is_success:  [False False False False False False False False False  True]

MPC iter 5 Eval ------- 
Success rate:  0.2
{'success': array([False, False, False, False, False, False, False, False,  True,
        True]), 'state_dist': array([110.50067 , 111.90946 , 129.16565 ,  76.26755 , 119.59951 ,
        99.674805, 124.60033 ,  47.394016,  79.11542 ,  55.690975],
      dtype=float32)}
self.is_success:  [False False False False False False False False  True  True]

MPC iter 6 Eval ------- 
Success rate:  0.3
{'success': array([False, False, False,  True, False, False, False, False,  True,
        True]), 'state_dist': array([ 91.825455,  74.26152 ,  31.833025,  24.01166 ,  54.081417,
       106.069374,  82.25142 ,  43.427048,  79.11542 ,  55.690975],
      dtype=float32)}
self.is_success:  [False False False  True False False False False  True  True]

MPC iter 7 Eval ------- 
Success rate:  0.5
{'success': array([False, False,  True,  True, False, False,  True, False,  True,
        True]), 'state_dist': array([102.24407 ,  71.57394 ,  27.511663,  24.01166 ,  59.13973 ,
        78.604965,  51.432407,  51.88477 ,  79.11542 ,  55.690975],
      dtype=float32)}
self.is_success:  [False False  True  True False False  True False  True  True]

MPC iter 8 Eval ------- 
Success rate:  0.5
{'success': array([False, False,  True,  True, False, False,  True, False,  True,
        True]), 'state_dist': array([187.82596 ,  68.64121 ,  27.511663,  24.01166 ,  56.715504,
        75.18177 ,  51.432407,  53.586674,  79.11542 ,  55.690975],
      dtype=float32)}
self.is_success:  [False False  True  True False False  True False  True  True]

MPC iter 9 Eval ------- 
Success rate:  0.5
{'success': array([False, False,  True,  True, False, False,  True, False,  True,
        True]), 'state_dist': array([133.83942 ,  62.049225,  27.511663,  24.01166 ,  44.156574,
        76.1784  ,  51.432407,  52.327442,  79.11542 ,  55.690975],
      dtype=float32)}
self.is_success:  [False False  True  True False False  True False  True  True]

MPC iter 10 Eval ------- 
Success rate:  0.5
{'success': array([False, False,  True,  True, False, False,  True, False,  True,
        True]), 'state_dist': array([376.26382 ,  61.97837 ,  27.511663,  24.01166 ,  49.064045,
        78.310745,  51.432407,  55.23497 ,  79.11542 ,  55.690975],
      dtype=float32)}
self.is_success:  [False False  True  True False False  True False  True  True]

MPC iter 11 Eval ------- 
Success rate:  0.5
{'success': array([False, False,  True,  True, False, False,  True, False,  True,
        True]), 'state_dist': array([123.89695 ,  58.01554 ,  27.511663,  24.01166 ,  38.582752,
        76.651505,  51.432407,  60.153545,  79.11542 ,  55.690975],
      dtype=float32)}
self.is_success:  [False False  True  True False False  True False  True  True]

MPC iter 12 Eval ------- 
Success rate:  0.5
{'success': array([False, False,  True,  True, False, False,  True, False,  True,
        True]), 'state_dist': array([165.44334 ,  59.421074,  27.511663,  24.01166 ,  41.99181 ,
        74.72603 ,  51.432407,  51.44639 ,  79.11542 ,  55.690975],
      dtype=float32)}
self.is_success:  [False False  True  True False False  True False  True  True]

MPC iter 13 Eval ------- 
Success rate:  0.5
{'success': array([False, False,  True,  True, False, False,  True, False,  True,
        True]), 'state_dist': array([89.72454 , 59.558777, 27.511663, 24.01166 , 49.630596, 74.60287 ,
       51.432407, 42.856197, 79.11542 , 55.690975], dtype=float32)}
self.is_success:  [False False  True  True False False  True False  True  True]

MPC iter 14 Eval ------- 
Success rate:  0.5
{'success': array([False, False,  True,  True, False, False,  True, False,  True,
        True]), 'state_dist': array([96.554085, 58.60795 , 27.511663, 24.01166 , 33.69067 , 72.52805 ,
       51.432407, 49.14193 , 79.11542 , 55.690975], dtype=float32)}
self.is_success:  [False False  True  True False False  True False  True  True]

MPC iter 15 Eval ------- 
Success rate:  0.5
{'success': array([False, False,  True,  True, False, False,  True, False,  True,
        True]), 'state_dist': array([128.99077 ,  58.593616,  27.511663,  24.01166 ,  51.01632 ,
        72.163376,  51.432407,  48.26944 ,  79.11542 ,  55.690975],
      dtype=float32)}
self.is_success:  [False False  True  True False False  True False  True  True]

MPC iter 16 Eval ------- 
Success rate:  0.5
{'success': array([False, False,  True,  True, False, False,  True, False,  True,
        True]), 'state_dist': array([50.770813, 58.35088 , 27.511663, 24.01166 , 37.14784 , 72.83735 ,
       51.432407, 51.68537 , 79.11542 , 55.690975], dtype=float32)}
self.is_success:  [False False  True  True False False  True False  True  True]

MPC iter 17 Eval ------- 
Success rate:  0.5
{'success': array([False, False,  True,  True, False, False,  True, False,  True,
        True]), 'state_dist': array([68.42421 , 60.599567, 27.511663, 24.01166 , 49.313457, 76.27858 ,
       51.432407, 56.43687 , 79.11542 , 55.690975], dtype=float32)}
self.is_success:  [False False  True  True False False  True False  True  True]

MPC iter 18 Eval ------- 
Success rate:  0.5
{'success': array([False, False,  True,  True, False, False,  True, False,  True,
        True]), 'state_dist': array([243.07265 ,  60.49782 ,  27.511663,  24.01166 ,  38.62621 ,
        73.45389 ,  51.432407,  56.590485,  79.11542 ,  55.690975],
      dtype=float32)}
self.is_success:  [False False  True  True False False  True False  True  True]

MPC iter 19 Eval ------- 
Success rate:  0.5
{'success': array([False, False,  True,  True, False, False,  True, False,  True,
        True]), 'state_dist': array([155.74304 ,  57.334812,  27.511663,  24.01166 ,  49.497444,
        72.80502 ,  51.432407,  47.329174,  79.11542 ,  55.690975],
      dtype=float32)}
self.is_success:  [False False  True  True False False  True False  True  True]
Success rate:  0.5
{'success': array([False, False,  True,  True, False, False,  True, False,  True,
        True]), 'state_dist': array([155.74304 ,  57.334812,  27.511663,  24.01166 ,  49.497444,
        72.80502 ,  51.432407,  47.329174,  79.11542 ,  55.690975],
      dtype=float32)}
[timing] perform_planning_s=124.314
[timing] total_planning_main_s=132.294
===== cls mpc seed 100 chunk 10 (n_evals=10) =====
/home/jupyter-deuk-c4e4/.conda/envs/ts310/lib/python3.10/site-packages/wandb/sdk/internal/internal_api.py:30: UserWarning: pkg_resources is deprecated as an API. See https://setuptools.pypa.io/en/latest/pkg_resources.html. The pkg_resources package is slated for removal as early as 2025-11-30. Refrain from using this package or pin to Setuptools<81.
  from pkg_resources import parse_version
/home/jupyter-deuk-c4e4/.conda/envs/ts310/lib/python3.10/site-packages/pkg_resources/__init__.py:3148: DeprecationWarning: Deprecated call to `pkg_resources.declare_namespace('mpl_toolkits')`.
Implementing implicit namespace packages (as specified in PEP 420) is preferred to `pkg_resources.declare_namespace`. See https://setuptools.pypa.io/en/latest/references/keywords.html#keyword-namespace-packages
  declare_namespace(pkg)
/home/jupyter-deuk-c4e4/.conda/envs/ts310/lib/python3.10/site-packages/pkg_resources/__init__.py:3148: DeprecationWarning: Deprecated call to `pkg_resources.declare_namespace('google')`.
Implementing implicit namespace packages (as specified in PEP 420) is preferred to `pkg_resources.declare_namespace`. See https://setuptools.pypa.io/en/latest/references/keywords.html#keyword-namespace-packages
  declare_namespace(pkg)
/home/jupyter-deuk-c4e4/.conda/envs/ts310/lib/python3.10/site-packages/Cython/Distutils/old_build_ext.py:15: DeprecationWarning: dep_util is Deprecated. Use functions from setuptools instead.
  from distutils.dep_util import newer, newer_group
<frozen importlib._bootstrap>:283: DeprecationWarning: the load_module() method is deprecated and slated for removal in Python 3.12; use exec_module() instead
Warning: Mujoco-based envs failed to import. Set the environment variable D4RL_SUPPRESS_IMPORT_ERROR=1 to suppress this message.
No module named 'mjrl'
Warning: Flow failed to import. Set the environment variable D4RL_SUPPRESS_IMPORT_ERROR=1 to suppress this message.
No module named 'flow'
Warning: CARLA failed to import. Set the environment variable D4RL_SUPPRESS_IMPORT_ERROR=1 to suppress this message.
No module named 'carla'
pybullet build time: Jan 29 2025 23:16:28
/home/jupyter-deuk-c4e4/.conda/envs/ts310/lib/python3.10/site-packages/gym/envs/registration.py:595: UserWarning: [33mWARN: Overriding environment maze2d-open-v0[0m
  logger.warn(f"Overriding environment {id}")
/home/jupyter-deuk-c4e4/.conda/envs/ts310/lib/python3.10/site-packages/gym/envs/registration.py:595: UserWarning: [33mWARN: Overriding environment maze2d-umaze-v0[0m
  logger.warn(f"Overriding environment {id}")
/home/jupyter-deuk-c4e4/.conda/envs/ts310/lib/python3.10/site-packages/gym/envs/registration.py:595: UserWarning: [33mWARN: Overriding environment maze2d-medium-v0[0m
  logger.warn(f"Overriding environment {id}")
/home/jupyter-deuk-c4e4/.conda/envs/ts310/lib/python3.10/site-packages/gym/envs/registration.py:595: UserWarning: [33mWARN: Overriding environment maze2d-large-v0[0m
  logger.warn(f"Overriding environment {id}")
/home/jupyter-deuk-c4e4/.conda/envs/ts310/lib/python3.10/site-packages/gym/envs/registration.py:595: UserWarning: [33mWARN: Overriding environment maze2d-umaze-v1[0m
  logger.warn(f"Overriding environment {id}")
/home/jupyter-deuk-c4e4/.conda/envs/ts310/lib/python3.10/site-packages/gym/envs/registration.py:595: UserWarning: [33mWARN: Overriding environment maze2d-medium-v1[0m
  logger.warn(f"Overriding environment {id}")
/home/jupyter-deuk-c4e4/.conda/envs/ts310/lib/python3.10/site-packages/gym/envs/registration.py:595: UserWarning: [33mWARN: Overriding environment maze2d-large-v1[0m
  logger.warn(f"Overriding environment {id}")
/home/jupyter-deuk-c4e4/.conda/envs/ts310/lib/python3.10/site-packages/gym/envs/registration.py:595: UserWarning: [33mWARN: Overriding environment maze2d-eval-umaze-v1[0m
  logger.warn(f"Overriding environment {id}")
/home/jupyter-deuk-c4e4/.conda/envs/ts310/lib/python3.10/site-packages/gym/envs/registration.py:595: UserWarning: [33mWARN: Overriding environment maze2d-eval-medium-v1[0m
  logger.warn(f"Overriding environment {id}")
/home/jupyter-deuk-c4e4/.conda/envs/ts310/lib/python3.10/site-packages/gym/envs/registration.py:595: UserWarning: [33mWARN: Overriding environment maze2d-eval-large-v1[0m
  logger.warn(f"Overriding environment {id}")
/home/jupyter-deuk-c4e4/.conda/envs/ts310/lib/python3.10/site-packages/gym/envs/registration.py:595: UserWarning: [33mWARN: Overriding environment maze2d-open-dense-v0[0m
  logger.warn(f"Overriding environment {id}")
/home/jupyter-deuk-c4e4/.conda/envs/ts310/lib/python3.10/site-packages/gym/envs/registration.py:595: UserWarning: [33mWARN: Overriding environment maze2d-umaze-dense-v0[0m
  logger.warn(f"Overriding environment {id}")
/home/jupyter-deuk-c4e4/.conda/envs/ts310/lib/python3.10/site-packages/gym/envs/registration.py:595: UserWarning: [33mWARN: Overriding environment maze2d-medium-dense-v0[0m
  logger.warn(f"Overriding environment {id}")
/home/jupyter-deuk-c4e4/.conda/envs/ts310/lib/python3.10/site-packages/gym/envs/registration.py:595: UserWarning: [33mWARN: Overriding environment maze2d-large-dense-v0[0m
  logger.warn(f"Overriding environment {id}")
/home/jupyter-deuk-c4e4/.conda/envs/ts310/lib/python3.10/site-packages/gym/envs/registration.py:595: UserWarning: [33mWARN: Overriding environment maze2d-umaze-dense-v1[0m
  logger.warn(f"Overriding environment {id}")
/home/jupyter-deuk-c4e4/.conda/envs/ts310/lib/python3.10/site-packages/gym/envs/registration.py:595: UserWarning: [33mWARN: Overriding environment maze2d-medium-dense-v1[0m
  logger.warn(f"Overriding environment {id}")
/home/jupyter-deuk-c4e4/.conda/envs/ts310/lib/python3.10/site-packages/gym/envs/registration.py:595: UserWarning: [33mWARN: Overriding environment maze2d-large-dense-v1[0m
  logger.warn(f"Overriding environment {id}")
/home/jupyter-deuk-c4e4/.conda/envs/ts310/lib/python3.10/site-packages/gym/envs/registration.py:595: UserWarning: [33mWARN: Overriding environment maze2d-eval-umaze-dense-v1[0m
  logger.warn(f"Overriding environment {id}")
/home/jupyter-deuk-c4e4/.conda/envs/ts310/lib/python3.10/site-packages/gym/envs/registration.py:595: UserWarning: [33mWARN: Overriding environment maze2d-eval-medium-dense-v1[0m
  logger.warn(f"Overriding environment {id}")
/home/jupyter-deuk-c4e4/.conda/envs/ts310/lib/python3.10/site-packages/gym/envs/registration.py:595: UserWarning: [33mWARN: Overriding environment maze2d-eval-large-dense-v1[0m
  logger.warn(f"Overriding environment {id}")
/opt/dlami/nvme/home/jupyter-deuk-c4e4/temporal-straightening/custom_resolvers.py:4: UserWarning: 
The version_base parameter is not specified.
Please specify a compatability version level, or None.
Will assume defaults for version 1.1
  @hydra.main(config_path=None)
[2026-07-25 15:10:26,954][__main__][INFO] - Planning result saved dir: /opt/dlami/nvme/home/jupyter-deuk-c4e4/pusht-reproduction/cls_reproduction/plan/mpc_seed_100/chunk_10
/home/jupyter-deuk-c4e4/.conda/envs/ts310/lib/python3.10/site-packages/wandb/sdk/internal/internal_api.py:30: UserWarning: pkg_resources is deprecated as an API. See https://setuptools.pypa.io/en/latest/pkg_resources.html. The pkg_resources package is slated for removal as early as 2025-11-30. Refrain from using this package or pin to Setuptools<81.
  from pkg_resources import parse_version
Using cache found in /home/jupyter-deuk-c4e4/.cache/torch/hub/facebookresearch_dinov2_81b2b6419385
Loaded 18685 rollouts
Loaded 21 rollouts
[2026-07-25 15:10:29,705][dinov2][INFO] - using MLP layer as FFN
[2026-07-25 15:10:30,333][models.dino][WARNING] - Unknown projector 'none' for patch tokens; proceeding without projector.
Resuming from epoch 2: /home/jupyter-deuk-c4e4/pusht-reproduction/cls_reproduction/test/pusht_False_agg32_projnone_dim384_hw14_sgTrue_lr1e-06/checkpoints/model_2.pth
[2026-07-25 15:10:30,789][models.visual_world_model][INFO] - num_action_repeat: 1
[2026-07-25 15:10:30,789][models.visual_world_model][INFO] - num_proprio_repeat: 1
[2026-07-25 15:10:30,789][models.visual_world_model][INFO] - proprio encoder: ProprioceptiveEmbedding(
  (patch_embed): Conv1d(4, 10, kernel_size=(1,), stride=(1,))
  (norm): LayerNorm((10,), eps=1e-05, elementwise_affine=True)
)
[2026-07-25 15:10:30,790][models.visual_world_model][INFO] - action encoder: ProprioceptiveEmbedding(
  (patch_embed): Conv1d(10, 10, kernel_size=(1,), stride=(1,))
  (norm): LayerNorm((10,), eps=1e-05, elementwise_affine=True)
)
[2026-07-25 15:10:30,790][models.visual_world_model][INFO] - proprio_dim: 10, after repeat: 10
[2026-07-25 15:10:30,790][models.visual_world_model][INFO] - action_dim: 10, after repeat: 10
[2026-07-25 15:10:30,790][models.visual_world_model][INFO] - emb_dim: 404
[2026-07-25 15:10:30,790][models.visual_world_model][INFO] - Straightening disabled
[2026-07-25 15:10:30,790][models.visual_world_model][INFO] - Speed constancy disabled
[2026-07-25 15:10:30,790][models.visual_world_model][INFO] - Trajectory penalty disabled
[2026-07-25 15:10:30,790][models.visual_world_model][INFO] - Stop-grad enabled: True
[2026-07-25 15:10:30,790][models.visual_world_model][INFO] - VCReg enabled: False, apply_to=enc, std_coeff=0.0, cov_coeff=0.0
[2026-07-25 15:10:30,790][models.visual_world_model][INFO] - Model emb_dim: 404
[timing] setup_model_s=3.838
eval_seed:  [1001, 1101, 1201, 1301, 1401, 1501, 1601, 1701, 1801, 1901]
Dumped plan targets to /opt/dlami/nvme/home/jupyter-deuk-c4e4/pusht-reproduction/cls_reproduction/plan/mpc_seed_100/chunk_10/plan_targets.pkl
[timing] setup_workspace_s=5.152

MPC iter 0 Eval ------- 
Success rate:  0.0
{'success': array([False, False, False, False, False, False, False, False, False,
       False]), 'state_dist': array([132.84688, 133.00574, 207.58052, 135.84525, 158.16748, 147.07835,
       170.96704, 142.13203, 236.72572, 249.79462], dtype=float32)}
self.is_success:  [False False False False False False False False False False]

MPC iter 1 Eval ------- 
Success rate:  0.0
{'success': array([False, False, False, False, False, False, False, False, False,
       False]), 'state_dist': array([106.34697 , 150.38336 , 221.69476 , 111.677666, 145.13216 ,
       148.38396 , 158.4818  , 129.27982 , 178.06456 , 205.13289 ],
      dtype=float32)}
self.is_success:  [False False False False False False False False False False]

MPC iter 2 Eval ------- 
Success rate:  0.0
{'success': array([False, False, False, False, False, False, False, False, False,
       False]), 'state_dist': array([ 86.35479 , 143.32626 , 280.47278 ,  85.7021  , 173.23502 ,
       117.963326, 105.32818 ,  88.311264, 173.61943 , 176.36232 ],
      dtype=float32)}
self.is_success:  [False False False False False False False False False False]

MPC iter 3 Eval ------- 
Success rate:  0.0
{'success': array([False, False, False, False, False, False, False, False, False,
       False]), 'state_dist': array([ 80.99795, 119.51855, 265.67767,  71.90268, 150.50626, 158.37091,
       111.52314, 130.98311, 220.29893, 129.89616], dtype=float32)}
self.is_success:  [False False False False False False False False False False]

MPC iter 4 Eval ------- 
Success rate:  0.1
{'success': array([False, False, False,  True, False, False, False, False, False,
       False]), 'state_dist': array([ 73.57435 , 105.644066, 138.39603 ,  21.453754,  31.733175,
        65.52846 , 130.14397 , 102.76543 ,  81.57189 ,  86.1138  ],
      dtype=float32)}
self.is_success:  [False False False  True False False False False False False]

MPC iter 5 Eval ------- 
Success rate:  0.1
{'success': array([False, False, False,  True, False, False, False, False, False,
       False]), 'state_dist': array([ 90.62626 , 104.45536 , 217.87775 ,  21.453754,  35.592617,
        58.395233, 102.42176 ,  52.671272,  64.44885 ,  85.19671 ],
      dtype=float32)}
self.is_success:  [False False False  True False False False False False False]

MPC iter 6 Eval ------- 
Success rate:  0.2
{'success': array([False, False, False,  True, False,  True, False, False, False,
       False]), 'state_dist': array([ 43.9224  ,  50.79186 , 176.68297 ,  21.453754,  44.63303 ,
        55.63529 ,  91.103455,  67.50902 ,  33.327446,  42.18998 ],
      dtype=float32)}
self.is_success:  [False False False  True False  True False False False False]

MPC iter 7 Eval ------- 
Success rate:  0.4
{'success': array([ True, False, False,  True, False,  True, False, False, False,
        True]), 'state_dist': array([ 14.851558,  91.51865 , 169.02704 ,  21.453754,  52.806034,
        55.63529 ,  71.76985 ,  44.718098,  31.831373,  19.063759],
      dtype=float32)}
self.is_success:  [ True False False  True False  True False False False  True]

MPC iter 8 Eval ------- 
Success rate:  0.4
{'success': array([ True, False, False,  True, False,  True, False, False, False,
        True]), 'state_dist': array([ 14.851558,  50.62333 , 182.92262 ,  21.453754,  39.923332,
        55.63529 ,  67.14672 ,  44.506657,  36.66279 ,  19.063759],
      dtype=float32)}
self.is_success:  [ True False False  True False  True False False False  True]

MPC iter 9 Eval ------- 
Success rate:  0.4
{'success': array([ True, False, False,  True, False,  True, False, False, False,
        True]), 'state_dist': array([ 14.851558,  49.330975, 186.84216 ,  21.453754,  42.435566,
        55.63529 , 122.26036 ,  52.638813,  31.378471,  19.063759],
      dtype=float32)}
self.is_success:  [ True False False  True False  True False False False  True]

MPC iter 10 Eval ------- 
Success rate:  0.4
{'success': array([ True, False, False,  True, False,  True, False, False, False,
        True]), 'state_dist': array([ 14.851558,  46.78339 , 184.21147 ,  21.453754,  44.17083 ,
        55.63529 ,  49.43996 ,  47.45599 ,  32.685856,  19.063759],
      dtype=float32)}
self.is_success:  [ True False False  True False  True False False False  True]

MPC iter 11 Eval ------- 
Success rate:  0.4
{'success': array([ True, False, False,  True, False,  True, False, False, False,
        True]), 'state_dist': array([ 14.851558,  38.30997 , 184.13055 ,  21.453754,  41.127995,
        55.63529 ,  60.77208 ,  49.038963,  33.983585,  19.063759],
      dtype=float32)}
self.is_success:  [ True False False  True False  True False False False  True]

MPC iter 12 Eval ------- 
Success rate:  0.4
{'success': array([ True, False, False,  True, False,  True, False, False, False,
        True]), 'state_dist': array([ 14.851558,  36.18032 , 185.4823  ,  21.453754,  42.115337,
        55.63529 ,  71.85405 ,  50.87824 ,  28.65421 ,  19.063759],
      dtype=float32)}
self.is_success:  [ True False False  True False  True False False False  True]

MPC iter 13 Eval ------- 
Success rate:  0.4
{'success': array([ True, False, False,  True, False,  True, False, False, False,
        True]), 'state_dist': array([ 14.851558,  35.405334, 175.52641 ,  21.453754,  37.055435,
        55.63529 , 110.18844 ,  51.17773 ,  29.921577,  19.063759],
      dtype=float32)}
self.is_success:  [ True False False  True False  True False False False  True]

MPC iter 14 Eval ------- 
Success rate:  0.4
{'success': array([ True, False, False,  True, False,  True, False, False, False,
        True]), 'state_dist': array([ 14.851558,  41.228073, 181.42413 ,  21.453754,  41.372925,
        55.63529 ,  48.43483 ,  50.639496,  32.21846 ,  19.063759],
      dtype=float32)}
self.is_success:  [ True False False  True False  True False False False  True]

MPC iter 15 Eval ------- 
Success rate:  0.4
{'success': array([ True, False, False,  True, False,  True, False, False, False,
        True]), 'state_dist': array([ 14.851558,  35.7944  , 188.25325 ,  21.453754,  41.91461 ,
        55.63529 ,  58.09988 ,  50.891987,  35.56525 ,  19.063759],
      dtype=float32)}
self.is_success:  [ True False False  True False  True False False False  True]

MPC iter 16 Eval ------- 
Success rate:  0.4
{'success': array([ True, False, False,  True, False,  True, False, False, False,
        True]), 'state_dist': array([ 14.851558,  37.59041 , 180.80315 ,  21.453754,  36.704815,
        55.63529 ,  77.74359 ,  50.648033,  34.699055,  19.063759],
      dtype=float32)}
self.is_success:  [ True False False  True False  True False False False  True]

MPC iter 17 Eval ------- 
Success rate:  0.4
{'success': array([ True, False, False,  True, False,  True, False, False, False,
        True]), 'state_dist': array([ 14.851558,  46.015068, 181.64093 ,  21.453754,  38.30831 ,
        55.63529 ,  98.36474 ,  50.849987,  32.941086,  19.063759],
      dtype=float32)}
self.is_success:  [ True False False  True False  True False False False  True]

MPC iter 18 Eval ------- 
Success rate:  0.4
{'success': array([ True, False, False,  True, False,  True, False, False, False,
        True]), 'state_dist': array([ 14.851558,  38.68422 , 181.97568 ,  21.453754,  35.256306,
        55.63529 ,  44.28144 ,  50.6148  ,  33.38623 ,  19.063759],
      dtype=float32)}
self.is_success:  [ True False False  True False  True False False False  True]

MPC iter 19 Eval ------- 
Success rate:  0.4
{'success': array([ True, False, False,  True, False,  True, False, False, False,
        True]), 'state_dist': array([ 14.851558,  41.159836, 186.54514 ,  21.453754,  33.51137 ,
        55.63529 ,  52.71498 ,  50.84913 ,  32.05899 ,  19.063759],
      dtype=float32)}
self.is_success:  [ True False False  True False  True False False False  True]
Success rate:  0.4
{'success': array([ True, False, False,  True, False,  True, False, False, False,
        True]), 'state_dist': array([ 14.851558,  41.159836, 186.54514 ,  21.453754,  33.51137 ,
        55.63529 ,  52.71498 ,  50.84913 ,  32.05899 ,  19.063759],
      dtype=float32)}
[timing] perform_planning_s=121.386
[timing] total_planning_main_s=130.375
===== cls mpc seed 100 chunk 20 (n_evals=10) =====
/home/jupyter-deuk-c4e4/.conda/envs/ts310/lib/python3.10/site-packages/wandb/sdk/internal/internal_api.py:30: UserWarning: pkg_resources is deprecated as an API. See https://setuptools.pypa.io/en/latest/pkg_resources.html. The pkg_resources package is slated for removal as early as 2025-11-30. Refrain from using this package or pin to Setuptools<81.
  from pkg_resources import parse_version
/home/jupyter-deuk-c4e4/.conda/envs/ts310/lib/python3.10/site-packages/pkg_resources/__init__.py:3148: DeprecationWarning: Deprecated call to `pkg_resources.declare_namespace('mpl_toolkits')`.
Implementing implicit namespace packages (as specified in PEP 420) is preferred to `pkg_resources.declare_namespace`. See https://setuptools.pypa.io/en/latest/references/keywords.html#keyword-namespace-packages
  declare_namespace(pkg)
/home/jupyter-deuk-c4e4/.conda/envs/ts310/lib/python3.10/site-packages/pkg_resources/__init__.py:3148: DeprecationWarning: Deprecated call to `pkg_resources.declare_namespace('google')`.
Implementing implicit namespace packages (as specified in PEP 420) is preferred to `pkg_resources.declare_namespace`. See https://setuptools.pypa.io/en/latest/references/keywords.html#keyword-namespace-packages
  declare_namespace(pkg)
/home/jupyter-deuk-c4e4/.conda/envs/ts310/lib/python3.10/site-packages/Cython/Distutils/old_build_ext.py:15: DeprecationWarning: dep_util is Deprecated. Use functions from setuptools instead.
  from distutils.dep_util import newer, newer_group
<frozen importlib._bootstrap>:283: DeprecationWarning: the load_module() method is deprecated and slated for removal in Python 3.12; use exec_module() instead
Warning: Mujoco-based envs failed to import. Set the environment variable D4RL_SUPPRESS_IMPORT_ERROR=1 to suppress this message.
No module named 'mjrl'
Warning: Flow failed to import. Set the environment variable D4RL_SUPPRESS_IMPORT_ERROR=1 to suppress this message.
No module named 'flow'
Warning: CARLA failed to import. Set the environment variable D4RL_SUPPRESS_IMPORT_ERROR=1 to suppress this message.
No module named 'carla'
pybullet build time: Jan 29 2025 23:16:28
/home/jupyter-deuk-c4e4/.conda/envs/ts310/lib/python3.10/site-packages/gym/envs/registration.py:595: UserWarning: [33mWARN: Overriding environment maze2d-open-v0[0m
  logger.warn(f"Overriding environment {id}")
/home/jupyter-deuk-c4e4/.conda/envs/ts310/lib/python3.10/site-packages/gym/envs/registration.py:595: UserWarning: [33mWARN: Overriding environment maze2d-umaze-v0[0m
  logger.warn(f"Overriding environment {id}")
/home/jupyter-deuk-c4e4/.conda/envs/ts310/lib/python3.10/site-packages/gym/envs/registration.py:595: UserWarning: [33mWARN: Overriding environment maze2d-medium-v0[0m
  logger.warn(f"Overriding environment {id}")
/home/jupyter-deuk-c4e4/.conda/envs/ts310/lib/python3.10/site-packages/gym/envs/registration.py:595: UserWarning: [33mWARN: Overriding environment maze2d-large-v0[0m
  logger.warn(f"Overriding environment {id}")
/home/jupyter-deuk-c4e4/.conda/envs/ts310/lib/python3.10/site-packages/gym/envs/registration.py:595: UserWarning: [33mWARN: Overriding environment maze2d-umaze-v1[0m
  logger.warn(f"Overriding environment {id}")
/home/jupyter-deuk-c4e4/.conda/envs/ts310/lib/python3.10/site-packages/gym/envs/registration.py:595: UserWarning: [33mWARN: Overriding environment maze2d-medium-v1[0m
  logger.warn(f"Overriding environment {id}")
/home/jupyter-deuk-c4e4/.conda/envs/ts310/lib/python3.10/site-packages/gym/envs/registration.py:595: UserWarning: [33mWARN: Overriding environment maze2d-large-v1[0m
  logger.warn(f"Overriding environment {id}")
/home/jupyter-deuk-c4e4/.conda/envs/ts310/lib/python3.10/site-packages/gym/envs/registration.py:595: UserWarning: [33mWARN: Overriding environment maze2d-eval-umaze-v1[0m
  logger.warn(f"Overriding environment {id}")
/home/jupyter-deuk-c4e4/.conda/envs/ts310/lib/python3.10/site-packages/gym/envs/registration.py:595: UserWarning: [33mWARN: Overriding environment maze2d-eval-medium-v1[0m
  logger.warn(f"Overriding environment {id}")
/home/jupyter-deuk-c4e4/.conda/envs/ts310/lib/python3.10/site-packages/gym/envs/registration.py:595: UserWarning: [33mWARN: Overriding environment maze2d-eval-large-v1[0m
  logger.warn(f"Overriding environment {id}")
/home/jupyter-deuk-c4e4/.conda/envs/ts310/lib/python3.10/site-packages/gym/envs/registration.py:595: UserWarning: [33mWARN: Overriding environment maze2d-open-dense-v0[0m
  logger.warn(f"Overriding environment {id}")
/home/jupyter-deuk-c4e4/.conda/envs/ts310/lib/python3.10/site-packages/gym/envs/registration.py:595: UserWarning: [33mWARN: Overriding environment maze2d-umaze-dense-v0[0m
  logger.warn(f"Overriding environment {id}")
/home/jupyter-deuk-c4e4/.conda/envs/ts310/lib/python3.10/site-packages/gym/envs/registration.py:595: UserWarning: [33mWARN: Overriding environment maze2d-medium-dense-v0[0m
  logger.warn(f"Overriding environment {id}")
/home/jupyter-deuk-c4e4/.conda/envs/ts310/lib/python3.10/site-packages/gym/envs/registration.py:595: UserWarning: [33mWARN: Overriding environment maze2d-large-dense-v0[0m
  logger.warn(f"Overriding environment {id}")
/home/jupyter-deuk-c4e4/.conda/envs/ts310/lib/python3.10/site-packages/gym/envs/registration.py:595: UserWarning: [33mWARN: Overriding environment maze2d-umaze-dense-v1[0m
  logger.warn(f"Overriding environment {id}")
/home/jupyter-deuk-c4e4/.conda/envs/ts310/lib/python3.10/site-packages/gym/envs/registration.py:595: UserWarning: [33mWARN: Overriding environment maze2d-medium-dense-v1[0m
  logger.warn(f"Overriding environment {id}")
/home/jupyter-deuk-c4e4/.conda/envs/ts310/lib/python3.10/site-packages/gym/envs/registration.py:595: UserWarning: [33mWARN: Overriding environment maze2d-large-dense-v1[0m
  logger.warn(f"Overriding environment {id}")
/home/jupyter-deuk-c4e4/.conda/envs/ts310/lib/python3.10/site-packages/gym/envs/registration.py:595: UserWarning: [33mWARN: Overriding environment maze2d-eval-umaze-dense-v1[0m
  logger.warn(f"Overriding environment {id}")
/home/jupyter-deuk-c4e4/.conda/envs/ts310/lib/python3.10/site-packages/gym/envs/registration.py:595: UserWarning: [33mWARN: Overriding environment maze2d-eval-medium-dense-v1[0m
  logger.warn(f"Overriding environment {id}")
/home/jupyter-deuk-c4e4/.conda/envs/ts310/lib/python3.10/site-packages/gym/envs/registration.py:595: UserWarning: [33mWARN: Overriding environment maze2d-eval-large-dense-v1[0m
  logger.warn(f"Overriding environment {id}")
/opt/dlami/nvme/home/jupyter-deuk-c4e4/temporal-straightening/custom_resolvers.py:4: UserWarning: 
The version_base parameter is not specified.
Please specify a compatability version level, or None.
Will assume defaults for version 1.1
  @hydra.main(config_path=None)
[2026-07-25 15:12:42,441][__main__][INFO] - Planning result saved dir: /opt/dlami/nvme/home/jupyter-deuk-c4e4/pusht-reproduction/cls_reproduction/plan/mpc_seed_100/chunk_20
/home/jupyter-deuk-c4e4/.conda/envs/ts310/lib/python3.10/site-packages/wandb/sdk/internal/internal_api.py:30: UserWarning: pkg_resources is deprecated as an API. See https://setuptools.pypa.io/en/latest/pkg_resources.html. The pkg_resources package is slated for removal as early as 2025-11-30. Refrain from using this package or pin to Setuptools<81.
  from pkg_resources import parse_version
Using cache found in /home/jupyter-deuk-c4e4/.cache/torch/hub/facebookresearch_dinov2_81b2b6419385
Loaded 18685 rollouts
Loaded 21 rollouts
[2026-07-25 15:12:44,882][dinov2][INFO] - using MLP layer as FFN
[2026-07-25 15:12:45,283][models.dino][WARNING] - Unknown projector 'none' for patch tokens; proceeding without projector.
Resuming from epoch 2: /home/jupyter-deuk-c4e4/pusht-reproduction/cls_reproduction/test/pusht_False_agg32_projnone_dim384_hw14_sgTrue_lr1e-06/checkpoints/model_2.pth
[2026-07-25 15:12:45,709][models.visual_world_model][INFO] - num_action_repeat: 1
[2026-07-25 15:12:45,710][models.visual_world_model][INFO] - num_proprio_repeat: 1
[2026-07-25 15:12:45,710][models.visual_world_model][INFO] - proprio encoder: ProprioceptiveEmbedding(
  (patch_embed): Conv1d(4, 10, kernel_size=(1,), stride=(1,))
  (norm): LayerNorm((10,), eps=1e-05, elementwise_affine=True)
)
[2026-07-25 15:12:45,710][models.visual_world_model][INFO] - action encoder: ProprioceptiveEmbedding(
  (patch_embed): Conv1d(10, 10, kernel_size=(1,), stride=(1,))
  (norm): LayerNorm((10,), eps=1e-05, elementwise_affine=True)
)
[2026-07-25 15:12:45,710][models.visual_world_model][INFO] - proprio_dim: 10, after repeat: 10
[2026-07-25 15:12:45,710][models.visual_world_model][INFO] - action_dim: 10, after repeat: 10
[2026-07-25 15:12:45,710][models.visual_world_model][INFO] - emb_dim: 404
[2026-07-25 15:12:45,710][models.visual_world_model][INFO] - Straightening disabled
[2026-07-25 15:12:45,710][models.visual_world_model][INFO] - Speed constancy disabled
[2026-07-25 15:12:45,710][models.visual_world_model][INFO] - Trajectory penalty disabled
[2026-07-25 15:12:45,710][models.visual_world_model][INFO] - Stop-grad enabled: True
[2026-07-25 15:12:45,710][models.visual_world_model][INFO] - VCReg enabled: False, apply_to=enc, std_coeff=0.0, cov_coeff=0.0
[2026-07-25 15:12:45,710][models.visual_world_model][INFO] - Model emb_dim: 404
[timing] setup_model_s=3.271
eval_seed:  [2001, 2101, 2201, 2301, 2401, 2501, 2601, 2701, 2801, 2901]
Dumped plan targets to /opt/dlami/nvme/home/jupyter-deuk-c4e4/pusht-reproduction/cls_reproduction/plan/mpc_seed_100/chunk_20/plan_targets.pkl
[timing] setup_workspace_s=5.388

MPC iter 0 Eval ------- 
Success rate:  0.0
{'success': array([False, False, False, False, False, False, False, False, False,
       False]), 'state_dist': array([184.86897, 131.96713, 219.58093, 188.05682, 155.41135, 185.82368,
        83.03116, 107.53835,  99.30154, 137.40044], dtype=float32)}
self.is_success:  [False False False False False False False False False False]

MPC iter 1 Eval ------- 
Success rate:  0.0
{'success': array([False, False, False, False, False, False, False, False, False,
       False]), 'state_dist': array([179.02687, 146.92094, 172.24332, 196.61333, 141.25586, 154.71696,
       136.96895, 196.4187 , 137.48955, 130.55585], dtype=float32)}
self.is_success:  [False False False False False False False False False False]

MPC iter 2 Eval ------- 
Success rate:  0.0
{'success': array([False, False, False, False, False, False, False, False, False,
       False]), 'state_dist': array([159.65642, 115.28621, 147.92853, 167.9834 , 137.07526, 197.25137,
       167.5743 , 196.19379,  96.26029, 110.44629], dtype=float32)}
self.is_success:  [False False False False False False False False False False]

MPC iter 3 Eval ------- 
Success rate:  0.1
{'success': array([False, False, False, False, False, False, False, False,  True,
       False]), 'state_dist': array([132.60564,  74.37157, 179.21443, 194.2659 , 133.10954, 505.13745,
       236.23688, 232.15894, 121.64595, 205.48723], dtype=float32)}
self.is_success:  [False False False False False False False False  True False]

MPC iter 4 Eval ------- 
Success rate:  0.1
{'success': array([False, False, False, False, False, False, False, False,  True,
       False]), 'state_dist': array([102.850876,  64.45993 ,  77.99473 ,  95.37834 , 133.59001 ,
       296.69376 ,  92.015526, 126.9637  , 121.64595 , 157.03807 ],
      dtype=float32)}
self.is_success:  [False False False False False False False False  True False]

MPC iter 5 Eval ------- 
Success rate:  0.2
{'success': array([False, False,  True, False, False, False, False, False,  True,
       False]), 'state_dist': array([ 80.92456 ,  80.70097 ,  60.742676,  78.76324 , 118.15151 ,
       198.63016 ,  36.460552,  90.71466 , 121.64595 , 110.15006 ],
      dtype=float32)}
self.is_success:  [False False  True False False False False False  True False]

MPC iter 6 Eval ------- 
Success rate:  0.2
{'success': array([False, False,  True, False, False, False, False, False,  True,
       False]), 'state_dist': array([ 61.014282,  40.174385,  60.742676,  90.802414, 119.98668 ,
       278.32068 ,  26.03068 ,  82.75569 , 121.64595 ,  29.779572],
      dtype=float32)}
self.is_success:  [False False  True False False False False False  True False]

MPC iter 7 Eval ------- 
Success rate:  0.5
{'success': array([ True, False,  True, False, False, False,  True, False,  True,
        True]), 'state_dist': array([ 41.02369 ,  50.237686,  60.742676, 153.74689 , 126.51026 ,
       105.47987 ,  15.793107,  73.1571  , 121.64595 ,  21.395174],
      dtype=float32)}
self.is_success:  [ True False  True False False False  True False  True  True]

MPC iter 8 Eval ------- 
Success rate:  0.5
{'success': array([ True, False,  True, False, False, False,  True, False,  True,
        True]), 'state_dist': array([ 41.02369 ,  51.822884,  60.742676,  77.33786 , 149.376   ,
       109.34518 ,  15.793107,  69.646576, 121.64595 ,  21.395174],
      dtype=float32)}
self.is_success:  [ True False  True False False False  True False  True  True]

MPC iter 9 Eval ------- 
Success rate:  0.5
{'success': array([ True, False,  True, False, False, False,  True, False,  True,
        True]), 'state_dist': array([ 41.02369 ,  50.40687 ,  60.742676,  76.4437  , 145.40256 ,
       125.69292 ,  15.793107,  69.6213  , 121.64595 ,  21.395174],
      dtype=float32)}
self.is_success:  [ True False  True False False False  True False  True  True]

MPC iter 10 Eval ------- 
Success rate:  0.5
{'success': array([ True, False,  True, False, False, False,  True, False,  True,
        True]), 'state_dist': array([ 41.02369 ,  50.814255,  60.742676,  30.584019, 145.96678 ,
       120.63571 ,  15.793107,  67.57682 , 121.64595 ,  21.395174],
      dtype=float32)}
self.is_success:  [ True False  True False False False  True False  True  True]

MPC iter 11 Eval ------- 
Success rate:  0.5
{'success': array([ True, False,  True, False, False, False,  True, False,  True,
        True]), 'state_dist': array([ 41.02369 ,  49.477886,  60.742676,  60.388027, 146.56209 ,
        97.193085,  15.793107,  65.78963 , 121.64595 ,  21.395174],
      dtype=float32)}
self.is_success:  [ True False  True False False False  True False  True  True]

MPC iter 12 Eval ------- 
Success rate:  0.5
{'success': array([ True, False,  True, False, False, False,  True, False,  True,
        True]), 'state_dist': array([ 41.02369 ,  49.70229 ,  60.742676,  58.109978, 150.68318 ,
       116.34755 ,  15.793107,  65.52528 , 121.64595 ,  21.395174],
      dtype=float32)}
self.is_success:  [ True False  True False False False  True False  True  True]

MPC iter 13 Eval ------- 
Success rate:  0.5
{'success': array([ True, False,  True, False, False, False,  True, False,  True,
        True]), 'state_dist': array([ 41.02369 ,  49.781796,  60.742676,  64.58382 , 150.97478 ,
        99.24916 ,  15.793107,  67.29906 , 121.64595 ,  21.395174],
      dtype=float32)}
self.is_success:  [ True False  True False False False  True False  True  True]

MPC iter 14 Eval ------- 
Success rate:  0.5
{'success': array([ True, False,  True, False, False, False,  True, False,  True,
        True]), 'state_dist': array([ 41.02369 ,  51.103878,  60.742676,  51.059593, 189.79475 ,
       105.09462 ,  15.793107,  69.34789 , 121.64595 ,  21.395174],
      dtype=float32)}
self.is_success:  [ True False  True False False False  True False  True  True]

MPC iter 15 Eval ------- 
Success rate:  0.5
{'success': array([ True, False,  True, False, False, False,  True, False,  True,
        True]), 'state_dist': array([ 41.02369 ,  47.943653,  60.742676,  51.589237, 157.77063 ,
       141.45425 ,  15.793107,  69.57496 , 121.64595 ,  21.395174],
      dtype=float32)}
self.is_success:  [ True False  True False False False  True False  True  True]

MPC iter 16 Eval ------- 
Success rate:  0.5
{'success': array([ True, False,  True, False, False, False,  True, False,  True,
        True]), 'state_dist': array([ 41.02369 ,  47.700603,  60.742676,  75.59392 , 174.1951  ,
       116.1635  ,  15.793107,  69.744606, 121.64595 ,  21.395174],
      dtype=float32)}
self.is_success:  [ True False  True False False False  True False  True  True]

MPC iter 17 Eval ------- 
Success rate:  0.5
{'success': array([ True, False,  True, False, False, False,  True, False,  True,
        True]), 'state_dist': array([ 41.02369 ,  49.33121 ,  60.742676,  57.208797, 160.2502  ,
       135.41133 ,  15.793107,  69.50064 , 121.64595 ,  21.395174],
      dtype=float32)}
self.is_success:  [ True False  True False False False  True False  True  True]

MPC iter 18 Eval ------- 
Success rate:  0.5
{'success': array([ True, False,  True, False, False, False,  True, False,  True,
        True]), 'state_dist': array([ 41.02369 ,  48.601257,  60.742676,  80.15188 , 159.71571 ,
       126.67194 ,  15.793107,  69.99695 , 121.64595 ,  21.395174],
      dtype=float32)}
self.is_success:  [ True False  True False False False  True False  True  True]

MPC iter 19 Eval ------- 
Success rate:  0.5
{'success': array([ True, False,  True, False, False, False,  True, False,  True,
        True]), 'state_dist': array([ 41.02369 ,  48.19987 ,  60.742676,  46.33114 , 164.98708 ,
       121.50216 ,  15.793107,  70.08576 , 121.64595 ,  21.395174],
      dtype=float32)}
self.is_success:  [ True False  True False False False  True False  True  True]
Success rate:  0.5
{'success': array([ True, False,  True, False, False, False,  True, False,  True,
        True]), 'state_dist': array([ 41.02369 ,  48.19987 ,  60.742676,  46.33114 , 164.98708 ,
       121.50216 ,  15.793107,  70.08576 , 121.64595 ,  21.395174],
      dtype=float32)}
[timing] perform_planning_s=120.936
[timing] total_planning_main_s=129.595
===== cls mpc seed 100 chunk 30 (n_evals=10) =====
/home/jupyter-deuk-c4e4/.conda/envs/ts310/lib/python3.10/site-packages/wandb/sdk/internal/internal_api.py:30: UserWarning: pkg_resources is deprecated as an API. See https://setuptools.pypa.io/en/latest/pkg_resources.html. The pkg_resources package is slated for removal as early as 2025-11-30. Refrain from using this package or pin to Setuptools<81.
  from pkg_resources import parse_version
/home/jupyter-deuk-c4e4/.conda/envs/ts310/lib/python3.10/site-packages/pkg_resources/__init__.py:3148: DeprecationWarning: Deprecated call to `pkg_resources.declare_namespace('mpl_toolkits')`.
Implementing implicit namespace packages (as specified in PEP 420) is preferred to `pkg_resources.declare_namespace`. See https://setuptools.pypa.io/en/latest/references/keywords.html#keyword-namespace-packages
  declare_namespace(pkg)
/home/jupyter-deuk-c4e4/.conda/envs/ts310/lib/python3.10/site-packages/pkg_resources/__init__.py:3148: DeprecationWarning: Deprecated call to `pkg_resources.declare_namespace('google')`.
Implementing implicit namespace packages (as specified in PEP 420) is preferred to `pkg_resources.declare_namespace`. See https://setuptools.pypa.io/en/latest/references/keywords.html#keyword-namespace-packages
  declare_namespace(pkg)
/home/jupyter-deuk-c4e4/.conda/envs/ts310/lib/python3.10/site-packages/Cython/Distutils/old_build_ext.py:15: DeprecationWarning: dep_util is Deprecated. Use functions from setuptools instead.
  from distutils.dep_util import newer, newer_group
<frozen importlib._bootstrap>:283: DeprecationWarning: the load_module() method is deprecated and slated for removal in Python 3.12; use exec_module() instead
Warning: Mujoco-based envs failed to import. Set the environment variable D4RL_SUPPRESS_IMPORT_ERROR=1 to suppress this message.
No module named 'mjrl'
Warning: Flow failed to import. Set the environment variable D4RL_SUPPRESS_IMPORT_ERROR=1 to suppress this message.
No module named 'flow'
Warning: CARLA failed to import. Set the environment variable D4RL_SUPPRESS_IMPORT_ERROR=1 to suppress this message.
No module named 'carla'
pybullet build time: Jan 29 2025 23:16:28
/home/jupyter-deuk-c4e4/.conda/envs/ts310/lib/python3.10/site-packages/gym/envs/registration.py:595: UserWarning: [33mWARN: Overriding environment maze2d-open-v0[0m
  logger.warn(f"Overriding environment {id}")
/home/jupyter-deuk-c4e4/.conda/envs/ts310/lib/python3.10/site-packages/gym/envs/registration.py:595: UserWarning: [33mWARN: Overriding environment maze2d-umaze-v0[0m
  logger.warn(f"Overriding environment {id}")
/home/jupyter-deuk-c4e4/.conda/envs/ts310/lib/python3.10/site-packages/gym/envs/registration.py:595: UserWarning: [33mWARN: Overriding environment maze2d-medium-v0[0m
  logger.warn(f"Overriding environment {id}")
/home/jupyter-deuk-c4e4/.conda/envs/ts310/lib/python3.10/site-packages/gym/envs/registration.py:595: UserWarning: [33mWARN: Overriding environment maze2d-large-v0[0m
  logger.warn(f"Overriding environment {id}")
/home/jupyter-deuk-c4e4/.conda/envs/ts310/lib/python3.10/site-packages/gym/envs/registration.py:595: UserWarning: [33mWARN: Overriding environment maze2d-umaze-v1[0m
  logger.warn(f"Overriding environment {id}")
/home/jupyter-deuk-c4e4/.conda/envs/ts310/lib/python3.10/site-packages/gym/envs/registration.py:595: UserWarning: [33mWARN: Overriding environment maze2d-medium-v1[0m
  logger.warn(f"Overriding environment {id}")
/home/jupyter-deuk-c4e4/.conda/envs/ts310/lib/python3.10/site-packages/gym/envs/registration.py:595: UserWarning: [33mWARN: Overriding environment maze2d-large-v1[0m
  logger.warn(f"Overriding environment {id}")
/home/jupyter-deuk-c4e4/.conda/envs/ts310/lib/python3.10/site-packages/gym/envs/registration.py:595: UserWarning: [33mWARN: Overriding environment maze2d-eval-umaze-v1[0m
  logger.warn(f"Overriding environment {id}")
/home/jupyter-deuk-c4e4/.conda/envs/ts310/lib/python3.10/site-packages/gym/envs/registration.py:595: UserWarning: [33mWARN: Overriding environment maze2d-eval-medium-v1[0m
  logger.warn(f"Overriding environment {id}")
/home/jupyter-deuk-c4e4/.conda/envs/ts310/lib/python3.10/site-packages/gym/envs/registration.py:595: UserWarning: [33mWARN: Overriding environment maze2d-eval-large-v1[0m
  logger.warn(f"Overriding environment {id}")
/home/jupyter-deuk-c4e4/.conda/envs/ts310/lib/python3.10/site-packages/gym/envs/registration.py:595: UserWarning: [33mWARN: Overriding environment maze2d-open-dense-v0[0m
  logger.warn(f"Overriding environment {id}")
/home/jupyter-deuk-c4e4/.conda/envs/ts310/lib/python3.10/site-packages/gym/envs/registration.py:595: UserWarning: [33mWARN: Overriding environment maze2d-umaze-dense-v0[0m
  logger.warn(f"Overriding environment {id}")
/home/jupyter-deuk-c4e4/.conda/envs/ts310/lib/python3.10/site-packages/gym/envs/registration.py:595: UserWarning: [33mWARN: Overriding environment maze2d-medium-dense-v0[0m
  logger.warn(f"Overriding environment {id}")
/home/jupyter-deuk-c4e4/.conda/envs/ts310/lib/python3.10/site-packages/gym/envs/registration.py:595: UserWarning: [33mWARN: Overriding environment maze2d-large-dense-v0[0m
  logger.warn(f"Overriding environment {id}")
/home/jupyter-deuk-c4e4/.conda/envs/ts310/lib/python3.10/site-packages/gym/envs/registration.py:595: UserWarning: [33mWARN: Overriding environment maze2d-umaze-dense-v1[0m
  logger.warn(f"Overriding environment {id}")
/home/jupyter-deuk-c4e4/.conda/envs/ts310/lib/python3.10/site-packages/gym/envs/registration.py:595: UserWarning: [33mWARN: Overriding environment maze2d-medium-dense-v1[0m
  logger.warn(f"Overriding environment {id}")
/home/jupyter-deuk-c4e4/.conda/envs/ts310/lib/python3.10/site-packages/gym/envs/registration.py:595: UserWarning: [33mWARN: Overriding environment maze2d-large-dense-v1[0m
  logger.warn(f"Overriding environment {id}")
/home/jupyter-deuk-c4e4/.conda/envs/ts310/lib/python3.10/site-packages/gym/envs/registration.py:595: UserWarning: [33mWARN: Overriding environment maze2d-eval-umaze-dense-v1[0m
  logger.warn(f"Overriding environment {id}")
/home/jupyter-deuk-c4e4/.conda/envs/ts310/lib/python3.10/site-packages/gym/envs/registration.py:595: UserWarning: [33mWARN: Overriding environment maze2d-eval-medium-dense-v1[0m
  logger.warn(f"Overriding environment {id}")
/home/jupyter-deuk-c4e4/.conda/envs/ts310/lib/python3.10/site-packages/gym/envs/registration.py:595: UserWarning: [33mWARN: Overriding environment maze2d-eval-large-dense-v1[0m
  logger.warn(f"Overriding environment {id}")
/opt/dlami/nvme/home/jupyter-deuk-c4e4/temporal-straightening/custom_resolvers.py:4: UserWarning: 
The version_base parameter is not specified.
Please specify a compatability version level, or None.
Will assume defaults for version 1.1
  @hydra.main(config_path=None)
[2026-07-25 15:14:57,233][__main__][INFO] - Planning result saved dir: /opt/dlami/nvme/home/jupyter-deuk-c4e4/pusht-reproduction/cls_reproduction/plan/mpc_seed_100/chunk_30
/home/jupyter-deuk-c4e4/.conda/envs/ts310/lib/python3.10/site-packages/wandb/sdk/internal/internal_api.py:30: UserWarning: pkg_resources is deprecated as an API. See https://setuptools.pypa.io/en/latest/pkg_resources.html. The pkg_resources package is slated for removal as early as 2025-11-30. Refrain from using this package or pin to Setuptools<81.
  from pkg_resources import parse_version
Using cache found in /home/jupyter-deuk-c4e4/.cache/torch/hub/facebookresearch_dinov2_81b2b6419385
Loaded 18685 rollouts
Loaded 21 rollouts
[2026-07-25 15:14:59,697][dinov2][INFO] - using MLP layer as FFN
[2026-07-25 15:15:00,096][models.dino][WARNING] - Unknown projector 'none' for patch tokens; proceeding without projector.
Resuming from epoch 2: /home/jupyter-deuk-c4e4/pusht-reproduction/cls_reproduction/test/pusht_False_agg32_projnone_dim384_hw14_sgTrue_lr1e-06/checkpoints/model_2.pth
[2026-07-25 15:15:00,490][models.visual_world_model][INFO] - num_action_repeat: 1
[2026-07-25 15:15:00,490][models.visual_world_model][INFO] - num_proprio_repeat: 1
[2026-07-25 15:15:00,490][models.visual_world_model][INFO] - proprio encoder: ProprioceptiveEmbedding(
  (patch_embed): Conv1d(4, 10, kernel_size=(1,), stride=(1,))
  (norm): LayerNorm((10,), eps=1e-05, elementwise_affine=True)
)
[2026-07-25 15:15:00,491][models.visual_world_model][INFO] - action encoder: ProprioceptiveEmbedding(
  (patch_embed): Conv1d(10, 10, kernel_size=(1,), stride=(1,))
  (norm): LayerNorm((10,), eps=1e-05, elementwise_affine=True)
)
[2026-07-25 15:15:00,491][models.visual_world_model][INFO] - proprio_dim: 10, after repeat: 10
[2026-07-25 15:15:00,491][models.visual_world_model][INFO] - action_dim: 10, after repeat: 10
[2026-07-25 15:15:00,491][models.visual_world_model][INFO] - emb_dim: 404
[2026-07-25 15:15:00,491][models.visual_world_model][INFO] - Straightening disabled
[2026-07-25 15:15:00,491][models.visual_world_model][INFO] - Speed constancy disabled
[2026-07-25 15:15:00,491][models.visual_world_model][INFO] - Trajectory penalty disabled
[2026-07-25 15:15:00,491][models.visual_world_model][INFO] - Stop-grad enabled: True
[2026-07-25 15:15:00,491][models.visual_world_model][INFO] - VCReg enabled: False, apply_to=enc, std_coeff=0.0, cov_coeff=0.0
[2026-07-25 15:15:00,491][models.visual_world_model][INFO] - Model emb_dim: 404
[timing] setup_model_s=3.260
eval_seed:  [3001, 3101, 3201, 3301, 3401, 3501, 3601, 3701, 3801, 3901]
Dumped plan targets to /opt/dlami/nvme/home/jupyter-deuk-c4e4/pusht-reproduction/cls_reproduction/plan/mpc_seed_100/chunk_30/plan_targets.pkl
[timing] setup_workspace_s=5.986

MPC iter 0 Eval ------- 
Success rate:  0.0
{'success': array([False, False, False, False, False, False, False, False, False,
       False]), 'state_dist': array([184.12148 , 112.679   , 116.09849 , 285.4319  ,  81.782936,
        53.667225, 228.64938 , 215.37572 , 127.2602  , 132.10732 ],
      dtype=float32)}
self.is_success:  [False False False False False False False False False False]

MPC iter 1 Eval ------- 
Success rate:  0.2
{'success': array([False, False, False, False,  True,  True, False, False, False,
       False]), 'state_dist': array([183.85492 ,  73.964905, 114.11678 , 332.94144 ,  92.34386 ,
        93.19542 , 208.93619 , 251.16234 , 107.78853 ,  85.55516 ],
      dtype=float32)}
self.is_success:  [False False False False  True  True False False False False]

MPC iter 2 Eval ------- 
Success rate:  0.2
{'success': array([False, False, False, False,  True,  True, False, False, False,
       False]), 'state_dist': array([145.91641,  59.48449,  61.54773, 359.1801 ,  92.34386,  93.19542,
       189.10939, 190.64934, 130.43028, 108.21076], dtype=float32)}
self.is_success:  [False False False False  True  True False False False False]

MPC iter 3 Eval ------- 
Success rate:  0.2
{'success': array([False, False, False, False,  True,  True, False, False, False,
       False]), 'state_dist': array([157.21095, 136.13428, 124.01902, 320.72617,  92.34386,  93.19542,
       134.53491, 201.96616,  72.69981, 149.97348], dtype=float32)}
self.is_success:  [False False False False  True  True False False False False]

MPC iter 4 Eval ------- 
Success rate:  0.3
{'success': array([False, False, False, False,  True,  True, False, False, False,
        True]), 'state_dist': array([280.5729  , 201.27719 , 116.701385,  75.7792  ,  92.34386 ,
        93.19542 , 398.80084 , 101.14565 ,  66.34149 ,  55.415276],
      dtype=float32)}
self.is_success:  [False False False False  True  True False False False  True]

MPC iter 5 Eval ------- 
Success rate:  0.3
{'success': array([False, False, False, False,  True,  True, False, False, False,
        True]), 'state_dist': array([133.28119 ,  46.318356,  59.559536, 105.81573 ,  92.34386 ,
        93.19542 , 157.8123  ,  84.55001 ,  92.16985 ,  55.415276],
      dtype=float32)}
self.is_success:  [False False False False  True  True False False False  True]

MPC iter 6 Eval ------- 
Success rate:  0.3
{'success': array([False, False, False, False,  True,  True, False, False, False,
        True]), 'state_dist': array([127.285675,  69.97978 ,  59.21055 ,  45.577995,  92.34386 ,
        93.19542 , 169.95154 , 106.16028 ,  53.234016,  55.415276],
      dtype=float32)}
self.is_success:  [False False False False  True  True False False False  True]

MPC iter 7 Eval ------- 
Success rate:  0.3
{'success': array([False, False, False, False,  True,  True, False, False, False,
        True]), 'state_dist': array([124.949875,  88.32519 ,  52.017254,  46.84029 ,  92.34386 ,
        93.19542 , 166.90022 ,  73.048744, 105.2527  ,  55.415276],
      dtype=float32)}
self.is_success:  [False False False False  True  True False False False  True]

MPC iter 8 Eval ------- 
Success rate:  0.3
{'success': array([False, False, False, False,  True,  True, False, False, False,
        True]), 'state_dist': array([128.11766 ,  71.033394,  46.87458 ,  61.377777,  92.34386 ,
        93.19542 , 201.61644 ,  92.561165,  97.39089 ,  55.415276],
      dtype=float32)}
self.is_success:  [False False False False  True  True False False False  True]

MPC iter 9 Eval ------- 
Success rate:  0.3
{'success': array([False, False, False, False,  True,  True, False, False, False,
        True]), 'state_dist': array([127.65472 ,  67.77475 ,  47.811962,  78.47356 ,  92.34386 ,
        93.19542 , 196.72635 , 102.754845, 130.53638 ,  55.415276],
      dtype=float32)}
self.is_success:  [False False False False  True  True False False False  True]

MPC iter 10 Eval ------- 
Success rate:  0.3
{'success': array([False, False, False, False,  True,  True, False, False, False,
        True]), 'state_dist': array([128.28264 ,  72.93736 ,  44.847256,  75.979744,  92.34386 ,
        93.19542 , 181.32503 ,  83.961205,  66.251175,  55.415276],
      dtype=float32)}
self.is_success:  [False False False False  True  True False False False  True]

MPC iter 11 Eval ------- 
Success rate:  0.3
{'success': array([False, False, False, False,  True,  True, False, False, False,
        True]), 'state_dist': array([128.78072 ,  85.26338 ,  44.574245,  81.74456 ,  92.34386 ,
        93.19542 , 182.22076 ,  80.3719  ,  40.635845,  55.415276],
      dtype=float32)}
self.is_success:  [False False False False  True  True False False False  True]

MPC iter 12 Eval ------- 
Success rate:  0.3
{'success': array([False, False, False, False,  True,  True, False, False, False,
        True]), 'state_dist': array([128.79077 ,  57.708824,  47.865097,  85.880646,  92.34386 ,
        93.19542 , 182.58485 ,  84.54198 ,  34.54501 ,  55.415276],
      dtype=float32)}
self.is_success:  [False False False False  True  True False False False  True]

MPC iter 13 Eval ------- 
Success rate:  0.4
{'success': array([False, False, False, False,  True,  True, False, False,  True,
        True]), 'state_dist': array([126.882645,  66.816   ,  46.95104 ,  88.988976,  92.34386 ,
        93.19542 , 203.5601  ,  85.41263 ,  11.924467,  55.415276],
      dtype=float32)}
self.is_success:  [False False False False  True  True False False  True  True]

MPC iter 14 Eval ------- 
Success rate:  0.4
{'success': array([False, False, False, False,  True,  True, False, False,  True,
        True]), 'state_dist': array([128.12279 ,  77.07749 ,  44.12468 ,  89.78354 ,  92.34386 ,
        93.19542 , 239.69827 ,  89.218216,  11.924467,  55.415276],
      dtype=float32)}
self.is_success:  [False False False False  True  True False False  True  True]

MPC iter 15 Eval ------- 
Success rate:  0.4
{'success': array([False, False, False, False,  True,  True, False, False,  True,
        True]), 'state_dist': array([127.95369 ,  78.67529 ,  44.08098 ,  84.094505,  92.34386 ,
        93.19542 , 223.22154 ,  83.66477 ,  11.924467,  55.415276],
      dtype=float32)}
self.is_success:  [False False False False  True  True False False  True  True]

MPC iter 16 Eval ------- 
Success rate:  0.4
{'success': array([False, False, False, False,  True,  True, False, False,  True,
        True]), 'state_dist': array([128.89108 ,  64.78106 ,  47.96021 ,  74.932655,  92.34386 ,
        93.19542 , 218.40373 ,  82.586395,  11.924467,  55.415276],
      dtype=float32)}
self.is_success:  [False False False False  True  True False False  True  True]

MPC iter 17 Eval ------- 
Success rate:  0.4
{'success': array([False, False, False, False,  True,  True, False, False,  True,
        True]), 'state_dist': array([126.50866 ,  65.15199 ,  47.124767,  79.02801 ,  92.34386 ,
        93.19542 , 199.19199 ,  82.9069  ,  11.924467,  55.415276],
      dtype=float32)}
self.is_success:  [False False False False  True  True False False  True  True]

MPC iter 18 Eval ------- 
Success rate:  0.4
{'success': array([False, False, False, False,  True,  True, False, False,  True,
        True]), 'state_dist': array([128.9079  ,  66.10141 ,  44.160576,  75.16651 ,  92.34386 ,
        93.19542 , 199.24806 ,  89.01264 ,  11.924467,  55.415276],
      dtype=float32)}
self.is_success:  [False False False False  True  True False False  True  True]

MPC iter 19 Eval ------- 
Success rate:  0.4
{'success': array([False, False, False, False,  True,  True, False, False,  True,
        True]), 'state_dist': array([129.1526  ,  64.45563 ,  44.04946 ,  85.71313 ,  92.34386 ,
        93.19542 , 203.99092 ,  88.41727 ,  11.924467,  55.415276],
      dtype=float32)}
self.is_success:  [False False False False  True  True False False  True  True]
Success rate:  0.4
{'success': array([False, False, False, False,  True,  True, False, False,  True,
        True]), 'state_dist': array([129.1526  ,  64.45563 ,  44.04946 ,  85.71313 ,  92.34386 ,
        93.19542 , 203.99092 ,  88.41727 ,  11.924467,  55.415276],
      dtype=float32)}
[timing] perform_planning_s=125.195
[timing] total_planning_main_s=134.441
===== cls mpc seed 100 chunk 40 (n_evals=10) =====
/home/jupyter-deuk-c4e4/.conda/envs/ts310/lib/python3.10/site-packages/wandb/sdk/internal/internal_api.py:30: UserWarning: pkg_resources is deprecated as an API. See https://setuptools.pypa.io/en/latest/pkg_resources.html. The pkg_resources package is slated for removal as early as 2025-11-30. Refrain from using this package or pin to Setuptools<81.
  from pkg_resources import parse_version
/home/jupyter-deuk-c4e4/.conda/envs/ts310/lib/python3.10/site-packages/pkg_resources/__init__.py:3148: DeprecationWarning: Deprecated call to `pkg_resources.declare_namespace('mpl_toolkits')`.
Implementing implicit namespace packages (as specified in PEP 420) is preferred to `pkg_resources.declare_namespace`. See https://setuptools.pypa.io/en/latest/references/keywords.html#keyword-namespace-packages
  declare_namespace(pkg)
/home/jupyter-deuk-c4e4/.conda/envs/ts310/lib/python3.10/site-packages/pkg_resources/__init__.py:3148: DeprecationWarning: Deprecated call to `pkg_resources.declare_namespace('google')`.
Implementing implicit namespace packages (as specified in PEP 420) is preferred to `pkg_resources.declare_namespace`. See https://setuptools.pypa.io/en/latest/references/keywords.html#keyword-namespace-packages
  declare_namespace(pkg)
/home/jupyter-deuk-c4e4/.conda/envs/ts310/lib/python3.10/site-packages/Cython/Distutils/old_build_ext.py:15: DeprecationWarning: dep_util is Deprecated. Use functions from setuptools instead.
  from distutils.dep_util import newer, newer_group
<frozen importlib._bootstrap>:283: DeprecationWarning: the load_module() method is deprecated and slated for removal in Python 3.12; use exec_module() instead
Warning: Mujoco-based envs failed to import. Set the environment variable D4RL_SUPPRESS_IMPORT_ERROR=1 to suppress this message.
No module named 'mjrl'
Warning: Flow failed to import. Set the environment variable D4RL_SUPPRESS_IMPORT_ERROR=1 to suppress this message.
No module named 'flow'
Warning: CARLA failed to import. Set the environment variable D4RL_SUPPRESS_IMPORT_ERROR=1 to suppress this message.
No module named 'carla'
pybullet build time: Jan 29 2025 23:16:28
/home/jupyter-deuk-c4e4/.conda/envs/ts310/lib/python3.10/site-packages/gym/envs/registration.py:595: UserWarning: [33mWARN: Overriding environment maze2d-open-v0[0m
  logger.warn(f"Overriding environment {id}")
/home/jupyter-deuk-c4e4/.conda/envs/ts310/lib/python3.10/site-packages/gym/envs/registration.py:595: UserWarning: [33mWARN: Overriding environment maze2d-umaze-v0[0m
  logger.warn(f"Overriding environment {id}")
/home/jupyter-deuk-c4e4/.conda/envs/ts310/lib/python3.10/site-packages/gym/envs/registration.py:595: UserWarning: [33mWARN: Overriding environment maze2d-medium-v0[0m
  logger.warn(f"Overriding environment {id}")
/home/jupyter-deuk-c4e4/.conda/envs/ts310/lib/python3.10/site-packages/gym/envs/registration.py:595: UserWarning: [33mWARN: Overriding environment maze2d-large-v0[0m
  logger.warn(f"Overriding environment {id}")
/home/jupyter-deuk-c4e4/.conda/envs/ts310/lib/python3.10/site-packages/gym/envs/registration.py:595: UserWarning: [33mWARN: Overriding environment maze2d-umaze-v1[0m
  logger.warn(f"Overriding environment {id}")
/home/jupyter-deuk-c4e4/.conda/envs/ts310/lib/python3.10/site-packages/gym/envs/registration.py:595: UserWarning: [33mWARN: Overriding environment maze2d-medium-v1[0m
  logger.warn(f"Overriding environment {id}")
/home/jupyter-deuk-c4e4/.conda/envs/ts310/lib/python3.10/site-packages/gym/envs/registration.py:595: UserWarning: [33mWARN: Overriding environment maze2d-large-v1[0m
  logger.warn(f"Overriding environment {id}")
/home/jupyter-deuk-c4e4/.conda/envs/ts310/lib/python3.10/site-packages/gym/envs/registration.py:595: UserWarning: [33mWARN: Overriding environment maze2d-eval-umaze-v1[0m
  logger.warn(f"Overriding environment {id}")
/home/jupyter-deuk-c4e4/.conda/envs/ts310/lib/python3.10/site-packages/gym/envs/registration.py:595: UserWarning: [33mWARN: Overriding environment maze2d-eval-medium-v1[0m
  logger.warn(f"Overriding environment {id}")
/home/jupyter-deuk-c4e4/.conda/envs/ts310/lib/python3.10/site-packages/gym/envs/registration.py:595: UserWarning: [33mWARN: Overriding environment maze2d-eval-large-v1[0m
  logger.warn(f"Overriding environment {id}")
/home/jupyter-deuk-c4e4/.conda/envs/ts310/lib/python3.10/site-packages/gym/envs/registration.py:595: UserWarning: [33mWARN: Overriding environment maze2d-open-dense-v0[0m
  logger.warn(f"Overriding environment {id}")
/home/jupyter-deuk-c4e4/.conda/envs/ts310/lib/python3.10/site-packages/gym/envs/registration.py:595: UserWarning: [33mWARN: Overriding environment maze2d-umaze-dense-v0[0m
  logger.warn(f"Overriding environment {id}")
/home/jupyter-deuk-c4e4/.conda/envs/ts310/lib/python3.10/site-packages/gym/envs/registration.py:595: UserWarning: [33mWARN: Overriding environment maze2d-medium-dense-v0[0m
  logger.warn(f"Overriding environment {id}")
/home/jupyter-deuk-c4e4/.conda/envs/ts310/lib/python3.10/site-packages/gym/envs/registration.py:595: UserWarning: [33mWARN: Overriding environment maze2d-large-dense-v0[0m
  logger.warn(f"Overriding environment {id}")
/home/jupyter-deuk-c4e4/.conda/envs/ts310/lib/python3.10/site-packages/gym/envs/registration.py:595: UserWarning: [33mWARN: Overriding environment maze2d-umaze-dense-v1[0m
  logger.warn(f"Overriding environment {id}")
/home/jupyter-deuk-c4e4/.conda/envs/ts310/lib/python3.10/site-packages/gym/envs/registration.py:595: UserWarning: [33mWARN: Overriding environment maze2d-medium-dense-v1[0m
  logger.warn(f"Overriding environment {id}")
/home/jupyter-deuk-c4e4/.conda/envs/ts310/lib/python3.10/site-packages/gym/envs/registration.py:595: UserWarning: [33mWARN: Overriding environment maze2d-large-dense-v1[0m
  logger.warn(f"Overriding environment {id}")
/home/jupyter-deuk-c4e4/.conda/envs/ts310/lib/python3.10/site-packages/gym/envs/registration.py:595: UserWarning: [33mWARN: Overriding environment maze2d-eval-umaze-dense-v1[0m
  logger.warn(f"Overriding environment {id}")
/home/jupyter-deuk-c4e4/.conda/envs/ts310/lib/python3.10/site-packages/gym/envs/registration.py:595: UserWarning: [33mWARN: Overriding environment maze2d-eval-medium-dense-v1[0m
  logger.warn(f"Overriding environment {id}")
/home/jupyter-deuk-c4e4/.conda/envs/ts310/lib/python3.10/site-packages/gym/envs/registration.py:595: UserWarning: [33mWARN: Overriding environment maze2d-eval-large-dense-v1[0m
  logger.warn(f"Overriding environment {id}")
/opt/dlami/nvme/home/jupyter-deuk-c4e4/temporal-straightening/custom_resolvers.py:4: UserWarning: 
The version_base parameter is not specified.
Please specify a compatability version level, or None.
Will assume defaults for version 1.1
  @hydra.main(config_path=None)
[2026-07-25 15:17:16,860][__main__][INFO] - Planning result saved dir: /opt/dlami/nvme/home/jupyter-deuk-c4e4/pusht-reproduction/cls_reproduction/plan/mpc_seed_100/chunk_40
/home/jupyter-deuk-c4e4/.conda/envs/ts310/lib/python3.10/site-packages/wandb/sdk/internal/internal_api.py:30: UserWarning: pkg_resources is deprecated as an API. See https://setuptools.pypa.io/en/latest/pkg_resources.html. The pkg_resources package is slated for removal as early as 2025-11-30. Refrain from using this package or pin to Setuptools<81.
  from pkg_resources import parse_version
Using cache found in /home/jupyter-deuk-c4e4/.cache/torch/hub/facebookresearch_dinov2_81b2b6419385
Loaded 18685 rollouts
Loaded 21 rollouts
[2026-07-25 15:17:19,350][dinov2][INFO] - using MLP layer as FFN
[2026-07-25 15:17:20,107][models.dino][WARNING] - Unknown projector 'none' for patch tokens; proceeding without projector.
Resuming from epoch 2: /home/jupyter-deuk-c4e4/pusht-reproduction/cls_reproduction/test/pusht_False_agg32_projnone_dim384_hw14_sgTrue_lr1e-06/checkpoints/model_2.pth
[2026-07-25 15:17:20,498][models.visual_world_model][INFO] - num_action_repeat: 1
[2026-07-25 15:17:20,498][models.visual_world_model][INFO] - num_proprio_repeat: 1
[2026-07-25 15:17:20,498][models.visual_world_model][INFO] - proprio encoder: ProprioceptiveEmbedding(
  (patch_embed): Conv1d(4, 10, kernel_size=(1,), stride=(1,))
  (norm): LayerNorm((10,), eps=1e-05, elementwise_affine=True)
)
[2026-07-25 15:17:20,499][models.visual_world_model][INFO] - action encoder: ProprioceptiveEmbedding(
  (patch_embed): Conv1d(10, 10, kernel_size=(1,), stride=(1,))
  (norm): LayerNorm((10,), eps=1e-05, elementwise_affine=True)
)
[2026-07-25 15:17:20,499][models.visual_world_model][INFO] - proprio_dim: 10, after repeat: 10
[2026-07-25 15:17:20,499][models.visual_world_model][INFO] - action_dim: 10, after repeat: 10
[2026-07-25 15:17:20,499][models.visual_world_model][INFO] - emb_dim: 404
[2026-07-25 15:17:20,499][models.visual_world_model][INFO] - Straightening disabled
[2026-07-25 15:17:20,499][models.visual_world_model][INFO] - Speed constancy disabled
[2026-07-25 15:17:20,499][models.visual_world_model][INFO] - Trajectory penalty disabled
[2026-07-25 15:17:20,499][models.visual_world_model][INFO] - Stop-grad enabled: True
[2026-07-25 15:17:20,499][models.visual_world_model][INFO] - VCReg enabled: False, apply_to=enc, std_coeff=0.0, cov_coeff=0.0
[2026-07-25 15:17:20,499][models.visual_world_model][INFO] - Model emb_dim: 404
[timing] setup_model_s=3.641
eval_seed:  [4001, 4101, 4201, 4301, 4401, 4501, 4601, 4701, 4801, 4901]
Dumped plan targets to /opt/dlami/nvme/home/jupyter-deuk-c4e4/pusht-reproduction/cls_reproduction/plan/mpc_seed_100/chunk_40/plan_targets.pkl
[timing] setup_workspace_s=6.503

MPC iter 0 Eval ------- 
Success rate:  0.0
{'success': array([False, False, False, False, False, False, False, False, False,
       False]), 'state_dist': array([183.55305, 171.73233, 170.94376, 106.04035, 128.01299, 192.46216,
       196.50946, 187.99657, 262.2489 , 169.54533], dtype=float32)}
self.is_success:  [False False False False False False False False False False]

MPC iter 1 Eval ------- 
Success rate:  0.0
{'success': array([False, False, False, False, False, False, False, False, False,
       False]), 'state_dist': array([167.29312, 191.82584, 140.62486, 120.77345, 145.25465, 185.27815,
       226.00713, 156.35262, 354.9659 , 171.26637], dtype=float32)}
self.is_success:  [False False False False False False False False False False]

MPC iter 2 Eval ------- 
Success rate:  0.0
{'success': array([False, False, False, False, False, False, False, False, False,
       False]), 'state_dist': array([158.29445 , 115.988335, 133.25864 , 136.23727 ,  76.45761 ,
       204.99867 , 134.51848 , 153.76328 , 274.36258 , 180.04912 ],
      dtype=float32)}
self.is_success:  [False False False False False False False False False False]

MPC iter 3 Eval ------- 
Success rate:  0.0
{'success': array([False, False, False, False, False, False, False, False, False,
       False]), 'state_dist': array([130.31924 ,  79.01326 , 268.5781  , 172.69858 , 105.331566,
       269.44458 , 111.46115 , 173.93951 , 292.41837 , 211.83528 ],
      dtype=float32)}
self.is_success:  [False False False False False False False False False False]

MPC iter 4 Eval ------- 
Success rate:  0.0
{'success': array([False, False, False, False, False, False, False, False, False,
       False]), 'state_dist': array([ 95.87921,  79.30293, 144.15195, 178.09125, 101.11604, 150.77875,
        59.85069,  93.5012 , 284.72906, 186.80934], dtype=float32)}
self.is_success:  [False False False False False False False False False False]

MPC iter 5 Eval ------- 
Success rate:  0.0
{'success': array([False, False, False, False, False, False, False, False, False,
       False]), 'state_dist': array([ 74.43403 ,  71.85152 , 119.00659 , 101.35692 ,  45.6112  ,
       121.73805 ,  80.53427 , 129.96101 , 124.019394, 150.2656  ],
      dtype=float32)}
self.is_success:  [False False False False False False False False False False]

MPC iter 6 Eval ------- 
Success rate:  0.1
{'success': array([False, False, False, False,  True, False, False, False, False,
       False]), 'state_dist': array([ 43.44133 ,  48.118946, 106.30742 ,  71.697365,  22.169575,
        97.55321 ,  72.98145 , 111.67371 , 220.24864 , 119.043564],
      dtype=float32)}
self.is_success:  [False False False False  True False False False False False]

MPC iter 7 Eval ------- 
Success rate:  0.1
{'success': array([False, False, False, False,  True, False, False, False, False,
       False]), 'state_dist': array([ 42.96477 ,  47.106037, 117.88484 ,  53.918865,  22.169575,
       119.22679 ,  74.13681 , 163.99335 , 239.13629 , 114.43466 ],
      dtype=float32)}
self.is_success:  [False False False False  True False False False False False]

MPC iter 8 Eval ------- 
Success rate:  0.1
{'success': array([False, False, False, False,  True, False, False, False, False,
       False]), 'state_dist': array([ 43.920998,  46.28764 , 107.51922 ,  59.12794 ,  22.169575,
       115.3418  ,  69.72702 , 110.03983 , 203.78595 , 124.24942 ],
      dtype=float32)}
self.is_success:  [False False False False  True False False False False False]

MPC iter 9 Eval ------- 
Success rate:  0.2
{'success': array([ True, False, False, False,  True, False, False, False, False,
       False]), 'state_dist': array([ 46.96188 ,  49.66178 , 108.37188 ,  68.9055  ,  22.169575,
       113.126045,  73.69394 , 110.87521 ,  60.37702 , 112.46601 ],
      dtype=float32)}
self.is_success:  [ True False False False  True False False False False False]

MPC iter 10 Eval ------- 
Success rate:  0.2
{'success': array([ True, False, False, False,  True, False, False, False, False,
       False]), 'state_dist': array([ 46.96188 ,  52.64182 , 107.97451 ,  54.7931  ,  22.169575,
       112.58556 ,  73.950455, 197.19142 ,  91.79324 , 135.75012 ],
      dtype=float32)}
self.is_success:  [ True False False False  True False False False False False]

MPC iter 11 Eval ------- 
Success rate:  0.2
{'success': array([ True, False, False, False,  True, False, False, False, False,
       False]), 'state_dist': array([ 46.96188 ,  68.32332 , 109.78443 ,  52.395023,  22.169575,
       106.95657 ,  71.111626, 218.78893 ,  75.01965 , 137.97804 ],
      dtype=float32)}
self.is_success:  [ True False False False  True False False False False False]

MPC iter 12 Eval ------- 
Success rate:  0.2
{'success': array([ True, False, False, False,  True, False, False, False, False,
       False]), 'state_dist': array([ 46.96188 ,  56.109673, 108.54062 ,  54.91989 ,  22.169575,
       110.77633 ,  79.59625 , 155.47003 ,  43.85821 , 107.21242 ],
      dtype=float32)}
self.is_success:  [ True False False False  True False False False False False]

MPC iter 13 Eval ------- 
Success rate:  0.3
{'success': array([ True,  True, False, False,  True, False, False, False, False,
       False]), 'state_dist': array([ 46.96188 ,  22.793344, 107.72102 ,  59.19164 ,  22.169575,
       114.10652 ,  74.31944 , 143.25635 ,  85.02243 , 123.23231 ],
      dtype=float32)}
self.is_success:  [ True  True False False  True False False False False False]

MPC iter 14 Eval ------- 
Success rate:  0.3
{'success': array([ True,  True, False, False,  True, False, False, False, False,
       False]), 'state_dist': array([ 46.96188 ,  22.793344, 107.70265 ,  67.0834  ,  22.169575,
       150.25269 ,  80.92056 , 139.60295 ,  33.441376,  99.1528  ],
      dtype=float32)}
self.is_success:  [ True  True False False  True False False False False False]

MPC iter 15 Eval ------- 
Success rate:  0.3
{'success': array([ True,  True, False, False,  True, False, False, False, False,
       False]), 'state_dist': array([ 46.96188 ,  22.793344, 109.17628 ,  60.086147,  22.169575,
       117.094536,  71.208084, 135.6053  ,  64.54531 , 100.27735 ],
      dtype=float32)}
self.is_success:  [ True  True False False  True False False False False False]

MPC iter 16 Eval ------- 
Success rate:  0.3
{'success': array([ True,  True, False, False,  True, False, False, False, False,
       False]), 'state_dist': array([ 46.96188 ,  22.793344, 109.41664 ,  55.61343 ,  22.169575,
       108.26248 ,  75.873695, 141.61891 ,  61.186638, 115.56654 ],
      dtype=float32)}
self.is_success:  [ True  True False False  True False False False False False]

MPC iter 17 Eval ------- 
Success rate:  0.3
{'success': array([ True,  True, False, False,  True, False, False, False, False,
       False]), 'state_dist': array([ 46.96188 ,  22.793344, 110.37662 ,  54.886093,  22.169575,
       112.38614 ,  68.17428 , 143.82059 ,  55.65696 , 104.30301 ],
      dtype=float32)}
self.is_success:  [ True  True False False  True False False False False False]

MPC iter 18 Eval ------- 
Success rate:  0.3
{'success': array([ True,  True, False, False,  True, False, False, False, False,
       False]), 'state_dist': array([ 46.96188 ,  22.793344, 108.19323 ,  63.28044 ,  22.169575,
       107.863205,  77.88825 , 132.6901  ,  63.698517, 106.712296],
      dtype=float32)}
self.is_success:  [ True  True False False  True False False False False False]

MPC iter 19 Eval ------- 
Success rate:  0.3
{'success': array([ True,  True, False, False,  True, False, False, False, False,
       False]), 'state_dist': array([ 46.96188 ,  22.793344, 115.25972 ,  63.58736 ,  22.169575,
       108.92684 ,  74.85484 , 133.01923 ,  63.703686, 105.33665 ],
      dtype=float32)}
self.is_success:  [ True  True False False  True False False False False False]
Success rate:  0.3
{'success': array([ True,  True, False, False,  True, False, False, False, False,
       False]), 'state_dist': array([ 46.96188 ,  22.793344, 115.25972 ,  63.58736 ,  22.169575,
       108.92684 ,  74.85484 , 133.01923 ,  63.703686, 105.33665 ],
      dtype=float32)}
[timing] perform_planning_s=122.917
[timing] total_planning_main_s=133.061
===== cls mpc seed 200 chunk 00 (n_evals=10) =====
/home/jupyter-deuk-c4e4/.conda/envs/ts310/lib/python3.10/site-packages/wandb/sdk/internal/internal_api.py:30: UserWarning: pkg_resources is deprecated as an API. See https://setuptools.pypa.io/en/latest/pkg_resources.html. The pkg_resources package is slated for removal as early as 2025-11-30. Refrain from using this package or pin to Setuptools<81.
  from pkg_resources import parse_version
/home/jupyter-deuk-c4e4/.conda/envs/ts310/lib/python3.10/site-packages/pkg_resources/__init__.py:3148: DeprecationWarning: Deprecated call to `pkg_resources.declare_namespace('mpl_toolkits')`.
Implementing implicit namespace packages (as specified in PEP 420) is preferred to `pkg_resources.declare_namespace`. See https://setuptools.pypa.io/en/latest/references/keywords.html#keyword-namespace-packages
  declare_namespace(pkg)
/home/jupyter-deuk-c4e4/.conda/envs/ts310/lib/python3.10/site-packages/pkg_resources/__init__.py:3148: DeprecationWarning: Deprecated call to `pkg_resources.declare_namespace('google')`.
Implementing implicit namespace packages (as specified in PEP 420) is preferred to `pkg_resources.declare_namespace`. See https://setuptools.pypa.io/en/latest/references/keywords.html#keyword-namespace-packages
  declare_namespace(pkg)
/home/jupyter-deuk-c4e4/.conda/envs/ts310/lib/python3.10/site-packages/Cython/Distutils/old_build_ext.py:15: DeprecationWarning: dep_util is Deprecated. Use functions from setuptools instead.
  from distutils.dep_util import newer, newer_group
<frozen importlib._bootstrap>:283: DeprecationWarning: the load_module() method is deprecated and slated for removal in Python 3.12; use exec_module() instead
Warning: Mujoco-based envs failed to import. Set the environment variable D4RL_SUPPRESS_IMPORT_ERROR=1 to suppress this message.
No module named 'mjrl'
Warning: Flow failed to import. Set the environment variable D4RL_SUPPRESS_IMPORT_ERROR=1 to suppress this message.
No module named 'flow'
Warning: CARLA failed to import. Set the environment variable D4RL_SUPPRESS_IMPORT_ERROR=1 to suppress this message.
No module named 'carla'
pybullet build time: Jan 29 2025 23:16:28
/home/jupyter-deuk-c4e4/.conda/envs/ts310/lib/python3.10/site-packages/gym/envs/registration.py:595: UserWarning: [33mWARN: Overriding environment maze2d-open-v0[0m
  logger.warn(f"Overriding environment {id}")
/home/jupyter-deuk-c4e4/.conda/envs/ts310/lib/python3.10/site-packages/gym/envs/registration.py:595: UserWarning: [33mWARN: Overriding environment maze2d-umaze-v0[0m
  logger.warn(f"Overriding environment {id}")
/home/jupyter-deuk-c4e4/.conda/envs/ts310/lib/python3.10/site-packages/gym/envs/registration.py:595: UserWarning: [33mWARN: Overriding environment maze2d-medium-v0[0m
  logger.warn(f"Overriding environment {id}")
/home/jupyter-deuk-c4e4/.conda/envs/ts310/lib/python3.10/site-packages/gym/envs/registration.py:595: UserWarning: [33mWARN: Overriding environment maze2d-large-v0[0m
  logger.warn(f"Overriding environment {id}")
/home/jupyter-deuk-c4e4/.conda/envs/ts310/lib/python3.10/site-packages/gym/envs/registration.py:595: UserWarning: [33mWARN: Overriding environment maze2d-umaze-v1[0m
  logger.warn(f"Overriding environment {id}")
/home/jupyter-deuk-c4e4/.conda/envs/ts310/lib/python3.10/site-packages/gym/envs/registration.py:595: UserWarning: [33mWARN: Overriding environment maze2d-medium-v1[0m
  logger.warn(f"Overriding environment {id}")
/home/jupyter-deuk-c4e4/.conda/envs/ts310/lib/python3.10/site-packages/gym/envs/registration.py:595: UserWarning: [33mWARN: Overriding environment maze2d-large-v1[0m
  logger.warn(f"Overriding environment {id}")
/home/jupyter-deuk-c4e4/.conda/envs/ts310/lib/python3.10/site-packages/gym/envs/registration.py:595: UserWarning: [33mWARN: Overriding environment maze2d-eval-umaze-v1[0m
  logger.warn(f"Overriding environment {id}")
/home/jupyter-deuk-c4e4/.conda/envs/ts310/lib/python3.10/site-packages/gym/envs/registration.py:595: UserWarning: [33mWARN: Overriding environment maze2d-eval-medium-v1[0m
  logger.warn(f"Overriding environment {id}")
/home/jupyter-deuk-c4e4/.conda/envs/ts310/lib/python3.10/site-packages/gym/envs/registration.py:595: UserWarning: [33mWARN: Overriding environment maze2d-eval-large-v1[0m
  logger.warn(f"Overriding environment {id}")
/home/jupyter-deuk-c4e4/.conda/envs/ts310/lib/python3.10/site-packages/gym/envs/registration.py:595: UserWarning: [33mWARN: Overriding environment maze2d-open-dense-v0[0m
  logger.warn(f"Overriding environment {id}")
/home/jupyter-deuk-c4e4/.conda/envs/ts310/lib/python3.10/site-packages/gym/envs/registration.py:595: UserWarning: [33mWARN: Overriding environment maze2d-umaze-dense-v0[0m
  logger.warn(f"Overriding environment {id}")
/home/jupyter-deuk-c4e4/.conda/envs/ts310/lib/python3.10/site-packages/gym/envs/registration.py:595: UserWarning: [33mWARN: Overriding environment maze2d-medium-dense-v0[0m
  logger.warn(f"Overriding environment {id}")
/home/jupyter-deuk-c4e4/.conda/envs/ts310/lib/python3.10/site-packages/gym/envs/registration.py:595: UserWarning: [33mWARN: Overriding environment maze2d-large-dense-v0[0m
  logger.warn(f"Overriding environment {id}")
/home/jupyter-deuk-c4e4/.conda/envs/ts310/lib/python3.10/site-packages/gym/envs/registration.py:595: UserWarning: [33mWARN: Overriding environment maze2d-umaze-dense-v1[0m
  logger.warn(f"Overriding environment {id}")
/home/jupyter-deuk-c4e4/.conda/envs/ts310/lib/python3.10/site-packages/gym/envs/registration.py:595: UserWarning: [33mWARN: Overriding environment maze2d-medium-dense-v1[0m
  logger.warn(f"Overriding environment {id}")
/home/jupyter-deuk-c4e4/.conda/envs/ts310/lib/python3.10/site-packages/gym/envs/registration.py:595: UserWarning: [33mWARN: Overriding environment maze2d-large-dense-v1[0m
  logger.warn(f"Overriding environment {id}")
/home/jupyter-deuk-c4e4/.conda/envs/ts310/lib/python3.10/site-packages/gym/envs/registration.py:595: UserWarning: [33mWARN: Overriding environment maze2d-eval-umaze-dense-v1[0m
  logger.warn(f"Overriding environment {id}")
/home/jupyter-deuk-c4e4/.conda/envs/ts310/lib/python3.10/site-packages/gym/envs/registration.py:595: UserWarning: [33mWARN: Overriding environment maze2d-eval-medium-dense-v1[0m
  logger.warn(f"Overriding environment {id}")
/home/jupyter-deuk-c4e4/.conda/envs/ts310/lib/python3.10/site-packages/gym/envs/registration.py:595: UserWarning: [33mWARN: Overriding environment maze2d-eval-large-dense-v1[0m
  logger.warn(f"Overriding environment {id}")
/opt/dlami/nvme/home/jupyter-deuk-c4e4/temporal-straightening/custom_resolvers.py:4: UserWarning: 
The version_base parameter is not specified.
Please specify a compatability version level, or None.
Will assume defaults for version 1.1
  @hydra.main(config_path=None)
[2026-07-25 15:19:35,152][__main__][INFO] - Planning result saved dir: /opt/dlami/nvme/home/jupyter-deuk-c4e4/pusht-reproduction/cls_reproduction/plan/mpc_seed_200/chunk_00
/home/jupyter-deuk-c4e4/.conda/envs/ts310/lib/python3.10/site-packages/wandb/sdk/internal/internal_api.py:30: UserWarning: pkg_resources is deprecated as an API. See https://setuptools.pypa.io/en/latest/pkg_resources.html. The pkg_resources package is slated for removal as early as 2025-11-30. Refrain from using this package or pin to Setuptools<81.
  from pkg_resources import parse_version
Using cache found in /home/jupyter-deuk-c4e4/.cache/torch/hub/facebookresearch_dinov2_81b2b6419385
Loaded 18685 rollouts
Loaded 21 rollouts
[2026-07-25 15:19:37,606][dinov2][INFO] - using MLP layer as FFN
[2026-07-25 15:19:38,011][models.dino][WARNING] - Unknown projector 'none' for patch tokens; proceeding without projector.
Resuming from epoch 2: /home/jupyter-deuk-c4e4/pusht-reproduction/cls_reproduction/test/pusht_False_agg32_projnone_dim384_hw14_sgTrue_lr1e-06/checkpoints/model_2.pth
[2026-07-25 15:19:38,409][models.visual_world_model][INFO] - num_action_repeat: 1
[2026-07-25 15:19:38,409][models.visual_world_model][INFO] - num_proprio_repeat: 1
[2026-07-25 15:19:38,409][models.visual_world_model][INFO] - proprio encoder: ProprioceptiveEmbedding(
  (patch_embed): Conv1d(4, 10, kernel_size=(1,), stride=(1,))
  (norm): LayerNorm((10,), eps=1e-05, elementwise_affine=True)
)
[2026-07-25 15:19:38,409][models.visual_world_model][INFO] - action encoder: ProprioceptiveEmbedding(
  (patch_embed): Conv1d(10, 10, kernel_size=(1,), stride=(1,))
  (norm): LayerNorm((10,), eps=1e-05, elementwise_affine=True)
)
[2026-07-25 15:19:38,409][models.visual_world_model][INFO] - proprio_dim: 10, after repeat: 10
[2026-07-25 15:19:38,409][models.visual_world_model][INFO] - action_dim: 10, after repeat: 10
[2026-07-25 15:19:38,409][models.visual_world_model][INFO] - emb_dim: 404
[2026-07-25 15:19:38,409][models.visual_world_model][INFO] - Straightening disabled
[2026-07-25 15:19:38,409][models.visual_world_model][INFO] - Speed constancy disabled
[2026-07-25 15:19:38,409][models.visual_world_model][INFO] - Trajectory penalty disabled
[2026-07-25 15:19:38,409][models.visual_world_model][INFO] - Stop-grad enabled: True
[2026-07-25 15:19:38,409][models.visual_world_model][INFO] - VCReg enabled: False, apply_to=enc, std_coeff=0.0, cov_coeff=0.0
[2026-07-25 15:19:38,409][models.visual_world_model][INFO] - Model emb_dim: 404
[timing] setup_model_s=3.260
eval_seed:  [1, 201, 401, 601, 801, 1001, 1201, 1401, 1601, 1801]
Dumped plan targets to /opt/dlami/nvme/home/jupyter-deuk-c4e4/pusht-reproduction/cls_reproduction/plan/mpc_seed_200/chunk_00/plan_targets.pkl
[timing] setup_workspace_s=4.003

MPC iter 0 Eval ------- 
Success rate:  0.0
{'success': array([False, False, False, False, False, False, False, False, False,
       False]), 'state_dist': array([321.00644, 132.27145, 203.5127 , 230.69124, 240.51805, 158.68344,
       132.26651, 180.4703 , 229.0101 , 112.38521], dtype=float32)}
self.is_success:  [False False False False False False False False False False]

MPC iter 1 Eval ------- 
Success rate:  0.0
{'success': array([False, False, False, False, False, False, False, False, False,
       False]), 'state_dist': array([293.31125, 132.03337, 189.30568, 421.82037, 200.94981, 172.93234,
       142.80832, 265.00418, 182.14285, 119.4821 ], dtype=float32)}
self.is_success:  [False False False False False False False False False False]

MPC iter 2 Eval ------- 
Success rate:  0.0
{'success': array([False, False, False, False, False, False, False, False, False,
       False]), 'state_dist': array([224.35133 , 111.33892 , 102.76519 , 500.6316  , 207.79575 ,
        96.573715, 158.16934 , 143.1817  , 202.34721 , 126.93841 ],
      dtype=float32)}
self.is_success:  [False False False False False False False False False False]

MPC iter 3 Eval ------- 
Success rate:  0.0
{'success': array([False, False, False, False, False, False, False, False, False,
       False]), 'state_dist': array([211.78311 , 158.11461 , 120.59989 , 479.40347 , 155.09766 ,
       132.7968  , 117.235085, 182.1002  , 377.69952 , 189.0197  ],
      dtype=float32)}
self.is_success:  [False False False False False False False False False False]

MPC iter 4 Eval ------- 
Success rate:  0.0
{'success': array([False, False, False, False, False, False, False, False, False,
       False]), 'state_dist': array([184.40979 ,  89.90245 ,  77.98618 , 586.8864  ,  53.239464,
        98.177895,  96.45096 , 205.33754 , 145.98329 , 120.02947 ],
      dtype=float32)}
self.is_success:  [False False False False False False False False False False]

MPC iter 5 Eval ------- 
Success rate:  0.1
{'success': array([False, False,  True, False, False, False, False, False, False,
       False]), 'state_dist': array([140.10362 ,  75.73932 ,  26.297125, 338.76306 ,  29.225391,
       109.45215 ,  45.913284, 118.40199 ,  47.85647 , 118.74987 ],
      dtype=float32)}
self.is_success:  [False False  True False False False False False False False]

MPC iter 6 Eval ------- 
Success rate:  0.4
{'success': array([False, False,  True, False, False,  True,  True, False,  True,
       False]), 'state_dist': array([164.36717 ,  68.6785  ,  26.297125, 138.39691 , 112.97416 ,
        22.383572,  17.187908,  76.992035,  18.71031 ,  64.63642 ],
      dtype=float32)}
self.is_success:  [False False  True False False  True  True False  True False]

MPC iter 7 Eval ------- 
Success rate:  0.5
{'success': array([False, False,  True, False, False,  True,  True, False,  True,
        True]), 'state_dist': array([ 90.43047 ,  59.800556,  26.297125, 171.7418  ,  89.4496  ,
        22.383572,  17.187908,  96.15381 ,  18.71031 ,  35.122906],
      dtype=float32)}
self.is_success:  [False False  True False False  True  True False  True  True]

MPC iter 8 Eval ------- 
Success rate:  0.5
{'success': array([False, False,  True, False, False,  True,  True, False,  True,
        True]), 'state_dist': array([ 53.442245,  46.246193,  26.297125, 328.02887 ,  76.89839 ,
        22.383572,  17.187908,  82.092415,  18.71031 ,  35.122906],
      dtype=float32)}
self.is_success:  [False False  True False False  True  True False  True  True]

MPC iter 9 Eval ------- 
Success rate:  0.5
{'success': array([False, False,  True, False, False,  True,  True, False,  True,
        True]), 'state_dist': array([ 66.35293 ,  52.604515,  26.297125, 171.96423 ,  86.11697 ,
        22.383572,  17.187908,  94.41407 ,  18.71031 ,  35.122906],
      dtype=float32)}
self.is_success:  [False False  True False False  True  True False  True  True]

MPC iter 10 Eval ------- 
Success rate:  0.5
{'success': array([False, False,  True, False, False,  True,  True, False,  True,
        True]), 'state_dist': array([ 81.817986,  56.06157 ,  26.297125, 228.87177 ,  93.01608 ,
        22.383572,  17.187908,  88.28446 ,  18.71031 ,  35.122906],
      dtype=float32)}
self.is_success:  [False False  True False False  True  True False  True  True]

MPC iter 11 Eval ------- 
Success rate:  0.5
{'success': array([False, False,  True, False, False,  True,  True, False,  True,
        True]), 'state_dist': array([ 86.02009 ,  57.169827,  26.297125, 209.49701 ,  90.99824 ,
        22.383572,  17.187908,  92.78367 ,  18.71031 ,  35.122906],
      dtype=float32)}
self.is_success:  [False False  True False False  True  True False  True  True]

MPC iter 12 Eval ------- 
Success rate:  0.5
{'success': array([False, False,  True, False, False,  True,  True, False,  True,
        True]), 'state_dist': array([ 83.08498 ,  47.380665,  26.297125, 170.94313 ,  90.89397 ,
        22.383572,  17.187908, 110.916115,  18.71031 ,  35.122906],
      dtype=float32)}
self.is_success:  [False False  True False False  True  True False  True  True]

MPC iter 13 Eval ------- 
Success rate:  0.5
{'success': array([False, False,  True, False, False,  True,  True, False,  True,
        True]), 'state_dist': array([ 85.28644 ,  56.662888,  26.297125, 157.01566 ,  91.012886,
        22.383572,  17.187908,  98.73469 ,  18.71031 ,  35.122906],
      dtype=float32)}
self.is_success:  [False False  True False False  True  True False  True  True]

MPC iter 14 Eval ------- 
Success rate:  0.5
{'success': array([False, False,  True, False, False,  True,  True, False,  True,
        True]), 'state_dist': array([ 80.91655 ,  54.142036,  26.297125, 145.51541 ,  88.726295,
        22.383572,  17.187908,  83.24955 ,  18.71031 ,  35.122906],
      dtype=float32)}
self.is_success:  [False False  True False False  True  True False  True  True]

MPC iter 15 Eval ------- 
Success rate:  0.5
{'success': array([False, False,  True, False, False,  True,  True, False,  True,
        True]), 'state_dist': array([ 85.824234,  54.33154 ,  26.297125, 249.46887 ,  94.69646 ,
        22.383572,  17.187908, 113.05932 ,  18.71031 ,  35.122906],
      dtype=float32)}
self.is_success:  [False False  True False False  True  True False  True  True]

MPC iter 16 Eval ------- 
Success rate:  0.5
{'success': array([False, False,  True, False, False,  True,  True, False,  True,
        True]), 'state_dist': array([ 86.666794,  55.51805 ,  26.297125, 204.75761 ,  88.905525,
        22.383572,  17.187908, 104.28324 ,  18.71031 ,  35.122906],
      dtype=float32)}
self.is_success:  [False False  True False False  True  True False  True  True]

MPC iter 17 Eval ------- 
Success rate:  0.5
{'success': array([False, False,  True, False, False,  True,  True, False,  True,
        True]), 'state_dist': array([ 85.593254,  56.38647 ,  26.297125, 180.6369  ,  90.876015,
        22.383572,  17.187908, 108.682846,  18.71031 ,  35.122906],
      dtype=float32)}
self.is_success:  [False False  True False False  True  True False  True  True]

MPC iter 18 Eval ------- 
Success rate:  0.5
{'success': array([False, False,  True, False, False,  True,  True, False,  True,
        True]), 'state_dist': array([ 97.645004,  53.971684,  26.297125, 180.68507 ,  88.82913 ,
        22.383572,  17.187908, 105.275246,  18.71031 ,  35.122906],
      dtype=float32)}
self.is_success:  [False False  True False False  True  True False  True  True]

MPC iter 19 Eval ------- 
Success rate:  0.5
{'success': array([False, False,  True, False, False,  True,  True, False,  True,
        True]), 'state_dist': array([ 70.314095,  55.551235,  26.297125, 154.13315 ,  89.27    ,
        22.383572,  17.187908,  81.76183 ,  18.71031 ,  35.122906],
      dtype=float32)}
self.is_success:  [False False  True False False  True  True False  True  True]
Success rate:  0.5
{'success': array([False, False,  True, False, False,  True,  True, False,  True,
        True]), 'state_dist': array([ 70.314095,  55.551235,  26.297125, 154.13315 ,  89.27    ,
        22.383572,  17.187908,  81.76183 ,  18.71031 ,  35.122906],
      dtype=float32)}
[timing] perform_planning_s=125.693
[timing] total_planning_main_s=132.956
===== cls mpc seed 200 chunk 10 (n_evals=10) =====
/home/jupyter-deuk-c4e4/.conda/envs/ts310/lib/python3.10/site-packages/wandb/sdk/internal/internal_api.py:30: UserWarning: pkg_resources is deprecated as an API. See https://setuptools.pypa.io/en/latest/pkg_resources.html. The pkg_resources package is slated for removal as early as 2025-11-30. Refrain from using this package or pin to Setuptools<81.
  from pkg_resources import parse_version
/home/jupyter-deuk-c4e4/.conda/envs/ts310/lib/python3.10/site-packages/pkg_resources/__init__.py:3148: DeprecationWarning: Deprecated call to `pkg_resources.declare_namespace('mpl_toolkits')`.
Implementing implicit namespace packages (as specified in PEP 420) is preferred to `pkg_resources.declare_namespace`. See https://setuptools.pypa.io/en/latest/references/keywords.html#keyword-namespace-packages
  declare_namespace(pkg)
/home/jupyter-deuk-c4e4/.conda/envs/ts310/lib/python3.10/site-packages/pkg_resources/__init__.py:3148: DeprecationWarning: Deprecated call to `pkg_resources.declare_namespace('google')`.
Implementing implicit namespace packages (as specified in PEP 420) is preferred to `pkg_resources.declare_namespace`. See https://setuptools.pypa.io/en/latest/references/keywords.html#keyword-namespace-packages
  declare_namespace(pkg)
/home/jupyter-deuk-c4e4/.conda/envs/ts310/lib/python3.10/site-packages/Cython/Distutils/old_build_ext.py:15: DeprecationWarning: dep_util is Deprecated. Use functions from setuptools instead.
  from distutils.dep_util import newer, newer_group
<frozen importlib._bootstrap>:283: DeprecationWarning: the load_module() method is deprecated and slated for removal in Python 3.12; use exec_module() instead
Warning: Mujoco-based envs failed to import. Set the environment variable D4RL_SUPPRESS_IMPORT_ERROR=1 to suppress this message.
No module named 'mjrl'
Warning: Flow failed to import. Set the environment variable D4RL_SUPPRESS_IMPORT_ERROR=1 to suppress this message.
No module named 'flow'
Warning: CARLA failed to import. Set the environment variable D4RL_SUPPRESS_IMPORT_ERROR=1 to suppress this message.
No module named 'carla'
pybullet build time: Jan 29 2025 23:16:28
/home/jupyter-deuk-c4e4/.conda/envs/ts310/lib/python3.10/site-packages/gym/envs/registration.py:595: UserWarning: [33mWARN: Overriding environment maze2d-open-v0[0m
  logger.warn(f"Overriding environment {id}")
/home/jupyter-deuk-c4e4/.conda/envs/ts310/lib/python3.10/site-packages/gym/envs/registration.py:595: UserWarning: [33mWARN: Overriding environment maze2d-umaze-v0[0m
  logger.warn(f"Overriding environment {id}")
/home/jupyter-deuk-c4e4/.conda/envs/ts310/lib/python3.10/site-packages/gym/envs/registration.py:595: UserWarning: [33mWARN: Overriding environment maze2d-medium-v0[0m
  logger.warn(f"Overriding environment {id}")
/home/jupyter-deuk-c4e4/.conda/envs/ts310/lib/python3.10/site-packages/gym/envs/registration.py:595: UserWarning: [33mWARN: Overriding environment maze2d-large-v0[0m
  logger.warn(f"Overriding environment {id}")
/home/jupyter-deuk-c4e4/.conda/envs/ts310/lib/python3.10/site-packages/gym/envs/registration.py:595: UserWarning: [33mWARN: Overriding environment maze2d-umaze-v1[0m
  logger.warn(f"Overriding environment {id}")
/home/jupyter-deuk-c4e4/.conda/envs/ts310/lib/python3.10/site-packages/gym/envs/registration.py:595: UserWarning: [33mWARN: Overriding environment maze2d-medium-v1[0m
  logger.warn(f"Overriding environment {id}")
/home/jupyter-deuk-c4e4/.conda/envs/ts310/lib/python3.10/site-packages/gym/envs/registration.py:595: UserWarning: [33mWARN: Overriding environment maze2d-large-v1[0m
  logger.warn(f"Overriding environment {id}")
/home/jupyter-deuk-c4e4/.conda/envs/ts310/lib/python3.10/site-packages/gym/envs/registration.py:595: UserWarning: [33mWARN: Overriding environment maze2d-eval-umaze-v1[0m
  logger.warn(f"Overriding environment {id}")
/home/jupyter-deuk-c4e4/.conda/envs/ts310/lib/python3.10/site-packages/gym/envs/registration.py:595: UserWarning: [33mWARN: Overriding environment maze2d-eval-medium-v1[0m
  logger.warn(f"Overriding environment {id}")
/home/jupyter-deuk-c4e4/.conda/envs/ts310/lib/python3.10/site-packages/gym/envs/registration.py:595: UserWarning: [33mWARN: Overriding environment maze2d-eval-large-v1[0m
  logger.warn(f"Overriding environment {id}")
/home/jupyter-deuk-c4e4/.conda/envs/ts310/lib/python3.10/site-packages/gym/envs/registration.py:595: UserWarning: [33mWARN: Overriding environment maze2d-open-dense-v0[0m
  logger.warn(f"Overriding environment {id}")
/home/jupyter-deuk-c4e4/.conda/envs/ts310/lib/python3.10/site-packages/gym/envs/registration.py:595: UserWarning: [33mWARN: Overriding environment maze2d-umaze-dense-v0[0m
  logger.warn(f"Overriding environment {id}")
/home/jupyter-deuk-c4e4/.conda/envs/ts310/lib/python3.10/site-packages/gym/envs/registration.py:595: UserWarning: [33mWARN: Overriding environment maze2d-medium-dense-v0[0m
  logger.warn(f"Overriding environment {id}")
/home/jupyter-deuk-c4e4/.conda/envs/ts310/lib/python3.10/site-packages/gym/envs/registration.py:595: UserWarning: [33mWARN: Overriding environment maze2d-large-dense-v0[0m
  logger.warn(f"Overriding environment {id}")
/home/jupyter-deuk-c4e4/.conda/envs/ts310/lib/python3.10/site-packages/gym/envs/registration.py:595: UserWarning: [33mWARN: Overriding environment maze2d-umaze-dense-v1[0m
  logger.warn(f"Overriding environment {id}")
/home/jupyter-deuk-c4e4/.conda/envs/ts310/lib/python3.10/site-packages/gym/envs/registration.py:595: UserWarning: [33mWARN: Overriding environment maze2d-medium-dense-v1[0m
  logger.warn(f"Overriding environment {id}")
/home/jupyter-deuk-c4e4/.conda/envs/ts310/lib/python3.10/site-packages/gym/envs/registration.py:595: UserWarning: [33mWARN: Overriding environment maze2d-large-dense-v1[0m
  logger.warn(f"Overriding environment {id}")
/home/jupyter-deuk-c4e4/.conda/envs/ts310/lib/python3.10/site-packages/gym/envs/registration.py:595: UserWarning: [33mWARN: Overriding environment maze2d-eval-umaze-dense-v1[0m
  logger.warn(f"Overriding environment {id}")
/home/jupyter-deuk-c4e4/.conda/envs/ts310/lib/python3.10/site-packages/gym/envs/registration.py:595: UserWarning: [33mWARN: Overriding environment maze2d-eval-medium-dense-v1[0m
  logger.warn(f"Overriding environment {id}")
/home/jupyter-deuk-c4e4/.conda/envs/ts310/lib/python3.10/site-packages/gym/envs/registration.py:595: UserWarning: [33mWARN: Overriding environment maze2d-eval-large-dense-v1[0m
  logger.warn(f"Overriding environment {id}")
/opt/dlami/nvme/home/jupyter-deuk-c4e4/temporal-straightening/custom_resolvers.py:4: UserWarning: 
The version_base parameter is not specified.
Please specify a compatability version level, or None.
Will assume defaults for version 1.1
  @hydra.main(config_path=None)
[2026-07-25 15:21:53,300][__main__][INFO] - Planning result saved dir: /opt/dlami/nvme/home/jupyter-deuk-c4e4/pusht-reproduction/cls_reproduction/plan/mpc_seed_200/chunk_10
/home/jupyter-deuk-c4e4/.conda/envs/ts310/lib/python3.10/site-packages/wandb/sdk/internal/internal_api.py:30: UserWarning: pkg_resources is deprecated as an API. See https://setuptools.pypa.io/en/latest/pkg_resources.html. The pkg_resources package is slated for removal as early as 2025-11-30. Refrain from using this package or pin to Setuptools<81.
  from pkg_resources import parse_version
Using cache found in /home/jupyter-deuk-c4e4/.cache/torch/hub/facebookresearch_dinov2_81b2b6419385
Loaded 18685 rollouts
Loaded 21 rollouts
[2026-07-25 15:21:55,790][dinov2][INFO] - using MLP layer as FFN
[2026-07-25 15:21:56,256][models.dino][WARNING] - Unknown projector 'none' for patch tokens; proceeding without projector.
Resuming from epoch 2: /home/jupyter-deuk-c4e4/pusht-reproduction/cls_reproduction/test/pusht_False_agg32_projnone_dim384_hw14_sgTrue_lr1e-06/checkpoints/model_2.pth
[2026-07-25 15:21:56,648][models.visual_world_model][INFO] - num_action_repeat: 1
[2026-07-25 15:21:56,648][models.visual_world_model][INFO] - num_proprio_repeat: 1
[2026-07-25 15:21:56,648][models.visual_world_model][INFO] - proprio encoder: ProprioceptiveEmbedding(
  (patch_embed): Conv1d(4, 10, kernel_size=(1,), stride=(1,))
  (norm): LayerNorm((10,), eps=1e-05, elementwise_affine=True)
)
[2026-07-25 15:21:56,649][models.visual_world_model][INFO] - action encoder: ProprioceptiveEmbedding(
  (patch_embed): Conv1d(10, 10, kernel_size=(1,), stride=(1,))
  (norm): LayerNorm((10,), eps=1e-05, elementwise_affine=True)
)
[2026-07-25 15:21:56,649][models.visual_world_model][INFO] - proprio_dim: 10, after repeat: 10
[2026-07-25 15:21:56,649][models.visual_world_model][INFO] - action_dim: 10, after repeat: 10
[2026-07-25 15:21:56,649][models.visual_world_model][INFO] - emb_dim: 404
[2026-07-25 15:21:56,649][models.visual_world_model][INFO] - Straightening disabled
[2026-07-25 15:21:56,649][models.visual_world_model][INFO] - Speed constancy disabled
[2026-07-25 15:21:56,649][models.visual_world_model][INFO] - Trajectory penalty disabled
[2026-07-25 15:21:56,649][models.visual_world_model][INFO] - Stop-grad enabled: True
[2026-07-25 15:21:56,649][models.visual_world_model][INFO] - VCReg enabled: False, apply_to=enc, std_coeff=0.0, cov_coeff=0.0
[2026-07-25 15:21:56,649][models.visual_world_model][INFO] - Model emb_dim: 404
[timing] setup_model_s=3.350
eval_seed:  [2001, 2201, 2401, 2601, 2801, 3001, 3201, 3401, 3601, 3801]
Dumped plan targets to /opt/dlami/nvme/home/jupyter-deuk-c4e4/pusht-reproduction/cls_reproduction/plan/mpc_seed_200/chunk_10/plan_targets.pkl
[timing] setup_workspace_s=4.760

MPC iter 0 Eval ------- 
Success rate:  0.0
{'success': array([False, False, False, False, False, False, False, False, False,
       False]), 'state_dist': array([118.78914, 253.17438, 171.99936, 154.05406, 103.50794, 236.72572,
       154.62708,  72.63491, 129.04764, 155.23007], dtype=float32)}
self.is_success:  [False False False False False False False False False False]

MPC iter 1 Eval ------- 
Success rate:  0.0
{'success': array([False, False, False, False, False, False, False, False, False,
       False]), 'state_dist': array([118.65683 , 240.03224 , 149.93118 , 126.22764 , 114.908356,
       178.06456 , 140.14142 ,  79.62169 , 163.55756 , 103.72779 ],
      dtype=float32)}
self.is_success:  [False False False False False False False False False False]

MPC iter 2 Eval ------- 
Success rate:  0.0
{'success': array([False, False, False, False, False, False, False, False, False,
       False]), 'state_dist': array([ 98.0633  , 232.12515 , 170.25185 , 100.952705,  49.301598,
       173.61943 , 161.00777 ,  66.68487 , 217.92152 , 138.02954 ],
      dtype=float32)}
self.is_success:  [False False False False False False False False False False]

MPC iter 3 Eval ------- 
Success rate:  0.1
{'success': array([False, False, False, False,  True, False, False, False, False,
       False]), 'state_dist': array([342.29587 , 215.20743 , 156.52258 ,  57.027157,  20.927523,
       220.29893 , 178.06065 ,  63.86206 , 149.20496 , 181.20247 ],
      dtype=float32)}
self.is_success:  [False False False False  True False False False False False]

MPC iter 4 Eval ------- 
Success rate:  0.1
{'success': array([False, False, False, False,  True, False, False, False, False,
       False]), 'state_dist': array([ 89.82895 , 131.20616 , 394.95535 ,  97.31664 ,  20.927523,
        81.57189 ,  61.847702,  66.78016 , 291.7198  ,  75.94035 ],
      dtype=float32)}
self.is_success:  [False False False False  True False False False False False]

MPC iter 5 Eval ------- 
Success rate:  0.2
{'success': array([False, False, False, False,  True, False,  True, False, False,
       False]), 'state_dist': array([129.16565 , 130.85962 , 183.1872  ,  67.86575 ,  20.927523,
        64.44885 ,  26.806442, 128.82143 , 163.77121 ,  75.118614],
      dtype=float32)}
self.is_success:  [False False False False  True False  True False False False]

MPC iter 6 Eval ------- 
Success rate:  0.2
{'success': array([False, False, False, False,  True, False,  True, False, False,
       False]), 'state_dist': array([ 31.833025,  47.276955, 168.52553 ,  48.60167 ,  20.927523,
        33.327446,  26.806442,  74.9782  ,  86.952545,  72.26329 ],
      dtype=float32)}
self.is_success:  [False False False False  True False  True False False False]

MPC iter 7 Eval ------- 
Success rate:  0.4
{'success': array([ True,  True, False, False,  True, False,  True, False, False,
       False]), 'state_dist': array([ 27.511663,  40.534203, 168.24663 ,  78.78663 ,  20.927523,
        31.831373,  26.806442,  56.843056,  68.5861  ,  76.77231 ],
      dtype=float32)}
self.is_success:  [ True  True False False  True False  True False False False]

MPC iter 8 Eval ------- 
Success rate:  0.4
{'success': array([ True,  True, False, False,  True, False,  True, False, False,
       False]), 'state_dist': array([ 27.511663,  40.534203, 170.92227 ,  39.457466,  20.927523,
        36.66279 ,  26.806442, 197.20012 ,  69.34319 ,  78.27147 ],
      dtype=float32)}
self.is_success:  [ True  True False False  True False  True False False False]

MPC iter 9 Eval ------- 
Success rate:  0.4
{'success': array([ True,  True, False, False,  True, False,  True, False, False,
       False]), 'state_dist': array([ 27.511663,  40.534203, 176.99637 ,  51.485474,  20.927523,
        31.378471,  26.806442, 149.40323 ,  48.4651  ,  78.70105 ],
      dtype=float32)}
self.is_success:  [ True  True False False  True False  True False False False]

MPC iter 10 Eval ------- 
Success rate:  0.5
{'success': array([ True,  True, False, False,  True, False,  True, False,  True,
       False]), 'state_dist': array([ 27.511663,  40.534203, 190.62068 ,  36.69873 ,  20.927523,
        32.685856,  26.806442, 105.03687 ,  39.490856,  76.2279  ],
      dtype=float32)}
self.is_success:  [ True  True False False  True False  True False  True False]

MPC iter 11 Eval ------- 
Success rate:  0.5
{'success': array([ True,  True, False, False,  True, False,  True, False,  True,
       False]), 'state_dist': array([ 27.511663,  40.534203, 179.53621 ,  49.91776 ,  20.927523,
        33.983585,  26.806442, 114.41842 ,  39.490856,  79.0002  ],
      dtype=float32)}
self.is_success:  [ True  True False False  True False  True False  True False]

MPC iter 12 Eval ------- 
Success rate:  0.5
{'success': array([ True,  True, False, False,  True, False,  True, False,  True,
       False]), 'state_dist': array([ 27.511663,  40.534203, 174.99669 ,  50.27019 ,  20.927523,
        28.65421 ,  26.806442,  69.15013 ,  39.490856,  75.11779 ],
      dtype=float32)}
self.is_success:  [ True  True False False  True False  True False  True False]

MPC iter 13 Eval ------- 
Success rate:  0.5
{'success': array([ True,  True, False, False,  True, False,  True, False,  True,
       False]), 'state_dist': array([ 27.511663,  40.534203, 180.83502 ,  50.87097 ,  20.927523,
        29.921577,  26.806442,  82.91052 ,  39.490856,  74.10825 ],
      dtype=float32)}
self.is_success:  [ True  True False False  True False  True False  True False]

MPC iter 14 Eval ------- 
Success rate:  0.5
{'success': array([ True,  True, False, False,  True, False,  True, False,  True,
       False]), 'state_dist': array([ 27.511663,  40.534203, 186.53403 ,  33.86321 ,  20.927523,
        32.21846 ,  26.806442,  65.28641 ,  39.490856,  74.93524 ],
      dtype=float32)}
self.is_success:  [ True  True False False  True False  True False  True False]

MPC iter 15 Eval ------- 
Success rate:  0.5
{'success': array([ True,  True, False, False,  True, False,  True, False,  True,
       False]), 'state_dist': array([ 27.511663,  40.534203, 187.36324 ,  47.815014,  20.927523,
        35.56525 ,  26.806442, 195.86137 ,  39.490856,  70.45058 ],
      dtype=float32)}
self.is_success:  [ True  True False False  True False  True False  True False]

MPC iter 16 Eval ------- 
Success rate:  0.5
{'success': array([ True,  True, False, False,  True, False,  True, False,  True,
       False]), 'state_dist': array([ 27.511663,  40.534203, 188.14714 ,  44.053497,  20.927523,
        34.699055,  26.806442, 122.27159 ,  39.490856,  70.92249 ],
      dtype=float32)}
self.is_success:  [ True  True False False  True False  True False  True False]

MPC iter 17 Eval ------- 
Success rate:  0.5
{'success': array([ True,  True, False, False,  True, False,  True, False,  True,
       False]), 'state_dist': array([ 27.511663,  40.534203, 189.59337 ,  48.639683,  20.927523,
        32.941086,  26.806442, 114.87611 ,  39.490856,  74.621284],
      dtype=float32)}
self.is_success:  [ True  True False False  True False  True False  True False]

MPC iter 18 Eval ------- 
Success rate:  0.5
{'success': array([ True,  True, False, False,  True, False,  True, False,  True,
       False]), 'state_dist': array([ 27.511663,  40.534203, 190.9805  ,  42.908398,  20.927523,
        33.38623 ,  26.806442, 161.81514 ,  39.490856,  74.8697  ],
      dtype=float32)}
self.is_success:  [ True  True False False  True False  True False  True False]

MPC iter 19 Eval ------- 
Success rate:  0.5
{'success': array([ True,  True, False, False,  True, False,  True, False,  True,
       False]), 'state_dist': array([ 27.511663,  40.534203, 195.0342  ,  46.793564,  20.927523,
        32.05899 ,  26.806442, 156.91592 ,  39.490856,  71.62886 ],
      dtype=float32)}
self.is_success:  [ True  True False False  True False  True False  True False]
Success rate:  0.5
{'success': array([ True,  True, False, False,  True, False,  True, False,  True,
       False]), 'state_dist': array([ 27.511663,  40.534203, 195.0342  ,  46.793564,  20.927523,
        32.05899 ,  26.806442, 156.91592 ,  39.490856,  71.62886 ],
      dtype=float32)}
[timing] perform_planning_s=124.296
[timing] total_planning_main_s=132.406
===== cls mpc seed 200 chunk 20 (n_evals=10) =====
/home/jupyter-deuk-c4e4/.conda/envs/ts310/lib/python3.10/site-packages/wandb/sdk/internal/internal_api.py:30: UserWarning: pkg_resources is deprecated as an API. See https://setuptools.pypa.io/en/latest/pkg_resources.html. The pkg_resources package is slated for removal as early as 2025-11-30. Refrain from using this package or pin to Setuptools<81.
  from pkg_resources import parse_version
/home/jupyter-deuk-c4e4/.conda/envs/ts310/lib/python3.10/site-packages/pkg_resources/__init__.py:3148: DeprecationWarning: Deprecated call to `pkg_resources.declare_namespace('mpl_toolkits')`.
Implementing implicit namespace packages (as specified in PEP 420) is preferred to `pkg_resources.declare_namespace`. See https://setuptools.pypa.io/en/latest/references/keywords.html#keyword-namespace-packages
  declare_namespace(pkg)
/home/jupyter-deuk-c4e4/.conda/envs/ts310/lib/python3.10/site-packages/pkg_resources/__init__.py:3148: DeprecationWarning: Deprecated call to `pkg_resources.declare_namespace('google')`.
Implementing implicit namespace packages (as specified in PEP 420) is preferred to `pkg_resources.declare_namespace`. See https://setuptools.pypa.io/en/latest/references/keywords.html#keyword-namespace-packages
  declare_namespace(pkg)
/home/jupyter-deuk-c4e4/.conda/envs/ts310/lib/python3.10/site-packages/Cython/Distutils/old_build_ext.py:15: DeprecationWarning: dep_util is Deprecated. Use functions from setuptools instead.
  from distutils.dep_util import newer, newer_group
<frozen importlib._bootstrap>:283: DeprecationWarning: the load_module() method is deprecated and slated for removal in Python 3.12; use exec_module() instead
Warning: Mujoco-based envs failed to import. Set the environment variable D4RL_SUPPRESS_IMPORT_ERROR=1 to suppress this message.
No module named 'mjrl'
Warning: Flow failed to import. Set the environment variable D4RL_SUPPRESS_IMPORT_ERROR=1 to suppress this message.
No module named 'flow'
Warning: CARLA failed to import. Set the environment variable D4RL_SUPPRESS_IMPORT_ERROR=1 to suppress this message.
No module named 'carla'
pybullet build time: Jan 29 2025 23:16:28
/home/jupyter-deuk-c4e4/.conda/envs/ts310/lib/python3.10/site-packages/gym/envs/registration.py:595: UserWarning: [33mWARN: Overriding environment maze2d-open-v0[0m
  logger.warn(f"Overriding environment {id}")
/home/jupyter-deuk-c4e4/.conda/envs/ts310/lib/python3.10/site-packages/gym/envs/registration.py:595: UserWarning: [33mWARN: Overriding environment maze2d-umaze-v0[0m
  logger.warn(f"Overriding environment {id}")
/home/jupyter-deuk-c4e4/.conda/envs/ts310/lib/python3.10/site-packages/gym/envs/registration.py:595: UserWarning: [33mWARN: Overriding environment maze2d-medium-v0[0m
  logger.warn(f"Overriding environment {id}")
/home/jupyter-deuk-c4e4/.conda/envs/ts310/lib/python3.10/site-packages/gym/envs/registration.py:595: UserWarning: [33mWARN: Overriding environment maze2d-large-v0[0m
  logger.warn(f"Overriding environment {id}")
/home/jupyter-deuk-c4e4/.conda/envs/ts310/lib/python3.10/site-packages/gym/envs/registration.py:595: UserWarning: [33mWARN: Overriding environment maze2d-umaze-v1[0m
  logger.warn(f"Overriding environment {id}")
/home/jupyter-deuk-c4e4/.conda/envs/ts310/lib/python3.10/site-packages/gym/envs/registration.py:595: UserWarning: [33mWARN: Overriding environment maze2d-medium-v1[0m
  logger.warn(f"Overriding environment {id}")
/home/jupyter-deuk-c4e4/.conda/envs/ts310/lib/python3.10/site-packages/gym/envs/registration.py:595: UserWarning: [33mWARN: Overriding environment maze2d-large-v1[0m
  logger.warn(f"Overriding environment {id}")
/home/jupyter-deuk-c4e4/.conda/envs/ts310/lib/python3.10/site-packages/gym/envs/registration.py:595: UserWarning: [33mWARN: Overriding environment maze2d-eval-umaze-v1[0m
  logger.warn(f"Overriding environment {id}")
/home/jupyter-deuk-c4e4/.conda/envs/ts310/lib/python3.10/site-packages/gym/envs/registration.py:595: UserWarning: [33mWARN: Overriding environment maze2d-eval-medium-v1[0m
  logger.warn(f"Overriding environment {id}")
/home/jupyter-deuk-c4e4/.conda/envs/ts310/lib/python3.10/site-packages/gym/envs/registration.py:595: UserWarning: [33mWARN: Overriding environment maze2d-eval-large-v1[0m
  logger.warn(f"Overriding environment {id}")
/home/jupyter-deuk-c4e4/.conda/envs/ts310/lib/python3.10/site-packages/gym/envs/registration.py:595: UserWarning: [33mWARN: Overriding environment maze2d-open-dense-v0[0m
  logger.warn(f"Overriding environment {id}")
/home/jupyter-deuk-c4e4/.conda/envs/ts310/lib/python3.10/site-packages/gym/envs/registration.py:595: UserWarning: [33mWARN: Overriding environment maze2d-umaze-dense-v0[0m
  logger.warn(f"Overriding environment {id}")
/home/jupyter-deuk-c4e4/.conda/envs/ts310/lib/python3.10/site-packages/gym/envs/registration.py:595: UserWarning: [33mWARN: Overriding environment maze2d-medium-dense-v0[0m
  logger.warn(f"Overriding environment {id}")
/home/jupyter-deuk-c4e4/.conda/envs/ts310/lib/python3.10/site-packages/gym/envs/registration.py:595: UserWarning: [33mWARN: Overriding environment maze2d-large-dense-v0[0m
  logger.warn(f"Overriding environment {id}")
/home/jupyter-deuk-c4e4/.conda/envs/ts310/lib/python3.10/site-packages/gym/envs/registration.py:595: UserWarning: [33mWARN: Overriding environment maze2d-umaze-dense-v1[0m
  logger.warn(f"Overriding environment {id}")
/home/jupyter-deuk-c4e4/.conda/envs/ts310/lib/python3.10/site-packages/gym/envs/registration.py:595: UserWarning: [33mWARN: Overriding environment maze2d-medium-dense-v1[0m
  logger.warn(f"Overriding environment {id}")
/home/jupyter-deuk-c4e4/.conda/envs/ts310/lib/python3.10/site-packages/gym/envs/registration.py:595: UserWarning: [33mWARN: Overriding environment maze2d-large-dense-v1[0m
  logger.warn(f"Overriding environment {id}")
/home/jupyter-deuk-c4e4/.conda/envs/ts310/lib/python3.10/site-packages/gym/envs/registration.py:595: UserWarning: [33mWARN: Overriding environment maze2d-eval-umaze-dense-v1[0m
  logger.warn(f"Overriding environment {id}")
/home/jupyter-deuk-c4e4/.conda/envs/ts310/lib/python3.10/site-packages/gym/envs/registration.py:595: UserWarning: [33mWARN: Overriding environment maze2d-eval-medium-dense-v1[0m
  logger.warn(f"Overriding environment {id}")
/home/jupyter-deuk-c4e4/.conda/envs/ts310/lib/python3.10/site-packages/gym/envs/registration.py:595: UserWarning: [33mWARN: Overriding environment maze2d-eval-large-dense-v1[0m
  logger.warn(f"Overriding environment {id}")
/opt/dlami/nvme/home/jupyter-deuk-c4e4/temporal-straightening/custom_resolvers.py:4: UserWarning: 
The version_base parameter is not specified.
Please specify a compatability version level, or None.
Will assume defaults for version 1.1
  @hydra.main(config_path=None)
[2026-07-25 15:24:10,892][__main__][INFO] - Planning result saved dir: /opt/dlami/nvme/home/jupyter-deuk-c4e4/pusht-reproduction/cls_reproduction/plan/mpc_seed_200/chunk_20
/home/jupyter-deuk-c4e4/.conda/envs/ts310/lib/python3.10/site-packages/wandb/sdk/internal/internal_api.py:30: UserWarning: pkg_resources is deprecated as an API. See https://setuptools.pypa.io/en/latest/pkg_resources.html. The pkg_resources package is slated for removal as early as 2025-11-30. Refrain from using this package or pin to Setuptools<81.
  from pkg_resources import parse_version
Using cache found in /home/jupyter-deuk-c4e4/.cache/torch/hub/facebookresearch_dinov2_81b2b6419385
Loaded 18685 rollouts
Loaded 21 rollouts
[2026-07-25 15:24:13,382][dinov2][INFO] - using MLP layer as FFN
[2026-07-25 15:24:13,877][models.dino][WARNING] - Unknown projector 'none' for patch tokens; proceeding without projector.
Resuming from epoch 2: /home/jupyter-deuk-c4e4/pusht-reproduction/cls_reproduction/test/pusht_False_agg32_projnone_dim384_hw14_sgTrue_lr1e-06/checkpoints/model_2.pth
[2026-07-25 15:24:14,268][models.visual_world_model][INFO] - num_action_repeat: 1
[2026-07-25 15:24:14,268][models.visual_world_model][INFO] - num_proprio_repeat: 1
[2026-07-25 15:24:14,268][models.visual_world_model][INFO] - proprio encoder: ProprioceptiveEmbedding(
  (patch_embed): Conv1d(4, 10, kernel_size=(1,), stride=(1,))
  (norm): LayerNorm((10,), eps=1e-05, elementwise_affine=True)
)
[2026-07-25 15:24:14,268][models.visual_world_model][INFO] - action encoder: ProprioceptiveEmbedding(
  (patch_embed): Conv1d(10, 10, kernel_size=(1,), stride=(1,))
  (norm): LayerNorm((10,), eps=1e-05, elementwise_affine=True)
)
[2026-07-25 15:24:14,268][models.visual_world_model][INFO] - proprio_dim: 10, after repeat: 10
[2026-07-25 15:24:14,268][models.visual_world_model][INFO] - action_dim: 10, after repeat: 10
[2026-07-25 15:24:14,268][models.visual_world_model][INFO] - emb_dim: 404
[2026-07-25 15:24:14,268][models.visual_world_model][INFO] - Straightening disabled
[2026-07-25 15:24:14,268][models.visual_world_model][INFO] - Speed constancy disabled
[2026-07-25 15:24:14,268][models.visual_world_model][INFO] - Trajectory penalty disabled
[2026-07-25 15:24:14,268][models.visual_world_model][INFO] - Stop-grad enabled: True
[2026-07-25 15:24:14,268][models.visual_world_model][INFO] - VCReg enabled: False, apply_to=enc, std_coeff=0.0, cov_coeff=0.0
[2026-07-25 15:24:14,268][models.visual_world_model][INFO] - Model emb_dim: 404
[timing] setup_model_s=3.378
eval_seed:  [4001, 4201, 4401, 4601, 4801, 5001, 5201, 5401, 5601, 5801]
Dumped plan targets to /opt/dlami/nvme/home/jupyter-deuk-c4e4/pusht-reproduction/cls_reproduction/plan/mpc_seed_200/chunk_20/plan_targets.pkl
[timing] setup_workspace_s=5.636

MPC iter 0 Eval ------- 
Success rate:  0.0
{'success': array([False, False, False, False, False, False, False, False, False,
       False]), 'state_dist': array([ 90.350525, 115.74102 ,  99.16617 , 244.52797 , 198.91881 ,
       126.17361 , 139.26915 , 106.04035 , 295.89777 , 187.84741 ],
      dtype=float32)}
self.is_success:  [False False False False False False False False False False]

MPC iter 1 Eval ------- 
Success rate:  0.0
{'success': array([False, False, False, False, False, False, False, False, False,
       False]), 'state_dist': array([ 67.06249 , 102.408295,  91.52806 , 198.9212  , 153.15796 ,
        96.779724, 207.17908 , 120.77345 , 294.3017  , 118.35514 ],
      dtype=float32)}
self.is_success:  [False False False False False False False False False False]

MPC iter 2 Eval ------- 
Success rate:  0.0
{'success': array([False, False, False, False, False, False, False, False, False,
       False]), 'state_dist': array([ 67.56992, 112.01236,  83.328  , 219.34273, 144.9131 , 105.43117,
       185.2758 , 136.23727, 151.92122, 289.8086 ], dtype=float32)}
self.is_success:  [False False False False False False False False False False]

MPC iter 3 Eval ------- 
Success rate:  0.0
{'success': array([False, False, False, False, False, False, False, False, False,
       False]), 'state_dist': array([ 58.750042, 168.61206 ,  65.86459 , 138.54121 , 148.27197 ,
       169.33208 , 241.30621 , 172.69858 , 150.59914 , 272.41156 ],
      dtype=float32)}
self.is_success:  [False False False False False False False False False False]

MPC iter 4 Eval ------- 
Success rate:  0.3
{'success': array([False, False,  True,  True, False,  True, False, False, False,
       False]), 'state_dist': array([ 53.22438, 168.19322,  95.21253, 119.62051, 202.91574, 101.76366,
       238.66675, 178.09125, 316.91647, 160.96384], dtype=float32)}
self.is_success:  [False False  True  True False  True False False False False]

MPC iter 5 Eval ------- 
Success rate:  0.3
{'success': array([False, False,  True,  True, False,  True, False, False, False,
       False]), 'state_dist': array([ 47.702965, 111.70931 ,  95.21253 , 119.62051 , 133.73695 ,
       101.76366 ,  62.817043, 101.35692 ,  70.33592 ,  81.02404 ],
      dtype=float32)}
self.is_success:  [False False  True  True False  True False False False False]

MPC iter 6 Eval ------- 
Success rate:  0.5
{'success': array([ True, False,  True,  True, False,  True,  True, False, False,
       False]), 'state_dist': array([ 12.010147,  23.720722,  95.21253 , 119.62051 , 123.670616,
       101.76366 ,  41.579666,  71.697365, 148.98329 ,  64.99506 ],
      dtype=float32)}
self.is_success:  [ True False  True  True False  True  True False False False]

MPC iter 7 Eval ------- 
Success rate:  0.5
{'success': array([ True, False,  True,  True, False,  True,  True, False, False,
       False]), 'state_dist': array([ 12.010147,  35.748592,  95.21253 , 119.62051 , 126.391495,
       101.76366 ,  41.579666,  53.918865, 134.89954 ,  65.18109 ],
      dtype=float32)}
self.is_success:  [ True False  True  True False  True  True False False False]

MPC iter 8 Eval ------- 
Success rate:  0.5
{'success': array([ True, False,  True,  True, False,  True,  True, False, False,
       False]), 'state_dist': array([ 12.010147,  32.119995,  95.21253 , 119.62051 , 127.311264,
       101.76366 ,  41.579666,  59.12794 , 118.924484,  73.95102 ],
      dtype=float32)}
self.is_success:  [ True False  True  True False  True  True False False False]

MPC iter 9 Eval ------- 
Success rate:  0.5
{'success': array([ True, False,  True,  True, False,  True,  True, False, False,
       False]), 'state_dist': array([ 12.010147,  46.323067,  95.21253 , 119.62051 , 123.64363 ,
       101.76366 ,  41.579666,  68.9055  ,  80.906136,  86.28506 ],
      dtype=float32)}
self.is_success:  [ True False  True  True False  True  True False False False]

MPC iter 10 Eval ------- 
Success rate:  0.5
{'success': array([ True, False,  True,  True, False,  True,  True, False, False,
       False]), 'state_dist': array([ 12.010147,  55.189213,  95.21253 , 119.62051 , 123.8301  ,
       101.76366 ,  41.579666,  54.7931  ,  83.36649 ,  69.61545 ],
      dtype=float32)}
self.is_success:  [ True False  True  True False  True  True False False False]

MPC iter 11 Eval ------- 
Success rate:  0.5
{'success': array([ True, False,  True,  True, False,  True,  True, False, False,
       False]), 'state_dist': array([ 12.010147,  52.01078 ,  95.21253 , 119.62051 , 123.65067 ,
       101.76366 ,  41.579666,  52.395023,  83.0449  ,  66.48629 ],
      dtype=float32)}
self.is_success:  [ True False  True  True False  True  True False False False]

MPC iter 12 Eval ------- 
Success rate:  0.5
{'success': array([ True, False,  True,  True, False,  True,  True, False, False,
       False]), 'state_dist': array([ 12.010147,  40.42241 ,  95.21253 , 119.62051 , 123.42714 ,
       101.76366 ,  41.579666,  54.91989 ,  69.17761 ,  76.24178 ],
      dtype=float32)}
self.is_success:  [ True False  True  True False  True  True False False False]

MPC iter 13 Eval ------- 
Success rate:  0.5
{'success': array([ True, False,  True,  True, False,  True,  True, False, False,
       False]), 'state_dist': array([ 12.010147,  48.53328 ,  95.21253 , 119.62051 , 125.09167 ,
       101.76366 ,  41.579666,  59.19164 ,  91.094086,  80.858986],
      dtype=float32)}
self.is_success:  [ True False  True  True False  True  True False False False]

MPC iter 14 Eval ------- 
Success rate:  0.5
{'success': array([ True, False,  True,  True, False,  True,  True, False, False,
       False]), 'state_dist': array([ 12.010147,  49.236187,  95.21253 , 119.62051 , 130.28418 ,
       101.76366 ,  41.579666,  67.0834  ,  73.27871 ,  75.36349 ],
      dtype=float32)}
self.is_success:  [ True False  True  True False  True  True False False False]

MPC iter 15 Eval ------- 
Success rate:  0.5
{'success': array([ True, False,  True,  True, False,  True,  True, False, False,
       False]), 'state_dist': array([ 12.010147,  39.638733,  95.21253 , 119.62051 , 130.39407 ,
       101.76366 ,  41.579666,  60.086147,  62.265324,  62.54653 ],
      dtype=float32)}
self.is_success:  [ True False  True  True False  True  True False False False]

MPC iter 16 Eval ------- 
Success rate:  0.5
{'success': array([ True, False,  True,  True, False,  True,  True, False, False,
       False]), 'state_dist': array([ 12.010147,  43.086506,  95.21253 , 119.62051 , 127.856026,
       101.76366 ,  41.579666,  55.61343 ,  58.306934,  76.05889 ],
      dtype=float32)}
self.is_success:  [ True False  True  True False  True  True False False False]

MPC iter 17 Eval ------- 
Success rate:  0.5
{'success': array([ True, False,  True,  True, False,  True,  True, False, False,
       False]), 'state_dist': array([ 12.010147,  39.961185,  95.21253 , 119.62051 , 124.427635,
       101.76366 ,  41.579666,  54.886093,  68.65419 ,  76.463684],
      dtype=float32)}
self.is_success:  [ True False  True  True False  True  True False False False]

MPC iter 18 Eval ------- 
Success rate:  0.5
{'success': array([ True, False,  True,  True, False,  True,  True, False, False,
       False]), 'state_dist': array([ 12.010147,  48.99251 ,  95.21253 , 119.62051 , 123.53703 ,
       101.76366 ,  41.579666,  63.28044 ,  60.395473,  65.85012 ],
      dtype=float32)}
self.is_success:  [ True False  True  True False  True  True False False False]

MPC iter 19 Eval ------- 
Success rate:  0.5
{'success': array([ True, False,  True,  True, False,  True,  True, False, False,
       False]), 'state_dist': array([ 12.010147,  42.29522 ,  95.21253 , 119.62051 , 122.629265,
       101.76366 ,  41.579666,  63.58736 ,  63.934586,  66.707664],
      dtype=float32)}
self.is_success:  [ True False  True  True False  True  True False False False]
Success rate:  0.5
{'success': array([ True, False,  True,  True, False,  True,  True, False, False,
       False]), 'state_dist': array([ 12.010147,  42.29522 ,  95.21253 , 119.62051 , 122.629265,
       101.76366 ,  41.579666,  63.58736 ,  63.934586,  66.707664],
      dtype=float32)}
[timing] perform_planning_s=123.066
[timing] total_planning_main_s=132.080
===== cls mpc seed 200 chunk 30 (n_evals=10) =====
/home/jupyter-deuk-c4e4/.conda/envs/ts310/lib/python3.10/site-packages/wandb/sdk/internal/internal_api.py:30: UserWarning: pkg_resources is deprecated as an API. See https://setuptools.pypa.io/en/latest/pkg_resources.html. The pkg_resources package is slated for removal as early as 2025-11-30. Refrain from using this package or pin to Setuptools<81.
  from pkg_resources import parse_version
/home/jupyter-deuk-c4e4/.conda/envs/ts310/lib/python3.10/site-packages/pkg_resources/__init__.py:3148: DeprecationWarning: Deprecated call to `pkg_resources.declare_namespace('mpl_toolkits')`.
Implementing implicit namespace packages (as specified in PEP 420) is preferred to `pkg_resources.declare_namespace`. See https://setuptools.pypa.io/en/latest/references/keywords.html#keyword-namespace-packages
  declare_namespace(pkg)
/home/jupyter-deuk-c4e4/.conda/envs/ts310/lib/python3.10/site-packages/pkg_resources/__init__.py:3148: DeprecationWarning: Deprecated call to `pkg_resources.declare_namespace('google')`.
Implementing implicit namespace packages (as specified in PEP 420) is preferred to `pkg_resources.declare_namespace`. See https://setuptools.pypa.io/en/latest/references/keywords.html#keyword-namespace-packages
  declare_namespace(pkg)
/home/jupyter-deuk-c4e4/.conda/envs/ts310/lib/python3.10/site-packages/Cython/Distutils/old_build_ext.py:15: DeprecationWarning: dep_util is Deprecated. Use functions from setuptools instead.
  from distutils.dep_util import newer, newer_group
<frozen importlib._bootstrap>:283: DeprecationWarning: the load_module() method is deprecated and slated for removal in Python 3.12; use exec_module() instead
Warning: Mujoco-based envs failed to import. Set the environment variable D4RL_SUPPRESS_IMPORT_ERROR=1 to suppress this message.
No module named 'mjrl'
Warning: Flow failed to import. Set the environment variable D4RL_SUPPRESS_IMPORT_ERROR=1 to suppress this message.
No module named 'flow'
Warning: CARLA failed to import. Set the environment variable D4RL_SUPPRESS_IMPORT_ERROR=1 to suppress this message.
No module named 'carla'
pybullet build time: Jan 29 2025 23:16:28
/home/jupyter-deuk-c4e4/.conda/envs/ts310/lib/python3.10/site-packages/gym/envs/registration.py:595: UserWarning: [33mWARN: Overriding environment maze2d-open-v0[0m
  logger.warn(f"Overriding environment {id}")
/home/jupyter-deuk-c4e4/.conda/envs/ts310/lib/python3.10/site-packages/gym/envs/registration.py:595: UserWarning: [33mWARN: Overriding environment maze2d-umaze-v0[0m
  logger.warn(f"Overriding environment {id}")
/home/jupyter-deuk-c4e4/.conda/envs/ts310/lib/python3.10/site-packages/gym/envs/registration.py:595: UserWarning: [33mWARN: Overriding environment maze2d-medium-v0[0m
  logger.warn(f"Overriding environment {id}")
/home/jupyter-deuk-c4e4/.conda/envs/ts310/lib/python3.10/site-packages/gym/envs/registration.py:595: UserWarning: [33mWARN: Overriding environment maze2d-large-v0[0m
  logger.warn(f"Overriding environment {id}")
/home/jupyter-deuk-c4e4/.conda/envs/ts310/lib/python3.10/site-packages/gym/envs/registration.py:595: UserWarning: [33mWARN: Overriding environment maze2d-umaze-v1[0m
  logger.warn(f"Overriding environment {id}")
/home/jupyter-deuk-c4e4/.conda/envs/ts310/lib/python3.10/site-packages/gym/envs/registration.py:595: UserWarning: [33mWARN: Overriding environment maze2d-medium-v1[0m
  logger.warn(f"Overriding environment {id}")
/home/jupyter-deuk-c4e4/.conda/envs/ts310/lib/python3.10/site-packages/gym/envs/registration.py:595: UserWarning: [33mWARN: Overriding environment maze2d-large-v1[0m
  logger.warn(f"Overriding environment {id}")
/home/jupyter-deuk-c4e4/.conda/envs/ts310/lib/python3.10/site-packages/gym/envs/registration.py:595: UserWarning: [33mWARN: Overriding environment maze2d-eval-umaze-v1[0m
  logger.warn(f"Overriding environment {id}")
/home/jupyter-deuk-c4e4/.conda/envs/ts310/lib/python3.10/site-packages/gym/envs/registration.py:595: UserWarning: [33mWARN: Overriding environment maze2d-eval-medium-v1[0m
  logger.warn(f"Overriding environment {id}")
/home/jupyter-deuk-c4e4/.conda/envs/ts310/lib/python3.10/site-packages/gym/envs/registration.py:595: UserWarning: [33mWARN: Overriding environment maze2d-eval-large-v1[0m
  logger.warn(f"Overriding environment {id}")
/home/jupyter-deuk-c4e4/.conda/envs/ts310/lib/python3.10/site-packages/gym/envs/registration.py:595: UserWarning: [33mWARN: Overriding environment maze2d-open-dense-v0[0m
  logger.warn(f"Overriding environment {id}")
/home/jupyter-deuk-c4e4/.conda/envs/ts310/lib/python3.10/site-packages/gym/envs/registration.py:595: UserWarning: [33mWARN: Overriding environment maze2d-umaze-dense-v0[0m
  logger.warn(f"Overriding environment {id}")
/home/jupyter-deuk-c4e4/.conda/envs/ts310/lib/python3.10/site-packages/gym/envs/registration.py:595: UserWarning: [33mWARN: Overriding environment maze2d-medium-dense-v0[0m
  logger.warn(f"Overriding environment {id}")
/home/jupyter-deuk-c4e4/.conda/envs/ts310/lib/python3.10/site-packages/gym/envs/registration.py:595: UserWarning: [33mWARN: Overriding environment maze2d-large-dense-v0[0m
  logger.warn(f"Overriding environment {id}")
/home/jupyter-deuk-c4e4/.conda/envs/ts310/lib/python3.10/site-packages/gym/envs/registration.py:595: UserWarning: [33mWARN: Overriding environment maze2d-umaze-dense-v1[0m
  logger.warn(f"Overriding environment {id}")
/home/jupyter-deuk-c4e4/.conda/envs/ts310/lib/python3.10/site-packages/gym/envs/registration.py:595: UserWarning: [33mWARN: Overriding environment maze2d-medium-dense-v1[0m
  logger.warn(f"Overriding environment {id}")
/home/jupyter-deuk-c4e4/.conda/envs/ts310/lib/python3.10/site-packages/gym/envs/registration.py:595: UserWarning: [33mWARN: Overriding environment maze2d-large-dense-v1[0m
  logger.warn(f"Overriding environment {id}")
/home/jupyter-deuk-c4e4/.conda/envs/ts310/lib/python3.10/site-packages/gym/envs/registration.py:595: UserWarning: [33mWARN: Overriding environment maze2d-eval-umaze-dense-v1[0m
  logger.warn(f"Overriding environment {id}")
/home/jupyter-deuk-c4e4/.conda/envs/ts310/lib/python3.10/site-packages/gym/envs/registration.py:595: UserWarning: [33mWARN: Overriding environment maze2d-eval-medium-dense-v1[0m
  logger.warn(f"Overriding environment {id}")
/home/jupyter-deuk-c4e4/.conda/envs/ts310/lib/python3.10/site-packages/gym/envs/registration.py:595: UserWarning: [33mWARN: Overriding environment maze2d-eval-large-dense-v1[0m
  logger.warn(f"Overriding environment {id}")
/opt/dlami/nvme/home/jupyter-deuk-c4e4/temporal-straightening/custom_resolvers.py:4: UserWarning: 
The version_base parameter is not specified.
Please specify a compatability version level, or None.
Will assume defaults for version 1.1
  @hydra.main(config_path=None)
[2026-07-25 15:26:28,216][__main__][INFO] - Planning result saved dir: /opt/dlami/nvme/home/jupyter-deuk-c4e4/pusht-reproduction/cls_reproduction/plan/mpc_seed_200/chunk_30
/home/jupyter-deuk-c4e4/.conda/envs/ts310/lib/python3.10/site-packages/wandb/sdk/internal/internal_api.py:30: UserWarning: pkg_resources is deprecated as an API. See https://setuptools.pypa.io/en/latest/pkg_resources.html. The pkg_resources package is slated for removal as early as 2025-11-30. Refrain from using this package or pin to Setuptools<81.
  from pkg_resources import parse_version
Using cache found in /home/jupyter-deuk-c4e4/.cache/torch/hub/facebookresearch_dinov2_81b2b6419385
Loaded 18685 rollouts
Loaded 21 rollouts
[2026-07-25 15:26:30,709][dinov2][INFO] - using MLP layer as FFN
[2026-07-25 15:26:31,110][models.dino][WARNING] - Unknown projector 'none' for patch tokens; proceeding without projector.
Resuming from epoch 2: /home/jupyter-deuk-c4e4/pusht-reproduction/cls_reproduction/test/pusht_False_agg32_projnone_dim384_hw14_sgTrue_lr1e-06/checkpoints/model_2.pth
[2026-07-25 15:26:31,501][models.visual_world_model][INFO] - num_action_repeat: 1
[2026-07-25 15:26:31,501][models.visual_world_model][INFO] - num_proprio_repeat: 1
[2026-07-25 15:26:31,501][models.visual_world_model][INFO] - proprio encoder: ProprioceptiveEmbedding(
  (patch_embed): Conv1d(4, 10, kernel_size=(1,), stride=(1,))
  (norm): LayerNorm((10,), eps=1e-05, elementwise_affine=True)
)
[2026-07-25 15:26:31,501][models.visual_world_model][INFO] - action encoder: ProprioceptiveEmbedding(
  (patch_embed): Conv1d(10, 10, kernel_size=(1,), stride=(1,))
  (norm): LayerNorm((10,), eps=1e-05, elementwise_affine=True)
)
[2026-07-25 15:26:31,501][models.visual_world_model][INFO] - proprio_dim: 10, after repeat: 10
[2026-07-25 15:26:31,501][models.visual_world_model][INFO] - action_dim: 10, after repeat: 10
[2026-07-25 15:26:31,502][models.visual_world_model][INFO] - emb_dim: 404
[2026-07-25 15:26:31,502][models.visual_world_model][INFO] - Straightening disabled
[2026-07-25 15:26:31,502][models.visual_world_model][INFO] - Speed constancy disabled
[2026-07-25 15:26:31,502][models.visual_world_model][INFO] - Trajectory penalty disabled
[2026-07-25 15:26:31,502][models.visual_world_model][INFO] - Stop-grad enabled: True
[2026-07-25 15:26:31,502][models.visual_world_model][INFO] - VCReg enabled: False, apply_to=enc, std_coeff=0.0, cov_coeff=0.0
[2026-07-25 15:26:31,502][models.visual_world_model][INFO] - Model emb_dim: 404
[timing] setup_model_s=3.288
eval_seed:  [6001, 6201, 6401, 6601, 6801, 7001, 7201, 7401, 7601, 7801]
Dumped plan targets to /opt/dlami/nvme/home/jupyter-deuk-c4e4/pusht-reproduction/cls_reproduction/plan/mpc_seed_200/chunk_30/plan_targets.pkl
[timing] setup_workspace_s=5.941

MPC iter 0 Eval ------- 
Success rate:  0.0
{'success': array([False, False, False, False, False, False, False, False, False,
       False]), 'state_dist': array([131.26332 , 162.99007 , 171.05714 , 124.191605,  98.7432  ,
       174.16196 , 221.92938 , 187.269   ,  84.36743 ,  89.23702 ],
      dtype=float32)}
self.is_success:  [False False False False False False False False False False]

MPC iter 1 Eval ------- 
Success rate:  0.0
{'success': array([False, False, False, False, False, False, False, False, False,
       False]), 'state_dist': array([138.35757 , 169.69568 , 163.58456 ,  99.36529 ,  99.85039 ,
       251.80281 , 172.71436 , 138.45627 , 112.84051 ,  83.139984],
      dtype=float32)}
self.is_success:  [False False False False False False False False False False]

MPC iter 2 Eval ------- 
Success rate:  0.0
{'success': array([False, False, False, False, False, False, False, False, False,
       False]), 'state_dist': array([188.35362 , 167.59154 , 126.47611 ,  62.02277 ,  88.79053 ,
       298.4297  , 152.49023 , 137.23422 , 109.75564 ,  92.980286],
      dtype=float32)}
self.is_success:  [False False False False False False False False False False]

MPC iter 3 Eval ------- 
Success rate:  0.0
{'success': array([False, False, False, False, False, False, False, False, False,
       False]), 'state_dist': array([183.72679 , 132.28465 , 177.23242 ,  56.560112,  90.49645 ,
       314.76807 , 281.46857 , 116.59656 , 136.18285 ,  84.168724],
      dtype=float32)}
self.is_success:  [False False False False False False False False False False]

MPC iter 4 Eval ------- 
Success rate:  0.0
{'success': array([False, False, False, False, False, False, False, False, False,
       False]), 'state_dist': array([ 80.4756  ,  58.80316 , 143.92877 ,  58.71167 ,  58.748917,
       154.96756 , 261.73386 ,  93.02711 , 106.189125, 233.80406 ],
      dtype=float32)}
self.is_success:  [False False False False False False False False False False]

MPC iter 5 Eval ------- 
Success rate:  0.0
{'success': array([False, False, False, False, False, False, False, False, False,
       False]), 'state_dist': array([ 52.18909 ,  78.92199 ,  67.96752 ,  35.66231 ,  64.665306,
       181.17122 ,  89.35642 ,  45.586754, 102.33683 , 125.41092 ],
      dtype=float32)}
self.is_success:  [False False False False False False False False False False]

MPC iter 6 Eval ------- 
Success rate:  0.1
{'success': array([False, False, False,  True, False, False, False, False, False,
       False]), 'state_dist': array([ 41.136116,  91.663475,  47.87171 ,  21.14324 ,  84.12992 ,
        74.42739 , 121.9059  ,  39.585846,  39.73441 ,  44.691895],
      dtype=float32)}
self.is_success:  [False False False  True False False False False False False]

MPC iter 7 Eval ------- 
Success rate:  0.3
{'success': array([False, False, False,  True, False, False, False,  True,  True,
       False]), 'state_dist': array([ 53.437862,  47.923183,  42.221104,  21.14324 ,  70.618454,
        39.602066, 101.49358 ,  14.092727,  48.192867,  42.505047],
      dtype=float32)}
self.is_success:  [False False False  True False False False  True  True False]

MPC iter 8 Eval ------- 
Success rate:  0.3
{'success': array([False, False, False,  True, False, False, False,  True,  True,
       False]), 'state_dist': array([ 58.561577,  33.032673,  49.67169 ,  21.14324 ,  74.80686 ,
        45.87383 , 157.26414 ,  14.092727,  48.192867,  44.914444],
      dtype=float32)}
self.is_success:  [False False False  True False False False  True  True False]

MPC iter 9 Eval ------- 
Success rate:  0.4
{'success': array([False, False, False,  True,  True, False, False,  True,  True,
       False]), 'state_dist': array([ 63.479088,  65.7912  ,  44.130657,  21.14324 ,  27.040546,
        92.808754, 238.5496  ,  14.092727,  48.192867,  45.605038],
      dtype=float32)}
self.is_success:  [False False False  True  True False False  True  True False]

MPC iter 10 Eval ------- 
Success rate:  0.5
{'success': array([ True, False, False,  True,  True, False, False,  True,  True,
       False]), 'state_dist': array([ 50.179043,  39.91375 ,  45.544205,  21.14324 ,  27.040546,
        36.07126 , 226.84314 ,  14.092727,  48.192867,  44.940277],
      dtype=float32)}
self.is_success:  [ True False False  True  True False False  True  True False]

MPC iter 11 Eval ------- 
Success rate:  0.5
{'success': array([ True, False, False,  True,  True, False, False,  True,  True,
       False]), 'state_dist': array([ 50.179043,  47.297142,  49.6389  ,  21.14324 ,  27.040546,
        82.269035, 143.91919 ,  14.092727,  48.192867,  45.864418],
      dtype=float32)}
self.is_success:  [ True False False  True  True False False  True  True False]

MPC iter 12 Eval ------- 
Success rate:  0.5
{'success': array([ True, False, False,  True,  True, False, False,  True,  True,
       False]), 'state_dist': array([ 50.179043,  41.35883 ,  48.32603 ,  21.14324 ,  27.040546,
        60.262917, 227.9918  ,  14.092727,  48.192867,  45.71084 ],
      dtype=float32)}
self.is_success:  [ True False False  True  True False False  True  True False]

MPC iter 13 Eval ------- 
Success rate:  0.5
{'success': array([ True, False, False,  True,  True, False, False,  True,  True,
       False]), 'state_dist': array([ 50.179043,  49.30996 ,  46.58207 ,  21.14324 ,  27.040546,
        46.714783, 104.2062  ,  14.092727,  48.192867,  45.766003],
      dtype=float32)}
self.is_success:  [ True False False  True  True False False  True  True False]

MPC iter 14 Eval ------- 
Success rate:  0.5
{'success': array([ True, False, False,  True,  True, False, False,  True,  True,
       False]), 'state_dist': array([ 50.179043,  42.92954 ,  48.324078,  21.14324 ,  27.040546,
        68.863396, 101.151276,  14.092727,  48.192867,  45.786705],
      dtype=float32)}
self.is_success:  [ True False False  True  True False False  True  True False]

MPC iter 15 Eval ------- 
Success rate:  0.5
{'success': array([ True, False, False,  True,  True, False, False,  True,  True,
       False]), 'state_dist': array([ 50.179043,  54.81561 ,  51.79882 ,  21.14324 ,  27.040546,
        64.4906  , 119.17112 ,  14.092727,  48.192867,  46.025093],
      dtype=float32)}
self.is_success:  [ True False False  True  True False False  True  True False]

MPC iter 16 Eval ------- 
Success rate:  0.5
{'success': array([ True, False, False,  True,  True, False, False,  True,  True,
       False]), 'state_dist': array([ 50.179043,  62.473408,  42.745884,  21.14324 ,  27.040546,
        49.028515, 192.77782 ,  14.092727,  48.192867,  45.823757],
      dtype=float32)}
self.is_success:  [ True False False  True  True False False  True  True False]

MPC iter 17 Eval ------- 
Success rate:  0.5
{'success': array([ True, False, False,  True,  True, False, False,  True,  True,
       False]), 'state_dist': array([ 50.179043,  51.222   ,  45.665997,  21.14324 ,  27.040546,
        60.29877 , 130.5993  ,  14.092727,  48.192867,  45.623142],
      dtype=float32)}
self.is_success:  [ True False False  True  True False False  True  True False]

MPC iter 18 Eval ------- 
Success rate:  0.5
{'success': array([ True, False, False,  True,  True, False, False,  True,  True,
       False]), 'state_dist': array([ 50.179043,  50.33275 ,  42.075695,  21.14324 ,  27.040546,
        52.818974, 142.24747 ,  14.092727,  48.192867,  45.491615],
      dtype=float32)}
self.is_success:  [ True False False  True  True False False  True  True False]

MPC iter 19 Eval ------- 
Success rate:  0.5
{'success': array([ True, False, False,  True,  True, False, False,  True,  True,
       False]), 'state_dist': array([ 50.179043,  51.49675 ,  46.70605 ,  21.14324 ,  27.040546,
        50.533955, 127.8876  ,  14.092727,  48.192867,  45.447083],
      dtype=float32)}
self.is_success:  [ True False False  True  True False False  True  True False]
Success rate:  0.5
{'success': array([ True, False, False,  True,  True, False, False,  True,  True,
       False]), 'state_dist': array([ 50.179043,  51.49675 ,  46.70605 ,  21.14324 ,  27.040546,
        50.533955, 127.8876  ,  14.092727,  48.192867,  45.447083],
      dtype=float32)}
[timing] perform_planning_s=127.111
[timing] total_planning_main_s=136.340
===== cls mpc seed 200 chunk 40 (n_evals=10) =====
/home/jupyter-deuk-c4e4/.conda/envs/ts310/lib/python3.10/site-packages/wandb/sdk/internal/internal_api.py:30: UserWarning: pkg_resources is deprecated as an API. See https://setuptools.pypa.io/en/latest/pkg_resources.html. The pkg_resources package is slated for removal as early as 2025-11-30. Refrain from using this package or pin to Setuptools<81.
  from pkg_resources import parse_version
/home/jupyter-deuk-c4e4/.conda/envs/ts310/lib/python3.10/site-packages/pkg_resources/__init__.py:3148: DeprecationWarning: Deprecated call to `pkg_resources.declare_namespace('mpl_toolkits')`.
Implementing implicit namespace packages (as specified in PEP 420) is preferred to `pkg_resources.declare_namespace`. See https://setuptools.pypa.io/en/latest/references/keywords.html#keyword-namespace-packages
  declare_namespace(pkg)
/home/jupyter-deuk-c4e4/.conda/envs/ts310/lib/python3.10/site-packages/pkg_resources/__init__.py:3148: DeprecationWarning: Deprecated call to `pkg_resources.declare_namespace('google')`.
Implementing implicit namespace packages (as specified in PEP 420) is preferred to `pkg_resources.declare_namespace`. See https://setuptools.pypa.io/en/latest/references/keywords.html#keyword-namespace-packages
  declare_namespace(pkg)
/home/jupyter-deuk-c4e4/.conda/envs/ts310/lib/python3.10/site-packages/Cython/Distutils/old_build_ext.py:15: DeprecationWarning: dep_util is Deprecated. Use functions from setuptools instead.
  from distutils.dep_util import newer, newer_group
<frozen importlib._bootstrap>:283: DeprecationWarning: the load_module() method is deprecated and slated for removal in Python 3.12; use exec_module() instead
Warning: Mujoco-based envs failed to import. Set the environment variable D4RL_SUPPRESS_IMPORT_ERROR=1 to suppress this message.
No module named 'mjrl'
Warning: Flow failed to import. Set the environment variable D4RL_SUPPRESS_IMPORT_ERROR=1 to suppress this message.
No module named 'flow'
Warning: CARLA failed to import. Set the environment variable D4RL_SUPPRESS_IMPORT_ERROR=1 to suppress this message.
No module named 'carla'
pybullet build time: Jan 29 2025 23:16:28
/home/jupyter-deuk-c4e4/.conda/envs/ts310/lib/python3.10/site-packages/gym/envs/registration.py:595: UserWarning: [33mWARN: Overriding environment maze2d-open-v0[0m
  logger.warn(f"Overriding environment {id}")
/home/jupyter-deuk-c4e4/.conda/envs/ts310/lib/python3.10/site-packages/gym/envs/registration.py:595: UserWarning: [33mWARN: Overriding environment maze2d-umaze-v0[0m
  logger.warn(f"Overriding environment {id}")
/home/jupyter-deuk-c4e4/.conda/envs/ts310/lib/python3.10/site-packages/gym/envs/registration.py:595: UserWarning: [33mWARN: Overriding environment maze2d-medium-v0[0m
  logger.warn(f"Overriding environment {id}")
/home/jupyter-deuk-c4e4/.conda/envs/ts310/lib/python3.10/site-packages/gym/envs/registration.py:595: UserWarning: [33mWARN: Overriding environment maze2d-large-v0[0m
  logger.warn(f"Overriding environment {id}")
/home/jupyter-deuk-c4e4/.conda/envs/ts310/lib/python3.10/site-packages/gym/envs/registration.py:595: UserWarning: [33mWARN: Overriding environment maze2d-umaze-v1[0m
  logger.warn(f"Overriding environment {id}")
/home/jupyter-deuk-c4e4/.conda/envs/ts310/lib/python3.10/site-packages/gym/envs/registration.py:595: UserWarning: [33mWARN: Overriding environment maze2d-medium-v1[0m
  logger.warn(f"Overriding environment {id}")
/home/jupyter-deuk-c4e4/.conda/envs/ts310/lib/python3.10/site-packages/gym/envs/registration.py:595: UserWarning: [33mWARN: Overriding environment maze2d-large-v1[0m
  logger.warn(f"Overriding environment {id}")
/home/jupyter-deuk-c4e4/.conda/envs/ts310/lib/python3.10/site-packages/gym/envs/registration.py:595: UserWarning: [33mWARN: Overriding environment maze2d-eval-umaze-v1[0m
  logger.warn(f"Overriding environment {id}")
/home/jupyter-deuk-c4e4/.conda/envs/ts310/lib/python3.10/site-packages/gym/envs/registration.py:595: UserWarning: [33mWARN: Overriding environment maze2d-eval-medium-v1[0m
  logger.warn(f"Overriding environment {id}")
/home/jupyter-deuk-c4e4/.conda/envs/ts310/lib/python3.10/site-packages/gym/envs/registration.py:595: UserWarning: [33mWARN: Overriding environment maze2d-eval-large-v1[0m
  logger.warn(f"Overriding environment {id}")
/home/jupyter-deuk-c4e4/.conda/envs/ts310/lib/python3.10/site-packages/gym/envs/registration.py:595: UserWarning: [33mWARN: Overriding environment maze2d-open-dense-v0[0m
  logger.warn(f"Overriding environment {id}")
/home/jupyter-deuk-c4e4/.conda/envs/ts310/lib/python3.10/site-packages/gym/envs/registration.py:595: UserWarning: [33mWARN: Overriding environment maze2d-umaze-dense-v0[0m
  logger.warn(f"Overriding environment {id}")
/home/jupyter-deuk-c4e4/.conda/envs/ts310/lib/python3.10/site-packages/gym/envs/registration.py:595: UserWarning: [33mWARN: Overriding environment maze2d-medium-dense-v0[0m
  logger.warn(f"Overriding environment {id}")
/home/jupyter-deuk-c4e4/.conda/envs/ts310/lib/python3.10/site-packages/gym/envs/registration.py:595: UserWarning: [33mWARN: Overriding environment maze2d-large-dense-v0[0m
  logger.warn(f"Overriding environment {id}")
/home/jupyter-deuk-c4e4/.conda/envs/ts310/lib/python3.10/site-packages/gym/envs/registration.py:595: UserWarning: [33mWARN: Overriding environment maze2d-umaze-dense-v1[0m
  logger.warn(f"Overriding environment {id}")
/home/jupyter-deuk-c4e4/.conda/envs/ts310/lib/python3.10/site-packages/gym/envs/registration.py:595: UserWarning: [33mWARN: Overriding environment maze2d-medium-dense-v1[0m
  logger.warn(f"Overriding environment {id}")
/home/jupyter-deuk-c4e4/.conda/envs/ts310/lib/python3.10/site-packages/gym/envs/registration.py:595: UserWarning: [33mWARN: Overriding environment maze2d-large-dense-v1[0m
  logger.warn(f"Overriding environment {id}")
/home/jupyter-deuk-c4e4/.conda/envs/ts310/lib/python3.10/site-packages/gym/envs/registration.py:595: UserWarning: [33mWARN: Overriding environment maze2d-eval-umaze-dense-v1[0m
  logger.warn(f"Overriding environment {id}")
/home/jupyter-deuk-c4e4/.conda/envs/ts310/lib/python3.10/site-packages/gym/envs/registration.py:595: UserWarning: [33mWARN: Overriding environment maze2d-eval-medium-dense-v1[0m
  logger.warn(f"Overriding environment {id}")
/home/jupyter-deuk-c4e4/.conda/envs/ts310/lib/python3.10/site-packages/gym/envs/registration.py:595: UserWarning: [33mWARN: Overriding environment maze2d-eval-large-dense-v1[0m
  logger.warn(f"Overriding environment {id}")
/opt/dlami/nvme/home/jupyter-deuk-c4e4/temporal-straightening/custom_resolvers.py:4: UserWarning: 
The version_base parameter is not specified.
Please specify a compatability version level, or None.
Will assume defaults for version 1.1
  @hydra.main(config_path=None)
[2026-07-25 15:28:49,799][__main__][INFO] - Planning result saved dir: /opt/dlami/nvme/home/jupyter-deuk-c4e4/pusht-reproduction/cls_reproduction/plan/mpc_seed_200/chunk_40
/home/jupyter-deuk-c4e4/.conda/envs/ts310/lib/python3.10/site-packages/wandb/sdk/internal/internal_api.py:30: UserWarning: pkg_resources is deprecated as an API. See https://setuptools.pypa.io/en/latest/pkg_resources.html. The pkg_resources package is slated for removal as early as 2025-11-30. Refrain from using this package or pin to Setuptools<81.
  from pkg_resources import parse_version
Using cache found in /home/jupyter-deuk-c4e4/.cache/torch/hub/facebookresearch_dinov2_81b2b6419385
Loaded 18685 rollouts
Loaded 21 rollouts
[2026-07-25 15:28:52,283][dinov2][INFO] - using MLP layer as FFN
[2026-07-25 15:28:52,683][models.dino][WARNING] - Unknown projector 'none' for patch tokens; proceeding without projector.
Resuming from epoch 2: /home/jupyter-deuk-c4e4/pusht-reproduction/cls_reproduction/test/pusht_False_agg32_projnone_dim384_hw14_sgTrue_lr1e-06/checkpoints/model_2.pth
[2026-07-25 15:28:53,076][models.visual_world_model][INFO] - num_action_repeat: 1
[2026-07-25 15:28:53,076][models.visual_world_model][INFO] - num_proprio_repeat: 1
[2026-07-25 15:28:53,076][models.visual_world_model][INFO] - proprio encoder: ProprioceptiveEmbedding(
  (patch_embed): Conv1d(4, 10, kernel_size=(1,), stride=(1,))
  (norm): LayerNorm((10,), eps=1e-05, elementwise_affine=True)
)
[2026-07-25 15:28:53,077][models.visual_world_model][INFO] - action encoder: ProprioceptiveEmbedding(
  (patch_embed): Conv1d(10, 10, kernel_size=(1,), stride=(1,))
  (norm): LayerNorm((10,), eps=1e-05, elementwise_affine=True)
)
[2026-07-25 15:28:53,077][models.visual_world_model][INFO] - proprio_dim: 10, after repeat: 10
[2026-07-25 15:28:53,077][models.visual_world_model][INFO] - action_dim: 10, after repeat: 10
[2026-07-25 15:28:53,077][models.visual_world_model][INFO] - emb_dim: 404
[2026-07-25 15:28:53,077][models.visual_world_model][INFO] - Straightening disabled
[2026-07-25 15:28:53,077][models.visual_world_model][INFO] - Speed constancy disabled
[2026-07-25 15:28:53,077][models.visual_world_model][INFO] - Trajectory penalty disabled
[2026-07-25 15:28:53,077][models.visual_world_model][INFO] - Stop-grad enabled: True
[2026-07-25 15:28:53,077][models.visual_world_model][INFO] - VCReg enabled: False, apply_to=enc, std_coeff=0.0, cov_coeff=0.0
[2026-07-25 15:28:53,077][models.visual_world_model][INFO] - Model emb_dim: 404
[timing] setup_model_s=3.279
eval_seed:  [8001, 8201, 8401, 8601, 8801, 9001, 9201, 9401, 9601, 9801]
Dumped plan targets to /opt/dlami/nvme/home/jupyter-deuk-c4e4/pusht-reproduction/cls_reproduction/plan/mpc_seed_200/chunk_40/plan_targets.pkl
[timing] setup_workspace_s=7.013

MPC iter 0 Eval ------- 
Success rate:  0.0
{'success': array([False, False, False, False, False, False, False, False, False,
       False]), 'state_dist': array([134.07213, 112.38521, 243.45033, 221.00487, 211.44812, 234.07425,
       115.3968 , 230.17264, 154.53261, 157.04036], dtype=float32)}
self.is_success:  [False False False False False False False False False False]

MPC iter 1 Eval ------- 
Success rate:  0.0
{'success': array([False, False, False, False, False, False, False, False, False,
       False]), 'state_dist': array([122.430275, 119.4821  , 189.47429 , 203.7448  , 254.13074 ,
       201.5305  , 161.45488 , 183.74702 , 188.43307 , 149.8788  ],
      dtype=float32)}
self.is_success:  [False False False False False False False False False False]

MPC iter 2 Eval ------- 
Success rate:  0.0
{'success': array([False, False, False, False, False, False, False, False, False,
       False]), 'state_dist': array([129.1635  , 126.93841 , 136.28838 , 203.15239 , 214.33789 ,
       181.42932 , 124.035225, 162.3185  , 218.80104 , 156.19147 ],
      dtype=float32)}
self.is_success:  [False False False False False False False False False False]

MPC iter 3 Eval ------- 
Success rate:  0.0
{'success': array([False, False, False, False, False, False, False, False, False,
       False]), 'state_dist': array([134.08124, 189.0197 ,  93.11428, 284.7151 , 246.27895, 127.47378,
       282.33096, 254.0601 , 222.45068,  89.16092], dtype=float32)}
self.is_success:  [False False False False False False False False False False]

MPC iter 4 Eval ------- 
Success rate:  0.0
{'success': array([False, False, False, False, False, False, False, False, False,
       False]), 'state_dist': array([ 53.56586 , 120.02947 , 158.92891 , 243.35158 , 178.23624 ,
        55.978928,  35.205284, 226.82959 , 179.75278 ,  45.99925 ],
      dtype=float32)}
self.is_success:  [False False False False False False False False False False]

MPC iter 5 Eval ------- 
Success rate:  0.2
{'success': array([False, False, False, False, False, False,  True, False, False,
        True]), 'state_dist': array([ 52.165085, 118.74987 , 110.98495 , 165.39691 , 163.67732 ,
        72.50907 ,  62.842697,  88.8251  , 106.80412 ,  38.412598],
      dtype=float32)}
self.is_success:  [False False False False False False  True False False  True]

MPC iter 6 Eval ------- 
Success rate:  0.3
{'success': array([False, False,  True, False, False, False,  True, False, False,
        True]), 'state_dist': array([ 28.13163 ,  64.63642 ,  25.00646 , 104.08775 ,  96.86983 ,
       101.9176  ,  62.842697,  57.288803,  78.15658 ,  38.412598],
      dtype=float32)}
self.is_success:  [False False  True False False False  True False False  True]

MPC iter 7 Eval ------- 
Success rate:  0.4
{'success': array([False,  True,  True, False, False, False,  True, False, False,
        True]), 'state_dist': array([ 33.798496,  35.122906,  25.00646 , 207.75893 ,  87.974014,
        67.851   ,  62.842697,  75.29976 ,  78.75177 ,  38.412598],
      dtype=float32)}
self.is_success:  [False  True  True False False False  True False False  True]

MPC iter 8 Eval ------- 
Success rate:  0.4
{'success': array([False,  True,  True, False, False, False,  True, False, False,
        True]), 'state_dist': array([ 37.01155 ,  35.122906,  25.00646 , 213.18799 ,  75.59526 ,
        39.451412,  62.842697,  71.91467 ,  58.054718,  38.412598],
      dtype=float32)}
self.is_success:  [False  True  True False False False  True False False  True]

MPC iter 9 Eval ------- 
Success rate:  0.4
{'success': array([False,  True,  True, False, False, False,  True, False, False,
        True]), 'state_dist': array([ 29.248487,  35.122906,  25.00646 , 225.35585 ,  43.476505,
       163.72908 ,  62.842697,  58.65932 ,  22.660824,  38.412598],
      dtype=float32)}
self.is_success:  [False  True  True False False False  True False False  True]

MPC iter 10 Eval ------- 
Success rate:  0.4
{'success': array([False,  True,  True, False, False, False,  True, False, False,
        True]), 'state_dist': array([ 24.975178,  35.122906,  25.00646 , 218.95996 , 157.54866 ,
        70.69029 ,  62.842697,  51.087734,  81.606995,  38.412598],
      dtype=float32)}
self.is_success:  [False  True  True False False False  True False False  True]

MPC iter 11 Eval ------- 
Success rate:  0.4
{'success': array([False,  True,  True, False, False, False,  True, False, False,
        True]), 'state_dist': array([ 29.153456,  35.122906,  25.00646 , 125.21275 ,  70.95286 ,
        70.97937 ,  62.842697,  50.011326,  37.45003 ,  38.412598],
      dtype=float32)}
self.is_success:  [False  True  True False False False  True False False  True]

MPC iter 12 Eval ------- 
Success rate:  0.4
{'success': array([False,  True,  True, False, False, False,  True, False, False,
        True]), 'state_dist': array([ 37.656197,  35.122906,  25.00646 , 116.72565 ,  63.06565 ,
        89.75352 ,  62.842697,  53.819733,  64.53283 ,  38.412598],
      dtype=float32)}
self.is_success:  [False  True  True False False False  True False False  True]

MPC iter 13 Eval ------- 
Success rate:  0.5
{'success': array([False,  True,  True, False,  True, False,  True, False, False,
        True]), 'state_dist': array([ 25.696632,  35.122906,  25.00646 , 111.42105 ,  59.134697,
       146.69856 ,  62.842697,  63.12859 ,  20.262318,  38.412598],
      dtype=float32)}
self.is_success:  [False  True  True False  True False  True False False  True]

MPC iter 14 Eval ------- 
Success rate:  0.5
{'success': array([False,  True,  True, False,  True, False,  True, False, False,
        True]), 'state_dist': array([ 40.11914 ,  35.122906,  25.00646 , 137.48378 ,  59.134697,
       115.66032 ,  62.842697,  71.16843 ,  43.174496,  38.412598],
      dtype=float32)}
self.is_success:  [False  True  True False  True False  True False False  True]

MPC iter 15 Eval ------- 
Success rate:  0.5
{'success': array([False,  True,  True, False,  True, False,  True, False, False,
        True]), 'state_dist': array([ 31.915068,  35.122906,  25.00646 , 125.26681 ,  59.134697,
        69.92924 ,  62.842697,  68.81686 ,  82.38229 ,  38.412598],
      dtype=float32)}
self.is_success:  [False  True  True False  True False  True False False  True]

MPC iter 16 Eval ------- 
Success rate:  0.5
{'success': array([False,  True,  True, False,  True, False,  True, False, False,
        True]), 'state_dist': array([ 29.725986,  35.122906,  25.00646 , 144.15181 ,  59.134697,
        77.89401 ,  62.842697,  68.955284,  13.020949,  38.412598],
      dtype=float32)}
self.is_success:  [False  True  True False  True False  True False False  True]

MPC iter 17 Eval ------- 
Success rate:  0.5
{'success': array([False,  True,  True, False,  True, False,  True, False, False,
        True]), 'state_dist': array([ 42.76518 ,  35.122906,  25.00646 , 120.516   ,  59.134697,
        73.83143 ,  62.842697,  69.91868 ,  67.8412  ,  38.412598],
      dtype=float32)}
self.is_success:  [False  True  True False  True False  True False False  True]

MPC iter 18 Eval ------- 
Success rate:  0.5
{'success': array([False,  True,  True, False,  True, False,  True, False, False,
        True]), 'state_dist': array([ 25.92397 ,  35.122906,  25.00646 , 136.03674 ,  59.134697,
       111.69733 ,  62.842697,  68.67342 ,  34.65823 ,  38.412598],
      dtype=float32)}
self.is_success:  [False  True  True False  True False  True False False  True]

MPC iter 19 Eval ------- 
Success rate:  0.5
{'success': array([False,  True,  True, False,  True, False,  True, False, False,
        True]), 'state_dist': array([ 36.473663,  35.122906,  25.00646 , 151.79509 ,  59.134697,
       139.60551 ,  62.842697,  72.062675,  30.130678,  38.412598],
      dtype=float32)}
self.is_success:  [False  True  True False  True False  True False False  True]
Success rate:  0.5
{'success': array([False,  True,  True, False,  True, False,  True, False, False,
        True]), 'state_dist': array([ 36.473663,  35.122906,  25.00646 , 151.79509 ,  59.134697,
       139.60551 ,  62.842697,  72.062675,  30.130678,  38.412598],
      dtype=float32)}
[timing] perform_planning_s=122.376
[timing] total_planning_main_s=132.669
===== cls mpc seed 300 chunk 00 (n_evals=10) =====
/home/jupyter-deuk-c4e4/.conda/envs/ts310/lib/python3.10/site-packages/wandb/sdk/internal/internal_api.py:30: UserWarning: pkg_resources is deprecated as an API. See https://setuptools.pypa.io/en/latest/pkg_resources.html. The pkg_resources package is slated for removal as early as 2025-11-30. Refrain from using this package or pin to Setuptools<81.
  from pkg_resources import parse_version
/home/jupyter-deuk-c4e4/.conda/envs/ts310/lib/python3.10/site-packages/pkg_resources/__init__.py:3148: DeprecationWarning: Deprecated call to `pkg_resources.declare_namespace('mpl_toolkits')`.
Implementing implicit namespace packages (as specified in PEP 420) is preferred to `pkg_resources.declare_namespace`. See https://setuptools.pypa.io/en/latest/references/keywords.html#keyword-namespace-packages
  declare_namespace(pkg)
/home/jupyter-deuk-c4e4/.conda/envs/ts310/lib/python3.10/site-packages/pkg_resources/__init__.py:3148: DeprecationWarning: Deprecated call to `pkg_resources.declare_namespace('google')`.
Implementing implicit namespace packages (as specified in PEP 420) is preferred to `pkg_resources.declare_namespace`. See https://setuptools.pypa.io/en/latest/references/keywords.html#keyword-namespace-packages
  declare_namespace(pkg)
/home/jupyter-deuk-c4e4/.conda/envs/ts310/lib/python3.10/site-packages/Cython/Distutils/old_build_ext.py:15: DeprecationWarning: dep_util is Deprecated. Use functions from setuptools instead.
  from distutils.dep_util import newer, newer_group
<frozen importlib._bootstrap>:283: DeprecationWarning: the load_module() method is deprecated and slated for removal in Python 3.12; use exec_module() instead
Warning: Mujoco-based envs failed to import. Set the environment variable D4RL_SUPPRESS_IMPORT_ERROR=1 to suppress this message.
No module named 'mjrl'
Warning: Flow failed to import. Set the environment variable D4RL_SUPPRESS_IMPORT_ERROR=1 to suppress this message.
No module named 'flow'
Warning: CARLA failed to import. Set the environment variable D4RL_SUPPRESS_IMPORT_ERROR=1 to suppress this message.
No module named 'carla'
pybullet build time: Jan 29 2025 23:16:28
/home/jupyter-deuk-c4e4/.conda/envs/ts310/lib/python3.10/site-packages/gym/envs/registration.py:595: UserWarning: [33mWARN: Overriding environment maze2d-open-v0[0m
  logger.warn(f"Overriding environment {id}")
/home/jupyter-deuk-c4e4/.conda/envs/ts310/lib/python3.10/site-packages/gym/envs/registration.py:595: UserWarning: [33mWARN: Overriding environment maze2d-umaze-v0[0m
  logger.warn(f"Overriding environment {id}")
/home/jupyter-deuk-c4e4/.conda/envs/ts310/lib/python3.10/site-packages/gym/envs/registration.py:595: UserWarning: [33mWARN: Overriding environment maze2d-medium-v0[0m
  logger.warn(f"Overriding environment {id}")
/home/jupyter-deuk-c4e4/.conda/envs/ts310/lib/python3.10/site-packages/gym/envs/registration.py:595: UserWarning: [33mWARN: Overriding environment maze2d-large-v0[0m
  logger.warn(f"Overriding environment {id}")
/home/jupyter-deuk-c4e4/.conda/envs/ts310/lib/python3.10/site-packages/gym/envs/registration.py:595: UserWarning: [33mWARN: Overriding environment maze2d-umaze-v1[0m
  logger.warn(f"Overriding environment {id}")
/home/jupyter-deuk-c4e4/.conda/envs/ts310/lib/python3.10/site-packages/gym/envs/registration.py:595: UserWarning: [33mWARN: Overriding environment maze2d-medium-v1[0m
  logger.warn(f"Overriding environment {id}")
/home/jupyter-deuk-c4e4/.conda/envs/ts310/lib/python3.10/site-packages/gym/envs/registration.py:595: UserWarning: [33mWARN: Overriding environment maze2d-large-v1[0m
  logger.warn(f"Overriding environment {id}")
/home/jupyter-deuk-c4e4/.conda/envs/ts310/lib/python3.10/site-packages/gym/envs/registration.py:595: UserWarning: [33mWARN: Overriding environment maze2d-eval-umaze-v1[0m
  logger.warn(f"Overriding environment {id}")
/home/jupyter-deuk-c4e4/.conda/envs/ts310/lib/python3.10/site-packages/gym/envs/registration.py:595: UserWarning: [33mWARN: Overriding environment maze2d-eval-medium-v1[0m
  logger.warn(f"Overriding environment {id}")
/home/jupyter-deuk-c4e4/.conda/envs/ts310/lib/python3.10/site-packages/gym/envs/registration.py:595: UserWarning: [33mWARN: Overriding environment maze2d-eval-large-v1[0m
  logger.warn(f"Overriding environment {id}")
/home/jupyter-deuk-c4e4/.conda/envs/ts310/lib/python3.10/site-packages/gym/envs/registration.py:595: UserWarning: [33mWARN: Overriding environment maze2d-open-dense-v0[0m
  logger.warn(f"Overriding environment {id}")
/home/jupyter-deuk-c4e4/.conda/envs/ts310/lib/python3.10/site-packages/gym/envs/registration.py:595: UserWarning: [33mWARN: Overriding environment maze2d-umaze-dense-v0[0m
  logger.warn(f"Overriding environment {id}")
/home/jupyter-deuk-c4e4/.conda/envs/ts310/lib/python3.10/site-packages/gym/envs/registration.py:595: UserWarning: [33mWARN: Overriding environment maze2d-medium-dense-v0[0m
  logger.warn(f"Overriding environment {id}")
/home/jupyter-deuk-c4e4/.conda/envs/ts310/lib/python3.10/site-packages/gym/envs/registration.py:595: UserWarning: [33mWARN: Overriding environment maze2d-large-dense-v0[0m
  logger.warn(f"Overriding environment {id}")
/home/jupyter-deuk-c4e4/.conda/envs/ts310/lib/python3.10/site-packages/gym/envs/registration.py:595: UserWarning: [33mWARN: Overriding environment maze2d-umaze-dense-v1[0m
  logger.warn(f"Overriding environment {id}")
/home/jupyter-deuk-c4e4/.conda/envs/ts310/lib/python3.10/site-packages/gym/envs/registration.py:595: UserWarning: [33mWARN: Overriding environment maze2d-medium-dense-v1[0m
  logger.warn(f"Overriding environment {id}")
/home/jupyter-deuk-c4e4/.conda/envs/ts310/lib/python3.10/site-packages/gym/envs/registration.py:595: UserWarning: [33mWARN: Overriding environment maze2d-large-dense-v1[0m
  logger.warn(f"Overriding environment {id}")
/home/jupyter-deuk-c4e4/.conda/envs/ts310/lib/python3.10/site-packages/gym/envs/registration.py:595: UserWarning: [33mWARN: Overriding environment maze2d-eval-umaze-dense-v1[0m
  logger.warn(f"Overriding environment {id}")
/home/jupyter-deuk-c4e4/.conda/envs/ts310/lib/python3.10/site-packages/gym/envs/registration.py:595: UserWarning: [33mWARN: Overriding environment maze2d-eval-medium-dense-v1[0m
  logger.warn(f"Overriding environment {id}")
/home/jupyter-deuk-c4e4/.conda/envs/ts310/lib/python3.10/site-packages/gym/envs/registration.py:595: UserWarning: [33mWARN: Overriding environment maze2d-eval-large-dense-v1[0m
  logger.warn(f"Overriding environment {id}")
/opt/dlami/nvme/home/jupyter-deuk-c4e4/temporal-straightening/custom_resolvers.py:4: UserWarning: 
The version_base parameter is not specified.
Please specify a compatability version level, or None.
Will assume defaults for version 1.1
  @hydra.main(config_path=None)
[2026-07-25 15:31:07,716][__main__][INFO] - Planning result saved dir: /opt/dlami/nvme/home/jupyter-deuk-c4e4/pusht-reproduction/cls_reproduction/plan/mpc_seed_300/chunk_00
/home/jupyter-deuk-c4e4/.conda/envs/ts310/lib/python3.10/site-packages/wandb/sdk/internal/internal_api.py:30: UserWarning: pkg_resources is deprecated as an API. See https://setuptools.pypa.io/en/latest/pkg_resources.html. The pkg_resources package is slated for removal as early as 2025-11-30. Refrain from using this package or pin to Setuptools<81.
  from pkg_resources import parse_version
Using cache found in /home/jupyter-deuk-c4e4/.cache/torch/hub/facebookresearch_dinov2_81b2b6419385
Loaded 18685 rollouts
Loaded 21 rollouts
[2026-07-25 15:31:10,224][dinov2][INFO] - using MLP layer as FFN
[2026-07-25 15:31:10,632][models.dino][WARNING] - Unknown projector 'none' for patch tokens; proceeding without projector.
Resuming from epoch 2: /home/jupyter-deuk-c4e4/pusht-reproduction/cls_reproduction/test/pusht_False_agg32_projnone_dim384_hw14_sgTrue_lr1e-06/checkpoints/model_2.pth
[2026-07-25 15:31:11,041][models.visual_world_model][INFO] - num_action_repeat: 1
[2026-07-25 15:31:11,041][models.visual_world_model][INFO] - num_proprio_repeat: 1
[2026-07-25 15:31:11,041][models.visual_world_model][INFO] - proprio encoder: ProprioceptiveEmbedding(
  (patch_embed): Conv1d(4, 10, kernel_size=(1,), stride=(1,))
  (norm): LayerNorm((10,), eps=1e-05, elementwise_affine=True)
)
[2026-07-25 15:31:11,041][models.visual_world_model][INFO] - action encoder: ProprioceptiveEmbedding(
  (patch_embed): Conv1d(10, 10, kernel_size=(1,), stride=(1,))
  (norm): LayerNorm((10,), eps=1e-05, elementwise_affine=True)
)
[2026-07-25 15:31:11,041][models.visual_world_model][INFO] - proprio_dim: 10, after repeat: 10
[2026-07-25 15:31:11,041][models.visual_world_model][INFO] - action_dim: 10, after repeat: 10
[2026-07-25 15:31:11,041][models.visual_world_model][INFO] - emb_dim: 404
[2026-07-25 15:31:11,041][models.visual_world_model][INFO] - Straightening disabled
[2026-07-25 15:31:11,041][models.visual_world_model][INFO] - Speed constancy disabled
[2026-07-25 15:31:11,041][models.visual_world_model][INFO] - Trajectory penalty disabled
[2026-07-25 15:31:11,042][models.visual_world_model][INFO] - Stop-grad enabled: True
[2026-07-25 15:31:11,042][models.visual_world_model][INFO] - VCReg enabled: False, apply_to=enc, std_coeff=0.0, cov_coeff=0.0
[2026-07-25 15:31:11,042][models.visual_world_model][INFO] - Model emb_dim: 404
[timing] setup_model_s=3.328
eval_seed:  [1, 301, 601, 901, 1201, 1501, 1801, 2101, 2401, 2701]
Dumped plan targets to /opt/dlami/nvme/home/jupyter-deuk-c4e4/pusht-reproduction/cls_reproduction/plan/mpc_seed_300/chunk_00/plan_targets.pkl
[timing] setup_workspace_s=3.886

MPC iter 0 Eval ------- 
Success rate:  0.0
{'success': array([False, False, False, False, False, False, False, False, False,
       False]), 'state_dist': array([177.2581  , 194.48077 ,  77.586075, 145.87117 , 167.22351 ,
       186.76659 , 208.2441  ,  83.3853  , 237.68642 , 168.71655 ],
      dtype=float32)}
self.is_success:  [False False False False False False False False False False]

MPC iter 1 Eval ------- 
Success rate:  0.0
{'success': array([False, False, False, False, False, False, False, False, False,
       False]), 'state_dist': array([146.11818 , 231.12164 ,  67.39485 , 160.7268  , 209.19562 ,
       153.61505 , 181.50111 ,  66.257095, 212.1124  , 165.75311 ],
      dtype=float32)}
self.is_success:  [False False False False False False False False False False]

MPC iter 2 Eval ------- 
Success rate:  0.0
{'success': array([False, False, False, False, False, False, False, False, False,
       False]), 'state_dist': array([119.768936, 174.66411 , 104.08988 , 211.65874 , 183.0736  ,
       159.9449  , 119.15195 ,  59.194695, 172.54929 , 197.30553 ],
      dtype=float32)}
self.is_success:  [False False False False False False False False False False]

MPC iter 3 Eval ------- 
Success rate:  0.1
{'success': array([False, False,  True, False, False, False, False, False, False,
       False]), 'state_dist': array([139.5105  ,  87.99725 ,  42.592743, 223.57259 , 292.22656 ,
       146.52095 ,  91.42872 ,  48.098297, 222.76884 , 269.80643 ],
      dtype=float32)}
self.is_success:  [False False  True False False False False False False False]

MPC iter 4 Eval ------- 
Success rate:  0.2
{'success': array([False,  True,  True, False, False, False, False, False, False,
       False]), 'state_dist': array([202.7714  ,  93.05664 ,  42.592743,  35.05345 , 302.03897 ,
       103.388885, 239.74457 ,  95.86685 , 360.05325 ,  50.48085 ],
      dtype=float32)}
self.is_success:  [False  True  True False False False False False False False]

MPC iter 5 Eval ------- 
Success rate:  0.3
{'success': array([False,  True,  True, False, False, False, False, False, False,
        True]), 'state_dist': array([191.96532 ,  93.05664 ,  42.592743, 102.46473 , 128.95859 ,
        62.65642 ,  83.19143 ,  23.14763 , 114.674095,  89.01765 ],
      dtype=float32)}
self.is_success:  [False  True  True False False False False False False  True]

MPC iter 6 Eval ------- 
Success rate:  0.3
{'success': array([False,  True,  True, False, False, False, False, False, False,
        True]), 'state_dist': array([147.2073  ,  93.05664 ,  42.592743,  56.551533,  87.14102 ,
        78.87216 ,  45.844837,  30.06178 , 229.11281 ,  89.01765 ],
      dtype=float32)}
self.is_success:  [False  True  True False False False False False False  True]

MPC iter 7 Eval ------- 
Success rate:  0.4
{'success': array([False,  True,  True, False, False, False, False,  True, False,
        True]), 'state_dist': array([156.27864 ,  93.05664 ,  42.592743,  90.00962 ,  91.841934,
        82.98552 ,  95.34231 ,  19.83266 ,  81.16514 ,  89.01765 ],
      dtype=float32)}
self.is_success:  [False  True  True False False False False  True False  True]

MPC iter 8 Eval ------- 
Success rate:  0.5
{'success': array([False,  True,  True, False, False, False,  True,  True, False,
        True]), 'state_dist': array([150.38202 ,  93.05664 ,  42.592743, 110.50723 ,  90.41035 ,
        78.3666  ,  28.081757,  19.83266 ,  77.96151 ,  89.01765 ],
      dtype=float32)}
self.is_success:  [False  True  True False False False  True  True False  True]

MPC iter 9 Eval ------- 
Success rate:  0.5
{'success': array([False,  True,  True, False, False, False,  True,  True, False,
        True]), 'state_dist': array([149.75694 ,  93.05664 ,  42.592743,  82.204315,  89.871925,
        83.18866 ,  28.081757,  19.83266 ,  67.586586,  89.01765 ],
      dtype=float32)}
self.is_success:  [False  True  True False False False  True  True False  True]

MPC iter 10 Eval ------- 
Success rate:  0.5
{'success': array([False,  True,  True, False, False, False,  True,  True, False,
        True]), 'state_dist': array([153.22144 ,  93.05664 ,  42.592743,  91.90298 ,  86.39102 ,
        84.74771 ,  28.081757,  19.83266 ,  80.171295,  89.01765 ],
      dtype=float32)}
self.is_success:  [False  True  True False False False  True  True False  True]

MPC iter 11 Eval ------- 
Success rate:  0.5
{'success': array([False,  True,  True, False, False, False,  True,  True, False,
        True]), 'state_dist': array([153.88432 ,  93.05664 ,  42.592743, 136.10431 ,  87.09689 ,
        82.500786,  28.081757,  19.83266 ,  78.304985,  89.01765 ],
      dtype=float32)}
self.is_success:  [False  True  True False False False  True  True False  True]

MPC iter 12 Eval ------- 
Success rate:  0.5
{'success': array([False,  True,  True, False, False, False,  True,  True, False,
        True]), 'state_dist': array([152.3897  ,  93.05664 ,  42.592743,  98.27981 ,  84.37503 ,
        84.47437 ,  28.081757,  19.83266 ,  73.21209 ,  89.01765 ],
      dtype=float32)}
self.is_success:  [False  True  True False False False  True  True False  True]

MPC iter 13 Eval ------- 
Success rate:  0.5
{'success': array([False,  True,  True, False, False, False,  True,  True, False,
        True]), 'state_dist': array([153.4925  ,  93.05664 ,  42.592743, 106.73615 ,  86.78446 ,
        84.37226 ,  28.081757,  19.83266 ,  79.03574 ,  89.01765 ],
      dtype=float32)}
self.is_success:  [False  True  True False False False  True  True False  True]

MPC iter 14 Eval ------- 
Success rate:  0.5
{'success': array([False,  True,  True, False, False, False,  True,  True, False,
        True]), 'state_dist': array([151.75322 ,  93.05664 ,  42.592743, 158.7049  ,  87.23846 ,
        83.941345,  28.081757,  19.83266 ,  79.03117 ,  89.01765 ],
      dtype=float32)}
self.is_success:  [False  True  True False False False  True  True False  True]

MPC iter 15 Eval ------- 
Success rate:  0.5
{'success': array([False,  True,  True, False, False, False,  True,  True, False,
        True]), 'state_dist': array([154.77412 ,  93.05664 ,  42.592743, 144.18889 ,  84.65223 ,
        84.35341 ,  28.081757,  19.83266 ,  74.05311 ,  89.01765 ],
      dtype=float32)}
self.is_success:  [False  True  True False False False  True  True False  True]

MPC iter 16 Eval ------- 
Success rate:  0.5
{'success': array([False,  True,  True, False, False, False,  True,  True, False,
        True]), 'state_dist': array([155.46666 ,  93.05664 ,  42.592743, 110.060905,  87.029144,
        84.10583 ,  28.081757,  19.83266 ,  77.40559 ,  89.01765 ],
      dtype=float32)}
self.is_success:  [False  True  True False False False  True  True False  True]

MPC iter 17 Eval ------- 
Success rate:  0.5
{'success': array([False,  True,  True, False, False, False,  True,  True, False,
        True]), 'state_dist': array([155.26929 ,  93.05664 ,  42.592743, 110.05082 ,  84.5392  ,
        84.18322 ,  28.081757,  19.83266 ,  85.56123 ,  89.01765 ],
      dtype=float32)}
self.is_success:  [False  True  True False False False  True  True False  True]

MPC iter 18 Eval ------- 
Success rate:  0.5
{'success': array([False,  True,  True, False, False, False,  True,  True, False,
        True]), 'state_dist': array([155.66202 ,  93.05664 ,  42.592743, 164.19798 ,  86.5959  ,
        84.28823 ,  28.081757,  19.83266 ,  73.00863 ,  89.01765 ],
      dtype=float32)}
self.is_success:  [False  True  True False False False  True  True False  True]

MPC iter 19 Eval ------- 
Success rate:  0.5
{'success': array([False,  True,  True, False, False, False,  True,  True, False,
        True]), 'state_dist': array([160.32074 ,  93.05664 ,  42.592743, 116.89133 ,  87.24558 ,
        84.12442 ,  28.081757,  19.83266 ,  76.53005 ,  89.01765 ],
      dtype=float32)}
self.is_success:  [False  True  True False False False  True  True False  True]
Success rate:  0.5
{'success': array([False,  True,  True, False, False, False,  True,  True, False,
        True]), 'state_dist': array([160.32074 ,  93.05664 ,  42.592743, 116.89133 ,  87.24558 ,
        84.12442 ,  28.081757,  19.83266 ,  76.53005 ,  89.01765 ],
      dtype=float32)}
[timing] perform_planning_s=118.947
[timing] total_planning_main_s=126.161
===== cls mpc seed 300 chunk 10 (n_evals=10) =====
/home/jupyter-deuk-c4e4/.conda/envs/ts310/lib/python3.10/site-packages/wandb/sdk/internal/internal_api.py:30: UserWarning: pkg_resources is deprecated as an API. See https://setuptools.pypa.io/en/latest/pkg_resources.html. The pkg_resources package is slated for removal as early as 2025-11-30. Refrain from using this package or pin to Setuptools<81.
  from pkg_resources import parse_version
/home/jupyter-deuk-c4e4/.conda/envs/ts310/lib/python3.10/site-packages/pkg_resources/__init__.py:3148: DeprecationWarning: Deprecated call to `pkg_resources.declare_namespace('mpl_toolkits')`.
Implementing implicit namespace packages (as specified in PEP 420) is preferred to `pkg_resources.declare_namespace`. See https://setuptools.pypa.io/en/latest/references/keywords.html#keyword-namespace-packages
  declare_namespace(pkg)
/home/jupyter-deuk-c4e4/.conda/envs/ts310/lib/python3.10/site-packages/pkg_resources/__init__.py:3148: DeprecationWarning: Deprecated call to `pkg_resources.declare_namespace('google')`.
Implementing implicit namespace packages (as specified in PEP 420) is preferred to `pkg_resources.declare_namespace`. See https://setuptools.pypa.io/en/latest/references/keywords.html#keyword-namespace-packages
  declare_namespace(pkg)
/home/jupyter-deuk-c4e4/.conda/envs/ts310/lib/python3.10/site-packages/Cython/Distutils/old_build_ext.py:15: DeprecationWarning: dep_util is Deprecated. Use functions from setuptools instead.
  from distutils.dep_util import newer, newer_group
<frozen importlib._bootstrap>:283: DeprecationWarning: the load_module() method is deprecated and slated for removal in Python 3.12; use exec_module() instead
Warning: Mujoco-based envs failed to import. Set the environment variable D4RL_SUPPRESS_IMPORT_ERROR=1 to suppress this message.
No module named 'mjrl'
Warning: Flow failed to import. Set the environment variable D4RL_SUPPRESS_IMPORT_ERROR=1 to suppress this message.
No module named 'flow'
Warning: CARLA failed to import. Set the environment variable D4RL_SUPPRESS_IMPORT_ERROR=1 to suppress this message.
No module named 'carla'
pybullet build time: Jan 29 2025 23:16:28
/home/jupyter-deuk-c4e4/.conda/envs/ts310/lib/python3.10/site-packages/gym/envs/registration.py:595: UserWarning: [33mWARN: Overriding environment maze2d-open-v0[0m
  logger.warn(f"Overriding environment {id}")
/home/jupyter-deuk-c4e4/.conda/envs/ts310/lib/python3.10/site-packages/gym/envs/registration.py:595: UserWarning: [33mWARN: Overriding environment maze2d-umaze-v0[0m
  logger.warn(f"Overriding environment {id}")
/home/jupyter-deuk-c4e4/.conda/envs/ts310/lib/python3.10/site-packages/gym/envs/registration.py:595: UserWarning: [33mWARN: Overriding environment maze2d-medium-v0[0m
  logger.warn(f"Overriding environment {id}")
/home/jupyter-deuk-c4e4/.conda/envs/ts310/lib/python3.10/site-packages/gym/envs/registration.py:595: UserWarning: [33mWARN: Overriding environment maze2d-large-v0[0m
  logger.warn(f"Overriding environment {id}")
/home/jupyter-deuk-c4e4/.conda/envs/ts310/lib/python3.10/site-packages/gym/envs/registration.py:595: UserWarning: [33mWARN: Overriding environment maze2d-umaze-v1[0m
  logger.warn(f"Overriding environment {id}")
/home/jupyter-deuk-c4e4/.conda/envs/ts310/lib/python3.10/site-packages/gym/envs/registration.py:595: UserWarning: [33mWARN: Overriding environment maze2d-medium-v1[0m
  logger.warn(f"Overriding environment {id}")
/home/jupyter-deuk-c4e4/.conda/envs/ts310/lib/python3.10/site-packages/gym/envs/registration.py:595: UserWarning: [33mWARN: Overriding environment maze2d-large-v1[0m
  logger.warn(f"Overriding environment {id}")
/home/jupyter-deuk-c4e4/.conda/envs/ts310/lib/python3.10/site-packages/gym/envs/registration.py:595: UserWarning: [33mWARN: Overriding environment maze2d-eval-umaze-v1[0m
  logger.warn(f"Overriding environment {id}")
/home/jupyter-deuk-c4e4/.conda/envs/ts310/lib/python3.10/site-packages/gym/envs/registration.py:595: UserWarning: [33mWARN: Overriding environment maze2d-eval-medium-v1[0m
  logger.warn(f"Overriding environment {id}")
/home/jupyter-deuk-c4e4/.conda/envs/ts310/lib/python3.10/site-packages/gym/envs/registration.py:595: UserWarning: [33mWARN: Overriding environment maze2d-eval-large-v1[0m
  logger.warn(f"Overriding environment {id}")
/home/jupyter-deuk-c4e4/.conda/envs/ts310/lib/python3.10/site-packages/gym/envs/registration.py:595: UserWarning: [33mWARN: Overriding environment maze2d-open-dense-v0[0m
  logger.warn(f"Overriding environment {id}")
/home/jupyter-deuk-c4e4/.conda/envs/ts310/lib/python3.10/site-packages/gym/envs/registration.py:595: UserWarning: [33mWARN: Overriding environment maze2d-umaze-dense-v0[0m
  logger.warn(f"Overriding environment {id}")
/home/jupyter-deuk-c4e4/.conda/envs/ts310/lib/python3.10/site-packages/gym/envs/registration.py:595: UserWarning: [33mWARN: Overriding environment maze2d-medium-dense-v0[0m
  logger.warn(f"Overriding environment {id}")
/home/jupyter-deuk-c4e4/.conda/envs/ts310/lib/python3.10/site-packages/gym/envs/registration.py:595: UserWarning: [33mWARN: Overriding environment maze2d-large-dense-v0[0m
  logger.warn(f"Overriding environment {id}")
/home/jupyter-deuk-c4e4/.conda/envs/ts310/lib/python3.10/site-packages/gym/envs/registration.py:595: UserWarning: [33mWARN: Overriding environment maze2d-umaze-dense-v1[0m
  logger.warn(f"Overriding environment {id}")
/home/jupyter-deuk-c4e4/.conda/envs/ts310/lib/python3.10/site-packages/gym/envs/registration.py:595: UserWarning: [33mWARN: Overriding environment maze2d-medium-dense-v1[0m
  logger.warn(f"Overriding environment {id}")
/home/jupyter-deuk-c4e4/.conda/envs/ts310/lib/python3.10/site-packages/gym/envs/registration.py:595: UserWarning: [33mWARN: Overriding environment maze2d-large-dense-v1[0m
  logger.warn(f"Overriding environment {id}")
/home/jupyter-deuk-c4e4/.conda/envs/ts310/lib/python3.10/site-packages/gym/envs/registration.py:595: UserWarning: [33mWARN: Overriding environment maze2d-eval-umaze-dense-v1[0m
  logger.warn(f"Overriding environment {id}")
/home/jupyter-deuk-c4e4/.conda/envs/ts310/lib/python3.10/site-packages/gym/envs/registration.py:595: UserWarning: [33mWARN: Overriding environment maze2d-eval-medium-dense-v1[0m
  logger.warn(f"Overriding environment {id}")
/home/jupyter-deuk-c4e4/.conda/envs/ts310/lib/python3.10/site-packages/gym/envs/registration.py:595: UserWarning: [33mWARN: Overriding environment maze2d-eval-large-dense-v1[0m
  logger.warn(f"Overriding environment {id}")
/opt/dlami/nvme/home/jupyter-deuk-c4e4/temporal-straightening/custom_resolvers.py:4: UserWarning: 
The version_base parameter is not specified.
Please specify a compatability version level, or None.
Will assume defaults for version 1.1
  @hydra.main(config_path=None)
[2026-07-25 15:33:19,106][__main__][INFO] - Planning result saved dir: /opt/dlami/nvme/home/jupyter-deuk-c4e4/pusht-reproduction/cls_reproduction/plan/mpc_seed_300/chunk_10
/home/jupyter-deuk-c4e4/.conda/envs/ts310/lib/python3.10/site-packages/wandb/sdk/internal/internal_api.py:30: UserWarning: pkg_resources is deprecated as an API. See https://setuptools.pypa.io/en/latest/pkg_resources.html. The pkg_resources package is slated for removal as early as 2025-11-30. Refrain from using this package or pin to Setuptools<81.
  from pkg_resources import parse_version
Using cache found in /home/jupyter-deuk-c4e4/.cache/torch/hub/facebookresearch_dinov2_81b2b6419385
Loaded 18685 rollouts
Loaded 21 rollouts
[2026-07-25 15:33:21,634][dinov2][INFO] - using MLP layer as FFN
[2026-07-25 15:33:22,354][models.dino][WARNING] - Unknown projector 'none' for patch tokens; proceeding without projector.
Resuming from epoch 2: /home/jupyter-deuk-c4e4/pusht-reproduction/cls_reproduction/test/pusht_False_agg32_projnone_dim384_hw14_sgTrue_lr1e-06/checkpoints/model_2.pth
[2026-07-25 15:33:22,766][models.visual_world_model][INFO] - num_action_repeat: 1
[2026-07-25 15:33:22,766][models.visual_world_model][INFO] - num_proprio_repeat: 1
[2026-07-25 15:33:22,766][models.visual_world_model][INFO] - proprio encoder: ProprioceptiveEmbedding(
  (patch_embed): Conv1d(4, 10, kernel_size=(1,), stride=(1,))
  (norm): LayerNorm((10,), eps=1e-05, elementwise_affine=True)
)
[2026-07-25 15:33:22,766][models.visual_world_model][INFO] - action encoder: ProprioceptiveEmbedding(
  (patch_embed): Conv1d(10, 10, kernel_size=(1,), stride=(1,))
  (norm): LayerNorm((10,), eps=1e-05, elementwise_affine=True)
)
[2026-07-25 15:33:22,766][models.visual_world_model][INFO] - proprio_dim: 10, after repeat: 10
[2026-07-25 15:33:22,767][models.visual_world_model][INFO] - action_dim: 10, after repeat: 10
[2026-07-25 15:33:22,767][models.visual_world_model][INFO] - emb_dim: 404
[2026-07-25 15:33:22,767][models.visual_world_model][INFO] - Straightening disabled
[2026-07-25 15:33:22,767][models.visual_world_model][INFO] - Speed constancy disabled
[2026-07-25 15:33:22,767][models.visual_world_model][INFO] - Trajectory penalty disabled
[2026-07-25 15:33:22,767][models.visual_world_model][INFO] - Stop-grad enabled: True
[2026-07-25 15:33:22,767][models.visual_world_model][INFO] - VCReg enabled: False, apply_to=enc, std_coeff=0.0, cov_coeff=0.0
[2026-07-25 15:33:22,767][models.visual_world_model][INFO] - Model emb_dim: 404
[timing] setup_model_s=3.663
eval_seed:  [3001, 3301, 3601, 3901, 4201, 4501, 4801, 5101, 5401, 5701]
Dumped plan targets to /opt/dlami/nvme/home/jupyter-deuk-c4e4/pusht-reproduction/cls_reproduction/plan/mpc_seed_300/chunk_10/plan_targets.pkl
[timing] setup_workspace_s=4.730

MPC iter 0 Eval ------- 
Success rate:  0.0
{'success': array([False, False, False, False, False, False, False, False, False,
       False]), 'state_dist': array([126.83085, 134.73936, 200.4172 , 155.33946, 197.25249, 127.55454,
       123.79743, 210.16388, 123.26386, 201.16159], dtype=float32)}
self.is_success:  [False False False False False False False False False False]

MPC iter 1 Eval ------- 
Success rate:  0.0
{'success': array([False, False, False, False, False, False, False, False, False,
       False]), 'state_dist': array([ 82.566666, 122.45828 , 218.94487 , 151.77635 , 168.584   ,
        69.83602 , 130.1594  , 199.67891 ,  89.1546  , 160.29472 ],
      dtype=float32)}
self.is_success:  [False False False False False False False False False False]

MPC iter 2 Eval ------- 
Success rate:  0.0
{'success': array([False, False, False, False, False, False, False, False, False,
       False]), 'state_dist': array([ 78.52991,  85.51115, 192.44487, 133.91371, 160.19133,  48.58893,
        91.54162, 183.4162 ,  73.15585, 171.39484], dtype=float32)}
self.is_success:  [False False False False False False False False False False]

MPC iter 3 Eval ------- 
Success rate:  0.0
{'success': array([False, False, False, False, False, False, False, False, False,
       False]), 'state_dist': array([114.43986 , 111.30566 , 151.15425 , 374.61978 , 232.1408  ,
       144.85541 , 104.89674 , 138.34377 ,  68.990425, 106.53369 ],
      dtype=float32)}
self.is_success:  [False False False False False False False False False False]

MPC iter 4 Eval ------- 
Success rate:  0.2
{'success': array([False, False, False, False, False,  True, False, False,  True,
       False]), 'state_dist': array([155.89006 ,  77.4482  , 148.92215 ,  67.879196, 166.58324 ,
       168.88618 , 178.6859  ,  89.16154 , 147.25452 ,  70.54947 ],
      dtype=float32)}
self.is_success:  [False False False False False  True False False  True False]

MPC iter 5 Eval ------- 
Success rate:  0.2
{'success': array([False, False, False, False, False,  True, False, False,  True,
       False]), 'state_dist': array([ 68.526146, 171.92613 , 228.7967  , 119.98152 , 103.06862 ,
       168.88618 , 111.76105 , 170.52577 , 147.25452 , 119.54749 ],
      dtype=float32)}
self.is_success:  [False False False False False  True False False  True False]

MPC iter 6 Eval ------- 
Success rate:  0.3
{'success': array([ True, False, False, False, False,  True, False, False,  True,
       False]), 'state_dist': array([ 37.193367,  72.23157 , 125.10767 ,  72.35774 ,  47.306606,
       168.88618 , 143.33943 ,  42.372536, 147.25452 , 107.97394 ],
      dtype=float32)}
self.is_success:  [ True False False False False  True False False  True False]

MPC iter 7 Eval ------- 
Success rate:  0.3
{'success': array([ True, False, False, False, False,  True, False, False,  True,
       False]), 'state_dist': array([ 37.193367,  69.72986 ,  97.21847 ,  66.727875,  45.506817,
       168.88618 , 191.55333 , 109.17017 , 147.25452 , 114.03034 ],
      dtype=float32)}
self.is_success:  [ True False False False False  True False False  True False]

MPC iter 8 Eval ------- 
Success rate:  0.3
{'success': array([ True, False, False, False, False,  True, False, False,  True,
       False]), 'state_dist': array([ 37.193367,  75.72886 , 111.00064 ,  54.91712 ,  45.288197,
       168.88618 , 147.61786 , 126.11533 , 147.25452 , 115.97916 ],
      dtype=float32)}
self.is_success:  [ True False False False False  True False False  True False]

MPC iter 9 Eval ------- 
Success rate:  0.3
{'success': array([ True, False, False, False, False,  True, False, False,  True,
       False]), 'state_dist': array([ 37.193367,  76.49714 ,  88.251366,  69.663414,  45.59099 ,
       168.88618 ,  77.58715 , 162.00838 , 147.25452 , 111.78735 ],
      dtype=float32)}
self.is_success:  [ True False False False False  True False False  True False]

MPC iter 10 Eval ------- 
Success rate:  0.3
{'success': array([ True, False, False, False, False,  True, False, False,  True,
       False]), 'state_dist': array([ 37.193367,  78.11504 , 111.68288 ,  77.370346,  47.904804,
       168.88618 ,  58.402733, 106.99562 , 147.25452 , 111.809685],
      dtype=float32)}
self.is_success:  [ True False False False False  True False False  True False]

MPC iter 11 Eval ------- 
Success rate:  0.3
{'success': array([ True, False, False, False, False,  True, False, False,  True,
       False]), 'state_dist': array([ 37.193367,  78.11333 , 108.65001 ,  64.33351 ,  46.33081 ,
       168.88618 ,  45.426662,  82.5235  , 147.25452 , 110.30888 ],
      dtype=float32)}
self.is_success:  [ True False False False False  True False False  True False]

MPC iter 12 Eval ------- 
Success rate:  0.3
{'success': array([ True, False, False, False, False,  True, False, False,  True,
       False]), 'state_dist': array([ 37.193367,  85.284096, 109.1849  ,  75.787415,  45.778393,
       168.88618 ,  31.807213,  75.76961 , 147.25452 , 109.0943  ],
      dtype=float32)}
self.is_success:  [ True False False False False  True False False  True False]

MPC iter 13 Eval ------- 
Success rate:  0.3
{'success': array([ True, False, False, False, False,  True, False, False,  True,
       False]), 'state_dist': array([ 37.193367,  82.596596, 110.21457 ,  74.479935,  46.229305,
       168.88618 ,  37.547207,  59.385765, 147.25452 , 111.127625],
      dtype=float32)}
self.is_success:  [ True False False False False  True False False  True False]

MPC iter 14 Eval ------- 
Success rate:  0.3
{'success': array([ True, False, False, False, False,  True, False, False,  True,
       False]), 'state_dist': array([ 37.193367, 109.38287 , 111.11474 ,  87.15232 ,  46.51019 ,
       168.88618 ,  47.014954,  74.320755, 147.25452 , 110.13636 ],
      dtype=float32)}
self.is_success:  [ True False False False False  True False False  True False]

MPC iter 15 Eval ------- 
Success rate:  0.3
{'success': array([ True, False, False, False, False,  True, False, False,  True,
       False]), 'state_dist': array([ 37.193367,  82.38372 , 105.71094 ,  75.86575 ,  45.388683,
       168.88618 ,  52.62508 ,  71.75633 , 147.25452 , 114.89844 ],
      dtype=float32)}
self.is_success:  [ True False False False False  True False False  True False]

MPC iter 16 Eval ------- 
Success rate:  0.3
{'success': array([ True, False, False, False, False,  True, False, False,  True,
       False]), 'state_dist': array([ 37.193367,  77.08894 , 137.34471 ,  77.82364 ,  46.76264 ,
       168.88618 ,  46.482117,  66.67469 , 147.25452 , 110.2086  ],
      dtype=float32)}
self.is_success:  [ True False False False False  True False False  True False]

MPC iter 17 Eval ------- 
Success rate:  0.3
{'success': array([ True, False, False, False, False,  True, False, False,  True,
       False]), 'state_dist': array([ 37.193367,  74.695404, 110.5115  ,  77.52556 ,  45.856964,
       168.88618 ,  41.36162 ,  62.737324, 147.25452 , 110.58207 ],
      dtype=float32)}
self.is_success:  [ True False False False False  True False False  True False]

MPC iter 18 Eval ------- 
Success rate:  0.3
{'success': array([ True, False, False, False, False,  True, False, False,  True,
       False]), 'state_dist': array([ 37.193367,  76.05148 , 102.289604,  78.35517 ,  45.85781 ,
       168.88618 ,  37.730545,  63.850647, 147.25452 , 108.972374],
      dtype=float32)}
self.is_success:  [ True False False False False  True False False  True False]

MPC iter 19 Eval ------- 
Success rate:  0.3
{'success': array([ True, False, False, False, False,  True, False, False,  True,
       False]), 'state_dist': array([ 37.193367,  78.46214 , 100.781265,  81.4883  ,  47.95731 ,
       168.88618 ,  36.32869 ,  66.31324 , 147.25452 , 110.88311 ],
      dtype=float32)}
self.is_success:  [ True False False False False  True False False  True False]
Success rate:  0.3
{'success': array([ True, False, False, False, False,  True, False, False,  True,
       False]), 'state_dist': array([ 37.193367,  78.46214 , 100.781265,  81.4883  ,  47.95731 ,
       168.88618 ,  36.32869 ,  66.31324 , 147.25452 , 110.88311 ],
      dtype=float32)}
[timing] perform_planning_s=117.717
[timing] total_planning_main_s=126.110
===== cls mpc seed 300 chunk 20 (n_evals=10) =====
/home/jupyter-deuk-c4e4/.conda/envs/ts310/lib/python3.10/site-packages/wandb/sdk/internal/internal_api.py:30: UserWarning: pkg_resources is deprecated as an API. See https://setuptools.pypa.io/en/latest/pkg_resources.html. The pkg_resources package is slated for removal as early as 2025-11-30. Refrain from using this package or pin to Setuptools<81.
  from pkg_resources import parse_version
/home/jupyter-deuk-c4e4/.conda/envs/ts310/lib/python3.10/site-packages/pkg_resources/__init__.py:3148: DeprecationWarning: Deprecated call to `pkg_resources.declare_namespace('mpl_toolkits')`.
Implementing implicit namespace packages (as specified in PEP 420) is preferred to `pkg_resources.declare_namespace`. See https://setuptools.pypa.io/en/latest/references/keywords.html#keyword-namespace-packages
  declare_namespace(pkg)
/home/jupyter-deuk-c4e4/.conda/envs/ts310/lib/python3.10/site-packages/pkg_resources/__init__.py:3148: DeprecationWarning: Deprecated call to `pkg_resources.declare_namespace('google')`.
Implementing implicit namespace packages (as specified in PEP 420) is preferred to `pkg_resources.declare_namespace`. See https://setuptools.pypa.io/en/latest/references/keywords.html#keyword-namespace-packages
  declare_namespace(pkg)
/home/jupyter-deuk-c4e4/.conda/envs/ts310/lib/python3.10/site-packages/Cython/Distutils/old_build_ext.py:15: DeprecationWarning: dep_util is Deprecated. Use functions from setuptools instead.
  from distutils.dep_util import newer, newer_group
<frozen importlib._bootstrap>:283: DeprecationWarning: the load_module() method is deprecated and slated for removal in Python 3.12; use exec_module() instead
Warning: Mujoco-based envs failed to import. Set the environment variable D4RL_SUPPRESS_IMPORT_ERROR=1 to suppress this message.
No module named 'mjrl'
Warning: Flow failed to import. Set the environment variable D4RL_SUPPRESS_IMPORT_ERROR=1 to suppress this message.
No module named 'flow'
Warning: CARLA failed to import. Set the environment variable D4RL_SUPPRESS_IMPORT_ERROR=1 to suppress this message.
No module named 'carla'
pybullet build time: Jan 29 2025 23:16:28
/home/jupyter-deuk-c4e4/.conda/envs/ts310/lib/python3.10/site-packages/gym/envs/registration.py:595: UserWarning: [33mWARN: Overriding environment maze2d-open-v0[0m
  logger.warn(f"Overriding environment {id}")
/home/jupyter-deuk-c4e4/.conda/envs/ts310/lib/python3.10/site-packages/gym/envs/registration.py:595: UserWarning: [33mWARN: Overriding environment maze2d-umaze-v0[0m
  logger.warn(f"Overriding environment {id}")
/home/jupyter-deuk-c4e4/.conda/envs/ts310/lib/python3.10/site-packages/gym/envs/registration.py:595: UserWarning: [33mWARN: Overriding environment maze2d-medium-v0[0m
  logger.warn(f"Overriding environment {id}")
/home/jupyter-deuk-c4e4/.conda/envs/ts310/lib/python3.10/site-packages/gym/envs/registration.py:595: UserWarning: [33mWARN: Overriding environment maze2d-large-v0[0m
  logger.warn(f"Overriding environment {id}")
/home/jupyter-deuk-c4e4/.conda/envs/ts310/lib/python3.10/site-packages/gym/envs/registration.py:595: UserWarning: [33mWARN: Overriding environment maze2d-umaze-v1[0m
  logger.warn(f"Overriding environment {id}")
/home/jupyter-deuk-c4e4/.conda/envs/ts310/lib/python3.10/site-packages/gym/envs/registration.py:595: UserWarning: [33mWARN: Overriding environment maze2d-medium-v1[0m
  logger.warn(f"Overriding environment {id}")
/home/jupyter-deuk-c4e4/.conda/envs/ts310/lib/python3.10/site-packages/gym/envs/registration.py:595: UserWarning: [33mWARN: Overriding environment maze2d-large-v1[0m
  logger.warn(f"Overriding environment {id}")
/home/jupyter-deuk-c4e4/.conda/envs/ts310/lib/python3.10/site-packages/gym/envs/registration.py:595: UserWarning: [33mWARN: Overriding environment maze2d-eval-umaze-v1[0m
  logger.warn(f"Overriding environment {id}")
/home/jupyter-deuk-c4e4/.conda/envs/ts310/lib/python3.10/site-packages/gym/envs/registration.py:595: UserWarning: [33mWARN: Overriding environment maze2d-eval-medium-v1[0m
  logger.warn(f"Overriding environment {id}")
/home/jupyter-deuk-c4e4/.conda/envs/ts310/lib/python3.10/site-packages/gym/envs/registration.py:595: UserWarning: [33mWARN: Overriding environment maze2d-eval-large-v1[0m
  logger.warn(f"Overriding environment {id}")
/home/jupyter-deuk-c4e4/.conda/envs/ts310/lib/python3.10/site-packages/gym/envs/registration.py:595: UserWarning: [33mWARN: Overriding environment maze2d-open-dense-v0[0m
  logger.warn(f"Overriding environment {id}")
/home/jupyter-deuk-c4e4/.conda/envs/ts310/lib/python3.10/site-packages/gym/envs/registration.py:595: UserWarning: [33mWARN: Overriding environment maze2d-umaze-dense-v0[0m
  logger.warn(f"Overriding environment {id}")
/home/jupyter-deuk-c4e4/.conda/envs/ts310/lib/python3.10/site-packages/gym/envs/registration.py:595: UserWarning: [33mWARN: Overriding environment maze2d-medium-dense-v0[0m
  logger.warn(f"Overriding environment {id}")
/home/jupyter-deuk-c4e4/.conda/envs/ts310/lib/python3.10/site-packages/gym/envs/registration.py:595: UserWarning: [33mWARN: Overriding environment maze2d-large-dense-v0[0m
  logger.warn(f"Overriding environment {id}")
/home/jupyter-deuk-c4e4/.conda/envs/ts310/lib/python3.10/site-packages/gym/envs/registration.py:595: UserWarning: [33mWARN: Overriding environment maze2d-umaze-dense-v1[0m
  logger.warn(f"Overriding environment {id}")
/home/jupyter-deuk-c4e4/.conda/envs/ts310/lib/python3.10/site-packages/gym/envs/registration.py:595: UserWarning: [33mWARN: Overriding environment maze2d-medium-dense-v1[0m
  logger.warn(f"Overriding environment {id}")
/home/jupyter-deuk-c4e4/.conda/envs/ts310/lib/python3.10/site-packages/gym/envs/registration.py:595: UserWarning: [33mWARN: Overriding environment maze2d-large-dense-v1[0m
  logger.warn(f"Overriding environment {id}")
/home/jupyter-deuk-c4e4/.conda/envs/ts310/lib/python3.10/site-packages/gym/envs/registration.py:595: UserWarning: [33mWARN: Overriding environment maze2d-eval-umaze-dense-v1[0m
  logger.warn(f"Overriding environment {id}")
/home/jupyter-deuk-c4e4/.conda/envs/ts310/lib/python3.10/site-packages/gym/envs/registration.py:595: UserWarning: [33mWARN: Overriding environment maze2d-eval-medium-dense-v1[0m
  logger.warn(f"Overriding environment {id}")
/home/jupyter-deuk-c4e4/.conda/envs/ts310/lib/python3.10/site-packages/gym/envs/registration.py:595: UserWarning: [33mWARN: Overriding environment maze2d-eval-large-dense-v1[0m
  logger.warn(f"Overriding environment {id}")
/opt/dlami/nvme/home/jupyter-deuk-c4e4/temporal-straightening/custom_resolvers.py:4: UserWarning: 
The version_base parameter is not specified.
Please specify a compatability version level, or None.
Will assume defaults for version 1.1
  @hydra.main(config_path=None)
[2026-07-25 15:35:30,683][__main__][INFO] - Planning result saved dir: /opt/dlami/nvme/home/jupyter-deuk-c4e4/pusht-reproduction/cls_reproduction/plan/mpc_seed_300/chunk_20
/home/jupyter-deuk-c4e4/.conda/envs/ts310/lib/python3.10/site-packages/wandb/sdk/internal/internal_api.py:30: UserWarning: pkg_resources is deprecated as an API. See https://setuptools.pypa.io/en/latest/pkg_resources.html. The pkg_resources package is slated for removal as early as 2025-11-30. Refrain from using this package or pin to Setuptools<81.
  from pkg_resources import parse_version
Using cache found in /home/jupyter-deuk-c4e4/.cache/torch/hub/facebookresearch_dinov2_81b2b6419385
Loaded 18685 rollouts
Loaded 21 rollouts
[2026-07-25 15:35:33,160][dinov2][INFO] - using MLP layer as FFN
[2026-07-25 15:35:33,586][models.dino][WARNING] - Unknown projector 'none' for patch tokens; proceeding without projector.
Resuming from epoch 2: /home/jupyter-deuk-c4e4/pusht-reproduction/cls_reproduction/test/pusht_False_agg32_projnone_dim384_hw14_sgTrue_lr1e-06/checkpoints/model_2.pth
[2026-07-25 15:35:34,011][models.visual_world_model][INFO] - num_action_repeat: 1
[2026-07-25 15:35:34,011][models.visual_world_model][INFO] - num_proprio_repeat: 1
[2026-07-25 15:35:34,012][models.visual_world_model][INFO] - proprio encoder: ProprioceptiveEmbedding(
  (patch_embed): Conv1d(4, 10, kernel_size=(1,), stride=(1,))
  (norm): LayerNorm((10,), eps=1e-05, elementwise_affine=True)
)
[2026-07-25 15:35:34,012][models.visual_world_model][INFO] - action encoder: ProprioceptiveEmbedding(
  (patch_embed): Conv1d(10, 10, kernel_size=(1,), stride=(1,))
  (norm): LayerNorm((10,), eps=1e-05, elementwise_affine=True)
)
[2026-07-25 15:35:34,012][models.visual_world_model][INFO] - proprio_dim: 10, after repeat: 10
[2026-07-25 15:35:34,012][models.visual_world_model][INFO] - action_dim: 10, after repeat: 10
[2026-07-25 15:35:34,012][models.visual_world_model][INFO] - emb_dim: 404
[2026-07-25 15:35:34,012][models.visual_world_model][INFO] - Straightening disabled
[2026-07-25 15:35:34,012][models.visual_world_model][INFO] - Speed constancy disabled
[2026-07-25 15:35:34,012][models.visual_world_model][INFO] - Trajectory penalty disabled
[2026-07-25 15:35:34,012][models.visual_world_model][INFO] - Stop-grad enabled: True
[2026-07-25 15:35:34,012][models.visual_world_model][INFO] - VCReg enabled: False, apply_to=enc, std_coeff=0.0, cov_coeff=0.0
[2026-07-25 15:35:34,012][models.visual_world_model][INFO] - Model emb_dim: 404
[timing] setup_model_s=3.332
eval_seed:  [6001, 6301, 6601, 6901, 7201, 7501, 7801, 8101, 8401, 8701]
Dumped plan targets to /opt/dlami/nvme/home/jupyter-deuk-c4e4/pusht-reproduction/cls_reproduction/plan/mpc_seed_300/chunk_20/plan_targets.pkl
[timing] setup_workspace_s=6.553

MPC iter 0 Eval ------- 
Success rate:  0.0
{'success': array([False, False, False, False, False, False, False, False, False,
       False]), 'state_dist': array([128.06963, 202.05217, 193.59474,  97.49956, 200.35884, 197.73044,
       173.50996, 308.0682 , 170.94376, 183.26967], dtype=float32)}
self.is_success:  [False False False False False False False False False False]

MPC iter 1 Eval ------- 
Success rate:  0.0
{'success': array([False, False, False, False, False, False, False, False, False,
       False]), 'state_dist': array([113.775406, 175.1716  , 213.71022 , 120.69948 , 155.06998 ,
       167.35017 , 169.29184 , 286.38242 , 140.62486 , 159.17264 ],
      dtype=float32)}
self.is_success:  [False False False False False False False False False False]

MPC iter 2 Eval ------- 
Success rate:  0.0
{'success': array([False, False, False, False, False, False, False, False, False,
       False]), 'state_dist': array([123.660995, 122.09023 , 199.38397 , 102.25882 , 111.549904,
       132.88745 , 209.80739 , 202.16582 , 133.25864 , 168.35732 ],
      dtype=float32)}
self.is_success:  [False False False False False False False False False False]

MPC iter 3 Eval ------- 
Success rate:  0.0
{'success': array([False, False, False, False, False, False, False, False, False,
       False]), 'state_dist': array([145.39429, 147.89679, 205.48811, 143.26512,  83.34386, 160.1171 ,
       318.85648, 179.64713, 268.5781 , 167.76054], dtype=float32)}
self.is_success:  [False False False False False False False False False False]

MPC iter 4 Eval ------- 
Success rate:  0.1
{'success': array([False, False, False, False,  True, False, False, False, False,
       False]), 'state_dist': array([157.43391 , 228.7671  , 116.14143 , 183.28296 ,  66.41156 ,
        59.228146, 193.11974 , 138.72029 , 144.15195 ,  87.76573 ],
      dtype=float32)}
self.is_success:  [False False False False  True False False False False False]

MPC iter 5 Eval ------- 
Success rate:  0.2
{'success': array([False, False,  True, False,  True, False, False, False, False,
       False]), 'state_dist': array([131.45001 , 164.71497 ,  23.923088, 110.26311 ,  66.41156 ,
        40.43783 , 182.01207 ,  46.27331 , 119.00659 ,  36.914978],
      dtype=float32)}
self.is_success:  [False False  True False  True False False False False False]

MPC iter 6 Eval ------- 
Success rate:  0.3
{'success': array([False, False,  True, False,  True, False, False, False, False,
        True]), 'state_dist': array([121.505005, 160.40721 ,  23.923088,  22.319494,  66.41156 ,
        31.263493,  53.031437,  51.336212, 106.30742 ,  37.353416],
      dtype=float32)}
self.is_success:  [False False  True False  True False False False False  True]

MPC iter 7 Eval ------- 
Success rate:  0.3
{'success': array([False, False,  True, False,  True, False, False, False, False,
        True]), 'state_dist': array([113.01634 , 165.7741  ,  23.923088,  43.607635,  66.41156 ,
        34.216946,  28.696178,  52.703342, 117.88484 ,  37.353416],
      dtype=float32)}
self.is_success:  [False False  True False  True False False False False  True]

MPC iter 8 Eval ------- 
Success rate:  0.4
{'success': array([False, False,  True,  True,  True, False, False, False, False,
        True]), 'state_dist': array([104.81417 , 159.21608 ,  23.923088,  45.715286,  66.41156 ,
        33.60538 ,  27.45031 ,  50.685215, 107.51922 ,  37.353416],
      dtype=float32)}
self.is_success:  [False False  True  True  True False False False False  True]

MPC iter 9 Eval ------- 
Success rate:  0.4
{'success': array([False, False,  True,  True,  True, False, False, False, False,
        True]), 'state_dist': array([102.54695 , 185.5921  ,  23.923088,  45.715286,  66.41156 ,
        32.1335  ,  28.273247,  50.94668 , 108.37188 ,  37.353416],
      dtype=float32)}
self.is_success:  [False False  True  True  True False False False False  True]

MPC iter 10 Eval ------- 
Success rate:  0.5
{'success': array([False, False,  True,  True,  True, False,  True, False, False,
        True]), 'state_dist': array([103.37457 , 156.58922 ,  23.923088,  45.715286,  66.41156 ,
        30.882988,  28.46046 ,  52.363274, 107.97451 ,  37.353416],
      dtype=float32)}
self.is_success:  [False False  True  True  True False  True False False  True]

MPC iter 11 Eval ------- 
Success rate:  0.5
{'success': array([False, False,  True,  True,  True, False,  True, False, False,
        True]), 'state_dist': array([103.51789 , 157.5966  ,  23.923088,  45.715286,  66.41156 ,
        33.189   ,  28.46046 ,  51.084   , 109.78443 ,  37.353416],
      dtype=float32)}
self.is_success:  [False False  True  True  True False  True False False  True]

MPC iter 12 Eval ------- 
Success rate:  0.5
{'success': array([False, False,  True,  True,  True, False,  True, False, False,
        True]), 'state_dist': array([104.25742 , 188.15863 ,  23.923088,  45.715286,  66.41156 ,
        31.190338,  28.46046 ,  50.05349 , 108.54062 ,  37.353416],
      dtype=float32)}
self.is_success:  [False False  True  True  True False  True False False  True]

MPC iter 13 Eval ------- 
Success rate:  0.5
{'success': array([False, False,  True,  True,  True, False,  True, False, False,
        True]), 'state_dist': array([106.20296 , 167.87894 ,  23.923088,  45.715286,  66.41156 ,
        30.768974,  28.46046 ,  52.666885, 107.72102 ,  37.353416],
      dtype=float32)}
self.is_success:  [False False  True  True  True False  True False False  True]

MPC iter 14 Eval ------- 
Success rate:  0.5
{'success': array([False, False,  True,  True,  True, False,  True, False, False,
        True]), 'state_dist': array([103.158676, 165.38129 ,  23.923088,  45.715286,  66.41156 ,
        33.159283,  28.46046 ,  49.4779  , 107.70265 ,  37.353416],
      dtype=float32)}
self.is_success:  [False False  True  True  True False  True False False  True]

MPC iter 15 Eval ------- 
Success rate:  0.5
{'success': array([False, False,  True,  True,  True, False,  True, False, False,
        True]), 'state_dist': array([105.92009 , 165.24362 ,  23.923088,  45.715286,  66.41156 ,
        31.634453,  28.46046 ,  51.14896 , 109.17628 ,  37.353416],
      dtype=float32)}
self.is_success:  [False False  True  True  True False  True False False  True]

MPC iter 16 Eval ------- 
Success rate:  0.5
{'success': array([False, False,  True,  True,  True, False,  True, False, False,
        True]), 'state_dist': array([104.57266 , 164.60466 ,  23.923088,  45.715286,  66.41156 ,
        33.426636,  28.46046 ,  51.10422 , 109.41664 ,  37.353416],
      dtype=float32)}
self.is_success:  [False False  True  True  True False  True False False  True]

MPC iter 17 Eval ------- 
Success rate:  0.5
{'success': array([False, False,  True,  True,  True, False,  True, False, False,
        True]), 'state_dist': array([105.39653 , 167.15526 ,  23.923088,  45.715286,  66.41156 ,
        32.28668 ,  28.46046 ,  52.104095, 110.37662 ,  37.353416],
      dtype=float32)}
self.is_success:  [False False  True  True  True False  True False False  True]

MPC iter 18 Eval ------- 
Success rate:  0.5
{'success': array([False, False,  True,  True,  True, False,  True, False, False,
        True]), 'state_dist': array([105.84804 , 174.45038 ,  23.923088,  45.715286,  66.41156 ,
        30.806828,  28.46046 ,  50.726765, 108.19323 ,  37.353416],
      dtype=float32)}
self.is_success:  [False False  True  True  True False  True False False  True]

MPC iter 19 Eval ------- 
Success rate:  0.5
{'success': array([False, False,  True,  True,  True, False,  True, False, False,
        True]), 'state_dist': array([102.59017 , 173.69304 ,  23.923088,  45.715286,  66.41156 ,
        32.322456,  28.46046 ,  50.521152, 115.25972 ,  37.353416],
      dtype=float32)}
self.is_success:  [False False  True  True  True False  True False False  True]
Success rate:  0.5
{'success': array([False, False,  True,  True,  True, False,  True, False, False,
        True]), 'state_dist': array([102.59017 , 173.69304 ,  23.923088,  45.715286,  66.41156 ,
        32.322456,  28.46046 ,  50.521152, 115.25972 ,  37.353416],
      dtype=float32)}
[timing] perform_planning_s=115.311
[timing] total_planning_main_s=125.196
===== cls mpc seed 300 chunk 30 (n_evals=10) =====
/home/jupyter-deuk-c4e4/.conda/envs/ts310/lib/python3.10/site-packages/wandb/sdk/internal/internal_api.py:30: UserWarning: pkg_resources is deprecated as an API. See https://setuptools.pypa.io/en/latest/pkg_resources.html. The pkg_resources package is slated for removal as early as 2025-11-30. Refrain from using this package or pin to Setuptools<81.
  from pkg_resources import parse_version
/home/jupyter-deuk-c4e4/.conda/envs/ts310/lib/python3.10/site-packages/pkg_resources/__init__.py:3148: DeprecationWarning: Deprecated call to `pkg_resources.declare_namespace('mpl_toolkits')`.
Implementing implicit namespace packages (as specified in PEP 420) is preferred to `pkg_resources.declare_namespace`. See https://setuptools.pypa.io/en/latest/references/keywords.html#keyword-namespace-packages
  declare_namespace(pkg)
/home/jupyter-deuk-c4e4/.conda/envs/ts310/lib/python3.10/site-packages/pkg_resources/__init__.py:3148: DeprecationWarning: Deprecated call to `pkg_resources.declare_namespace('google')`.
Implementing implicit namespace packages (as specified in PEP 420) is preferred to `pkg_resources.declare_namespace`. See https://setuptools.pypa.io/en/latest/references/keywords.html#keyword-namespace-packages
  declare_namespace(pkg)
/home/jupyter-deuk-c4e4/.conda/envs/ts310/lib/python3.10/site-packages/Cython/Distutils/old_build_ext.py:15: DeprecationWarning: dep_util is Deprecated. Use functions from setuptools instead.
  from distutils.dep_util import newer, newer_group
<frozen importlib._bootstrap>:283: DeprecationWarning: the load_module() method is deprecated and slated for removal in Python 3.12; use exec_module() instead
Warning: Mujoco-based envs failed to import. Set the environment variable D4RL_SUPPRESS_IMPORT_ERROR=1 to suppress this message.
No module named 'mjrl'
Warning: Flow failed to import. Set the environment variable D4RL_SUPPRESS_IMPORT_ERROR=1 to suppress this message.
No module named 'flow'
Warning: CARLA failed to import. Set the environment variable D4RL_SUPPRESS_IMPORT_ERROR=1 to suppress this message.
No module named 'carla'
pybullet build time: Jan 29 2025 23:16:28
/home/jupyter-deuk-c4e4/.conda/envs/ts310/lib/python3.10/site-packages/gym/envs/registration.py:595: UserWarning: [33mWARN: Overriding environment maze2d-open-v0[0m
  logger.warn(f"Overriding environment {id}")
/home/jupyter-deuk-c4e4/.conda/envs/ts310/lib/python3.10/site-packages/gym/envs/registration.py:595: UserWarning: [33mWARN: Overriding environment maze2d-umaze-v0[0m
  logger.warn(f"Overriding environment {id}")
/home/jupyter-deuk-c4e4/.conda/envs/ts310/lib/python3.10/site-packages/gym/envs/registration.py:595: UserWarning: [33mWARN: Overriding environment maze2d-medium-v0[0m
  logger.warn(f"Overriding environment {id}")
/home/jupyter-deuk-c4e4/.conda/envs/ts310/lib/python3.10/site-packages/gym/envs/registration.py:595: UserWarning: [33mWARN: Overriding environment maze2d-large-v0[0m
  logger.warn(f"Overriding environment {id}")
/home/jupyter-deuk-c4e4/.conda/envs/ts310/lib/python3.10/site-packages/gym/envs/registration.py:595: UserWarning: [33mWARN: Overriding environment maze2d-umaze-v1[0m
  logger.warn(f"Overriding environment {id}")
/home/jupyter-deuk-c4e4/.conda/envs/ts310/lib/python3.10/site-packages/gym/envs/registration.py:595: UserWarning: [33mWARN: Overriding environment maze2d-medium-v1[0m
  logger.warn(f"Overriding environment {id}")
/home/jupyter-deuk-c4e4/.conda/envs/ts310/lib/python3.10/site-packages/gym/envs/registration.py:595: UserWarning: [33mWARN: Overriding environment maze2d-large-v1[0m
  logger.warn(f"Overriding environment {id}")
/home/jupyter-deuk-c4e4/.conda/envs/ts310/lib/python3.10/site-packages/gym/envs/registration.py:595: UserWarning: [33mWARN: Overriding environment maze2d-eval-umaze-v1[0m
  logger.warn(f"Overriding environment {id}")
/home/jupyter-deuk-c4e4/.conda/envs/ts310/lib/python3.10/site-packages/gym/envs/registration.py:595: UserWarning: [33mWARN: Overriding environment maze2d-eval-medium-v1[0m
  logger.warn(f"Overriding environment {id}")
/home/jupyter-deuk-c4e4/.conda/envs/ts310/lib/python3.10/site-packages/gym/envs/registration.py:595: UserWarning: [33mWARN: Overriding environment maze2d-eval-large-v1[0m
  logger.warn(f"Overriding environment {id}")
/home/jupyter-deuk-c4e4/.conda/envs/ts310/lib/python3.10/site-packages/gym/envs/registration.py:595: UserWarning: [33mWARN: Overriding environment maze2d-open-dense-v0[0m
  logger.warn(f"Overriding environment {id}")
/home/jupyter-deuk-c4e4/.conda/envs/ts310/lib/python3.10/site-packages/gym/envs/registration.py:595: UserWarning: [33mWARN: Overriding environment maze2d-umaze-dense-v0[0m
  logger.warn(f"Overriding environment {id}")
/home/jupyter-deuk-c4e4/.conda/envs/ts310/lib/python3.10/site-packages/gym/envs/registration.py:595: UserWarning: [33mWARN: Overriding environment maze2d-medium-dense-v0[0m
  logger.warn(f"Overriding environment {id}")
/home/jupyter-deuk-c4e4/.conda/envs/ts310/lib/python3.10/site-packages/gym/envs/registration.py:595: UserWarning: [33mWARN: Overriding environment maze2d-large-dense-v0[0m
  logger.warn(f"Overriding environment {id}")
/home/jupyter-deuk-c4e4/.conda/envs/ts310/lib/python3.10/site-packages/gym/envs/registration.py:595: UserWarning: [33mWARN: Overriding environment maze2d-umaze-dense-v1[0m
  logger.warn(f"Overriding environment {id}")
/home/jupyter-deuk-c4e4/.conda/envs/ts310/lib/python3.10/site-packages/gym/envs/registration.py:595: UserWarning: [33mWARN: Overriding environment maze2d-medium-dense-v1[0m
  logger.warn(f"Overriding environment {id}")
/home/jupyter-deuk-c4e4/.conda/envs/ts310/lib/python3.10/site-packages/gym/envs/registration.py:595: UserWarning: [33mWARN: Overriding environment maze2d-large-dense-v1[0m
  logger.warn(f"Overriding environment {id}")
/home/jupyter-deuk-c4e4/.conda/envs/ts310/lib/python3.10/site-packages/gym/envs/registration.py:595: UserWarning: [33mWARN: Overriding environment maze2d-eval-umaze-dense-v1[0m
  logger.warn(f"Overriding environment {id}")
/home/jupyter-deuk-c4e4/.conda/envs/ts310/lib/python3.10/site-packages/gym/envs/registration.py:595: UserWarning: [33mWARN: Overriding environment maze2d-eval-medium-dense-v1[0m
  logger.warn(f"Overriding environment {id}")
/home/jupyter-deuk-c4e4/.conda/envs/ts310/lib/python3.10/site-packages/gym/envs/registration.py:595: UserWarning: [33mWARN: Overriding environment maze2d-eval-large-dense-v1[0m
  logger.warn(f"Overriding environment {id}")
/opt/dlami/nvme/home/jupyter-deuk-c4e4/temporal-straightening/custom_resolvers.py:4: UserWarning: 
The version_base parameter is not specified.
Please specify a compatability version level, or None.
Will assume defaults for version 1.1
  @hydra.main(config_path=None)
[2026-07-25 15:37:41,136][__main__][INFO] - Planning result saved dir: /opt/dlami/nvme/home/jupyter-deuk-c4e4/pusht-reproduction/cls_reproduction/plan/mpc_seed_300/chunk_30
/home/jupyter-deuk-c4e4/.conda/envs/ts310/lib/python3.10/site-packages/wandb/sdk/internal/internal_api.py:30: UserWarning: pkg_resources is deprecated as an API. See https://setuptools.pypa.io/en/latest/pkg_resources.html. The pkg_resources package is slated for removal as early as 2025-11-30. Refrain from using this package or pin to Setuptools<81.
  from pkg_resources import parse_version
Using cache found in /home/jupyter-deuk-c4e4/.cache/torch/hub/facebookresearch_dinov2_81b2b6419385
Loaded 18685 rollouts
Loaded 21 rollouts
[2026-07-25 15:37:43,618][dinov2][INFO] - using MLP layer as FFN
[2026-07-25 15:37:44,027][models.dino][WARNING] - Unknown projector 'none' for patch tokens; proceeding without projector.
Resuming from epoch 2: /home/jupyter-deuk-c4e4/pusht-reproduction/cls_reproduction/test/pusht_False_agg32_projnone_dim384_hw14_sgTrue_lr1e-06/checkpoints/model_2.pth
[2026-07-25 15:37:44,440][models.visual_world_model][INFO] - num_action_repeat: 1
[2026-07-25 15:37:44,440][models.visual_world_model][INFO] - num_proprio_repeat: 1
[2026-07-25 15:37:44,440][models.visual_world_model][INFO] - proprio encoder: ProprioceptiveEmbedding(
  (patch_embed): Conv1d(4, 10, kernel_size=(1,), stride=(1,))
  (norm): LayerNorm((10,), eps=1e-05, elementwise_affine=True)
)
[2026-07-25 15:37:44,440][models.visual_world_model][INFO] - action encoder: ProprioceptiveEmbedding(
  (patch_embed): Conv1d(10, 10, kernel_size=(1,), stride=(1,))
  (norm): LayerNorm((10,), eps=1e-05, elementwise_affine=True)
)
[2026-07-25 15:37:44,440][models.visual_world_model][INFO] - proprio_dim: 10, after repeat: 10
[2026-07-25 15:37:44,440][models.visual_world_model][INFO] - action_dim: 10, after repeat: 10
[2026-07-25 15:37:44,440][models.visual_world_model][INFO] - emb_dim: 404
[2026-07-25 15:37:44,441][models.visual_world_model][INFO] - Straightening disabled
[2026-07-25 15:37:44,441][models.visual_world_model][INFO] - Speed constancy disabled
[2026-07-25 15:37:44,441][models.visual_world_model][INFO] - Trajectory penalty disabled
[2026-07-25 15:37:44,441][models.visual_world_model][INFO] - Stop-grad enabled: True
[2026-07-25 15:37:44,441][models.visual_world_model][INFO] - VCReg enabled: False, apply_to=enc, std_coeff=0.0, cov_coeff=0.0
[2026-07-25 15:37:44,441][models.visual_world_model][INFO] - Model emb_dim: 404
[timing] setup_model_s=3.307
eval_seed:  [9001, 9301, 9601, 9901, 10201, 10501, 10801, 11101, 11401, 11701]
Dumped plan targets to /opt/dlami/nvme/home/jupyter-deuk-c4e4/pusht-reproduction/cls_reproduction/plan/mpc_seed_300/chunk_30/plan_targets.pkl
[timing] setup_workspace_s=5.894

MPC iter 0 Eval ------- 
Success rate:  0.0
{'success': array([False, False, False, False, False, False, False, False, False,
       False]), 'state_dist': array([165.6546 , 176.33012, 146.29742, 193.4956 , 160.68282, 255.02235,
       128.07462,  95.11115, 283.60788, 145.18954], dtype=float32)}
self.is_success:  [False False False False False False False False False False]

MPC iter 1 Eval ------- 
Success rate:  0.0
{'success': array([False, False, False, False, False, False, False, False, False,
       False]), 'state_dist': array([238.31607, 168.96619, 133.4419 , 183.81955, 114.1367 , 202.87405,
        87.75186,  95.58469, 291.06494,  67.17211], dtype=float32)}
self.is_success:  [False False False False False False False False False False]

MPC iter 2 Eval ------- 
Success rate:  0.0
{'success': array([False, False, False, False, False, False, False, False, False,
       False]), 'state_dist': array([215.55472, 150.77444, 244.94107, 188.70695,  84.24725, 153.03821,
        82.40431, 103.15919, 264.30734, 203.53358], dtype=float32)}
self.is_success:  [False False False False False False False False False False]

MPC iter 3 Eval ------- 
Success rate:  0.0
{'success': array([False, False, False, False, False, False, False, False, False,
       False]), 'state_dist': array([163.38034 , 204.37932 , 183.07758 , 203.94588 , 113.76088 ,
       100.70277 , 113.188866,  65.0383  , 214.46214 , 258.15353 ],
      dtype=float32)}
self.is_success:  [False False False False False False False False False False]

MPC iter 4 Eval ------- 
Success rate:  0.0
{'success': array([False, False, False, False, False, False, False, False, False,
       False]), 'state_dist': array([119.14866 ,  99.33002 , 117.8789  ,  52.714596, 117.81517 ,
       174.7649  , 116.21616 , 158.86661 , 194.30861 ,  62.43783 ],
      dtype=float32)}
self.is_success:  [False False False False False False False False False False]

MPC iter 5 Eval ------- 
Success rate:  0.1
{'success': array([False, False, False, False, False, False, False, False, False,
        True]), 'state_dist': array([ 41.20492 ,  51.717068, 104.703415,  39.441727,  27.697027,
        43.854836, 169.26611 ,  86.600494, 116.04989 ,  40.040276],
      dtype=float32)}
self.is_success:  [False False False False False False False False False  True]

MPC iter 6 Eval ------- 
Success rate:  0.4
{'success': array([False, False,  True, False,  True,  True, False, False, False,
        True]), 'state_dist': array([106.521126,  53.233284,  61.22154 ,  40.460888,  17.39492 ,
        69.84872 , 157.74284 ,  71.439476,  93.37374 ,  40.040276],
      dtype=float32)}
self.is_success:  [False False  True False  True  True False False False  True]

MPC iter 7 Eval ------- 
Success rate:  0.4
{'success': array([False, False,  True, False,  True,  True, False, False, False,
        True]), 'state_dist': array([ 78.80849 ,  61.90024 ,  61.22154 ,  37.63443 ,  17.39492 ,
        69.84872 ,  80.43445 ,  65.519966, 111.92476 ,  40.040276],
      dtype=float32)}
self.is_success:  [False False  True False  True  True False False False  True]

MPC iter 8 Eval ------- 
Success rate:  0.4
{'success': array([False, False,  True, False,  True,  True, False, False, False,
        True]), 'state_dist': array([ 57.900936,  64.77859 ,  61.22154 ,  35.982765,  17.39492 ,
        69.84872 ,  31.069809,  59.168633, 109.75236 ,  40.040276],
      dtype=float32)}
self.is_success:  [False False  True False  True  True False False False  True]

MPC iter 9 Eval ------- 
Success rate:  0.4
{'success': array([False, False,  True, False,  True,  True, False, False, False,
        True]), 'state_dist': array([ 57.63545 ,  61.26622 ,  61.22154 ,  38.61862 ,  17.39492 ,
        69.84872 ,  40.855656,  58.51384 , 126.192215,  40.040276],
      dtype=float32)}
self.is_success:  [False False  True False  True  True False False False  True]

MPC iter 10 Eval ------- 
Success rate:  0.4
{'success': array([False, False,  True, False,  True,  True, False, False, False,
        True]), 'state_dist': array([ 57.435417, 109.926155,  61.22154 ,  35.338192,  17.39492 ,
        69.84872 ,  44.168472,  57.21018 ,  65.7301  ,  40.040276],
      dtype=float32)}
self.is_success:  [False False  True False  True  True False False False  True]

MPC iter 11 Eval ------- 
Success rate:  0.4
{'success': array([False, False,  True, False,  True,  True, False, False, False,
        True]), 'state_dist': array([57.13558 , 96.83132 , 61.22154 , 36.853115, 17.39492 , 69.84872 ,
       92.47984 , 57.129246, 74.72552 , 40.040276], dtype=float32)}
self.is_success:  [False False  True False  True  True False False False  True]

MPC iter 12 Eval ------- 
Success rate:  0.4
{'success': array([False, False,  True, False,  True,  True, False, False, False,
        True]), 'state_dist': array([ 57.07495 ,  94.9353  ,  61.22154 ,  36.554947,  17.39492 ,
        69.84872 ,  90.22017 ,  57.36133 , 111.74629 ,  40.040276],
      dtype=float32)}
self.is_success:  [False False  True False  True  True False False False  True]

MPC iter 13 Eval ------- 
Success rate:  0.4
{'success': array([False, False,  True, False,  True,  True, False, False, False,
        True]), 'state_dist': array([ 57.351013, 108.053604,  61.22154 ,  37.731518,  17.39492 ,
        69.84872 ,  61.002014,  57.11563 ,  65.014755,  40.040276],
      dtype=float32)}
self.is_success:  [False False  True False  True  True False False False  True]

MPC iter 14 Eval ------- 
Success rate:  0.4
{'success': array([False, False,  True, False,  True,  True, False, False, False,
        True]), 'state_dist': array([ 57.320118, 115.56889 ,  61.22154 ,  37.721146,  17.39492 ,
        69.84872 ,  63.283024,  57.451042,  71.081436,  40.040276],
      dtype=float32)}
self.is_success:  [False False  True False  True  True False False False  True]

MPC iter 15 Eval ------- 
Success rate:  0.4
{'success': array([False, False,  True, False,  True,  True, False, False, False,
        True]), 'state_dist': array([57.309116, 87.38439 , 61.22154 , 35.10166 , 17.39492 , 69.84872 ,
       67.111465, 57.08655 , 74.29474 , 40.040276], dtype=float32)}
self.is_success:  [False False  True False  True  True False False False  True]

MPC iter 16 Eval ------- 
Success rate:  0.4
{'success': array([False, False,  True, False,  True,  True, False, False, False,
        True]), 'state_dist': array([ 57.306095,  89.83354 ,  61.22154 ,  35.60955 ,  17.39492 ,
        69.84872 ,  56.468174,  57.457058, 108.495995,  40.040276],
      dtype=float32)}
self.is_success:  [False False  True False  True  True False False False  True]

MPC iter 17 Eval ------- 
Success rate:  0.4
{'success': array([False, False,  True, False,  True,  True, False, False, False,
        True]), 'state_dist': array([57.301945, 90.636505, 61.22154 , 36.385143, 17.39492 , 69.84872 ,
       56.95475 , 57.10812 , 73.23643 , 40.040276], dtype=float32)}
self.is_success:  [False False  True False  True  True False False False  True]

MPC iter 18 Eval ------- 
Success rate:  0.4
{'success': array([False, False,  True, False,  True,  True, False, False, False,
        True]), 'state_dist': array([57.29571 , 88.97725 , 61.22154 , 36.64561 , 17.39492 , 69.84872 ,
       60.426807, 57.109814, 73.78682 , 40.040276], dtype=float32)}
self.is_success:  [False False  True False  True  True False False False  True]

MPC iter 19 Eval ------- 
Success rate:  0.4
{'success': array([False, False,  True, False,  True,  True, False, False, False,
        True]), 'state_dist': array([57.296593, 89.29088 , 61.22154 , 35.00463 , 17.39492 , 69.84872 ,
       60.8571  , 57.337822, 76.65396 , 40.040276], dtype=float32)}
self.is_success:  [False False  True False  True  True False False False  True]
Success rate:  0.4
{'success': array([False, False,  True, False,  True,  True, False, False, False,
        True]), 'state_dist': array([57.296593, 89.29088 , 61.22154 , 35.00463 , 17.39492 , 69.84872 ,
       60.8571  , 57.337822, 76.65396 , 40.040276], dtype=float32)}
[timing] perform_planning_s=113.823
[timing] total_planning_main_s=123.024
===== cls mpc seed 300 chunk 40 (n_evals=10) =====
/home/jupyter-deuk-c4e4/.conda/envs/ts310/lib/python3.10/site-packages/wandb/sdk/internal/internal_api.py:30: UserWarning: pkg_resources is deprecated as an API. See https://setuptools.pypa.io/en/latest/pkg_resources.html. The pkg_resources package is slated for removal as early as 2025-11-30. Refrain from using this package or pin to Setuptools<81.
  from pkg_resources import parse_version
/home/jupyter-deuk-c4e4/.conda/envs/ts310/lib/python3.10/site-packages/pkg_resources/__init__.py:3148: DeprecationWarning: Deprecated call to `pkg_resources.declare_namespace('mpl_toolkits')`.
Implementing implicit namespace packages (as specified in PEP 420) is preferred to `pkg_resources.declare_namespace`. See https://setuptools.pypa.io/en/latest/references/keywords.html#keyword-namespace-packages
  declare_namespace(pkg)
/home/jupyter-deuk-c4e4/.conda/envs/ts310/lib/python3.10/site-packages/pkg_resources/__init__.py:3148: DeprecationWarning: Deprecated call to `pkg_resources.declare_namespace('google')`.
Implementing implicit namespace packages (as specified in PEP 420) is preferred to `pkg_resources.declare_namespace`. See https://setuptools.pypa.io/en/latest/references/keywords.html#keyword-namespace-packages
  declare_namespace(pkg)
/home/jupyter-deuk-c4e4/.conda/envs/ts310/lib/python3.10/site-packages/Cython/Distutils/old_build_ext.py:15: DeprecationWarning: dep_util is Deprecated. Use functions from setuptools instead.
  from distutils.dep_util import newer, newer_group
<frozen importlib._bootstrap>:283: DeprecationWarning: the load_module() method is deprecated and slated for removal in Python 3.12; use exec_module() instead
Warning: Mujoco-based envs failed to import. Set the environment variable D4RL_SUPPRESS_IMPORT_ERROR=1 to suppress this message.
No module named 'mjrl'
Warning: Flow failed to import. Set the environment variable D4RL_SUPPRESS_IMPORT_ERROR=1 to suppress this message.
No module named 'flow'
Warning: CARLA failed to import. Set the environment variable D4RL_SUPPRESS_IMPORT_ERROR=1 to suppress this message.
No module named 'carla'
pybullet build time: Jan 29 2025 23:16:28
/home/jupyter-deuk-c4e4/.conda/envs/ts310/lib/python3.10/site-packages/gym/envs/registration.py:595: UserWarning: [33mWARN: Overriding environment maze2d-open-v0[0m
  logger.warn(f"Overriding environment {id}")
/home/jupyter-deuk-c4e4/.conda/envs/ts310/lib/python3.10/site-packages/gym/envs/registration.py:595: UserWarning: [33mWARN: Overriding environment maze2d-umaze-v0[0m
  logger.warn(f"Overriding environment {id}")
/home/jupyter-deuk-c4e4/.conda/envs/ts310/lib/python3.10/site-packages/gym/envs/registration.py:595: UserWarning: [33mWARN: Overriding environment maze2d-medium-v0[0m
  logger.warn(f"Overriding environment {id}")
/home/jupyter-deuk-c4e4/.conda/envs/ts310/lib/python3.10/site-packages/gym/envs/registration.py:595: UserWarning: [33mWARN: Overriding environment maze2d-large-v0[0m
  logger.warn(f"Overriding environment {id}")
/home/jupyter-deuk-c4e4/.conda/envs/ts310/lib/python3.10/site-packages/gym/envs/registration.py:595: UserWarning: [33mWARN: Overriding environment maze2d-umaze-v1[0m
  logger.warn(f"Overriding environment {id}")
/home/jupyter-deuk-c4e4/.conda/envs/ts310/lib/python3.10/site-packages/gym/envs/registration.py:595: UserWarning: [33mWARN: Overriding environment maze2d-medium-v1[0m
  logger.warn(f"Overriding environment {id}")
/home/jupyter-deuk-c4e4/.conda/envs/ts310/lib/python3.10/site-packages/gym/envs/registration.py:595: UserWarning: [33mWARN: Overriding environment maze2d-large-v1[0m
  logger.warn(f"Overriding environment {id}")
/home/jupyter-deuk-c4e4/.conda/envs/ts310/lib/python3.10/site-packages/gym/envs/registration.py:595: UserWarning: [33mWARN: Overriding environment maze2d-eval-umaze-v1[0m
  logger.warn(f"Overriding environment {id}")
/home/jupyter-deuk-c4e4/.conda/envs/ts310/lib/python3.10/site-packages/gym/envs/registration.py:595: UserWarning: [33mWARN: Overriding environment maze2d-eval-medium-v1[0m
  logger.warn(f"Overriding environment {id}")
/home/jupyter-deuk-c4e4/.conda/envs/ts310/lib/python3.10/site-packages/gym/envs/registration.py:595: UserWarning: [33mWARN: Overriding environment maze2d-eval-large-v1[0m
  logger.warn(f"Overriding environment {id}")
/home/jupyter-deuk-c4e4/.conda/envs/ts310/lib/python3.10/site-packages/gym/envs/registration.py:595: UserWarning: [33mWARN: Overriding environment maze2d-open-dense-v0[0m
  logger.warn(f"Overriding environment {id}")
/home/jupyter-deuk-c4e4/.conda/envs/ts310/lib/python3.10/site-packages/gym/envs/registration.py:595: UserWarning: [33mWARN: Overriding environment maze2d-umaze-dense-v0[0m
  logger.warn(f"Overriding environment {id}")
/home/jupyter-deuk-c4e4/.conda/envs/ts310/lib/python3.10/site-packages/gym/envs/registration.py:595: UserWarning: [33mWARN: Overriding environment maze2d-medium-dense-v0[0m
  logger.warn(f"Overriding environment {id}")
/home/jupyter-deuk-c4e4/.conda/envs/ts310/lib/python3.10/site-packages/gym/envs/registration.py:595: UserWarning: [33mWARN: Overriding environment maze2d-large-dense-v0[0m
  logger.warn(f"Overriding environment {id}")
/home/jupyter-deuk-c4e4/.conda/envs/ts310/lib/python3.10/site-packages/gym/envs/registration.py:595: UserWarning: [33mWARN: Overriding environment maze2d-umaze-dense-v1[0m
  logger.warn(f"Overriding environment {id}")
/home/jupyter-deuk-c4e4/.conda/envs/ts310/lib/python3.10/site-packages/gym/envs/registration.py:595: UserWarning: [33mWARN: Overriding environment maze2d-medium-dense-v1[0m
  logger.warn(f"Overriding environment {id}")
/home/jupyter-deuk-c4e4/.conda/envs/ts310/lib/python3.10/site-packages/gym/envs/registration.py:595: UserWarning: [33mWARN: Overriding environment maze2d-large-dense-v1[0m
  logger.warn(f"Overriding environment {id}")
/home/jupyter-deuk-c4e4/.conda/envs/ts310/lib/python3.10/site-packages/gym/envs/registration.py:595: UserWarning: [33mWARN: Overriding environment maze2d-eval-umaze-dense-v1[0m
  logger.warn(f"Overriding environment {id}")
/home/jupyter-deuk-c4e4/.conda/envs/ts310/lib/python3.10/site-packages/gym/envs/registration.py:595: UserWarning: [33mWARN: Overriding environment maze2d-eval-medium-dense-v1[0m
  logger.warn(f"Overriding environment {id}")
/home/jupyter-deuk-c4e4/.conda/envs/ts310/lib/python3.10/site-packages/gym/envs/registration.py:595: UserWarning: [33mWARN: Overriding environment maze2d-eval-large-dense-v1[0m
  logger.warn(f"Overriding environment {id}")
/opt/dlami/nvme/home/jupyter-deuk-c4e4/temporal-straightening/custom_resolvers.py:4: UserWarning: 
The version_base parameter is not specified.
Please specify a compatability version level, or None.
Will assume defaults for version 1.1
  @hydra.main(config_path=None)
[2026-07-25 15:39:49,389][__main__][INFO] - Planning result saved dir: /opt/dlami/nvme/home/jupyter-deuk-c4e4/pusht-reproduction/cls_reproduction/plan/mpc_seed_300/chunk_40
/home/jupyter-deuk-c4e4/.conda/envs/ts310/lib/python3.10/site-packages/wandb/sdk/internal/internal_api.py:30: UserWarning: pkg_resources is deprecated as an API. See https://setuptools.pypa.io/en/latest/pkg_resources.html. The pkg_resources package is slated for removal as early as 2025-11-30. Refrain from using this package or pin to Setuptools<81.
  from pkg_resources import parse_version
Using cache found in /home/jupyter-deuk-c4e4/.cache/torch/hub/facebookresearch_dinov2_81b2b6419385
Loaded 18685 rollouts
Loaded 21 rollouts
[2026-07-25 15:39:51,855][dinov2][INFO] - using MLP layer as FFN
[2026-07-25 15:39:52,270][models.dino][WARNING] - Unknown projector 'none' for patch tokens; proceeding without projector.
Resuming from epoch 2: /home/jupyter-deuk-c4e4/pusht-reproduction/cls_reproduction/test/pusht_False_agg32_projnone_dim384_hw14_sgTrue_lr1e-06/checkpoints/model_2.pth
[2026-07-25 15:39:52,679][models.visual_world_model][INFO] - num_action_repeat: 1
[2026-07-25 15:39:52,679][models.visual_world_model][INFO] - num_proprio_repeat: 1
[2026-07-25 15:39:52,679][models.visual_world_model][INFO] - proprio encoder: ProprioceptiveEmbedding(
  (patch_embed): Conv1d(4, 10, kernel_size=(1,), stride=(1,))
  (norm): LayerNorm((10,), eps=1e-05, elementwise_affine=True)
)
[2026-07-25 15:39:52,679][models.visual_world_model][INFO] - action encoder: ProprioceptiveEmbedding(
  (patch_embed): Conv1d(10, 10, kernel_size=(1,), stride=(1,))
  (norm): LayerNorm((10,), eps=1e-05, elementwise_affine=True)
)
[2026-07-25 15:39:52,679][models.visual_world_model][INFO] - proprio_dim: 10, after repeat: 10
[2026-07-25 15:39:52,679][models.visual_world_model][INFO] - action_dim: 10, after repeat: 10
[2026-07-25 15:39:52,679][models.visual_world_model][INFO] - emb_dim: 404
[2026-07-25 15:39:52,679][models.visual_world_model][INFO] - Straightening disabled
[2026-07-25 15:39:52,679][models.visual_world_model][INFO] - Speed constancy disabled
[2026-07-25 15:39:52,679][models.visual_world_model][INFO] - Trajectory penalty disabled
[2026-07-25 15:39:52,679][models.visual_world_model][INFO] - Stop-grad enabled: True
[2026-07-25 15:39:52,679][models.visual_world_model][INFO] - VCReg enabled: False, apply_to=enc, std_coeff=0.0, cov_coeff=0.0
[2026-07-25 15:39:52,680][models.visual_world_model][INFO] - Model emb_dim: 404
[timing] setup_model_s=3.292
eval_seed:  [12001, 12301, 12601, 12901, 13201, 13501, 13801, 14101, 14401, 14701]
Dumped plan targets to /opt/dlami/nvme/home/jupyter-deuk-c4e4/pusht-reproduction/cls_reproduction/plan/mpc_seed_300/chunk_40/plan_targets.pkl
[timing] setup_workspace_s=6.630

MPC iter 0 Eval ------- 
Success rate:  0.0
{'success': array([False, False, False, False, False, False, False, False, False,
       False]), 'state_dist': array([117.08017 , 249.1018  , 219.6751  , 237.9487  , 106.198395,
       206.5557  , 211.93756 , 282.52682 , 159.11696 , 188.83235 ],
      dtype=float32)}
self.is_success:  [False False False False False False False False False False]

MPC iter 1 Eval ------- 
Success rate:  0.0
{'success': array([False, False, False, False, False, False, False, False, False,
       False]), 'state_dist': array([ 98.58111 , 238.79271 , 217.62445 , 190.69713 , 102.262474,
       233.75673 , 228.03992 , 200.00273 , 114.65563 , 135.98322 ],
      dtype=float32)}
self.is_success:  [False False False False False False False False False False]

MPC iter 2 Eval ------- 
Success rate:  0.0
{'success': array([False, False, False, False, False, False, False, False, False,
       False]), 'state_dist': array([ 63.03247, 249.38437, 188.67032, 155.58516, 118.7413 , 234.28488,
       220.36235, 250.6461 , 187.9515 , 133.37178], dtype=float32)}
self.is_success:  [False False False False False False False False False False]

MPC iter 3 Eval ------- 
Success rate:  0.0
{'success': array([False, False, False, False, False, False, False, False, False,
       False]), 'state_dist': array([121.657265, 217.89284 , 132.344   , 253.429   , 103.324066,
       155.39037 , 231.54112 , 258.51172 , 240.9014  , 135.26198 ],
      dtype=float32)}
self.is_success:  [False False False False False False False False False False]

MPC iter 4 Eval ------- 
Success rate:  0.0
{'success': array([False, False, False, False, False, False, False, False, False,
       False]), 'state_dist': array([157.41544 , 117.77777 ,  67.98285 , 139.84814 ,  83.421104,
        46.539917, 141.31969 , 238.3402  , 466.69955 , 110.32765 ],
      dtype=float32)}
self.is_success:  [False False False False False False False False False False]

MPC iter 5 Eval ------- 
Success rate:  0.0
{'success': array([False, False, False, False, False, False, False, False, False,
       False]), 'state_dist': array([ 94.44312 ,  99.902054,  82.07854 , 110.998795,  31.37462 ,
        49.214718,  86.21242 , 176.78427 , 149.84999 ,  52.79272 ],
      dtype=float32)}
self.is_success:  [False False False False False False False False False False]

MPC iter 6 Eval ------- 
Success rate:  0.2
{'success': array([False,  True, False, False, False,  True, False, False, False,
       False]), 'state_dist': array([ 43.648697,  36.88132 ,  83.309975,  93.85902 ,  37.923687,
        50.36516 ,  75.33425 , 201.37698 ,  73.3494  ,  43.13704 ],
      dtype=float32)}
self.is_success:  [False  True False False False  True False False False False]

MPC iter 7 Eval ------- 
Success rate:  0.2
{'success': array([False,  True, False, False, False,  True, False, False, False,
       False]), 'state_dist': array([ 29.847675,  36.88132 ,  78.2107  ,  66.998695,  68.25454 ,
        50.36516 ,  48.933453, 163.54121 ,  56.556175,  51.6949  ],
      dtype=float32)}
self.is_success:  [False  True False False False  True False False False False]

MPC iter 8 Eval ------- 
Success rate:  0.2
{'success': array([False,  True, False, False, False,  True, False, False, False,
       False]), 'state_dist': array([ 25.925749,  36.88132 ,  56.58285 ,  78.16345 ,  38.729145,
        50.36516 ,  64.33018 , 183.42142 ,  78.49823 ,  62.327015],
      dtype=float32)}
self.is_success:  [False  True False False False  True False False False False]

MPC iter 9 Eval ------- 
Success rate:  0.2
{'success': array([False,  True, False, False, False,  True, False, False, False,
       False]), 'state_dist': array([ 25.679077,  36.88132 ,  64.90648 ,  74.42902 ,  38.525272,
        50.36516 ,  67.41622 , 183.48172 ,  87.90042 ,  63.74174 ],
      dtype=float32)}
self.is_success:  [False  True False False False  True False False False False]

MPC iter 10 Eval ------- 
Success rate:  0.2
{'success': array([False,  True, False, False, False,  True, False, False, False,
       False]), 'state_dist': array([ 23.535732,  36.88132 ,  65.14859 ,  72.34879 ,  74.181046,
        50.36516 ,  64.60079 , 176.9716  ,  64.98665 ,  75.96622 ],
      dtype=float32)}
self.is_success:  [False  True False False False  True False False False False]

MPC iter 11 Eval ------- 
Success rate:  0.2
{'success': array([False,  True, False, False, False,  True, False, False, False,
       False]), 'state_dist': array([ 22.470695,  36.88132 ,  49.42751 ,  76.501274,  52.249836,
        50.36516 ,  66.68651 , 182.84856 ,  95.53551 ,  84.82036 ],
      dtype=float32)}
self.is_success:  [False  True False False False  True False False False False]

MPC iter 12 Eval ------- 
Success rate:  0.3
{'success': array([False,  True, False, False,  True,  True, False, False, False,
       False]), 'state_dist': array([ 22.261377,  36.88132 ,  58.219326,  81.30606 ,  17.961693,
        50.36516 ,  65.70232 , 233.26512 ,  87.08046 ,  78.659294],
      dtype=float32)}
self.is_success:  [False  True False False  True  True False False False False]

MPC iter 13 Eval ------- 
Success rate:  0.3
{'success': array([False,  True, False, False,  True,  True, False, False, False,
       False]), 'state_dist': array([ 21.86617 ,  36.88132 ,  48.84941 ,  78.32616 ,  17.961693,
        50.36516 ,  65.08817 , 202.89473 ,  87.69724 ,  82.4143  ],
      dtype=float32)}
self.is_success:  [False  True False False  True  True False False False False]

MPC iter 14 Eval ------- 
Success rate:  0.3
{'success': array([False,  True, False, False,  True,  True, False, False, False,
       False]), 'state_dist': array([ 21.960249,  36.88132 ,  53.120003,  72.05734 ,  17.961693,
        50.36516 ,  65.3108  , 187.97098 ,  87.05014 ,  82.0398  ],
      dtype=float32)}
self.is_success:  [False  True False False  True  True False False False False]

MPC iter 15 Eval ------- 
Success rate:  0.3
{'success': array([False,  True, False, False,  True,  True, False, False, False,
       False]), 'state_dist': array([ 21.912247,  36.88132 ,  47.03029 ,  82.29498 ,  17.961693,
        50.36516 ,  65.650764, 179.56427 ,  87.32585 ,  80.26394 ],
      dtype=float32)}
self.is_success:  [False  True False False  True  True False False False False]

MPC iter 16 Eval ------- 
Success rate:  0.3
{'success': array([False,  True, False, False,  True,  True, False, False, False,
       False]), 'state_dist': array([ 21.890705,  36.88132 ,  59.983334,  73.82371 ,  17.961693,
        50.36516 ,  65.878235, 166.2743  ,  99.697174,  80.062836],
      dtype=float32)}
self.is_success:  [False  True False False  True  True False False False False]

MPC iter 17 Eval ------- 
Success rate:  0.3
{'success': array([False,  True, False, False,  True,  True, False, False, False,
       False]), 'state_dist': array([ 21.897825,  36.88132 ,  56.101353,  81.08729 ,  17.961693,
        50.36516 ,  66.0095  , 186.95667 ,  86.313126,  74.12702 ],
      dtype=float32)}
self.is_success:  [False  True False False  True  True False False False False]

MPC iter 18 Eval ------- 
Success rate:  0.3
{'success': array([False,  True, False, False,  True,  True, False, False, False,
       False]), 'state_dist': array([ 21.892233,  36.88132 ,  56.704655,  77.11714 ,  17.961693,
        50.36516 ,  66.25793 , 189.97513 ,  85.12512 ,  73.13709 ],
      dtype=float32)}
self.is_success:  [False  True False False  True  True False False False False]

MPC iter 19 Eval ------- 
Success rate:  0.3
{'success': array([False,  True, False, False,  True,  True, False, False, False,
       False]), 'state_dist': array([ 21.929401,  36.88132 ,  61.5954  ,  77.073685,  17.961693,
        50.36516 ,  65.87092 , 165.95676 , 100.59267 ,  71.08178 ],
      dtype=float32)}
self.is_success:  [False  True False False  True  True False False False False]
Success rate:  0.3
{'success': array([False,  True, False, False,  True,  True, False, False, False,
       False]), 'state_dist': array([ 21.929401,  36.88132 ,  61.5954  ,  77.073685,  17.961693,
        50.36516 ,  65.87092 , 165.95676 , 100.59267 ,  71.08178 ],
      dtype=float32)}
[timing] perform_planning_s=112.710
[timing] total_planning_main_s=122.632
PLAN_DONE cond=cls
